[
  {
    "DamageID": "Attack_Claw_Strike_Quad",
    "WeaponCategory": "Bear_Claw",
    "IgnoreInvulnerable": "0",
    "NoReaction": "0",
    "SurfaceImpactEffect": "Bullet",
    "AttackType": "Light",
    "DamageType": "Strike",
    "Affixes": "",
    "StatusEffect": "AI_Bleed_9",
    "EffectOnlyOnDamage": "1",
    "DeflectDamageID": "",
    "CanCrit": "0",
    "DmgCoef": "0.5",
    "DmgCoefHead": "1",
    "DmgCoefCrit": "1",
    "PowerLevel": "0",
    "BlockPowerLevel": "0",
    "CritPowerLevel": "0",
    "HitStun": "10",
    "BlockHitStun": "15",
    "CritHitStun": "10",
    "ImpactDistanceX": "0",
    "ImpactDistanceY": "1.5",
    "ImpactDistanceZ": "0",
    "ImpactDecayRate": "0.8",
    "CritImpactDistanceX": "0",
    "CritImpactDistanceY": "1.5",
    "CritImpactDistanceZ": "0",
    "CritImpactDecayRate": "0.8",
    "BlockImpactDistanceX": "0",
    "BlockImpactDistanceY": "1.25",
    "BlockImpactDistanceZ": "0",
    "BlockImpactDecayRate": "0.9",
    "StaggerDmgModifier": "0.7",
    "CritStaggerDmgModifier": "0.7",
    "StaggerResistModifier": "1",
    "AddDmg": "0",
    "ImpactRating": "0",
    "BlockStaminaDmgMod": "0.15",
    "BlockAbsorptionModifier": "1",
    "CameraShakeID": "Large",
    "CritCameraShakeID": "Large",
    "StunBreakoutIncrement": "1"
  },
  {
    "DamageID": "Attack_Claw_Lunge_Quad",
    "WeaponCategory": "Bear_Claw",
    "IgnoreInvulnerable": "0",
    "NoReaction": "0",
    "SurfaceImpactEffect": "Bullet",
    "AttackType": "Heavy",
    "DamageType": "Slash",
    "Affixes": "",
    "StatusEffect": "AI_Bleed_9",
    "EffectOnlyOnDamage": "1",
    "DeflectDamageID": "",
    "CanCrit": "0",
    "DmgCoef": "1",
    "DmgCoefHead": "1",
    "DmgCoefCrit": "1",
    "PowerLevel": "3",
    "BlockPowerLevel": "3",
    "CritPowerLevel": "3",
    "HitStun": "30",
    "BlockHitStun": "25",
    "CritHitStun": "30",
    "ImpactDistanceX": "0",
    "ImpactDistanceY": "2.5",
    "ImpactDistanceZ": "0",
    "ImpactDecayRate": "0.8",
    "CritImpactDistanceX": "0",
    "CritImpactDistanceY": "2.5",
    "CritImpactDistanceZ": "0",
    "CritImpactDecayRate": "0.8",
    "BlockImpactDistanceX": "0",
    "BlockImpactDistanceY": "1.25",
    "BlockImpactDistanceZ": "0",
    "BlockImpactDecayRate": "0.9",
    "StaggerDmgModifier": "1",
    "CritStaggerDmgModifier": "1",
    "StaggerResistModifier": "1",
    "AddDmg": "0",
    "ImpactRating": "0",
    "BlockStaminaDmgMod": "0.5",
    "BlockAbsorptionModifier": "1",
    "CameraShakeID": "Large",
    "CritCameraShakeID": "Large",
    "StunBreakoutIncrement": "1"
  },
  {
    "DamageID": "Attack_Claw_Strike_Bi",
    "WeaponCategory": "Bear_Claw",
    "IgnoreInvulnerable": "0",
    "NoReaction": "0",
    "SurfaceImpactEffect": "Bullet",
    "AttackType": "Light",
    "DamageType": "Strike",
    "Affixes": "",
    "StatusEffect": "AI_Bleed_9",
    "EffectOnlyOnDamage": "1",
    "DeflectDamageID": "",
    "CanCrit": "0",
    "DmgCoef": "0.5",
    "DmgCoefHead": "1",
    "DmgCoefCrit": "1",
    "PowerLevel": "1",
    "BlockPowerLevel": "1",
    "CritPowerLevel": "1",
    "HitStun": "10",
    "BlockHitStun": "15",
    "CritHitStun": "10",
    "ImpactDistanceX": "0",
    "ImpactDistanceY": "0.75",
    "ImpactDistanceZ": "0",
    "ImpactDecayRate": "0.8",
    "CritImpactDistanceX": "0",
    "CritImpactDistanceY": "0.75",
    "CritImpactDistanceZ": "0",
    "CritImpactDecayRate": "0.8",
    "BlockImpactDistanceX": "0",
    "BlockImpactDistanceY": "1.5",
    "BlockImpactDistanceZ": "0",
    "BlockImpactDecayRate": "0.9",
    "StaggerDmgModifier": "0.6",
    "CritStaggerDmgModifier": "0.6",
    "StaggerResistModifier": "1",
    "AddDmg": "0",
    "ImpactRating": "0",
    "BlockStaminaDmgMod": "0.15",
    "BlockAbsorptionModifier": "1",
    "CameraShakeID": "Large",
    "CritCameraShakeID": "Large",
    "StunBreakoutIncrement": "1"
  },
  {
    "DamageID": "Attack_Charge",
    "WeaponCategory": "Bear_Claw",
    "IgnoreInvulnerable": "0",
    "NoReaction": "0",
    "SurfaceImpactEffect": "Bullet",
    "AttackType": "Heavy",
    "DamageType": "Strike",
    "Affixes": "",
    "StatusEffect": "",
    "EffectOnlyOnDamage": "",
    "DeflectDamageID": "",
    "CanCrit": "0",
    "DmgCoef": "1",
    "DmgCoefHead": "1",
    "DmgCoefCrit": "1",
    "PowerLevel": "4",
    "BlockPowerLevel": "4",
    "CritPowerLevel": "4",
    "HitStun": "45",
    "BlockHitStun": "35",
    "CritHitStun": "45",
    "ImpactDistanceX": "2.5",
    "ImpactDistanceY": "2.5",
    "ImpactDistanceZ": "0",
    "ImpactDecayRate": "0.8",
    "CritImpactDistanceX": "2.5",
    "CritImpactDistanceY": "2.5",
    "CritImpactDistanceZ": "0",
    "CritImpactDecayRate": "0.8",
    "BlockImpactDistanceX": "1.5",
    "BlockImpactDistanceY": "1.5",
    "BlockImpactDistanceZ": "0",
    "BlockImpactDecayRate": "0.9",
    "StaggerDmgModifier": "1.1000000000000001",
    "CritStaggerDmgModifier": "1.1000000000000001",
    "StaggerResistModifier": "1",
    "AddDmg": "0",
    "ImpactRating": "0",
    "BlockStaminaDmgMod": "1.5",
    "BlockAbsorptionModifier": "1",
    "CameraShakeID": "Large",
    "CritCameraShakeID": "Large",
    "StunBreakoutIncrement": "1"
  },
  {
    "DamageID": "Attack_Slam",
    "WeaponCategory": "Bear_Claw",
    "IgnoreInvulnerable": "0",
    "NoReaction": "0",
    "SurfaceImpactEffect": "Bullet",
    "AttackType": "Heavy",
    "DamageType": "Strike",
    "Affixes": "",
    "StatusEffect": "",
    "EffectOnlyOnDamage": "",
    "DeflectDamageID": "",
    "CanCrit": "0",
    "DmgCoef": "0.75",
    "DmgCoefHead": "1",
    "DmgCoefCrit": "1",
    "PowerLevel": "5",
    "BlockPowerLevel": "5",
    "CritPowerLevel": "5",
    "HitStun": "35",
    "BlockHitStun": "30",
    "CritHitStun": "35",
    "ImpactDistanceX": "0",
    "ImpactDistanceY": "0.5",
    "ImpactDistanceZ": "0",
    "ImpactDecayRate": "0.8",
    "CritImpactDistanceX": "0",
    "CritImpactDistanceY": "0.5",
    "CritImpactDistanceZ": "0",
    "CritImpactDecayRate": "0.8",
    "BlockImpactDistanceX": "0",
    "BlockImpactDistanceY": "1.5",
    "BlockImpactDistanceZ": "0",
    "BlockImpactDecayRate": "0.9",
    "StaggerDmgModifier": "0.75",
    "CritStaggerDmgModifier": "0.75",
    "StaggerResistModifier": "1",
    "AddDmg": "0",
    "ImpactRating": "0",
    "BlockStaminaDmgMod": "0.7",
    "BlockAbsorptionModifier": "1",
    "CameraShakeID": "Large",
    "CritCameraShakeID": "Large",
    "StunBreakoutIncrement": "1"
  },
  {
    "DamageID": "Deflect_Default",
    "WeaponCategory": "Bear_Claw",
    "IgnoreInvulnerable": "1",
    "NoReaction": "0",
    "SurfaceImpactEffect": "",
    "AttackType": "",
    "DamageType": "Deflect",
    "Affixes": "",
    "StatusEffect": "",
    "EffectOnlyOnDamage": "",
    "DeflectDamageID": "",
    "CanCrit": "0",
    "DmgCoef": "0",
    "DmgCoefHead": "1",
    "DmgCoefCrit": "1",
    "PowerLevel": "2",
    "BlockPowerLevel": "2",
    "CritPowerLevel": "2",
    "HitStun": "25",
    "BlockHitStun": "30",
    "CritHitStun": "25",
    "ImpactDistanceX": "0",
    "ImpactDistanceY": "1",
    "ImpactDistanceZ": "0",
    "ImpactDecayRate": "0.8",
    "CritImpactDistanceX": "0",
    "CritImpactDistanceY": "1",
    "CritImpactDistanceZ": "0",
    "CritImpactDecayRate": "0.8",
    "BlockImpactDistanceX": "0",
    "BlockImpactDistanceY": "0",
    "BlockImpactDistanceZ": "0",
    "BlockImpactDecayRate": "0.9",
    "StaggerDmgModifier": "0.75",
    "CritStaggerDmgModifier": "0.75",
    "StaggerResistModifier": "1",
    "AddDmg": "0",
    "ImpactRating": "0",
    "BlockStaminaDmgMod": "1",
    "BlockAbsorptionModifier": "1",
    "CameraShakeID": "Large",
    "CritCameraShakeID": "Large",
    "StunBreakoutIncrement": "1"
  },
  {
    "DamageID": "Attack_Rampage",
    "WeaponCategory": "Bear_Claw",
    "IgnoreInvulnerable": "0",
    "NoReaction": "0",
    "SurfaceImpactEffect": "Bullet",
    "AttackType": "Heavy",
    "DamageType": "Strike",
    "Affixes": "",
    "StatusEffect": "",
    "EffectOnlyOnDamage": "",
    "DeflectDamageID": "",
    "CanCrit": "0",
    "DmgCoef": "1",
    "DmgCoefHead": "1",
    "DmgCoefCrit": "1",
    "PowerLevel": "5",
    "BlockPowerLevel": "5",
    "CritPowerLevel": "5",
    "HitStun": "45",
    "BlockHitStun": "40",
    "CritHitStun": "45",
    "ImpactDistanceX": "0",
    "ImpactDistanceY": "2",
    "ImpactDistanceZ": "0",
    "ImpactDecayRate": "0.8",
    "CritImpactDistanceX": "0",
    "CritImpactDistanceY": "2",
    "CritImpactDistanceZ": "0",
    "CritImpactDecayRate": "0.8",
    "BlockImpactDistanceX": "0",
    "BlockImpactDistanceY": "1.25",
    "BlockImpactDistanceZ": "0",
    "BlockImpactDecayRate": "0.9",
    "StaggerDmgModifier": "0",
    "CritStaggerDmgModifier": "0",
    "StaggerResistModifier": "1",
    "AddDmg": "0",
    "ImpactRating": "0",
    "BlockStaminaDmgMod": "1",
    "BlockAbsorptionModifier": "1",
    "CameraShakeID": "Large",
    "CritCameraShakeID": "Large",
    "StunBreakoutIncrement": "1"
  },
  {
    "DamageID": "Fall",
    "WeaponCategory": "Fall",
    "IgnoreInvulnerable": "1",
    "NoReaction": "1",
    "SurfaceImpactEffect": "Bullet",
    "AttackType": "",
    "DamageType": "Falling",
    "Affixes": "",
    "StatusEffect": "",
    "EffectOnlyOnDamage": "",
    "DeflectDamageID": "",
    "CanCrit": "0",
    "DmgCoef": "1",
    "DmgCoefHead": "1",
    "DmgCoefCrit": "1",
    "PowerLevel": "2",
    "BlockPowerLevel": "2",
    "CritPowerLevel": "2",
    "HitStun": "0",
    "BlockHitStun": "0",
    "CritHitStun": "0",
    "ImpactDistanceX": "0",
    "ImpactDistanceY": "0",
    "ImpactDistanceZ": "0",
    "ImpactDecayRate": "0",
    "CritImpactDistanceX": "0",
    "CritImpactDistanceY": "0",
    "CritImpactDistanceZ": "0",
    "CritImpactDecayRate": "0",
    "BlockImpactDistanceX": "0",
    "BlockImpactDistanceY": "0",
    "BlockImpactDistanceZ": "0",
    "BlockImpactDecayRate": "0",
    "StaggerDmgModifier": "0.9",
    "CritStaggerDmgModifier": "0.9",
    "StaggerResistModifier": "1",
    "AddDmg": "0",
    "ImpactRating": "0",
    "BlockStaminaDmgMod": "1",
    "BlockAbsorptionModifier": "1",
    "CameraShakeID": "Large",
    "CritCameraShakeID": "Large",
    "StunBreakoutIncrement": "1"
  }
]