[
  {
    "DamageID": "Spell_Self_Destruct",
    "WeaponCategory": "GhostSpell_Fire",
    "IgnoreInvulnerable": "0",
    "NoReaction": "",
    "IsRanged": "1",
    "SurfaceImpactEffect": "",
    "AttackType": "Magic",
    "DamageType": "Fire",
    "DeflectDamageID": "",
    "Affixes": "",
    "StatusEffect": "",
    "EffectOnlyOnDamage": "",
    "CanCrit": "FALSE",
    "DmgCoef": "1.5",
    "DmgCoefHead": "1",
    "DmgCoefCrit": "1",
    "PowerLevel": "4",
    "BlockPowerLevel": "4",
    "CritPowerLevel": "4",
    "HitStun": "35",
    "BlockHitStun": "30",
    "CritHitStun": "35",
    "ImpactDistanceX": "0",
    "ImpactDistanceY": "4",
    "ImpactDistanceZ": "0",
    "ImpactDecayRate": "0.8",
    "BlockImpactDistanceX": "0",
    "BlockImpactDistanceY": "3",
    "BlockImpactDistanceZ": "0",
    "BlockImpactDecayRate": "0.8",
    "CritImpactDistanceX": "0",
    "CritImpactDistanceY": "4",
    "CritImpactDistanceZ": "0",
    "CritImpactDecayRate": "0.8",
    "AddDmg": "0",
    "StaggerDmgModifier": "1.4",
    "CritStaggerDmgModifier": "",
    "StaggerResistModifier": "2.2000000000000002",
    "StaminaDmg": "0",
    "ImpactRating": "1",
    "BlockStaminaDmgMod": "3",
    "BlockAbsorptionModifier": "2",
    "TargetCameraShakeID": "",
    "BlockTargetCameraShakeID": "",
    "CritTargetCameraShakeID": "",
    "StunBreakoutIncrement": "1"
  },
  {
    "DamageID": "Spell_Self_Destruct_Hit_Self",
    "WeaponCategory": "GhostSpell_Fire",
    "IgnoreInvulnerable": "0",
    "NoReaction": "1",
    "IsRanged": "",
    "SurfaceImpactEffect": "",
    "AttackType": "",
    "DamageType": "Fire",
    "DeflectDamageID": "",
    "Affixes": "",
    "StatusEffect": "",
    "EffectOnlyOnDamage": "",
    "CanCrit": "FALSE",
    "DmgCoef": "100",
    "DmgCoefHead": "1",
    "DmgCoefCrit": "1",
    "PowerLevel": "0",
    "BlockPowerLevel": "0",
    "CritPowerLevel": "0",
    "HitStun": "35",
    "BlockHitStun": "30",
    "CritHitStun": "35",
    "ImpactDistanceX": "0",
    "ImpactDistanceY": "0",
    "ImpactDistanceZ": "0",
    "ImpactDecayRate": "0.8",
    "BlockImpactDistanceX": "0",
    "BlockImpactDistanceY": "0",
    "BlockImpactDistanceZ": "0",
    "BlockImpactDecayRate": "0.8",
    "CritImpactDistanceX": "0",
    "CritImpactDistanceY": "0",
    "CritImpactDistanceZ": "0",
    "CritImpactDecayRate": "0.8",
    "AddDmg": "0",
    "StaggerDmgModifier": "1.4",
    "CritStaggerDmgModifier": "",
    "StaggerResistModifier": "4",
    "StaminaDmg": "0",
    "ImpactRating": "1",
    "BlockStaminaDmgMod": "3",
    "BlockAbsorptionModifier": "2",
    "TargetCameraShakeID": "",
    "BlockTargetCameraShakeID": "",
    "CritTargetCameraShakeID": "",
    "StunBreakoutIncrement": "1"
  },
  {
    "DamageID": "Attack",
    "WeaponCategory": "Unarmed",
    "IgnoreInvulnerable": "0",
    "NoReaction": "",
    "IsRanged": "",
    "SurfaceImpactEffect": "",
    "AttackType": "Light",
    "DamageType": "Strike",
    "DeflectDamageID": "",
    "Affixes": "",
    "StatusEffect": "",
    "EffectOnlyOnDamage": "",
    "CanCrit": "FALSE",
    "DmgCoef": "0.25",
    "DmgCoefHead": "1",
    "DmgCoefCrit": "1",
    "PowerLevel": "0",
    "BlockPowerLevel": "0",
    "CritPowerLevel": "0",
    "HitStun": "15",
    "BlockHitStun": "10",
    "CritHitStun": "15",
    "ImpactDistanceX": "0",
    "ImpactDistanceY": "1",
    "ImpactDistanceZ": "0",
    "ImpactDecayRate": "0.8",
    "BlockImpactDistanceX": "0",
    "BlockImpactDistanceY": "1",
    "BlockImpactDistanceZ": "0",
    "BlockImpactDecayRate": "0.8",
    "CritImpactDistanceX": "0",
    "CritImpactDistanceY": "1",
    "CritImpactDistanceZ": "0",
    "CritImpactDecayRate": "0.8",
    "AddDmg": "0",
    "StaggerDmgModifier": "0.1",
    "CritStaggerDmgModifier": "",
    "StaggerResistModifier": "0.6",
    "StaminaDmg": "0",
    "ImpactRating": "1",
    "BlockStaminaDmgMod": "0.1",
    "BlockAbsorptionModifier": "1",
    "TargetCameraShakeID": "",
    "BlockTargetCameraShakeID": "",
    "CritTargetCameraShakeID": "",
    "StunBreakoutIncrement": "0"
  }
]