[
  {
    "DamageID": "Spell_Self_Destruct",
    "WeaponCategory": "",
    "IgnoreInvulnerable": "0",
    "NoReaction": "",
    "IsRanged": "1",
    "SurfaceImpactEffect": "",
    "DamageType": "Siege",
    "DeflectDamageID": "",
    "StatusEffect": "",
    "EffectOnlyOnDamage": "",
    "CanCrit": "FALSE",
    "DmgCoef": "1",
    "DmgCoefHead": "1",
    "DmgCoefCrit": "",
    "PowerLevel": "4",
    "BlockPowerLevel": "4",
    "CritPowerLevel": "4",
    "HitStun": "35",
    "BlockHitStun": "30",
    "CritHitStun": "35",
    "ImpactDistanceX": "0",
    "ImpactDistanceY": "4",
    "ImpactDistanceZ": "1.5",
    "ImpactDecayRate": "0.8",
    "BlockImpactDistanceX": "0",
    "BlockImpactDistanceY": "3",
    "BlockImpactDistanceZ": "0",
    "BlockImpactDecayRate": "0.8",
    "CritImpactDistanceX": "0",
    "CritImpactDistanceY": "4",
    "CritImpactDistanceZ": "1.5",
    "CritImpactDecayRate": "0.8",
    "AddDmg": "0",
    "StaggerDmgModifier": "1.4",
    "CritStaggerDmgModifier": "",
    "StaggerResistModifier": "4",
    "StaminaDmg": "0",
    "ImpactRating": "1",
    "BlockStaminaDmgMod": "3",
    "BlockAbsorptionModifier": "2",
    "TargetCameraShakeID": "",
    "BlockTargetCameraShakeID": "",
    "CritTargetCameraShakeID": "",
    "StunBreakoutIncrement": "1"
  },
  {
    "DamageID": "Spell_Self_Destruct_Hit_Self",
    "WeaponCategory": "",
    "IgnoreInvulnerable": "0",
    "NoReaction": "",
    "IsRanged": "",
    "SurfaceImpactEffect": "",
    "DamageType": "Standard",
    "DeflectDamageID": "",
    "StatusEffect": "",
    "EffectOnlyOnDamage": "",
    "CanCrit": "FALSE",
    "DmgCoef": "100",
    "DmgCoefHead": "1",
    "DmgCoefCrit": "",
    "PowerLevel": "4",
    "BlockPowerLevel": "4",
    "CritPowerLevel": "4",
    "HitStun": "35",
    "BlockHitStun": "30",
    "CritHitStun": "35",
    "ImpactDistanceX": "0",
    "ImpactDistanceY": "4",
    "ImpactDistanceZ": "1.5",
    "ImpactDecayRate": "0.8",
    "BlockImpactDistanceX": "0",
    "BlockImpactDistanceY": "3",
    "BlockImpactDistanceZ": "0",
    "BlockImpactDecayRate": "0.8",
    "CritImpactDistanceX": "0",
    "CritImpactDistanceY": "4",
    "CritImpactDistanceZ": "1.5",
    "CritImpactDecayRate": "0.8",
    "AddDmg": "0",
    "StaggerDmgModifier": "1.4",
    "CritStaggerDmgModifier": "",
    "StaggerResistModifier": "4",
    "StaminaDmg": "0",
    "ImpactRating": "1",
    "BlockStaminaDmgMod": "3",
    "BlockAbsorptionModifier": "2",
    "TargetCameraShakeID": "",
    "BlockTargetCameraShakeID": "",
    "CritTargetCameraShakeID": "",
    "StunBreakoutIncrement": "1"
  }
]