[
  {
    "InteractionAnimationID": "HousingItemLieOnBed",
    "PlayerMannequinFragmentStartInteraction": "Interact_Bed",
    "InteractableTimelineStartInteraction": "",
    "InteractableTimelineEndInteraction": ""
  },
  {
    "InteractionAnimationID": "HousingItemLieOnBedMirror",
    "PlayerMannequinFragmentStartInteraction": "Interact_Bed_Mirror",
    "InteractableTimelineStartInteraction": "",
    "InteractableTimelineEndInteraction": ""
  },
  {
    "InteractionAnimationID": "HousingItemLieOnRug",
    "PlayerMannequinFragmentStartInteraction": "Interact_Rug",
    "InteractableTimelineStartInteraction": "",
    "InteractableTimelineEndInteraction": ""
  },
  {
    "InteractionAnimationID": "HousingItemPetBobcat",
    "PlayerMannequinFragmentStartInteraction": "Interact_Pet_Bobcat",
    "InteractableTimelineStartInteraction": "Interact_Start",
    "InteractableTimelineEndInteraction": "Interact_End"
  },
  {
    "InteractionAnimationID": "HousingItemPetDog",
    "PlayerMannequinFragmentStartInteraction": "Interact_Pet",
    "InteractableTimelineStartInteraction": "Interact_Start",
    "InteractableTimelineEndInteraction": "Interact_End"
  },
  {
    "InteractionAnimationID": "HousingItemPetHare",
    "PlayerMannequinFragmentStartInteraction": "Interact_Pet_Hare",
    "InteractableTimelineStartInteraction": "Interact_Start",
    "InteractableTimelineEndInteraction": "Interact_End"
  },
  {
    "InteractionAnimationID": "HousingItemSitOnChair",
    "PlayerMannequinFragmentStartInteraction": "Interact_Chair",
    "InteractableTimelineStartInteraction": "",
    "InteractableTimelineEndInteraction": ""
  },
  {
    "InteractionAnimationID": "HousingItemStandingInteract",
    "PlayerMannequinFragmentStartInteraction": "Interact_HousingCannon",
    "InteractableTimelineStartInteraction": "Interact_Start",
    "InteractableTimelineEndInteraction": "Interact_End"
  },
  {
    "InteractionAnimationID": "QuestAnim_AzothStaff_Create",
    "PlayerMannequinFragmentStartInteraction": "Interact_AzothStaff_Create",
    "InteractableTimelineStartInteraction": "Interact_Start",
    "InteractableTimelineEndInteraction": "Interact_End"
  },
  {
    "InteractionAnimationID": "QuestAnim_MSQ_TheRitual",
    "PlayerMannequinFragmentStartInteraction": "Interact_MSQ_TheRitual",
    "InteractableTimelineStartInteraction": "Interact_Start",
    "InteractableTimelineEndInteraction": "Interact_End"
  },
  {
    "InteractionAnimationID": "HousingItemPetTiger",
    "PlayerMannequinFragmentStartInteraction": "Interact_Pet_Tiger",
    "InteractableTimelineStartInteraction": "Interact_Start",
    "InteractableTimelineEndInteraction": "Interact_End"
  },
  {
    "InteractionAnimationID": "HousingItemPetRabbit",
    "PlayerMannequinFragmentStartInteraction": "Interact_Pet_Rabbit",
    "InteractableTimelineStartInteraction": "Interact_Start",
    "InteractableTimelineEndInteraction": "Interact_End"
  }
]