[
  {
    "ResourceID": "AdamantT1",
    "IsGem": "0",
    "GemPerk": "",
    "PerkBucket": "PerkBucket_AdamantT1"
  },
  {
    "ResourceID": "AdamantT2",
    "IsGem": "0",
    "GemPerk": "",
    "PerkBucket": "PerkBucket_AdamantT2"
  },
  {
    "ResourceID": "AdamantT3",
    "IsGem": "0",
    "GemPerk": "",
    "PerkBucket": "PerkBucket_AdamantT3"
  },
  {
    "ResourceID": "AdderStoneT1",
    "IsGem": "0",
    "GemPerk": "",
    "PerkBucket": "PerkBucket_AdderStoneT1"
  },
  {
    "ResourceID": "AdderStoneT2",
    "IsGem": "0",
    "GemPerk": "",
    "PerkBucket": "PerkBucket_AdderStoneT2"
  },
  {
    "ResourceID": "AdderStoneT3",
    "IsGem": "0",
    "GemPerk": "",
    "PerkBucket": "PerkBucket_AdderStoneT3"
  },
  {
    "ResourceID": "AncientEssenceT1",
    "IsGem": "0",
    "GemPerk": "",
    "PerkBucket": "PerkBucket_AncientEssenceT1"
  },
  {
    "ResourceID": "AncientEssenceT2",
    "IsGem": "0",
    "GemPerk": "",
    "PerkBucket": "PerkBucket_AncientEssenceT2"
  },
  {
    "ResourceID": "AncientEssenceT3",
    "IsGem": "0",
    "GemPerk": "",
    "PerkBucket": "PerkBucket_AncientEssenceT3"
  },
  {
    "ResourceID": "AnimusT1",
    "IsGem": "0",
    "GemPerk": "",
    "PerkBucket": "PerkBucket_AnimusT1"
  },
  {
    "ResourceID": "AnimusT2",
    "IsGem": "0",
    "GemPerk": "",
    "PerkBucket": "PerkBucket_AnimusT2"
  },
  {
    "ResourceID": "AnimusT3",
    "IsGem": "0",
    "GemPerk": "",
    "PerkBucket": "PerkBucket_AnimusT3"
  },
  {
    "ResourceID": "ArcanistCharmT1",
    "IsGem": "0",
    "GemPerk": "",
    "PerkBucket": "PerkBucket_ArcanistCharmT1"
  },
  {
    "ResourceID": "ArcanistCharmT2",
    "IsGem": "0",
    "GemPerk": "",
    "PerkBucket": "PerkBucket_ArcanistCharmT2"
  },
  {
    "ResourceID": "ArcanistCharmT3",
    "IsGem": "0",
    "GemPerk": "",
    "PerkBucket": "PerkBucket_ArcanistCharmT3"
  },
  {
    "ResourceID": "ArmorerCharmT1",
    "IsGem": "0",
    "GemPerk": "",
    "PerkBucket": "PerkBucket_ArmorerCharmT1"
  },
  {
    "ResourceID": "ArmorerCharmT2",
    "IsGem": "0",
    "GemPerk": "",
    "PerkBucket": "PerkBucket_ArmorerCharmT2"
  },
  {
    "ResourceID": "ArmorerCharmT3",
    "IsGem": "0",
    "GemPerk": "",
    "PerkBucket": "PerkBucket_ArmorerCharmT3"
  },
  {
    "ResourceID": "ArmorScrapsT1",
    "IsGem": "0",
    "GemPerk": "",
    "PerkBucket": "PerkBucket_ArmorScrapsT1"
  },
  {
    "ResourceID": "ArmorScrapsT2",
    "IsGem": "0",
    "GemPerk": "",
    "PerkBucket": "PerkBucket_ArmorScrapsT2"
  },
  {
    "ResourceID": "ArmorScrapsT3",
    "IsGem": "0",
    "GemPerk": "",
    "PerkBucket": "PerkBucket_ArmorScrapsT3"
  },
  {
    "ResourceID": "AzaleaNectarT1",
    "IsGem": "0",
    "GemPerk": "",
    "PerkBucket": "PerkBucket_AzaleaNectarT1"
  },
  {
    "ResourceID": "AzaleaNectarT2",
    "IsGem": "0",
    "GemPerk": "",
    "PerkBucket": "PerkBucket_AzaleaNectarT2"
  },
  {
    "ResourceID": "AzaleaNectarT3",
    "IsGem": "0",
    "GemPerk": "",
    "PerkBucket": "PerkBucket_AzaleaNectarT3"
  },
  {
    "ResourceID": "AzothOilT1",
    "IsGem": "0",
    "GemPerk": "",
    "PerkBucket": "PerkBucket_AzothOilT1"
  },
  {
    "ResourceID": "AzothOilT2",
    "IsGem": "0",
    "GemPerk": "",
    "PerkBucket": "PerkBucket_AzothOilT2"
  },
  {
    "ResourceID": "AzothOilT3",
    "IsGem": "0",
    "GemPerk": "",
    "PerkBucket": "PerkBucket_AzothOilT3"
  },
  {
    "ResourceID": "BaetylusT1",
    "IsGem": "0",
    "GemPerk": "",
    "PerkBucket": "PerkBucket_BaetylusT1"
  },
  {
    "ResourceID": "BaetylusT2",
    "IsGem": "0",
    "GemPerk": "",
    "PerkBucket": "PerkBucket_BaetylusT2"
  },
  {
    "ResourceID": "BaetylusT3",
    "IsGem": "0",
    "GemPerk": "",
    "PerkBucket": "PerkBucket_BaetylusT3"
  },
  {
    "ResourceID": "BatrachiteT1",
    "IsGem": "0",
    "GemPerk": "",
    "PerkBucket": "PerkBucket_BatrachiteT1"
  },
  {
    "ResourceID": "BatrachiteT2",
    "IsGem": "0",
    "GemPerk": "",
    "PerkBucket": "PerkBucket_BatrachiteT2"
  },
  {
    "ResourceID": "BatrachiteT3",
    "IsGem": "0",
    "GemPerk": "",
    "PerkBucket": "PerkBucket_BatrachiteT3"
  },
  {
    "ResourceID": "BearPawT1",
    "IsGem": "0",
    "GemPerk": "",
    "PerkBucket": "PerkBucket_BearPawT1"
  },
  {
    "ResourceID": "BearPawT2",
    "IsGem": "0",
    "GemPerk": "",
    "PerkBucket": "PerkBucket_BearPawT2"
  },
  {
    "ResourceID": "BearPawT3",
    "IsGem": "0",
    "GemPerk": "",
    "PerkBucket": "PerkBucket_BearPawT3"
  },
  {
    "ResourceID": "BoarHoofT1",
    "IsGem": "0",
    "GemPerk": "",
    "PerkBucket": "PerkBucket_BoarHoofT1"
  },
  {
    "ResourceID": "BoarHoofT2",
    "IsGem": "0",
    "GemPerk": "",
    "PerkBucket": "PerkBucket_BoarHoofT2"
  },
  {
    "ResourceID": "BoarHoofT3",
    "IsGem": "0",
    "GemPerk": "",
    "PerkBucket": "PerkBucket_BoarHoofT3"
  },
  {
    "ResourceID": "BoarTuskT1",
    "IsGem": "0",
    "GemPerk": "",
    "PerkBucket": "PerkBucket_BoarTuskT1"
  },
  {
    "ResourceID": "BoarTuskT2",
    "IsGem": "0",
    "GemPerk": "",
    "PerkBucket": "PerkBucket_BoarTuskT2"
  },
  {
    "ResourceID": "BoarTuskT3",
    "IsGem": "0",
    "GemPerk": "",
    "PerkBucket": "PerkBucket_BoarTuskT3"
  },
  {
    "ResourceID": "BotanistCharmT1",
    "IsGem": "0",
    "GemPerk": "",
    "PerkBucket": "PerkBucket_BotanistCharmT1"
  },
  {
    "ResourceID": "BotanistCharmT2",
    "IsGem": "0",
    "GemPerk": "",
    "PerkBucket": "PerkBucket_BotanistCharmT2"
  },
  {
    "ResourceID": "BotanistCharmT3",
    "IsGem": "0",
    "GemPerk": "",
    "PerkBucket": "PerkBucket_BotanistCharmT3"
  },
  {
    "ResourceID": "ChefCharmT1",
    "IsGem": "0",
    "GemPerk": "",
    "PerkBucket": "PerkBucket_ChefCharmT1"
  },
  {
    "ResourceID": "ChefCharmT2",
    "IsGem": "0",
    "GemPerk": "",
    "PerkBucket": "PerkBucket_ChefCharmT2"
  },
  {
    "ResourceID": "ChefCharmT3",
    "IsGem": "0",
    "GemPerk": "",
    "PerkBucket": "PerkBucket_ChefCharmT3"
  },
  {
    "ResourceID": "ClawT1",
    "IsGem": "0",
    "GemPerk": "",
    "PerkBucket": "PerkBucket_ClawT1"
  },
  {
    "ResourceID": "ClawT2",
    "IsGem": "0",
    "GemPerk": "",
    "PerkBucket": "PerkBucket_ClawT2"
  },
  {
    "ResourceID": "ClawT3",
    "IsGem": "0",
    "GemPerk": "",
    "PerkBucket": "PerkBucket_ClawT3"
  },
  {
    "ResourceID": "CobaltT1",
    "IsGem": "0",
    "GemPerk": "",
    "PerkBucket": "PerkBucket_CobaltT1"
  },
  {
    "ResourceID": "CobaltT2",
    "IsGem": "0",
    "GemPerk": "",
    "PerkBucket": "PerkBucket_CobaltT2"
  },
  {
    "ResourceID": "CobaltT3",
    "IsGem": "0",
    "GemPerk": "",
    "PerkBucket": "PerkBucket_CobaltT3"
  },
  {
    "ResourceID": "ConsecratedIronT1",
    "IsGem": "0",
    "GemPerk": "",
    "PerkBucket": "PerkBucket_ConsecratedIronT1"
  },
  {
    "ResourceID": "ConsecratedIronT2",
    "IsGem": "0",
    "GemPerk": "",
    "PerkBucket": "PerkBucket_ConsecratedIronT2"
  },
  {
    "ResourceID": "ConsecratedIronT3",
    "IsGem": "0",
    "GemPerk": "",
    "PerkBucket": "PerkBucket_ConsecratedIronT3"
  },
  {
    "ResourceID": "CorruptedClothT1",
    "IsGem": "0",
    "GemPerk": "",
    "PerkBucket": "PerkBucket_CorruptedClothT1"
  },
  {
    "ResourceID": "CorruptedClothT2",
    "IsGem": "0",
    "GemPerk": "",
    "PerkBucket": "PerkBucket_CorruptedClothT2"
  },
  {
    "ResourceID": "CorruptedClothT3",
    "IsGem": "0",
    "GemPerk": "",
    "PerkBucket": "PerkBucket_CorruptedClothT3"
  },
  {
    "ResourceID": "CorruptedEssenceT1",
    "IsGem": "0",
    "GemPerk": "",
    "PerkBucket": "PerkBucket_CorruptedEssenceT1"
  },
  {
    "ResourceID": "CorruptedEssenceT2",
    "IsGem": "0",
    "GemPerk": "",
    "PerkBucket": "PerkBucket_CorruptedEssenceT2"
  },
  {
    "ResourceID": "CorruptedEssenceT3",
    "IsGem": "0",
    "GemPerk": "",
    "PerkBucket": "PerkBucket_CorruptedEssenceT3"
  },
  {
    "ResourceID": "CorruptedIchorT1",
    "IsGem": "0",
    "GemPerk": "",
    "PerkBucket": "PerkBucket_CorruptedIchorT1"
  },
  {
    "ResourceID": "CorruptedIchorT2",
    "IsGem": "0",
    "GemPerk": "",
    "PerkBucket": "PerkBucket_CorruptedIchorT2"
  },
  {
    "ResourceID": "CorruptedIchorT3",
    "IsGem": "0",
    "GemPerk": "",
    "PerkBucket": "PerkBucket_CorruptedIchorT3"
  },
  {
    "ResourceID": "CorruptedInsigniaT1",
    "IsGem": "0",
    "GemPerk": "",
    "PerkBucket": "PerkBucket_CorruptedInsigniaT1"
  },
  {
    "ResourceID": "CorruptedInsigniaT2",
    "IsGem": "0",
    "GemPerk": "",
    "PerkBucket": "PerkBucket_CorruptedInsigniaT2"
  },
  {
    "ResourceID": "CorruptedInsigniaT3",
    "IsGem": "0",
    "GemPerk": "",
    "PerkBucket": "PerkBucket_CorruptedInsigniaT3"
  },
  {
    "ResourceID": "CorruptedMatterT1",
    "IsGem": "0",
    "GemPerk": "",
    "PerkBucket": "PerkBucket_CorruptedMatterT1"
  },
  {
    "ResourceID": "CorruptedMatterT2",
    "IsGem": "0",
    "GemPerk": "",
    "PerkBucket": "PerkBucket_CorruptedMatterT2"
  },
  {
    "ResourceID": "CorruptedMatterT3",
    "IsGem": "0",
    "GemPerk": "",
    "PerkBucket": "PerkBucket_CorruptedMatterT3"
  },
  {
    "ResourceID": "CorruptedSigilT1",
    "IsGem": "0",
    "GemPerk": "",
    "PerkBucket": "PerkBucket_CorruptedSigilT1"
  },
  {
    "ResourceID": "CorruptedSigilT2",
    "IsGem": "0",
    "GemPerk": "",
    "PerkBucket": "PerkBucket_CorruptedSigilT2"
  },
  {
    "ResourceID": "CorruptedSigilT3",
    "IsGem": "0",
    "GemPerk": "",
    "PerkBucket": "PerkBucket_CorruptedSigilT3"
  },
  {
    "ResourceID": "CrystalT1",
    "IsGem": "0",
    "GemPerk": "",
    "PerkBucket": "PerkBucket_CrystalT1"
  },
  {
    "ResourceID": "CrystalT2",
    "IsGem": "0",
    "GemPerk": "",
    "PerkBucket": "PerkBucket_CrystalT2"
  },
  {
    "ResourceID": "CrystalT3",
    "IsGem": "0",
    "GemPerk": "",
    "PerkBucket": "PerkBucket_CrystalT3"
  },
  {
    "ResourceID": "CrystalizedAzothT1",
    "IsGem": "0",
    "GemPerk": "",
    "PerkBucket": "PerkBucket_CrystalizedAzothT1"
  },
  {
    "ResourceID": "CrystalizedAzothT2",
    "IsGem": "0",
    "GemPerk": "",
    "PerkBucket": "PerkBucket_CrystalizedAzothT2"
  },
  {
    "ResourceID": "CrystalizedAzothT3",
    "IsGem": "0",
    "GemPerk": "",
    "PerkBucket": "PerkBucket_CrystalizedAzothT3"
  },
  {
    "ResourceID": "CrystalizedEctoplasmT1",
    "IsGem": "0",
    "GemPerk": "",
    "PerkBucket": "PerkBucket_CrystalizedEctoplasmT1"
  },
  {
    "ResourceID": "CrystalizedEctoplasmT2",
    "IsGem": "0",
    "GemPerk": "",
    "PerkBucket": "PerkBucket_CrystalizedEctoplasmT2"
  },
  {
    "ResourceID": "CrystalizedEctoplasmT3",
    "IsGem": "0",
    "GemPerk": "",
    "PerkBucket": "PerkBucket_CrystalizedEctoplasmT3"
  },
  {
    "ResourceID": "EctoplasmT1",
    "IsGem": "0",
    "GemPerk": "",
    "PerkBucket": "PerkBucket_EctoplasmT1"
  },
  {
    "ResourceID": "EctoplasmT2",
    "IsGem": "0",
    "GemPerk": "",
    "PerkBucket": "PerkBucket_EctoplasmT2"
  },
  {
    "ResourceID": "EctoplasmT3",
    "IsGem": "0",
    "GemPerk": "",
    "PerkBucket": "PerkBucket_EctoplasmT3"
  },
  {
    "ResourceID": "ElkHoofT1",
    "IsGem": "0",
    "GemPerk": "",
    "PerkBucket": "PerkBucket_ElkHoofT1"
  },
  {
    "ResourceID": "ElkHoofT2",
    "IsGem": "0",
    "GemPerk": "",
    "PerkBucket": "PerkBucket_ElkHoofT2"
  },
  {
    "ResourceID": "ElkHoofT3",
    "IsGem": "0",
    "GemPerk": "",
    "PerkBucket": "PerkBucket_ElkHoofT3"
  },
  {
    "ResourceID": "EnchantedEarthT1",
    "IsGem": "0",
    "GemPerk": "",
    "PerkBucket": "PerkBucket_EnchantedEarthT1"
  },
  {
    "ResourceID": "EnchantedEarthT2",
    "IsGem": "0",
    "GemPerk": "",
    "PerkBucket": "PerkBucket_EnchantedEarthT2"
  },
  {
    "ResourceID": "EnchantedEarthT3",
    "IsGem": "0",
    "GemPerk": "",
    "PerkBucket": "PerkBucket_EnchantedEarthT3"
  },
  {
    "ResourceID": "EngineerCharmT1",
    "IsGem": "0",
    "GemPerk": "",
    "PerkBucket": "PerkBucket_EngineerCharmT1"
  },
  {
    "ResourceID": "EngineerCharmT2",
    "IsGem": "0",
    "GemPerk": "",
    "PerkBucket": "PerkBucket_EngineerCharmT2"
  },
  {
    "ResourceID": "EngineerCharmT3",
    "IsGem": "0",
    "GemPerk": "",
    "PerkBucket": "PerkBucket_EngineerCharmT3"
  },
  {
    "ResourceID": "FangT1",
    "IsGem": "0",
    "GemPerk": "",
    "PerkBucket": "PerkBucket_FangT1"
  },
  {
    "ResourceID": "FangT2",
    "IsGem": "0",
    "GemPerk": "",
    "PerkBucket": "PerkBucket_FangT2"
  },
  {
    "ResourceID": "FangT3",
    "IsGem": "0",
    "GemPerk": "",
    "PerkBucket": "PerkBucket_FangT3"
  },
  {
    "ResourceID": "FrozenFangT1",
    "IsGem": "0",
    "GemPerk": "",
    "PerkBucket": "PerkBucket_FrozenFangT1"
  },
  {
    "ResourceID": "FrozenFangT2",
    "IsGem": "0",
    "GemPerk": "",
    "PerkBucket": "PerkBucket_FrozenFangT2"
  },
  {
    "ResourceID": "FrozenFangT3",
    "IsGem": "0",
    "GemPerk": "",
    "PerkBucket": "PerkBucket_FrozenFangT3"
  },
  {
    "ResourceID": "HolyWaterT1",
    "IsGem": "0",
    "GemPerk": "",
    "PerkBucket": "PerkBucket_HolyWaterT1"
  },
  {
    "ResourceID": "HolyWaterT2",
    "IsGem": "0",
    "GemPerk": "",
    "PerkBucket": "PerkBucket_HolyWaterT2"
  },
  {
    "ResourceID": "HolyWaterT3",
    "IsGem": "0",
    "GemPerk": "",
    "PerkBucket": "PerkBucket_HolyWaterT3"
  },
  {
    "ResourceID": "HornT1",
    "IsGem": "0",
    "GemPerk": "",
    "PerkBucket": "PerkBucket_HornT1"
  },
  {
    "ResourceID": "HornT2",
    "IsGem": "0",
    "GemPerk": "",
    "PerkBucket": "PerkBucket_HornT2"
  },
  {
    "ResourceID": "HornT3",
    "IsGem": "0",
    "GemPerk": "",
    "PerkBucket": "PerkBucket_HornT3"
  },
  {
    "ResourceID": "IronwoodResinT1",
    "IsGem": "0",
    "GemPerk": "",
    "PerkBucket": "PerkBucket_IronwoodResinT1"
  },
  {
    "ResourceID": "IronwoodResinT2",
    "IsGem": "0",
    "GemPerk": "",
    "PerkBucket": "PerkBucket_IronwoodResinT2"
  },
  {
    "ResourceID": "IronwoodResinT3",
    "IsGem": "0",
    "GemPerk": "",
    "PerkBucket": "PerkBucket_IronwoodResinT3"
  },
  {
    "ResourceID": "IronwoodSapT1",
    "IsGem": "0",
    "GemPerk": "",
    "PerkBucket": "PerkBucket_IronwoodSapT1"
  },
  {
    "ResourceID": "IronwoodSapT2",
    "IsGem": "0",
    "GemPerk": "",
    "PerkBucket": "PerkBucket_IronwoodSapT2"
  },
  {
    "ResourceID": "IronwoodSapT3",
    "IsGem": "0",
    "GemPerk": "",
    "PerkBucket": "PerkBucket_IronwoodSapT3"
  },
  {
    "ResourceID": "JewelcrafterCharmT1",
    "IsGem": "0",
    "GemPerk": "",
    "PerkBucket": "PerkBucket_JewelcrafterCharmT1"
  },
  {
    "ResourceID": "JewelcrafterCharmT2",
    "IsGem": "0",
    "GemPerk": "",
    "PerkBucket": "PerkBucket_JewelcrafterCharmT2"
  },
  {
    "ResourceID": "JewelcrafterCharmT3",
    "IsGem": "0",
    "GemPerk": "",
    "PerkBucket": "PerkBucket_JewelcrafterCharmT3"
  },
  {
    "ResourceID": "LumberjackCharmT1",
    "IsGem": "0",
    "GemPerk": "",
    "PerkBucket": "PerkBucket_LumberjackCharmT1"
  },
  {
    "ResourceID": "LumberjackCharmT2",
    "IsGem": "0",
    "GemPerk": "",
    "PerkBucket": "PerkBucket_LumberjackCharmT2"
  },
  {
    "ResourceID": "LumberjackCharmT3",
    "IsGem": "0",
    "GemPerk": "",
    "PerkBucket": "PerkBucket_LumberjackCharmT3"
  },
  {
    "ResourceID": "MangyHideT1",
    "IsGem": "0",
    "GemPerk": "",
    "PerkBucket": "PerkBucket_MangyHideT1"
  },
  {
    "ResourceID": "MangyHideT2",
    "IsGem": "0",
    "GemPerk": "",
    "PerkBucket": "PerkBucket_MangyHideT2"
  },
  {
    "ResourceID": "MangyHideT3",
    "IsGem": "0",
    "GemPerk": "",
    "PerkBucket": "PerkBucket_MangyHideT3"
  },
  {
    "ResourceID": "MinerCharmT1",
    "IsGem": "0",
    "GemPerk": "",
    "PerkBucket": "PerkBucket_MinerCharmT1"
  },
  {
    "ResourceID": "MinerCharmT2",
    "IsGem": "0",
    "GemPerk": "",
    "PerkBucket": "PerkBucket_MinerCharmT2"
  },
  {
    "ResourceID": "MinerCharmT3",
    "IsGem": "0",
    "GemPerk": "",
    "PerkBucket": "PerkBucket_MinerCharmT3"
  },
  {
    "ResourceID": "NiterT1",
    "IsGem": "0",
    "GemPerk": "",
    "PerkBucket": "PerkBucket_NiterT1"
  },
  {
    "ResourceID": "NiterT2",
    "IsGem": "0",
    "GemPerk": "",
    "PerkBucket": "PerkBucket_NiterT2"
  },
  {
    "ResourceID": "NiterT3",
    "IsGem": "0",
    "GemPerk": "",
    "PerkBucket": "PerkBucket_NiterT3"
  },
  {
    "ResourceID": "QuicksilverT1",
    "IsGem": "0",
    "GemPerk": "",
    "PerkBucket": "PerkBucket_QuicksilverT1"
  },
  {
    "ResourceID": "QuicksilverT2",
    "IsGem": "0",
    "GemPerk": "",
    "PerkBucket": "PerkBucket_QuicksilverT2"
  },
  {
    "ResourceID": "QuicksilverT3",
    "IsGem": "0",
    "GemPerk": "",
    "PerkBucket": "PerkBucket_QuicksilverT3"
  },
  {
    "ResourceID": "ResinT1",
    "IsGem": "0",
    "GemPerk": "",
    "PerkBucket": "PerkBucket_ResinT1"
  },
  {
    "ResourceID": "ResinT2",
    "IsGem": "0",
    "GemPerk": "",
    "PerkBucket": "PerkBucket_ResinT2"
  },
  {
    "ResourceID": "ResinT3",
    "IsGem": "0",
    "GemPerk": "",
    "PerkBucket": "PerkBucket_ResinT3"
  },
  {
    "ResourceID": "RivetedMailT1",
    "IsGem": "0",
    "GemPerk": "",
    "PerkBucket": "PerkBucket_RivetedMailT1"
  },
  {
    "ResourceID": "RivetedMailT2",
    "IsGem": "0",
    "GemPerk": "",
    "PerkBucket": "PerkBucket_RivetedMailT2"
  },
  {
    "ResourceID": "RivetedMailT3",
    "IsGem": "0",
    "GemPerk": "",
    "PerkBucket": "PerkBucket_RivetedMailT3"
  },
  {
    "ResourceID": "SapT1",
    "IsGem": "0",
    "GemPerk": "",
    "PerkBucket": "PerkBucket_SapT1"
  },
  {
    "ResourceID": "SapT2",
    "IsGem": "0",
    "GemPerk": "",
    "PerkBucket": "PerkBucket_SapT2"
  },
  {
    "ResourceID": "SapT3",
    "IsGem": "0",
    "GemPerk": "",
    "PerkBucket": "PerkBucket_SapT3"
  },
  {
    "ResourceID": "SkinnerCharmT1",
    "IsGem": "0",
    "GemPerk": "",
    "PerkBucket": "PerkBucket_SkinnerCharmT1"
  },
  {
    "ResourceID": "SkinnerCharmT2",
    "IsGem": "0",
    "GemPerk": "",
    "PerkBucket": "PerkBucket_SkinnerCharmT2"
  },
  {
    "ResourceID": "SkinnerCharmT3",
    "IsGem": "0",
    "GemPerk": "",
    "PerkBucket": "PerkBucket_SkinnerCharmT3"
  },
  {
    "ResourceID": "SparkmetalT1",
    "IsGem": "0",
    "GemPerk": "",
    "PerkBucket": "PerkBucket_SparkmetalT1"
  },
  {
    "ResourceID": "SparkmetalT2",
    "IsGem": "0",
    "GemPerk": "",
    "PerkBucket": "PerkBucket_SparkmetalT2"
  },
  {
    "ResourceID": "SparkmetalT3",
    "IsGem": "0",
    "GemPerk": "",
    "PerkBucket": "PerkBucket_SparkmetalT3"
  },
  {
    "ResourceID": "TallowT1",
    "IsGem": "0",
    "GemPerk": "",
    "PerkBucket": "PerkBucket_TallowT1"
  },
  {
    "ResourceID": "TallowT2",
    "IsGem": "0",
    "GemPerk": "",
    "PerkBucket": "PerkBucket_TallowT2"
  },
  {
    "ResourceID": "TallowT3",
    "IsGem": "0",
    "GemPerk": "",
    "PerkBucket": "PerkBucket_TallowT3"
  },
  {
    "ResourceID": "ThunderstoneT1",
    "IsGem": "0",
    "GemPerk": "",
    "PerkBucket": "PerkBucket_ThunderstoneT1"
  },
  {
    "ResourceID": "ThunderstoneT2",
    "IsGem": "0",
    "GemPerk": "",
    "PerkBucket": "PerkBucket_ThunderstoneT2"
  },
  {
    "ResourceID": "ThunderstoneT3",
    "IsGem": "0",
    "GemPerk": "",
    "PerkBucket": "PerkBucket_ThunderstoneT3"
  },
  {
    "ResourceID": "TravelersCharmT1",
    "IsGem": "0",
    "GemPerk": "",
    "PerkBucket": "PerkBucket_TravelersCharmT1"
  },
  {
    "ResourceID": "TravelersCharmT2",
    "IsGem": "0",
    "GemPerk": "",
    "PerkBucket": "PerkBucket_TravelersCharmT2"
  },
  {
    "ResourceID": "TravelersCharmT3",
    "IsGem": "0",
    "GemPerk": "",
    "PerkBucket": "PerkBucket_TravelersCharmT3"
  },
  {
    "ResourceID": "TravelersStoneT1",
    "IsGem": "0",
    "GemPerk": "",
    "PerkBucket": "PerkBucket_TravelersStoneT1"
  },
  {
    "ResourceID": "TravelersStoneT2",
    "IsGem": "0",
    "GemPerk": "",
    "PerkBucket": "PerkBucket_TravelersStoneT2"
  },
  {
    "ResourceID": "TravelersStoneT3",
    "IsGem": "0",
    "GemPerk": "",
    "PerkBucket": "PerkBucket_TravelersStoneT3"
  },
  {
    "ResourceID": "VerbenaT1",
    "IsGem": "0",
    "GemPerk": "",
    "PerkBucket": "PerkBucket_VerbenaT1"
  },
  {
    "ResourceID": "VerbenaT2",
    "IsGem": "0",
    "GemPerk": "",
    "PerkBucket": "PerkBucket_VerbenaT2"
  },
  {
    "ResourceID": "VerbenaT3",
    "IsGem": "0",
    "GemPerk": "",
    "PerkBucket": "PerkBucket_VerbenaT3"
  },
  {
    "ResourceID": "ViscousAzothT1",
    "IsGem": "0",
    "GemPerk": "",
    "PerkBucket": "PerkBucket_ViscousAzothT1"
  },
  {
    "ResourceID": "ViscousAzothT2",
    "IsGem": "0",
    "GemPerk": "",
    "PerkBucket": "PerkBucket_ViscousAzothT2"
  },
  {
    "ResourceID": "ViscousAzothT3",
    "IsGem": "0",
    "GemPerk": "",
    "PerkBucket": "PerkBucket_ViscousAzothT3"
  },
  {
    "ResourceID": "WeaponsmithCharmT1",
    "IsGem": "0",
    "GemPerk": "",
    "PerkBucket": "PerkBucket_WeaponsmithCharmT1"
  },
  {
    "ResourceID": "WeaponsmithCharmT2",
    "IsGem": "0",
    "GemPerk": "",
    "PerkBucket": "PerkBucket_WeaponsmithCharmT2"
  },
  {
    "ResourceID": "WeaponsmithCharmT3",
    "IsGem": "0",
    "GemPerk": "",
    "PerkBucket": "PerkBucket_WeaponsmithCharmT3"
  },
  {
    "ResourceID": "WhetstoneT1",
    "IsGem": "0",
    "GemPerk": "",
    "PerkBucket": "PerkBucket_WhetstoneT1"
  },
  {
    "ResourceID": "WhetstoneT2",
    "IsGem": "0",
    "GemPerk": "",
    "PerkBucket": "PerkBucket_WhetstoneT2"
  },
  {
    "ResourceID": "WhetstoneT3",
    "IsGem": "0",
    "GemPerk": "",
    "PerkBucket": "PerkBucket_WhetstoneT3"
  },
  {
    "ResourceID": "WitheredEssenceT1",
    "IsGem": "0",
    "GemPerk": "",
    "PerkBucket": "PerkBucket_WitheredEssenceT1"
  },
  {
    "ResourceID": "WitheredEssenceT2",
    "IsGem": "0",
    "GemPerk": "",
    "PerkBucket": "PerkBucket_WitheredEssenceT2"
  },
  {
    "ResourceID": "WitheredEssenceT3",
    "IsGem": "0",
    "GemPerk": "",
    "PerkBucket": "PerkBucket_WitheredEssenceT3"
  },
  {
    "ResourceID": "WolfEssenceT1",
    "IsGem": "0",
    "GemPerk": "",
    "PerkBucket": "PerkBucket_WolfEssenceT1"
  },
  {
    "ResourceID": "WolfEssenceT2",
    "IsGem": "0",
    "GemPerk": "",
    "PerkBucket": "PerkBucket_WolfEssenceT2"
  },
  {
    "ResourceID": "WolfEssenceT3",
    "IsGem": "0",
    "GemPerk": "",
    "PerkBucket": "PerkBucket_WolfEssenceT3"
  },
  {
    "ResourceID": "WolfPawT1",
    "IsGem": "0",
    "GemPerk": "",
    "PerkBucket": "PerkBucket_WolfPawT1"
  },
  {
    "ResourceID": "WolfPawT2",
    "IsGem": "0",
    "GemPerk": "",
    "PerkBucket": "PerkBucket_WolfPawT2"
  },
  {
    "ResourceID": "WolfPawT3",
    "IsGem": "0",
    "GemPerk": "",
    "PerkBucket": "PerkBucket_WolfPawT3"
  },
  {
    "ResourceID": "WrithingBriarT1",
    "IsGem": "0",
    "GemPerk": "",
    "PerkBucket": "PerkBucket_WrithingBriarT1"
  },
  {
    "ResourceID": "WrithingBriarT2",
    "IsGem": "0",
    "GemPerk": "",
    "PerkBucket": "PerkBucket_WrithingBriarT2"
  },
  {
    "ResourceID": "WrithingBriarT3",
    "IsGem": "0",
    "GemPerk": "",
    "PerkBucket": "PerkBucket_WrithingBriarT3"
  },
  {
    "ResourceID": "WrithingVinesT1",
    "IsGem": "0",
    "GemPerk": "",
    "PerkBucket": "PerkBucket_WrithingVinesT1"
  },
  {
    "ResourceID": "WrithingVinesT2",
    "IsGem": "0",
    "GemPerk": "",
    "PerkBucket": "PerkBucket_WrithingVinesT2"
  },
  {
    "ResourceID": "WrithingVinesT3",
    "IsGem": "0",
    "GemPerk": "",
    "PerkBucket": "PerkBucket_WrithingVinesT3"
  },
  {
    "ResourceID": "WyrdwoodResinT1",
    "IsGem": "0",
    "GemPerk": "",
    "PerkBucket": "PerkBucket_WyrdwoodResinT1"
  },
  {
    "ResourceID": "WyrdwoodResinT2",
    "IsGem": "0",
    "GemPerk": "",
    "PerkBucket": "PerkBucket_WyrdwoodResinT2"
  },
  {
    "ResourceID": "WyrdwoodResinT3",
    "IsGem": "0",
    "GemPerk": "",
    "PerkBucket": "PerkBucket_WyrdwoodResinT3"
  },
  {
    "ResourceID": "WyrdwoodSapT1",
    "IsGem": "0",
    "GemPerk": "",
    "PerkBucket": "PerkBucket_WyrdwoodSapT1"
  },
  {
    "ResourceID": "WyrdwoodSapT2",
    "IsGem": "0",
    "GemPerk": "",
    "PerkBucket": "PerkBucket_WyrdwoodSapT2"
  },
  {
    "ResourceID": "WyrdwoodSapT3",
    "IsGem": "0",
    "GemPerk": "",
    "PerkBucket": "PerkBucket_WyrdwoodSapT3"
  },
  {
    "ResourceID": "SwordCharmT1",
    "IsGem": "0",
    "GemPerk": "",
    "PerkBucket": "PerkBucket_SwordCharmT1"
  },
  {
    "ResourceID": "SwordCharmT2",
    "IsGem": "0",
    "GemPerk": "",
    "PerkBucket": "PerkBucket_SwordCharmT2"
  },
  {
    "ResourceID": "SwordCharmT3",
    "IsGem": "0",
    "GemPerk": "",
    "PerkBucket": "PerkBucket_SwordCharmT3"
  },
  {
    "ResourceID": "ShieldCharmT1",
    "IsGem": "0",
    "GemPerk": "",
    "PerkBucket": "PerkBucket_ShieldCharmT1"
  },
  {
    "ResourceID": "ShieldCharmT2",
    "IsGem": "0",
    "GemPerk": "",
    "PerkBucket": "PerkBucket_ShieldCharmT2"
  },
  {
    "ResourceID": "ShieldCharmT3",
    "IsGem": "0",
    "GemPerk": "",
    "PerkBucket": "PerkBucket_ShieldCharmT3"
  },
  {
    "ResourceID": "HatchetCharmT1",
    "IsGem": "0",
    "GemPerk": "",
    "PerkBucket": "PerkBucket_HatchetCharmT1"
  },
  {
    "ResourceID": "HatchetCharmT2",
    "IsGem": "0",
    "GemPerk": "",
    "PerkBucket": "PerkBucket_HatchetCharmT2"
  },
  {
    "ResourceID": "HatchetCharmT3",
    "IsGem": "0",
    "GemPerk": "",
    "PerkBucket": "PerkBucket_HatchetCharmT3"
  },
  {
    "ResourceID": "HatchetCharmT4",
    "IsGem": "0",
    "GemPerk": "",
    "PerkBucket": "PerkBucket_HatchetCharmT4"
  },
  {
    "ResourceID": "HatchetCharmT5",
    "IsGem": "0",
    "GemPerk": "",
    "PerkBucket": "PerkBucket_HatchetCharmT5"
  },
  {
    "ResourceID": "HatchetCharmT6",
    "IsGem": "0",
    "GemPerk": "",
    "PerkBucket": "PerkBucket_HatchetCharmT6"
  },
  {
    "ResourceID": "2HHammerCharmT1",
    "IsGem": "0",
    "GemPerk": "",
    "PerkBucket": "PerkBucket_2HHammerCharmT1"
  },
  {
    "ResourceID": "2HHammerCharmT2",
    "IsGem": "0",
    "GemPerk": "",
    "PerkBucket": "PerkBucket_2HHammerCharmT2"
  },
  {
    "ResourceID": "2HHammerCharmT3",
    "IsGem": "0",
    "GemPerk": "",
    "PerkBucket": "PerkBucket_2HHammerCharmT3"
  },
  {
    "ResourceID": "2HHammerCharmT4",
    "IsGem": "0",
    "GemPerk": "",
    "PerkBucket": "PerkBucket_2HHammerCharmT4"
  },
  {
    "ResourceID": "2HHammerCharmT5",
    "IsGem": "0",
    "GemPerk": "",
    "PerkBucket": "PerkBucket_2HHammerCharmT5"
  },
  {
    "ResourceID": "2HHammerCharmT6",
    "IsGem": "0",
    "GemPerk": "",
    "PerkBucket": "PerkBucket_2HHammerCharmT6"
  },
  {
    "ResourceID": "2HAxeCharmT1",
    "IsGem": "0",
    "GemPerk": "",
    "PerkBucket": "PerkBucket_2HAxeCharmT1"
  },
  {
    "ResourceID": "2HAxeCharmT2",
    "IsGem": "0",
    "GemPerk": "",
    "PerkBucket": "PerkBucket_2HAxeCharmT2"
  },
  {
    "ResourceID": "2HAxeCharmT3",
    "IsGem": "0",
    "GemPerk": "",
    "PerkBucket": "PerkBucket_2HAxeCharmT3"
  },
  {
    "ResourceID": "2HAxeCharmT4",
    "IsGem": "0",
    "GemPerk": "",
    "PerkBucket": "PerkBucket_2HAxeCharmT4"
  },
  {
    "ResourceID": "2HAxeCharmT5",
    "IsGem": "0",
    "GemPerk": "",
    "PerkBucket": "PerkBucket_2HAxeCharmT5"
  },
  {
    "ResourceID": "2HAxeCharmT6",
    "IsGem": "0",
    "GemPerk": "",
    "PerkBucket": "PerkBucket_2HAxeCharmT6"
  },
  {
    "ResourceID": "BowCharmT1",
    "IsGem": "0",
    "GemPerk": "",
    "PerkBucket": "PerkBucket_BowCharmT1"
  },
  {
    "ResourceID": "BowCharmT2",
    "IsGem": "0",
    "GemPerk": "",
    "PerkBucket": "PerkBucket_BowCharmT2"
  },
  {
    "ResourceID": "BowCharmT3",
    "IsGem": "0",
    "GemPerk": "",
    "PerkBucket": "PerkBucket_BowCharmT3"
  },
  {
    "ResourceID": "BowCharmT4",
    "IsGem": "0",
    "GemPerk": "",
    "PerkBucket": "PerkBucket_BowCharmT4"
  },
  {
    "ResourceID": "BowCharmT5",
    "IsGem": "0",
    "GemPerk": "",
    "PerkBucket": "PerkBucket_BowCharmT5"
  },
  {
    "ResourceID": "BowCharmT6",
    "IsGem": "0",
    "GemPerk": "",
    "PerkBucket": "PerkBucket_BowCharmT6"
  },
  {
    "ResourceID": "MusketCharmT1",
    "IsGem": "0",
    "GemPerk": "",
    "PerkBucket": "PerkBucket_MusketCharmT1"
  },
  {
    "ResourceID": "MusketCharmT2",
    "IsGem": "0",
    "GemPerk": "",
    "PerkBucket": "PerkBucket_MusketCharmT2"
  },
  {
    "ResourceID": "MusketCharmT3",
    "IsGem": "0",
    "GemPerk": "",
    "PerkBucket": "PerkBucket_MusketCharmT3"
  },
  {
    "ResourceID": "MusketCharmT4",
    "IsGem": "0",
    "GemPerk": "",
    "PerkBucket": "PerkBucket_MusketCharmT4"
  },
  {
    "ResourceID": "MusketCharmT5",
    "IsGem": "0",
    "GemPerk": "",
    "PerkBucket": "PerkBucket_MusketCharmT5"
  },
  {
    "ResourceID": "MusketCharmT6",
    "IsGem": "0",
    "GemPerk": "",
    "PerkBucket": "PerkBucket_MusketCharmT6"
  },
  {
    "ResourceID": "LifeStaffCharmT1",
    "IsGem": "0",
    "GemPerk": "",
    "PerkBucket": "PerkBucket_LifeStaffCharmT1"
  },
  {
    "ResourceID": "LifeStaffCharmT2",
    "IsGem": "0",
    "GemPerk": "",
    "PerkBucket": "PerkBucket_LifeStaffCharmT2"
  },
  {
    "ResourceID": "LifeStaffCharmT3",
    "IsGem": "0",
    "GemPerk": "",
    "PerkBucket": "PerkBucket_LifeStaffCharmT3"
  },
  {
    "ResourceID": "LifeStaffCharmT4",
    "IsGem": "0",
    "GemPerk": "",
    "PerkBucket": "PerkBucket_LifeStaffCharmT4"
  },
  {
    "ResourceID": "LifeStaffCharmT5",
    "IsGem": "0",
    "GemPerk": "",
    "PerkBucket": "PerkBucket_LifeStaffCharmT5"
  },
  {
    "ResourceID": "LifeStaffCharmT6",
    "IsGem": "0",
    "GemPerk": "",
    "PerkBucket": "PerkBucket_LifeStaffCharmT6"
  },
  {
    "ResourceID": "FireStaffCharmT1",
    "IsGem": "0",
    "GemPerk": "",
    "PerkBucket": "PerkBucket_FireStaffCharmT1"
  },
  {
    "ResourceID": "FireStaffCharmT2",
    "IsGem": "0",
    "GemPerk": "",
    "PerkBucket": "PerkBucket_FireStaffCharmT2"
  },
  {
    "ResourceID": "FireStaffCharmT3",
    "IsGem": "0",
    "GemPerk": "",
    "PerkBucket": "PerkBucket_FireStaffCharmT3"
  },
  {
    "ResourceID": "FireStaffCharmT4",
    "IsGem": "0",
    "GemPerk": "",
    "PerkBucket": "PerkBucket_FireStaffCharmT4"
  },
  {
    "ResourceID": "FireStaffCharmT5",
    "IsGem": "0",
    "GemPerk": "",
    "PerkBucket": "PerkBucket_FireStaffCharmT5"
  },
  {
    "ResourceID": "FireStaffCharmT6",
    "IsGem": "0",
    "GemPerk": "",
    "PerkBucket": "PerkBucket_FireStaffCharmT6"
  },
  {
    "ResourceID": "IceGauntletCharmT1",
    "IsGem": "0",
    "GemPerk": "",
    "PerkBucket": "PerkBucket_IceGauntletCharmT1"
  },
  {
    "ResourceID": "IceGauntletCharmT2",
    "IsGem": "0",
    "GemPerk": "",
    "PerkBucket": "PerkBucket_IceGauntletCharmT2"
  },
  {
    "ResourceID": "IceGauntletCharmT3",
    "IsGem": "0",
    "GemPerk": "",
    "PerkBucket": "PerkBucket_IceGauntletCharmT3"
  },
  {
    "ResourceID": "IceGauntletCharmT4",
    "IsGem": "0",
    "GemPerk": "",
    "PerkBucket": "PerkBucket_IceGauntletCharmT4"
  },
  {
    "ResourceID": "RapierCharmT1",
    "IsGem": "0",
    "GemPerk": "",
    "PerkBucket": "PerkBucket_RapierCharmT1"
  },
  {
    "ResourceID": "RapierCharmT2",
    "IsGem": "0",
    "GemPerk": "",
    "PerkBucket": "PerkBucket_RapierCharmT2"
  },
  {
    "ResourceID": "RapierCharmT3",
    "IsGem": "0",
    "GemPerk": "",
    "PerkBucket": "PerkBucket_RapierCharmT3"
  },
  {
    "ResourceID": "RapierCharmT4",
    "IsGem": "0",
    "GemPerk": "",
    "PerkBucket": "PerkBucket_RapierCharmT4"
  },
  {
    "ResourceID": "RapierCharmT5",
    "IsGem": "0",
    "GemPerk": "",
    "PerkBucket": "PerkBucket_RapierCharmT5"
  },
  {
    "ResourceID": "RapierCharmT6",
    "IsGem": "0",
    "GemPerk": "",
    "PerkBucket": "PerkBucket_RapierCharmT6"
  },
  {
    "ResourceID": "SpearCharmT1",
    "IsGem": "0",
    "GemPerk": "",
    "PerkBucket": "PerkBucket_SpearCharmT1"
  },
  {
    "ResourceID": "SpearCharmT2",
    "IsGem": "0",
    "GemPerk": "",
    "PerkBucket": "PerkBucket_SpearCharmT2"
  },
  {
    "ResourceID": "SpearCharmT3",
    "IsGem": "0",
    "GemPerk": "",
    "PerkBucket": "PerkBucket_SpearCharmT3"
  },
  {
    "ResourceID": "SpearCharmT4",
    "IsGem": "0",
    "GemPerk": "",
    "PerkBucket": "PerkBucket_SpearCharmT4"
  },
  {
    "ResourceID": "SpearCharmT5",
    "IsGem": "0",
    "GemPerk": "",
    "PerkBucket": "PerkBucket_SpearCharmT5"
  },
  {
    "ResourceID": "SpearCharmT6",
    "IsGem": "0",
    "GemPerk": "",
    "PerkBucket": "PerkBucket_SpearCharmT6"
  },
  {
    "ResourceID": "GemSocketPinsT1",
    "IsGem": "0",
    "GemPerk": "",
    "PerkBucket": "GemSocketPinsT1Bucket"
  },
  {
    "ResourceID": "AmberCutT1",
    "IsGem": "1",
    "GemPerk": "",
    "PerkBucket": "AmberCutT1"
  },
  {
    "ResourceID": "AmberCutT2",
    "IsGem": "1",
    "GemPerk": "",
    "PerkBucket": "AmberCutT2"
  },
  {
    "ResourceID": "AmberCutT3",
    "IsGem": "1",
    "GemPerk": "",
    "PerkBucket": "AmberCutT3"
  },
  {
    "ResourceID": "AmberCutT4",
    "IsGem": "1",
    "GemPerk": "",
    "PerkBucket": "AmberCutT4"
  },
  {
    "ResourceID": "AmethystCutT1",
    "IsGem": "1",
    "GemPerk": "",
    "PerkBucket": "AmethystCutT1"
  },
  {
    "ResourceID": "AmethystCutT2",
    "IsGem": "1",
    "GemPerk": "",
    "PerkBucket": "AmethystCutT2"
  },
  {
    "ResourceID": "AmethystCutT3",
    "IsGem": "1",
    "GemPerk": "",
    "PerkBucket": "AmethystCutT3"
  },
  {
    "ResourceID": "AmethystCutT4",
    "IsGem": "1",
    "GemPerk": "",
    "PerkBucket": "AmethystCutT4"
  },
  {
    "ResourceID": "AquamarineCutT1",
    "IsGem": "1",
    "GemPerk": "",
    "PerkBucket": "AquamarineCutT1"
  },
  {
    "ResourceID": "AquamarineCutT2",
    "IsGem": "1",
    "GemPerk": "",
    "PerkBucket": "AquamarineCutT2"
  },
  {
    "ResourceID": "AquamarineCutT3",
    "IsGem": "1",
    "GemPerk": "",
    "PerkBucket": "AquamarineCutT3"
  },
  {
    "ResourceID": "AquamarineCutT4",
    "IsGem": "1",
    "GemPerk": "",
    "PerkBucket": "AquamarineCutT4"
  },
  {
    "ResourceID": "CarnelianCutT1",
    "IsGem": "1",
    "GemPerk": "",
    "PerkBucket": "CarnelianCutT1"
  },
  {
    "ResourceID": "CarnelianCutT2",
    "IsGem": "1",
    "GemPerk": "",
    "PerkBucket": "CarnelianCutT2"
  },
  {
    "ResourceID": "CarnelianCutT3",
    "IsGem": "1",
    "GemPerk": "",
    "PerkBucket": "CarnelianCutT3"
  },
  {
    "ResourceID": "CarnelianCutT4",
    "IsGem": "1",
    "GemPerk": "",
    "PerkBucket": "CarnelianCutT4"
  },
  {
    "ResourceID": "DiamondCutT1",
    "IsGem": "1",
    "GemPerk": "",
    "PerkBucket": "DiamondCutT1"
  },
  {
    "ResourceID": "DiamondCutT2",
    "IsGem": "1",
    "GemPerk": "",
    "PerkBucket": "DiamondCutT2"
  },
  {
    "ResourceID": "DiamondCutT3",
    "IsGem": "1",
    "GemPerk": "",
    "PerkBucket": "DiamondCutT3"
  },
  {
    "ResourceID": "DiamondCutT4",
    "IsGem": "1",
    "GemPerk": "",
    "PerkBucket": "DiamondCutT4"
  },
  {
    "ResourceID": "EmeraldCutT1",
    "IsGem": "1",
    "GemPerk": "",
    "PerkBucket": "EmeraldCutT1"
  },
  {
    "ResourceID": "EmeraldCutT2",
    "IsGem": "1",
    "GemPerk": "",
    "PerkBucket": "EmeraldCutT2"
  },
  {
    "ResourceID": "EmeraldCutT3",
    "IsGem": "1",
    "GemPerk": "",
    "PerkBucket": "EmeraldCutT3"
  },
  {
    "ResourceID": "EmeraldCutT4",
    "IsGem": "1",
    "GemPerk": "",
    "PerkBucket": "EmeraldCutT4"
  },
  {
    "ResourceID": "JasperCutT1",
    "IsGem": "1",
    "GemPerk": "",
    "PerkBucket": "JasperCutT1"
  },
  {
    "ResourceID": "JasperCutT2",
    "IsGem": "1",
    "GemPerk": "",
    "PerkBucket": "JasperCutT2"
  },
  {
    "ResourceID": "JasperCutT3",
    "IsGem": "1",
    "GemPerk": "",
    "PerkBucket": "JasperCutT3"
  },
  {
    "ResourceID": "JasperCutT4",
    "IsGem": "1",
    "GemPerk": "",
    "PerkBucket": "JasperCutT4"
  },
  {
    "ResourceID": "MalachiteCutT1",
    "IsGem": "1",
    "GemPerk": "",
    "PerkBucket": "MalachiteCutT1"
  },
  {
    "ResourceID": "MalachiteCutT2",
    "IsGem": "1",
    "GemPerk": "",
    "PerkBucket": "MalachiteCutT2"
  },
  {
    "ResourceID": "MalachiteCutT3",
    "IsGem": "1",
    "GemPerk": "",
    "PerkBucket": "MalachiteCutT3"
  },
  {
    "ResourceID": "MalachiteCutT4",
    "IsGem": "1",
    "GemPerk": "",
    "PerkBucket": "MalachiteCutT4"
  },
  {
    "ResourceID": "MoonstoneCutT1",
    "IsGem": "1",
    "GemPerk": "",
    "PerkBucket": "MoonstoneCutT1"
  },
  {
    "ResourceID": "MoonstoneCutT2",
    "IsGem": "1",
    "GemPerk": "",
    "PerkBucket": "MoonstoneCutT2"
  },
  {
    "ResourceID": "MoonstoneCutT3",
    "IsGem": "1",
    "GemPerk": "",
    "PerkBucket": "MoonstoneCutT3"
  },
  {
    "ResourceID": "MoonstoneCutT4",
    "IsGem": "1",
    "GemPerk": "",
    "PerkBucket": "MoonstoneCutT4"
  },
  {
    "ResourceID": "OnyxCutT1",
    "IsGem": "1",
    "GemPerk": "",
    "PerkBucket": "OnyxCutT1"
  },
  {
    "ResourceID": "OnyxCutT2",
    "IsGem": "1",
    "GemPerk": "",
    "PerkBucket": "OnyxCutT2"
  },
  {
    "ResourceID": "OnyxCutT3",
    "IsGem": "1",
    "GemPerk": "",
    "PerkBucket": "OnyxCutT3"
  },
  {
    "ResourceID": "OnyxCutT4",
    "IsGem": "1",
    "GemPerk": "",
    "PerkBucket": "OnyxCutT4"
  },
  {
    "ResourceID": "OpalCutT1",
    "IsGem": "1",
    "GemPerk": "",
    "PerkBucket": "OpalCutT1"
  },
  {
    "ResourceID": "OpalCutT2",
    "IsGem": "1",
    "GemPerk": "",
    "PerkBucket": "OpalCutT2"
  },
  {
    "ResourceID": "OpalCutT3",
    "IsGem": "1",
    "GemPerk": "",
    "PerkBucket": "OpalCutT3"
  },
  {
    "ResourceID": "OpalCutT4",
    "IsGem": "1",
    "GemPerk": "",
    "PerkBucket": "OpalCutT4"
  },
  {
    "ResourceID": "RubyCutT1",
    "IsGem": "1",
    "GemPerk": "",
    "PerkBucket": "RubyCutT1"
  },
  {
    "ResourceID": "RubyCutT2",
    "IsGem": "1",
    "GemPerk": "",
    "PerkBucket": "RubyCutT2"
  },
  {
    "ResourceID": "RubyCutT3",
    "IsGem": "1",
    "GemPerk": "",
    "PerkBucket": "RubyCutT3"
  },
  {
    "ResourceID": "RubyCutT4",
    "IsGem": "1",
    "GemPerk": "",
    "PerkBucket": "RubyCutT4"
  },
  {
    "ResourceID": "SapphireCutT1",
    "IsGem": "1",
    "GemPerk": "",
    "PerkBucket": "SapphireCutT1"
  },
  {
    "ResourceID": "SapphireCutT2",
    "IsGem": "1",
    "GemPerk": "",
    "PerkBucket": "SapphireCutT2"
  },
  {
    "ResourceID": "SapphireCutT3",
    "IsGem": "1",
    "GemPerk": "",
    "PerkBucket": "SapphireCutT3"
  },
  {
    "ResourceID": "SapphireCutT4",
    "IsGem": "1",
    "GemPerk": "",
    "PerkBucket": "SapphireCutT4"
  },
  {
    "ResourceID": "TopazCutT1",
    "IsGem": "1",
    "GemPerk": "",
    "PerkBucket": "TopazCutT1"
  },
  {
    "ResourceID": "TopazCutT2",
    "IsGem": "1",
    "GemPerk": "",
    "PerkBucket": "TopazCutT2"
  },
  {
    "ResourceID": "TopazCutT3",
    "IsGem": "1",
    "GemPerk": "",
    "PerkBucket": "TopazCutT3"
  },
  {
    "ResourceID": "TopazCutT4",
    "IsGem": "1",
    "GemPerk": "",
    "PerkBucket": "TopazCutT4"
  },
  {
    "ResourceID": "PearlT1",
    "IsGem": "1",
    "GemPerk": "",
    "PerkBucket": "PearlT1"
  },
  {
    "ResourceID": "PearlT2",
    "IsGem": "1",
    "GemPerk": "",
    "PerkBucket": "PearlT2"
  },
  {
    "ResourceID": "PearlT3",
    "IsGem": "1",
    "GemPerk": "",
    "PerkBucket": "PearlT3"
  },
  {
    "ResourceID": "PearlT4",
    "IsGem": "1",
    "GemPerk": "",
    "PerkBucket": "PearlT4"
  },
  {
    "ResourceID": "STRBonusT1",
    "IsGem": "0",
    "GemPerk": "",
    "PerkBucket": "STRBonusT1"
  },
  {
    "ResourceID": "DEXBonusT1",
    "IsGem": "0",
    "GemPerk": "",
    "PerkBucket": "DEXBonusT1"
  },
  {
    "ResourceID": "INTBonusT1",
    "IsGem": "0",
    "GemPerk": "",
    "PerkBucket": "INTBonusT1"
  },
  {
    "ResourceID": "CONBonusT1",
    "IsGem": "0",
    "GemPerk": "",
    "PerkBucket": "CONBonusT1"
  },
  {
    "ResourceID": "FOCBonusT1",
    "IsGem": "0",
    "GemPerk": "",
    "PerkBucket": "FOCBonusT1"
  },
  {
    "ResourceID": "STRDEXBonusT1",
    "IsGem": "0",
    "GemPerk": "",
    "PerkBucket": "STRDEXBonusT1"
  },
  {
    "ResourceID": "STRINTBonusT1",
    "IsGem": "0",
    "GemPerk": "",
    "PerkBucket": "STRINTBonusT1"
  },
  {
    "ResourceID": "STRCONBonusT1",
    "IsGem": "0",
    "GemPerk": "",
    "PerkBucket": "STRCONBonusT1"
  },
  {
    "ResourceID": "STRFOCBonusT1",
    "IsGem": "0",
    "GemPerk": "",
    "PerkBucket": "STRFOCBonusT1"
  },
  {
    "ResourceID": "DEXSTRBonusT1",
    "IsGem": "0",
    "GemPerk": "",
    "PerkBucket": "DEXSTRBonusT1"
  },
  {
    "ResourceID": "DEXINTBonusT1",
    "IsGem": "0",
    "GemPerk": "",
    "PerkBucket": "DEXINTBonusT1"
  },
  {
    "ResourceID": "DEXCONBonusT1",
    "IsGem": "0",
    "GemPerk": "",
    "PerkBucket": "DEXCONBonusT1"
  },
  {
    "ResourceID": "DEXFOCBonusT1",
    "IsGem": "0",
    "GemPerk": "",
    "PerkBucket": "DEXFOCBonusT1"
  },
  {
    "ResourceID": "INTSTRBonusT1",
    "IsGem": "0",
    "GemPerk": "",
    "PerkBucket": "INTSTRBonusT1"
  },
  {
    "ResourceID": "INTDEXBonusT1",
    "IsGem": "0",
    "GemPerk": "",
    "PerkBucket": "INTDEXBonusT1"
  },
  {
    "ResourceID": "INTCONBonusT1",
    "IsGem": "0",
    "GemPerk": "",
    "PerkBucket": "INTCONBonusT1"
  },
  {
    "ResourceID": "INTFOCBonusT1",
    "IsGem": "0",
    "GemPerk": "",
    "PerkBucket": "INTFOCBonusT1"
  },
  {
    "ResourceID": "CONSTRBonusT1",
    "IsGem": "0",
    "GemPerk": "",
    "PerkBucket": "CONSTRBonusT1"
  },
  {
    "ResourceID": "CONDEXBonusT1",
    "IsGem": "0",
    "GemPerk": "",
    "PerkBucket": "CONDEXBonusT1"
  },
  {
    "ResourceID": "CONINTBonusT1",
    "IsGem": "0",
    "GemPerk": "",
    "PerkBucket": "CONINTBonusT1"
  },
  {
    "ResourceID": "CONFOCBonusT1",
    "IsGem": "0",
    "GemPerk": "",
    "PerkBucket": "CONFOCBonusT1"
  },
  {
    "ResourceID": "FOCSTRBonusT1",
    "IsGem": "0",
    "GemPerk": "",
    "PerkBucket": "FOCSTRBonusT1"
  },
  {
    "ResourceID": "FOCDEXBonusT1",
    "IsGem": "0",
    "GemPerk": "",
    "PerkBucket": "FOCDEXBonusT1"
  },
  {
    "ResourceID": "FOCINTBonusT1",
    "IsGem": "0",
    "GemPerk": "",
    "PerkBucket": "FOCINTBonusT1"
  },
  {
    "ResourceID": "FOCCONBonusT1",
    "IsGem": "0",
    "GemPerk": "",
    "PerkBucket": "FOCCONBonusT1"
  }
]