[
  {
    "VariantID": "Abandoned_T1_L",
    "Visual_Chest": "slices/POIs/LootContainers/Abandoned_T1_L_chest.dynamicslice",
    "Visual_Loot": "slices/POIs/LootContainers/Abandoned_T1_L_loot.dynamicslice",
    "GatherableEntryID": "LootLargeT1",
    "LootTableComponent": "ContainerLootLarge",
    "GatheringRadius": "0.25",
    "InteractionRadius": "3",
    "DetectableRadius": "1",
    "DepletedSFX": "Play_Gather_Chest_Large",
    "DepletedFX": "cFX_Loot.Chest_Big_Celebration01",
    "Idle_VFX": "Loot.Chest_big_open01",
    "MarkerRadius": "4",
    "Name": "@LootContainer_SuppliesLarge_DisplayName"
  },
  {
    "VariantID": "Abandoned_T1_M",
    "Visual_Chest": "slices/POIs/LootContainers/Abandoned_T1_M_chest.dynamicslice",
    "Visual_Loot": "slices/POIs/LootContainers/Abandoned_T1_M_loot.dynamicslice",
    "GatherableEntryID": "LootMediumT1",
    "LootTableComponent": "ContainerLootSmallLeveled",
    "GatheringRadius": "0.25",
    "InteractionRadius": "3",
    "DetectableRadius": "1",
    "DepletedSFX": "Play_Gather_Chest_Small",
    "DepletedFX": "cFX_Loot.Chest_Medium_Celebration01",
    "Idle_VFX": "Loot.Crate_small01",
    "MarkerRadius": "4",
    "Name": "@LootContainer_SuppliesMedium_DisplayName"
  },
  {
    "VariantID": "Abandoned_T1_S",
    "Visual_Chest": "slices/POIs/LootContainers/Abandoned_T1_S_chest.dynamicslice",
    "Visual_Loot": "slices/POIs/LootContainers/Abandoned_T1_S_loot.dynamicslice",
    "GatherableEntryID": "LootMediumT1",
    "LootTableComponent": "ContainerLootSmallLeveled",
    "GatheringRadius": "0.25",
    "InteractionRadius": "3",
    "DetectableRadius": "1",
    "DepletedSFX": "Play_Gather_Chest_Small",
    "DepletedFX": "cFX_Loot.Chest_Small_Celebration01",
    "Idle_VFX": "Loot.Crate_xsmall01",
    "MarkerRadius": "4",
    "Name": "@LootContainer_SuppliesSmall_DisplayName"
  },
  {
    "VariantID": "Abandoned_T2_L",
    "Visual_Chest": "slices/POIs/LootContainers/Abandoned_T2_L_chest.dynamicslice",
    "Visual_Loot": "slices/POIs/LootContainers/Abandoned_T2_L_loot.dynamicslice",
    "GatherableEntryID": "LootLargeT2",
    "LootTableComponent": "ContainerLootLarge",
    "GatheringRadius": "0.25",
    "InteractionRadius": "3",
    "DetectableRadius": "1",
    "DepletedSFX": "Play_Gather_Chest_Large",
    "DepletedFX": "cFX_Loot.Chest_Big_Celebration01",
    "Idle_VFX": "Loot.Chest_big_open01",
    "MarkerRadius": "4",
    "Name": "@LootContainer_SuppliesLarge_DisplayName"
  },
  {
    "VariantID": "Abandoned_T2_M",
    "Visual_Chest": "slices/POIs/LootContainers/Abandoned_T2_M_chest.dynamicslice",
    "Visual_Loot": "slices/POIs/LootContainers/Abandoned_T2_M_loot.dynamicslice",
    "GatherableEntryID": "LootMediumT2",
    "LootTableComponent": "ContainerLootSmallLeveled",
    "GatheringRadius": "0.25",
    "InteractionRadius": "3",
    "DetectableRadius": "1",
    "DepletedSFX": "Play_Gather_Chest_Small",
    "DepletedFX": "cFX_Loot.Chest_Medium_Celebration01",
    "Idle_VFX": "Loot.Crate_small01",
    "MarkerRadius": "4",
    "Name": "@LootContainer_SuppliesMedium_DisplayName"
  },
  {
    "VariantID": "Abandoned_T2_S",
    "Visual_Chest": "slices/POIs/LootContainers/Abandoned_T2_S_chest.dynamicslice",
    "Visual_Loot": "slices/POIs/LootContainers/Abandoned_T2_S_loot.dynamicslice",
    "GatherableEntryID": "LootMediumT2",
    "LootTableComponent": "ContainerLootSmallLeveled",
    "GatheringRadius": "0.25",
    "InteractionRadius": "3",
    "DetectableRadius": "1",
    "DepletedSFX": "Play_Gather_Chest_Small",
    "DepletedFX": "cFX_Loot.Chest_Small_Celebration01",
    "Idle_VFX": "Loot.Crate_xsmall01",
    "MarkerRadius": "4",
    "Name": "@LootContainer_SuppliesSmall_DisplayName"
  },
  {
    "VariantID": "Abandoned_T3_L",
    "Visual_Chest": "slices/POIs/LootContainers/Abandoned_T3_L_chest.dynamicslice",
    "Visual_Loot": "slices/POIs/LootContainers/Abandoned_T3_L_loot.dynamicslice",
    "GatherableEntryID": "LootLargeT3",
    "LootTableComponent": "ContainerLootLarge",
    "GatheringRadius": "0.25",
    "InteractionRadius": "3",
    "DetectableRadius": "1",
    "DepletedSFX": "Play_Gather_Chest_Large",
    "DepletedFX": "cFX_Loot.Chest_Big_Celebration01",
    "Idle_VFX": "Loot.Chest_big_open01",
    "MarkerRadius": "4",
    "Name": "@LootContainer_SuppliesLarge_DisplayName"
  },
  {
    "VariantID": "Abandoned_T3_M",
    "Visual_Chest": "slices/POIs/LootContainers/Abandoned_T3_M_chest.dynamicslice",
    "Visual_Loot": "slices/POIs/LootContainers/Abandoned_T3_M_loot.dynamicslice",
    "GatherableEntryID": "LootMediumT3",
    "LootTableComponent": "ContainerLootSmallLeveled",
    "GatheringRadius": "0.25",
    "InteractionRadius": "3",
    "DetectableRadius": "1",
    "DepletedSFX": "Play_Gather_Chest_Small",
    "DepletedFX": "cFX_Loot.Chest_Medium_Celebration01",
    "Idle_VFX": "Loot.Crate_small01",
    "MarkerRadius": "4",
    "Name": "@LootContainer_SuppliesMedium_DisplayName"
  },
  {
    "VariantID": "Abandoned_T3_S",
    "Visual_Chest": "slices/POIs/LootContainers/Abandoned_T3_S_chest.dynamicslice",
    "Visual_Loot": "slices/POIs/LootContainers/Abandoned_T3_S_loot.dynamicslice",
    "GatherableEntryID": "LootMediumT3",
    "LootTableComponent": "ContainerLootSmallLeveled",
    "GatheringRadius": "0.25",
    "InteractionRadius": "3",
    "DetectableRadius": "1",
    "DepletedSFX": "Play_Gather_Chest_Small",
    "DepletedFX": "cFX_Loot.Chest_Small_Celebration01",
    "Idle_VFX": "Loot.Crate_xsmall01",
    "MarkerRadius": "4",
    "Name": "@LootContainer_SuppliesSmall_DisplayName"
  },
  {
    "VariantID": "Alchemy_T1_L",
    "Visual_Chest": "slices/POIs/LootContainers/Alchemy_T1_L_chest.dynamicslice",
    "Visual_Loot": "slices/POIs/LootContainers/Alchemy_T1_L_loot.dynamicslice",
    "GatherableEntryID": "LootLargeT1",
    "LootTableComponent": "ContainerLootAlchemyLarge",
    "GatheringRadius": "0.25",
    "InteractionRadius": "3",
    "DetectableRadius": "1",
    "DepletedSFX": "Play_Gather_Chest_Small",
    "DepletedFX": "cFX_Loot.Chest_Big_Celebration02",
    "Idle_VFX": "Loot.Crate_tall01",
    "MarkerRadius": "4",
    "Name": "@LootContainer_AlchemyLarge_DisplayName"
  },
  {
    "VariantID": "Alchemy_T1_M",
    "Visual_Chest": "slices/POIs/LootContainers/Alchemy_T1_M_chest.dynamicslice",
    "Visual_Loot": "slices/POIs/LootContainers/Alchemy_T1_M_loot.dynamicslice",
    "GatherableEntryID": "LootMediumT1",
    "LootTableComponent": "ContainerLootAlchemySmall",
    "GatheringRadius": "0.25",
    "InteractionRadius": "3",
    "DetectableRadius": "1",
    "DepletedSFX": "Play_Gather_Chest_Small",
    "DepletedFX": "cFX_Loot.Chest_Medium_Celebration01",
    "Idle_VFX": "Loot.Crate_small01",
    "MarkerRadius": "4",
    "Name": "@LootContainer_AlchemyMedium_DisplayName"
  },
  {
    "VariantID": "Alchemy_T2_L",
    "Visual_Chest": "slices/POIs/LootContainers/Alchemy_T2_L_chest.dynamicslice",
    "Visual_Loot": "slices/POIs/LootContainers/Alchemy_T2_L_loot.dynamicslice",
    "GatherableEntryID": "LootLargeT2",
    "LootTableComponent": "ContainerLootAlchemyLarge",
    "GatheringRadius": "0.25",
    "InteractionRadius": "3",
    "DetectableRadius": "1",
    "DepletedSFX": "Play_Gather_Chest_Large",
    "DepletedFX": "cFX_Loot.Chest_Big_Celebration01",
    "Idle_VFX": "Loot.Chest_big_open01",
    "MarkerRadius": "4",
    "Name": "@LootContainer_AlchemyLarge_DisplayName"
  },
  {
    "VariantID": "Alchemy_T2_M",
    "Visual_Chest": "slices/POIs/LootContainers/Alchemy_T2_M_chest.dynamicslice",
    "Visual_Loot": "slices/POIs/LootContainers/Alchemy_T2_M_loot.dynamicslice",
    "GatherableEntryID": "LootMediumT2",
    "LootTableComponent": "ContainerLootAlchemySmall",
    "GatheringRadius": "0.25",
    "InteractionRadius": "3",
    "DetectableRadius": "1",
    "DepletedSFX": "Play_Gather_Chest_Small",
    "DepletedFX": "cFX_Loot.Chest_Medium_Celebration01",
    "Idle_VFX": "Loot.Crate_small01",
    "MarkerRadius": "4",
    "Name": "@LootContainer_AlchemyMedium_DisplayName"
  },
  {
    "VariantID": "Alchemy_T3_L",
    "Visual_Chest": "slices/POIs/LootContainers/Alchemy_T3_L_chest.dynamicslice",
    "Visual_Loot": "slices/POIs/LootContainers/Alchemy_T3_L_loot.dynamicslice",
    "GatherableEntryID": "LootLargeT3",
    "LootTableComponent": "ContainerLootAlchemyLarge",
    "GatheringRadius": "0.25",
    "InteractionRadius": "3",
    "DetectableRadius": "1",
    "DepletedSFX": "Play_Gather_Chest_Large",
    "DepletedFX": "cFX_Loot.Chest_Big_Celebration01",
    "Idle_VFX": "Loot.Chest_big_open01",
    "MarkerRadius": "4",
    "Name": "@LootContainer_AlchemyLarge_DisplayName"
  },
  {
    "VariantID": "Alchemy_T3_M",
    "Visual_Chest": "slices/POIs/LootContainers/Alchemy_T3_M_chest.dynamicslice",
    "Visual_Loot": "slices/POIs/LootContainers/Alchemy_T3_M_loot.dynamicslice",
    "GatherableEntryID": "LootMediumT3",
    "LootTableComponent": "ContainerLootAlchemySmall",
    "GatheringRadius": "0.25",
    "InteractionRadius": "3",
    "DetectableRadius": "1",
    "DepletedSFX": "Play_Gather_Chest_Small",
    "DepletedFX": "cFX_Loot.Chest_Medium_Celebration01",
    "Idle_VFX": "Loot.Crate_small01",
    "MarkerRadius": "4",
    "Name": "@LootContainer_AlchemyMedium_DisplayName"
  },
  {
    "VariantID": "Ancient_T1_L",
    "Visual_Chest": "slices/POIs/LootContainers/Ancient_T1_L_chest.dynamicslice",
    "Visual_Loot": "slices/POIs/LootContainers/Ancient_T1_L_loot.dynamicslice",
    "GatherableEntryID": "LootLargeT1",
    "LootTableComponent": "ContainerLootLarge",
    "GatheringRadius": "0.25",
    "InteractionRadius": "3",
    "DetectableRadius": "1",
    "DepletedSFX": "Play_Gather_Chest_Large",
    "DepletedFX": "cFX_Loot.Chest_Big_Celebration02",
    "Idle_VFX": "Loot.Chest_big_closed01",
    "MarkerRadius": "4",
    "Name": "@LootContainer_AncientLarge_DisplayName"
  },
  {
    "VariantID": "Ancient_T1_M",
    "Visual_Chest": "slices/POIs/LootContainers/Ancient_T1_M_chest.dynamicslice",
    "Visual_Loot": "slices/POIs/LootContainers/Ancient_T1_M_loot.dynamicslice",
    "GatherableEntryID": "LootMediumT1",
    "LootTableComponent": "ContainerLootSmallLeveled",
    "GatheringRadius": "0.25",
    "InteractionRadius": "3",
    "DetectableRadius": "1",
    "DepletedSFX": "Play_Gather_Chest_Large",
    "DepletedFX": "cFX_Loot.Chest_Medium_Celebration01",
    "Idle_VFX": "Loot.Chest_big_peek01",
    "MarkerRadius": "4",
    "Name": "@LootContainer_AncientMedium_DisplayName"
  },
  {
    "VariantID": "Ancient_T1_S",
    "Visual_Chest": "slices/POIs/LootContainers/Ancient_T1_S_chest.dynamicslice",
    "Visual_Loot": "slices/POIs/LootContainers/Ancient_T1_S_loot.dynamicslice",
    "GatherableEntryID": "LootMediumT1",
    "LootTableComponent": "ContainerLootSmallLeveled",
    "GatheringRadius": "0.25",
    "InteractionRadius": "3",
    "DetectableRadius": "1",
    "DepletedSFX": "Play_Gather_Chest_Small",
    "DepletedFX": "cFX_Loot.Chest_Small_Celebration01",
    "Idle_VFX": "Loot.Crate_xsmall01",
    "MarkerRadius": "4",
    "Name": "@LootContainer_AncientSmall_DisplayName"
  },
  {
    "VariantID": "Ancient_T2_L",
    "Visual_Chest": "slices/POIs/LootContainers/Ancient_T2_L_chest.dynamicslice",
    "Visual_Loot": "slices/POIs/LootContainers/Ancient_T2_L_loot.dynamicslice",
    "GatherableEntryID": "LootLargeT2",
    "LootTableComponent": "ContainerLootLarge",
    "GatheringRadius": "0.25",
    "InteractionRadius": "3",
    "DetectableRadius": "1",
    "DepletedSFX": "Play_Gather_Chest_Large",
    "DepletedFX": "cFX_Loot.Chest_Big_Celebration02",
    "Idle_VFX": "Loot.Chest_big_closed01",
    "MarkerRadius": "4",
    "Name": "@LootContainer_AncientLarge_DisplayName"
  },
  {
    "VariantID": "Ancient_T2_M",
    "Visual_Chest": "slices/POIs/LootContainers/Ancient_T2_M_chest.dynamicslice",
    "Visual_Loot": "slices/POIs/LootContainers/Ancient_T2_M_loot.dynamicslice",
    "GatherableEntryID": "LootMediumT2",
    "LootTableComponent": "ContainerLootSmallLeveled",
    "GatheringRadius": "0.25",
    "InteractionRadius": "3",
    "DetectableRadius": "1",
    "DepletedSFX": "Play_Gather_Chest_Large",
    "DepletedFX": "cFX_Loot.Chest_Medium_Celebration01",
    "Idle_VFX": "Loot.Chest_big_peek01",
    "MarkerRadius": "4",
    "Name": "@LootContainer_AncientMedium_DisplayName"
  },
  {
    "VariantID": "Ancient_T2_S",
    "Visual_Chest": "slices/POIs/LootContainers/Ancient_T2_S_chest.dynamicslice",
    "Visual_Loot": "slices/POIs/LootContainers/Ancient_T2_S_loot.dynamicslice",
    "GatherableEntryID": "LootMediumT2",
    "LootTableComponent": "ContainerLootSmallLeveled",
    "GatheringRadius": "0.25",
    "InteractionRadius": "3",
    "DetectableRadius": "1",
    "DepletedSFX": "Play_Gather_Chest_Small",
    "DepletedFX": "cFX_Loot.Chest_Small_Celebration01",
    "Idle_VFX": "Loot.Crate_xsmall01",
    "MarkerRadius": "4",
    "Name": "@LootContainer_AncientSmall_DisplayName"
  },
  {
    "VariantID": "Ancient_T3_L",
    "Visual_Chest": "slices/POIs/LootContainers/Ancient_T3_L_chest.dynamicslice",
    "Visual_Loot": "slices/POIs/LootContainers/Ancient_T3_L_loot.dynamicslice",
    "GatherableEntryID": "LootLargeT3",
    "LootTableComponent": "ContainerLootLarge",
    "GatheringRadius": "0.25",
    "InteractionRadius": "3",
    "DetectableRadius": "1",
    "DepletedSFX": "Play_Gather_Chest_Large",
    "DepletedFX": "cFX_Loot.Chest_Big_Celebration02",
    "Idle_VFX": "Loot.Chest_big_closed01",
    "MarkerRadius": "4",
    "Name": "@LootContainer_AncientLarge_DisplayName"
  },
  {
    "VariantID": "Ancient_T3_M",
    "Visual_Chest": "slices/POIs/LootContainers/Ancient_T3_M_chest.dynamicslice",
    "Visual_Loot": "slices/POIs/LootContainers/Ancient_T3_M_loot.dynamicslice",
    "GatherableEntryID": "LootMediumT3",
    "LootTableComponent": "ContainerLootSmallLeveled",
    "GatheringRadius": "0.25",
    "InteractionRadius": "3",
    "DetectableRadius": "1",
    "DepletedSFX": "Play_Gather_Chest_Large",
    "DepletedFX": "cFX_Loot.Chest_Medium_Celebration01",
    "Idle_VFX": "Loot.Chest_big_open01",
    "MarkerRadius": "4",
    "Name": "@LootContainer_AncientMedium_DisplayName"
  },
  {
    "VariantID": "Ancient_T3_S",
    "Visual_Chest": "slices/POIs/LootContainers/Ancient_T3_S_chest.dynamicslice",
    "Visual_Loot": "slices/POIs/LootContainers/Ancient_T3_S_loot.dynamicslice",
    "GatherableEntryID": "LootMediumT3",
    "LootTableComponent": "ContainerLootSmallLeveled",
    "GatheringRadius": "0.25",
    "InteractionRadius": "3",
    "DetectableRadius": "1",
    "DepletedSFX": "Play_Gather_Chest_Small",
    "DepletedFX": "cFX_Loot.Chest_Small_Celebration01",
    "Idle_VFX": "Loot.Crate_xsmall01",
    "MarkerRadius": "4",
    "Name": "@LootContainer_AncientSmall_DisplayName"
  },
  {
    "VariantID": "Blacksmith_T1_L",
    "Visual_Chest": "slices/POIs/LootContainers/Blacksmith_T1_L_chest.dynamicslice",
    "Visual_Loot": "slices/POIs/LootContainers/Blacksmith_T1_L_loot.dynamicslice",
    "GatherableEntryID": "LootLargeT1",
    "LootTableComponent": "ContainerLootLarge",
    "GatheringRadius": "0.25",
    "InteractionRadius": "3",
    "DetectableRadius": "1",
    "DepletedSFX": "Play_Gather_Chest_Small",
    "DepletedFX": "cFX_Loot.Chest_Big_Celebration02",
    "Idle_VFX": "Loot.Crate_tall01",
    "MarkerRadius": "4",
    "Name": "@LootContainer_SuppliesLarge_DisplayName"
  },
  {
    "VariantID": "Blacksmith_T1_M",
    "Visual_Chest": "slices/POIs/LootContainers/Blacksmith_T1_M_chest.dynamicslice",
    "Visual_Loot": "slices/POIs/LootContainers/Blacksmith_T1_M_loot.dynamicslice",
    "GatherableEntryID": "LootMediumT1",
    "LootTableComponent": "ContainerLootSmallLeveled",
    "GatheringRadius": "0.25",
    "InteractionRadius": "3",
    "DetectableRadius": "1",
    "DepletedSFX": "Play_Gather_Chest_Small",
    "DepletedFX": "cFX_Loot.Chest_Medium_Celebration01",
    "Idle_VFX": "Loot.Crate_small01",
    "MarkerRadius": "4",
    "Name": "@LootContainer_SuppliesMedium_DisplayName"
  },
  {
    "VariantID": "Blacksmith_T2_L",
    "Visual_Chest": "slices/POIs/LootContainers/Blacksmith_T2_L_chest.dynamicslice",
    "Visual_Loot": "slices/POIs/LootContainers/Blacksmith_T2_L_loot.dynamicslice",
    "GatherableEntryID": "LootLargeT2",
    "LootTableComponent": "ContainerLootLarge",
    "GatheringRadius": "0.25",
    "InteractionRadius": "3",
    "DetectableRadius": "1",
    "DepletedSFX": "Play_Gather_Chest_Large",
    "DepletedFX": "cFX_Loot.Chest_Big_Celebration01",
    "Idle_VFX": "Loot.Chest_big_open01",
    "MarkerRadius": "4",
    "Name": "@LootContainer_SuppliesLarge_DisplayName"
  },
  {
    "VariantID": "Blacksmith_T2_M",
    "Visual_Chest": "slices/POIs/LootContainers/Blacksmith_T2_M_chest.dynamicslice",
    "Visual_Loot": "slices/POIs/LootContainers/Blacksmith_T2_M_loot.dynamicslice",
    "GatherableEntryID": "LootMediumT2",
    "LootTableComponent": "ContainerLootSmallLeveled",
    "GatheringRadius": "0.25",
    "InteractionRadius": "3",
    "DetectableRadius": "1",
    "DepletedSFX": "Play_Gather_Chest_Small",
    "DepletedFX": "cFX_Loot.Chest_Medium_Celebration01",
    "Idle_VFX": "Loot.Crate_small01",
    "MarkerRadius": "4",
    "Name": "@LootContainer_SuppliesMedium_DisplayName"
  },
  {
    "VariantID": "Blacksmith_T3_L",
    "Visual_Chest": "slices/POIs/LootContainers/Blacksmith_T3_L_chest.dynamicslice",
    "Visual_Loot": "slices/POIs/LootContainers/Blacksmith_T3_L_loot.dynamicslice",
    "GatherableEntryID": "LootLargeT3",
    "LootTableComponent": "ContainerLootLarge",
    "GatheringRadius": "0.25",
    "InteractionRadius": "3",
    "DetectableRadius": "1",
    "DepletedSFX": "Play_Gather_Chest_Large",
    "DepletedFX": "cFX_Loot.Chest_Big_Celebration01",
    "Idle_VFX": "Loot.Chest_big_open01",
    "MarkerRadius": "4",
    "Name": "@LootContainer_SuppliesLarge_DisplayName"
  },
  {
    "VariantID": "Blacksmith_T3_M",
    "Visual_Chest": "slices/POIs/LootContainers/Blacksmith_T3_M_chest.dynamicslice",
    "Visual_Loot": "slices/POIs/LootContainers/Blacksmith_T3_M_loot.dynamicslice",
    "GatherableEntryID": "LootMediumT3",
    "LootTableComponent": "ContainerLootSmallLeveled",
    "GatheringRadius": "0.25",
    "InteractionRadius": "3",
    "DetectableRadius": "1",
    "DepletedSFX": "Play_Gather_Chest_Small",
    "DepletedFX": "cFX_Loot.Chest_Medium_Celebration01",
    "Idle_VFX": "Loot.Crate_small01",
    "MarkerRadius": "4",
    "Name": "@LootContainer_SuppliesMedium_DisplayName"
  },
  {
    "VariantID": "Carpentry_T1_L",
    "Visual_Chest": "slices/POIs/LootContainers/Carpentry_T1_L_chest.dynamicslice",
    "Visual_Loot": "slices/POIs/LootContainers/Carpentry_T1_L_loot.dynamicslice",
    "GatherableEntryID": "LootLargeT1",
    "LootTableComponent": "ContainerLootLarge",
    "GatheringRadius": "0.25",
    "InteractionRadius": "3",
    "DetectableRadius": "1",
    "DepletedSFX": "Play_Gather_Chest_Small",
    "DepletedFX": "cFX_Loot.Chest_Big_Celebration02",
    "Idle_VFX": "Loot.Crate_tall01",
    "MarkerRadius": "4",
    "Name": "@LootContainer_SuppliesLarge_DisplayName"
  },
  {
    "VariantID": "Carpentry_T1_M",
    "Visual_Chest": "slices/POIs/LootContainers/Carpentry_T1_M_chest.dynamicslice",
    "Visual_Loot": "slices/POIs/LootContainers/Carpentry_T1_M_loot.dynamicslice",
    "GatherableEntryID": "LootMediumT1",
    "LootTableComponent": "ContainerLootSmallLeveled",
    "GatheringRadius": "0.25",
    "InteractionRadius": "3",
    "DetectableRadius": "1",
    "DepletedSFX": "Play_Gather_Chest_Small",
    "DepletedFX": "cFX_Loot.Chest_Small_Celebration01",
    "Idle_VFX": "Loot.Crate_small01",
    "MarkerRadius": "4",
    "Name": "@LootContainer_SuppliesMedium_DisplayName"
  },
  {
    "VariantID": "Carpentry_T2_L",
    "Visual_Chest": "slices/POIs/LootContainers/Carpentry_T2_L_chest.dynamicslice",
    "Visual_Loot": "slices/POIs/LootContainers/Carpentry_T2_L_loot.dynamicslice",
    "GatherableEntryID": "LootLargeT2",
    "LootTableComponent": "ContainerLootLarge",
    "GatheringRadius": "0.25",
    "InteractionRadius": "3",
    "DetectableRadius": "1",
    "DepletedSFX": "Play_Gather_Chest_Large",
    "DepletedFX": "cFX_Loot.Chest_Big_Celebration01",
    "Idle_VFX": "Loot.Chest_big_open01",
    "MarkerRadius": "4",
    "Name": "@LootContainer_SuppliesLarge_DisplayName"
  },
  {
    "VariantID": "Carpentry_T2_M",
    "Visual_Chest": "slices/POIs/LootContainers/Carpentry_T2_M_chest.dynamicslice",
    "Visual_Loot": "slices/POIs/LootContainers/Carpentry_T2_M_loot.dynamicslice",
    "GatherableEntryID": "LootMediumT2",
    "LootTableComponent": "ContainerLootSmallLeveled",
    "GatheringRadius": "0.25",
    "InteractionRadius": "3",
    "DetectableRadius": "1",
    "DepletedSFX": "Play_Gather_Chest_Small",
    "DepletedFX": "cFX_Loot.Chest_Medium_Celebration01",
    "Idle_VFX": "Loot.Crate_small01",
    "MarkerRadius": "4",
    "Name": "@LootContainer_SuppliesMedium_DisplayName"
  },
  {
    "VariantID": "Carpentry_T3_L",
    "Visual_Chest": "slices/POIs/LootContainers/Carpentry_T3_L_chest.dynamicslice",
    "Visual_Loot": "slices/POIs/LootContainers/Carpentry_T3_L_loot.dynamicslice",
    "GatherableEntryID": "LootLargeT3",
    "LootTableComponent": "ContainerLootLarge",
    "GatheringRadius": "0.25",
    "InteractionRadius": "3",
    "DetectableRadius": "1",
    "DepletedSFX": "Play_Gather_Chest_Large",
    "DepletedFX": "cFX_Loot.Chest_Big_Celebration01",
    "Idle_VFX": "Loot.Chest_big_open01",
    "MarkerRadius": "4",
    "Name": "@LootContainer_SuppliesLarge_DisplayName"
  },
  {
    "VariantID": "Carpentry_T3_M",
    "Visual_Chest": "slices/POIs/LootContainers/Carpentry_T3_M_chest.dynamicslice",
    "Visual_Loot": "slices/POIs/LootContainers/Carpentry_T3_M_loot.dynamicslice",
    "GatherableEntryID": "LootMediumT3",
    "LootTableComponent": "ContainerLootSmallLeveled",
    "GatheringRadius": "0.25",
    "InteractionRadius": "3",
    "DetectableRadius": "1",
    "DepletedSFX": "Play_Gather_Chest_Small",
    "DepletedFX": "cFX_Loot.Chest_Medium_Celebration01",
    "Idle_VFX": "Loot.Crate_small01",
    "MarkerRadius": "4",
    "Name": "@LootContainer_SuppliesMedium_DisplayName"
  },
  {
    "VariantID": "ChestEliteAncientT2",
    "Visual_Chest": "slices/POIs/LootContainers/Ancient_ELITE_T2_Chest.dynamicslice",
    "Visual_Loot": "slices/POIs/LootContainers/Ancient_ELITE_T2_Loot.dynamicslice",
    "GatherableEntryID": "LootLargeT3ElitePOI",
    "LootTableComponent": "ChestLootElite",
    "GatheringRadius": "0.25",
    "InteractionRadius": "3",
    "DetectableRadius": "1",
    "DepletedSFX": "Play_Gather_Chest_Large",
    "DepletedFX": "cFX_Loot.Chest_Big_Celebration02",
    "Idle_VFX": "Loot.Chest_big_open01",
    "MarkerRadius": "4",
    "Name": "@LootContainer_Elite_Ancient_DisplayName"
  },
  {
    "VariantID": "ChestEliteAncientT3",
    "Visual_Chest": "slices/POIs/LootContainers/Ancient_ELITE_T2_Chest.dynamicslice",
    "Visual_Loot": "slices/POIs/LootContainers/Ancient_ELITE_T2_Loot.dynamicslice",
    "GatherableEntryID": "LootLargeT3ElitePOI",
    "LootTableComponent": "ChestLootElite",
    "GatheringRadius": "0.25",
    "InteractionRadius": "3",
    "DetectableRadius": "1",
    "DepletedSFX": "Play_Gather_Chest_Large",
    "DepletedFX": "cFX_Loot.Chest_Big_Celebration02",
    "Idle_VFX": "Loot.Chest_big_open01",
    "MarkerRadius": "4",
    "Name": "@LootContainer_Elite_Ancient_DisplayName"
  },
  {
    "VariantID": "ChestEliteAncientT4",
    "Visual_Chest": "slices/POIs/LootContainers/Ancient_ELITE_T2_Chest.dynamicslice",
    "Visual_Loot": "slices/POIs/LootContainers/Ancient_ELITE_T2_Loot.dynamicslice",
    "GatherableEntryID": "LootLargeT3ElitePOI",
    "LootTableComponent": "ChestLootElite",
    "GatheringRadius": "0.25",
    "InteractionRadius": "3",
    "DetectableRadius": "1",
    "DepletedSFX": "Play_Gather_Chest_Large",
    "DepletedFX": "cFX_Loot.Chest_Big_Celebration02",
    "Idle_VFX": "Loot.Chest_big_open01",
    "MarkerRadius": "4",
    "Name": "@LootContainer_Elite_Ancient_DisplayName"
  },
  {
    "VariantID": "ChestEliteAncientT5",
    "Visual_Chest": "slices/POIs/LootContainers/Ancient_ELITE_T2_Chest.dynamicslice",
    "Visual_Loot": "slices/POIs/LootContainers/Ancient_ELITE_T2_Loot.dynamicslice",
    "GatherableEntryID": "LootLargeT3ElitePOI",
    "LootTableComponent": "ChestLootElite",
    "GatheringRadius": "0.25",
    "InteractionRadius": "3",
    "DetectableRadius": "1",
    "DepletedSFX": "Play_Gather_Chest_Large",
    "DepletedFX": "cFX_Loot.Chest_Big_Celebration02",
    "Idle_VFX": "Loot.Chest_big_open01",
    "MarkerRadius": "4",
    "Name": "@LootContainer_Elite_Ancient_DisplayName"
  },
  {
    "VariantID": "ChestEliteT2",
    "Visual_Chest": "slices/POIs/LootContainers/Abandoned_ELITE_T2_Chest.dynamicslice",
    "Visual_Loot": "slices/POIs/LootContainers/Abandoned_ELITE_T2_Loot.dynamicslice",
    "GatherableEntryID": "LootLargeT3ElitePOI",
    "LootTableComponent": "ChestLootElite",
    "GatheringRadius": "0.25",
    "InteractionRadius": "3",
    "DetectableRadius": "1",
    "DepletedSFX": "Play_Gather_Chest_Large",
    "DepletedFX": "cFX_Loot.Chest_Big_Celebration01",
    "Idle_VFX": "Loot.Chest_big_open01",
    "MarkerRadius": "4",
    "Name": "@LootContainer_Elite_Supplies_DisplayName"
  },
  {
    "VariantID": "ChestEliteT3",
    "Visual_Chest": "slices/POIs/LootContainers/Abandoned_ELITE_T2_Chest.dynamicslice",
    "Visual_Loot": "slices/POIs/LootContainers/Abandoned_ELITE_T2_Loot.dynamicslice",
    "GatherableEntryID": "LootLargeT3ElitePOI",
    "LootTableComponent": "ChestLootElite",
    "GatheringRadius": "0.25",
    "InteractionRadius": "3",
    "DetectableRadius": "1",
    "DepletedSFX": "Play_Gather_Chest_Large",
    "DepletedFX": "cFX_Loot.Chest_Big_Celebration01",
    "Idle_VFX": "Loot.Chest_big_open01",
    "MarkerRadius": "4",
    "Name": "@LootContainer_Elite_Supplies_DisplayName"
  },
  {
    "VariantID": "ChestEliteT4",
    "Visual_Chest": "slices/POIs/LootContainers/Abandoned_ELITE_T2_Chest.dynamicslice",
    "Visual_Loot": "slices/POIs/LootContainers/Abandoned_ELITE_T2_Loot.dynamicslice",
    "GatherableEntryID": "LootLargeT3ElitePOI",
    "LootTableComponent": "ChestLootElite",
    "GatheringRadius": "0.25",
    "InteractionRadius": "3",
    "DetectableRadius": "1",
    "DepletedSFX": "Play_Gather_Chest_Large",
    "DepletedFX": "cFX_Loot.Chest_Big_Celebration01",
    "Idle_VFX": "Loot.Chest_big_open01",
    "MarkerRadius": "4",
    "Name": "@LootContainer_Elite_Supplies_DisplayName"
  },
  {
    "VariantID": "ChestEliteT5",
    "Visual_Chest": "slices/POIs/LootContainers/Abandoned_ELITE_T2_Chest.dynamicslice",
    "Visual_Loot": "slices/POIs/LootContainers/Abandoned_ELITE_T2_Loot.dynamicslice",
    "GatherableEntryID": "LootLargeT3ElitePOI",
    "LootTableComponent": "ChestLootElite",
    "GatheringRadius": "0.25",
    "InteractionRadius": "3",
    "DetectableRadius": "1",
    "DepletedSFX": "Play_Gather_Chest_Large",
    "DepletedFX": "cFX_Loot.Chest_Big_Celebration01",
    "Idle_VFX": "Loot.Chest_big_open01",
    "MarkerRadius": "4",
    "Name": "@LootContainer_Elite_Supplies_DisplayName"
  },
  {
    "VariantID": "Darkness_StarterPack",
    "Visual_Chest": "slices/POIs/LootContainers/Abandoned_T3_L_chest.dynamicslice",
    "Visual_Loot": "slices/POIs/LootContainers/Abandoned_T3_L_loot.dynamicslice",
    "GatherableEntryID": "DarknessStarterPack",
    "LootTableComponent": "DarknessStarterPack",
    "GatheringRadius": "0.5",
    "InteractionRadius": "3",
    "DetectableRadius": "1",
    "DepletedSFX": "Play_Gather_Chest_Large",
    "DepletedFX": "cFX_Loot.Chest_Big_Celebration01",
    "Idle_VFX": "Loot.Chest_big_open01",
    "MarkerRadius": "4",
    "Name": "@Darkness_StarterPack_DisplayName"
  },
  {
    "VariantID": "Engineering_T1_L",
    "Visual_Chest": "slices/POIs/LootContainers/Engineering_T1_L_chest.dynamicslice",
    "Visual_Loot": "slices/POIs/LootContainers/Engineering_T1_L_loot.dynamicslice",
    "GatherableEntryID": "LootLargeT1",
    "LootTableComponent": "ContainerLootLarge",
    "GatheringRadius": "0.25",
    "InteractionRadius": "3",
    "DetectableRadius": "1",
    "DepletedSFX": "Play_Gather_Chest_Small",
    "DepletedFX": "cFX_Loot.Chest_Big_Celebration02",
    "Idle_VFX": "Loot.Crate_tall01",
    "MarkerRadius": "4",
    "Name": "@LootContainer_SuppliesLarge_DisplayName"
  },
  {
    "VariantID": "Engineering_T1_M",
    "Visual_Chest": "slices/POIs/LootContainers/Engineering_T1_M_chest.dynamicslice",
    "Visual_Loot": "slices/POIs/LootContainers/Engineering_T1_M_loot.dynamicslice",
    "GatherableEntryID": "LootMediumT1",
    "LootTableComponent": "ContainerLootSmallLeveled",
    "GatheringRadius": "0.25",
    "InteractionRadius": "3",
    "DetectableRadius": "1",
    "DepletedSFX": "Play_Gather_Chest_Small",
    "DepletedFX": "cFX_Loot.Chest_Small_Celebration01",
    "Idle_VFX": "Loot.Crate_small01",
    "MarkerRadius": "4",
    "Name": "@LootContainer_SuppliesMedium_DisplayName"
  },
  {
    "VariantID": "Engineering_T2_L",
    "Visual_Chest": "slices/POIs/LootContainers/Engineering_T2_L_chest.dynamicslice",
    "Visual_Loot": "slices/POIs/LootContainers/Engineering_T2_L_loot.dynamicslice",
    "GatherableEntryID": "LootLargeT2",
    "LootTableComponent": "ContainerLootLarge",
    "GatheringRadius": "0.25",
    "InteractionRadius": "3",
    "DetectableRadius": "1",
    "DepletedSFX": "Play_Gather_Chest_Large",
    "DepletedFX": "cFX_Loot.Chest_Big_Celebration01",
    "Idle_VFX": "Loot.Chest_big_open01",
    "MarkerRadius": "4",
    "Name": "@LootContainer_SuppliesLarge_DisplayName"
  },
  {
    "VariantID": "Engineering_T2_M",
    "Visual_Chest": "slices/POIs/LootContainers/Engineering_T2_M_chest.dynamicslice",
    "Visual_Loot": "slices/POIs/LootContainers/Engineering_T2_M_loot.dynamicslice",
    "GatherableEntryID": "LootMediumT2",
    "LootTableComponent": "ContainerLootSmallLeveled",
    "GatheringRadius": "0.25",
    "InteractionRadius": "3",
    "DetectableRadius": "1",
    "DepletedSFX": "Play_Gather_Chest_Small",
    "DepletedFX": "cFX_Loot.Chest_Medium_Celebration01",
    "Idle_VFX": "Loot.Crate_small01",
    "MarkerRadius": "4",
    "Name": "@LootContainer_SuppliesMedium_DisplayName"
  },
  {
    "VariantID": "Engineering_T3_L",
    "Visual_Chest": "slices/POIs/LootContainers/Engineering_T3_L_chest.dynamicslice",
    "Visual_Loot": "slices/POIs/LootContainers/Engineering_T3_L_loot.dynamicslice",
    "GatherableEntryID": "LootLargeT3",
    "LootTableComponent": "ContainerLootLarge",
    "GatheringRadius": "0.25",
    "InteractionRadius": "3",
    "DetectableRadius": "1",
    "DepletedSFX": "Play_Gather_Chest_Large",
    "DepletedFX": "cFX_Loot.Chest_Big_Celebration01",
    "Idle_VFX": "Loot.Chest_big_open01",
    "MarkerRadius": "4",
    "Name": "@LootContainer_SuppliesLarge_DisplayName"
  },
  {
    "VariantID": "Engineering_T3_M",
    "Visual_Chest": "slices/POIs/LootContainers/Engineering_T3_M_chest.dynamicslice",
    "Visual_Loot": "slices/POIs/LootContainers/Engineering_T3_M_loot.dynamicslice",
    "GatherableEntryID": "LootMediumT3",
    "LootTableComponent": "ContainerLootSmallLeveled",
    "GatheringRadius": "0.25",
    "InteractionRadius": "3",
    "DetectableRadius": "1",
    "DepletedSFX": "Play_Gather_Chest_Small",
    "DepletedFX": "cFX_Loot.Chest_Medium_Celebration01",
    "Idle_VFX": "Loot.Crate_small01",
    "MarkerRadius": "4",
    "Name": "@LootContainer_SuppliesMedium_DisplayName"
  },
  {
    "VariantID": "Farmland_T1_L",
    "Visual_Chest": "slices/POIs/LootContainers/Farmland_T1_L_chest.dynamicslice",
    "Visual_Loot": "slices/POIs/LootContainers/Farmland_T1_L_loot.dynamicslice",
    "GatherableEntryID": "LootLargeT1",
    "LootTableComponent": "ContainerLootLarge",
    "GatheringRadius": "0.25",
    "InteractionRadius": "3",
    "DetectableRadius": "1",
    "DepletedSFX": "Play_Gather_Chest_Large",
    "DepletedFX": "cFX_Loot.Chest_Big_Celebration01",
    "Idle_VFX": "Loot.Chest_big_open01",
    "MarkerRadius": "4",
    "Name": "@LootContainer_SuppliesLarge_DisplayName"
  },
  {
    "VariantID": "Farmland_T1_M",
    "Visual_Chest": "slices/POIs/LootContainers/Farmland_T1_M_chest.dynamicslice",
    "Visual_Loot": "slices/POIs/LootContainers/Farmland_T1_M_loot.dynamicslice",
    "GatherableEntryID": "LootMediumT1",
    "LootTableComponent": "ContainerLootSmallLeveled",
    "GatheringRadius": "0.25",
    "InteractionRadius": "3",
    "DetectableRadius": "1",
    "DepletedSFX": "Play_Gather_Chest_Small",
    "DepletedFX": "cFX_Loot.Chest_Medium_Celebration01",
    "Idle_VFX": "Loot.Crate_small01",
    "MarkerRadius": "4",
    "Name": "@LootContainer_SuppliesMedium_DisplayName"
  },
  {
    "VariantID": "Farmland_T2_L",
    "Visual_Chest": "slices/POIs/LootContainers/Farmland_T2_L_chest.dynamicslice",
    "Visual_Loot": "slices/POIs/LootContainers/Farmland_T2_L_loot.dynamicslice",
    "GatherableEntryID": "LootLargeT2",
    "LootTableComponent": "ContainerLootLarge",
    "GatheringRadius": "0.25",
    "InteractionRadius": "3",
    "DetectableRadius": "1",
    "DepletedSFX": "Play_Gather_Chest_Large",
    "DepletedFX": "cFX_Loot.Chest_Big_Celebration01",
    "Idle_VFX": "Loot.Chest_big_open01",
    "MarkerRadius": "4",
    "Name": "@LootContainer_SuppliesLarge_DisplayName"
  },
  {
    "VariantID": "Farmland_T2_M",
    "Visual_Chest": "slices/POIs/LootContainers/Farmland_T2_M_chest.dynamicslice",
    "Visual_Loot": "slices/POIs/LootContainers/Farmland_T2_M_loot.dynamicslice",
    "GatherableEntryID": "LootMediumT2",
    "LootTableComponent": "ContainerLootSmallLeveled",
    "GatheringRadius": "0.25",
    "InteractionRadius": "3",
    "DetectableRadius": "1",
    "DepletedSFX": "Play_Gather_Chest_Small",
    "DepletedFX": "cFX_Loot.Chest_Medium_Celebration01",
    "Idle_VFX": "Loot.Crate_small01",
    "MarkerRadius": "4",
    "Name": "@LootContainer_SuppliesMedium_DisplayName"
  },
  {
    "VariantID": "Farmland_T3_L",
    "Visual_Chest": "slices/POIs/LootContainers/Farmland_T3_L_chest.dynamicslice",
    "Visual_Loot": "slices/POIs/LootContainers/Farmland_T3_L_loot.dynamicslice",
    "GatherableEntryID": "LootLargeT3",
    "LootTableComponent": "ContainerLootLarge",
    "GatheringRadius": "0.25",
    "InteractionRadius": "3",
    "DetectableRadius": "1",
    "DepletedSFX": "Play_Gather_Chest_Large",
    "DepletedFX": "cFX_Loot.Chest_Big_Celebration01",
    "Idle_VFX": "Loot.Chest_big_open01",
    "MarkerRadius": "4",
    "Name": "@LootContainer_SuppliesLarge_DisplayName"
  },
  {
    "VariantID": "Farmland_T3_M",
    "Visual_Chest": "slices/POIs/LootContainers/Farmland_T3_M_chest.dynamicslice",
    "Visual_Loot": "slices/POIs/LootContainers/Farmland_T3_M_loot.dynamicslice",
    "GatherableEntryID": "LootMediumT3",
    "LootTableComponent": "ContainerLootSmallLeveled",
    "GatheringRadius": "0.25",
    "InteractionRadius": "3",
    "DetectableRadius": "1",
    "DepletedSFX": "Play_Gather_Chest_Small",
    "DepletedFX": "cFX_Loot.Chest_Medium_Celebration01",
    "Idle_VFX": "Loot.Crate_small01",
    "MarkerRadius": "4",
    "Name": "@LootContainer_SuppliesMedium_DisplayName"
  },
  {
    "VariantID": "FTUE_Backstory",
    "Visual_Chest": "slices/POIs/LootContainers/FTUE_Backstory_Chest.dynamicslice",
    "Visual_Loot": "slices/POIs/LootContainers/FTUE_Backstory_Loot.dynamicslice",
    "GatherableEntryID": "LootFtueBackstory",
    "LootTableComponent": "FTUE_BackstoryChest",
    "GatheringRadius": "0.5",
    "InteractionRadius": "3",
    "DetectableRadius": "1",
    "DepletedSFX": "Play_Gather_Chest_Large",
    "DepletedFX": "cFX_Loot.Chest_Big_Celebration01",
    "Idle_VFX": "Loot.Chest_big_peek01",
    "MarkerRadius": "4",
    "Name": "@LootContainer_FTUE_DisplayName"
  },
  {
    "VariantID": "LootableAzoth",
    "Visual_Chest": "slices/Structures/Harvesting/LeyFissure_Complete_Small.dynamicslice",
    "Visual_Loot": "slices/Structures/Harvesting/LeyFissure_Complete_Small.dynamicslice",
    "GatherableEntryID": "LootMediumT2",
    "LootTableComponent": "AzothSpire",
    "GatheringRadius": "0.5",
    "InteractionRadius": "3",
    "DetectableRadius": "1",
    "DepletedSFX": "Play_Gather_Chest_Large",
    "DepletedFX": "cFX_Loot.Chest_Big_Celebration01",
    "Idle_VFX": "Loot.Chest_big_open01",
    "MarkerRadius": "4",
    "Name": "@LootContainer_LootableAzoth_DisplayName"
  },
  {
    "VariantID": "Outfitting_T1_L",
    "Visual_Chest": "slices/POIs/LootContainers/Outfitting_T1_L_chest.dynamicslice",
    "Visual_Loot": "slices/POIs/LootContainers/Outfitting_T1_L_loot.dynamicslice",
    "GatherableEntryID": "LootLargeT1",
    "LootTableComponent": "ContainerLootLarge",
    "GatheringRadius": "0.25",
    "InteractionRadius": "3",
    "DetectableRadius": "1",
    "DepletedSFX": "Play_Gather_Chest_Small",
    "DepletedFX": "cFX_Loot.Chest_Medium_Celebration01",
    "Idle_VFX": "Loot.Crate_tall01",
    "MarkerRadius": "4",
    "Name": "@LootContainer_SuppliesLarge_DisplayName"
  },
  {
    "VariantID": "Outfitting_T1_M",
    "Visual_Chest": "slices/POIs/LootContainers/Outfitting_T1_M_chest.dynamicslice",
    "Visual_Loot": "slices/POIs/LootContainers/Outfitting_T1_M_loot.dynamicslice",
    "GatherableEntryID": "LootMediumT1",
    "LootTableComponent": "ContainerLootSmallLeveled",
    "GatheringRadius": "0.25",
    "InteractionRadius": "3",
    "DetectableRadius": "1",
    "DepletedSFX": "Play_Gather_Chest_Small",
    "DepletedFX": "cFX_Loot.Chest_Small_Celebration01",
    "Idle_VFX": "Loot.Crate_xsmall01",
    "MarkerRadius": "4",
    "Name": "@LootContainer_SuppliesMedium_DisplayName"
  },
  {
    "VariantID": "Outfitting_T2_L",
    "Visual_Chest": "slices/POIs/LootContainers/Outfitting_T2_L_chest.dynamicslice",
    "Visual_Loot": "slices/POIs/LootContainers/Outfitting_T2_L_loot.dynamicslice",
    "GatherableEntryID": "LootLargeT2",
    "LootTableComponent": "ContainerLootLarge",
    "GatheringRadius": "0.25",
    "InteractionRadius": "3",
    "DetectableRadius": "1",
    "DepletedSFX": "Play_Gather_Chest_Large",
    "DepletedFX": "cFX_Loot.Chest_Big_Celebration01",
    "Idle_VFX": "Loot.Chest_big_open01",
    "MarkerRadius": "4",
    "Name": "@LootContainer_SuppliesLarge_DisplayName"
  },
  {
    "VariantID": "Outfitting_T2_M",
    "Visual_Chest": "slices/POIs/LootContainers/Outfitting_T2_M_chest.dynamicslice",
    "Visual_Loot": "slices/POIs/LootContainers/Outfitting_T2_M_loot.dynamicslice",
    "GatherableEntryID": "LootMediumT2",
    "LootTableComponent": "ContainerLootSmallLeveled",
    "GatheringRadius": "0.25",
    "InteractionRadius": "3",
    "DetectableRadius": "1",
    "DepletedSFX": "Play_Gather_Chest_Small",
    "DepletedFX": "cFX_Loot.Chest_Medium_Celebration01",
    "Idle_VFX": "Loot.Crate_small01",
    "MarkerRadius": "4",
    "Name": "@LootContainer_SuppliesMedium_DisplayName"
  },
  {
    "VariantID": "Outfitting_T3_L",
    "Visual_Chest": "slices/POIs/LootContainers/Outfitting_T3_L_chest.dynamicslice",
    "Visual_Loot": "slices/POIs/LootContainers/Outfitting_T3_L_loot.dynamicslice",
    "GatherableEntryID": "LootLargeT3",
    "LootTableComponent": "ContainerLootLarge",
    "GatheringRadius": "0.25",
    "InteractionRadius": "3",
    "DetectableRadius": "1",
    "DepletedSFX": "Play_Gather_Chest_Large",
    "DepletedFX": "cFX_Loot.Chest_Big_Celebration01",
    "Idle_VFX": "Loot.Chest_big_open01",
    "MarkerRadius": "4",
    "Name": "@LootContainer_SuppliesLarge_DisplayName"
  },
  {
    "VariantID": "Outfitting_T3_M",
    "Visual_Chest": "slices/POIs/LootContainers/Outfitting_T3_M_chest.dynamicslice",
    "Visual_Loot": "slices/POIs/LootContainers/Outfitting_T3_M_loot.dynamicslice",
    "GatherableEntryID": "LootMediumT3",
    "LootTableComponent": "ContainerLootSmallLeveled",
    "GatheringRadius": "0.25",
    "InteractionRadius": "3",
    "DetectableRadius": "1",
    "DepletedSFX": "Play_Gather_Chest_Small",
    "DepletedFX": "cFX_Loot.Chest_Medium_Celebration01",
    "Idle_VFX": "Loot.Crate_small01",
    "MarkerRadius": "4",
    "Name": "@LootContainer_SuppliesMedium_DisplayName"
  },
  {
    "VariantID": "Provisioning_T1_L",
    "Visual_Chest": "slices/POIs/LootContainers/Provisioning_T1_L_chest.dynamicslice",
    "Visual_Loot": "slices/POIs/LootContainers/Provisioning_T1_L_loot.dynamicslice",
    "GatherableEntryID": "LootLargeT1",
    "LootTableComponent": "ContainerLootCookingLarge",
    "GatheringRadius": "0.25",
    "InteractionRadius": "3",
    "DetectableRadius": "1",
    "DepletedSFX": "Play_Gather_Chest_Small",
    "DepletedFX": "cFX_Loot.Chest_Big_Celebration02",
    "Idle_VFX": "Loot.Crate_tall01",
    "MarkerRadius": "4",
    "Name": "@LootContainer_CookingLarge_DisplayName"
  },
  {
    "VariantID": "Provisioning_T1_M",
    "Visual_Chest": "slices/POIs/LootContainers/Provisioning_T1_M_chest.dynamicslice",
    "Visual_Loot": "slices/POIs/LootContainers/Provisioning_T1_M_loot.dynamicslice",
    "GatherableEntryID": "LootMediumT1",
    "LootTableComponent": "ContainerLootCookingSmall",
    "GatheringRadius": "0.25",
    "InteractionRadius": "3",
    "DetectableRadius": "1",
    "DepletedSFX": "Play_Gather_Chest_Small",
    "DepletedFX": "cFX_Loot.Chest_Medium_Celebration01",
    "Idle_VFX": "Loot.Crate_xsmall01",
    "MarkerRadius": "4",
    "Name": "@LootContainer_CookingMedium_DisplayName"
  },
  {
    "VariantID": "Provisioning_T2_L",
    "Visual_Chest": "slices/POIs/LootContainers/Provisioning_T2_L_chest.dynamicslice",
    "Visual_Loot": "slices/POIs/LootContainers/Provisioning_T2_L_loot.dynamicslice",
    "GatherableEntryID": "LootLargeT2",
    "LootTableComponent": "ContainerLootCookingLarge",
    "GatheringRadius": "0.25",
    "InteractionRadius": "3",
    "DetectableRadius": "1",
    "DepletedSFX": "Play_Gather_Chest_Large",
    "DepletedFX": "cFX_Loot.Chest_Big_Celebration01",
    "Idle_VFX": "Loot.Chest_big_open01",
    "MarkerRadius": "4",
    "Name": "@LootContainer_CookingLarge_DisplayName"
  },
  {
    "VariantID": "Provisioning_T2_M",
    "Visual_Chest": "slices/POIs/LootContainers/Provisioning_T2_M_chest.dynamicslice",
    "Visual_Loot": "slices/POIs/LootContainers/Provisioning_T2_M_loot.dynamicslice",
    "GatherableEntryID": "LootMediumT2",
    "LootTableComponent": "ContainerLootCookingSmall",
    "GatheringRadius": "0.25",
    "InteractionRadius": "3",
    "DetectableRadius": "1",
    "DepletedSFX": "Play_Gather_Chest_Small",
    "DepletedFX": "cFX_Loot.Chest_Medium_Celebration01",
    "Idle_VFX": "Loot.Crate_small01",
    "MarkerRadius": "4",
    "Name": "@LootContainer_CookingMedium_DisplayName"
  },
  {
    "VariantID": "Provisioning_T3_L",
    "Visual_Chest": "slices/POIs/LootContainers/Provisioning_T3_L_chest.dynamicslice",
    "Visual_Loot": "slices/POIs/LootContainers/Provisioning_T3_L_loot.dynamicslice",
    "GatherableEntryID": "LootLargeT3",
    "LootTableComponent": "ContainerLootCookingLarge",
    "GatheringRadius": "0.25",
    "InteractionRadius": "3",
    "DetectableRadius": "1",
    "DepletedSFX": "Play_Gather_Chest_Large",
    "DepletedFX": "cFX_Loot.Chest_Big_Celebration01",
    "Idle_VFX": "Loot.Chest_big_open01",
    "MarkerRadius": "4",
    "Name": "@LootContainer_CookingLarge_DisplayName"
  },
  {
    "VariantID": "Provisioning_T3_M",
    "Visual_Chest": "slices/POIs/LootContainers/Provisioning_T3_M_chest.dynamicslice",
    "Visual_Loot": "slices/POIs/LootContainers/Provisioning_T3_M_loot.dynamicslice",
    "GatherableEntryID": "LootMediumT3",
    "LootTableComponent": "ContainerLootCookingSmall",
    "GatheringRadius": "0.25",
    "InteractionRadius": "3",
    "DetectableRadius": "1",
    "DepletedSFX": "Play_Gather_Chest_Small",
    "DepletedFX": "cFX_Loot.Chest_Medium_Celebration01",
    "Idle_VFX": "Loot.Crate_small01",
    "MarkerRadius": "4",
    "Name": "@LootContainer_CookingMedium_DisplayName"
  },
  {
    "VariantID": "Settlement_Flux",
    "Visual_Chest": "slices/POIs/LootContainers/Settlement_Flux.dynamicslice",
    "Visual_Loot": "slices/POIs/LootContainers/Settlement_Flux.dynamicslice",
    "GatherableEntryID": "LootMediumT1",
    "LootTableComponent": "Settlement_Flux",
    "GatheringRadius": "0.5",
    "InteractionRadius": "3",
    "DetectableRadius": "1",
    "DepletedSFX": "Play_Gather_Chest_Large",
    "DepletedFX": "cFX_Loot.Settlement_Small_Celebration01",
    "Idle_VFX": "Loot.Chest_big_peek01",
    "MarkerRadius": "4",
    "Name": "@LootContainer_Settlement_Flux_DisplayName"
  },
  {
    "VariantID": "Settlement_Honey",
    "Visual_Chest": "slices/POIs/LootContainers/Settlement_Honey.dynamicslice",
    "Visual_Loot": "slices/POIs/LootContainers/Settlement_Honey.dynamicslice",
    "GatherableEntryID": "LootMediumT1_Standing",
    "LootTableComponent": "Settlement_Honey",
    "GatheringRadius": "0.5",
    "InteractionRadius": "3",
    "DetectableRadius": "1",
    "DepletedSFX": "Play_Gather_Chest_Large",
    "DepletedFX": "cFX_Loot.Settlement_Small_Celebration01",
    "Idle_VFX": "Loot.Chest_big_peek01",
    "MarkerRadius": "4",
    "Name": "@LootContainer_Settlement_Honey_DisplayName"
  },
  {
    "VariantID": "Settlement_Sandpaper",
    "Visual_Chest": "slices/POIs/LootContainers/Settlement_Sandpaper.dynamicslice",
    "Visual_Loot": "slices/POIs/LootContainers/Settlement_Sandpaper.dynamicslice",
    "GatherableEntryID": "LootMediumT1",
    "LootTableComponent": "Settlement_Sandpaper",
    "GatheringRadius": "0.5",
    "InteractionRadius": "3",
    "DetectableRadius": "1",
    "DepletedSFX": "Play_Gather_Chest_Large",
    "DepletedFX": "cFX_Loot.Settlement_Small_Celebration01",
    "Idle_VFX": "Loot.Chest_big_peek01",
    "MarkerRadius": "4",
    "Name": "@LootContainer_Settlement_Sandpaper_DisplayName"
  },
  {
    "VariantID": "Settlement_Solvent",
    "Visual_Chest": "slices/POIs/LootContainers/Settlement_Solvent.dynamicslice",
    "Visual_Loot": "slices/POIs/LootContainers/Settlement_Solvent.dynamicslice",
    "GatherableEntryID": "LootMediumT1",
    "LootTableComponent": "Settlement_Solvent",
    "GatheringRadius": "0.5",
    "InteractionRadius": "3",
    "DetectableRadius": "1",
    "DepletedSFX": "Play_Gather_Chest_Large",
    "DepletedFX": "cFX_Loot.Settlement_Small_Celebration01",
    "Idle_VFX": "Loot.Chest_big_peek01",
    "MarkerRadius": "4",
    "Name": "@LootContainer_Settlement_Solvent_DisplayName"
  },
  {
    "VariantID": "Settlement_Tannin",
    "Visual_Chest": "slices/POIs/LootContainers/Settlement_Tannin.dynamicslice",
    "Visual_Loot": "slices/POIs/LootContainers/Settlement_Tannin.dynamicslice",
    "GatherableEntryID": "LootMediumT1",
    "LootTableComponent": "Settlement_Tannin",
    "GatheringRadius": "0.5",
    "InteractionRadius": "3",
    "DetectableRadius": "1",
    "DepletedSFX": "Play_Gather_Chest_Large",
    "DepletedFX": "cFX_Loot.Settlement_Medium_Celebration01",
    "Idle_VFX": "Loot.Chest_big_peek01",
    "MarkerRadius": "4",
    "Name": "@LootContainer_Settlement_Tannin_DisplayName"
  },
  {
    "VariantID": "Settlement_Water",
    "Visual_Chest": "slices/POIs/LootContainers/Settlement_Water.dynamicslice",
    "Visual_Loot": "slices/POIs/LootContainers/Settlement_Water.dynamicslice",
    "GatherableEntryID": "SettlementWell",
    "LootTableComponent": "Settlement_Water",
    "GatheringRadius": "0.5",
    "InteractionRadius": "3",
    "DetectableRadius": "1",
    "DepletedSFX": "Play_Gather_Chest_Large",
    "DepletedFX": "cFX_Loot.Settlement_Medium_Celebration02",
    "Idle_VFX": "Loot.Chest_big_peek01",
    "MarkerRadius": "4",
    "Name": "@LootContainer_Settlement_Water_DisplayName"
  },
  {
    "VariantID": "Smelting_T1_L",
    "Visual_Chest": "slices/POIs/LootContainers/Smelting_T1_L_chest.dynamicslice",
    "Visual_Loot": "slices/POIs/LootContainers/Smelting_T1_L_loot.dynamicslice",
    "GatherableEntryID": "LootLargeT1",
    "LootTableComponent": "ContainerLootLarge",
    "GatheringRadius": "0.25",
    "InteractionRadius": "3",
    "DetectableRadius": "1",
    "DepletedSFX": "Play_Gather_Chest_Small",
    "DepletedFX": "cFX_Loot.Chest_Medium_Celebration01",
    "Idle_VFX": "Loot.Crate_small01",
    "MarkerRadius": "4",
    "Name": "@LootContainer_SuppliesLarge_DisplayName"
  },
  {
    "VariantID": "Smelting_T1_M",
    "Visual_Chest": "slices/POIs/LootContainers/Smelting_T1_M_chest.dynamicslice",
    "Visual_Loot": "slices/POIs/LootContainers/Smelting_T1_M_loot.dynamicslice",
    "GatherableEntryID": "LootMediumT1",
    "LootTableComponent": "ContainerLootSmallLeveled",
    "GatheringRadius": "0.25",
    "InteractionRadius": "3",
    "DetectableRadius": "1",
    "DepletedSFX": "Play_Gather_Chest_Small",
    "DepletedFX": "cFX_Loot.Chest_Small_Celebration01",
    "Idle_VFX": "Loot.Crate_small01",
    "MarkerRadius": "4",
    "Name": "@LootContainer_SuppliesMedium_DisplayName"
  },
  {
    "VariantID": "Smelting_T2_L",
    "Visual_Chest": "slices/POIs/LootContainers/Smelting_T2_L_chest.dynamicslice",
    "Visual_Loot": "slices/POIs/LootContainers/Smelting_T2_L_loot.dynamicslice",
    "GatherableEntryID": "LootLargeT2",
    "LootTableComponent": "ContainerLootLarge",
    "GatheringRadius": "0.25",
    "InteractionRadius": "3",
    "DetectableRadius": "1",
    "DepletedSFX": "Play_Gather_Chest_Large",
    "DepletedFX": "cFX_Loot.Chest_Big_Celebration01",
    "Idle_VFX": "Loot.Chest_big_open01",
    "MarkerRadius": "4",
    "Name": "@LootContainer_SuppliesLarge_DisplayName"
  },
  {
    "VariantID": "Smelting_T2_M",
    "Visual_Chest": "slices/POIs/LootContainers/Smelting_T2_M_chest.dynamicslice",
    "Visual_Loot": "slices/POIs/LootContainers/Smelting_T2_M_loot.dynamicslice",
    "GatherableEntryID": "LootMediumT2",
    "LootTableComponent": "ContainerLootSmallLeveled",
    "GatheringRadius": "0.25",
    "InteractionRadius": "3",
    "DetectableRadius": "1",
    "DepletedSFX": "Play_Gather_Chest_Small",
    "DepletedFX": "cFX_Loot.Chest_Medium_Celebration01",
    "Idle_VFX": "Loot.Crate_small01",
    "MarkerRadius": "4",
    "Name": "@LootContainer_SuppliesMedium_DisplayName"
  },
  {
    "VariantID": "Smelting_T3_L",
    "Visual_Chest": "slices/POIs/LootContainers/Smelting_T3_L_chest.dynamicslice",
    "Visual_Loot": "slices/POIs/LootContainers/Abandoned_T3_L_loot.dynamicslice",
    "GatherableEntryID": "LootLargeT3",
    "LootTableComponent": "ContainerLootLarge",
    "GatheringRadius": "0.25",
    "InteractionRadius": "3",
    "DetectableRadius": "1",
    "DepletedSFX": "Play_Gather_Chest_Large",
    "DepletedFX": "cFX_Loot.Chest_Big_Celebration01",
    "Idle_VFX": "Loot.Chest_big_peek01",
    "MarkerRadius": "4",
    "Name": "@LootContainer_SuppliesLarge_DisplayName"
  },
  {
    "VariantID": "Smelting_T3_M",
    "Visual_Chest": "slices/POIs/LootContainers/Smelting_T3_M_chest.dynamicslice",
    "Visual_Loot": "slices/POIs/LootContainers/Smelting_T3_M_loot.dynamicslice",
    "GatherableEntryID": "LootMediumT3",
    "LootTableComponent": "ContainerLootSmallLeveled",
    "GatheringRadius": "0.25",
    "InteractionRadius": "3",
    "DetectableRadius": "1",
    "DepletedSFX": "Play_Gather_Chest_Small",
    "DepletedFX": "cFX_Loot.Chest_Medium_Celebration01",
    "Idle_VFX": "Loot.Crate_small01",
    "MarkerRadius": "4",
    "Name": "@LootContainer_SuppliesMedium_DisplayName"
  },
  {
    "VariantID": "Tanning_T1_L",
    "Visual_Chest": "slices/POIs/LootContainers/Tanning_T1_L_chest.dynamicslice",
    "Visual_Loot": "slices/POIs/LootContainers/Tanning_T1_L_loot.dynamicslice",
    "GatherableEntryID": "LootLargeT1",
    "LootTableComponent": "ContainerLootLarge",
    "GatheringRadius": "0.25",
    "InteractionRadius": "3",
    "DetectableRadius": "1",
    "DepletedSFX": "Play_Gather_Chest_Small",
    "DepletedFX": "cFX_Loot.Chest_Big_Celebration01",
    "Idle_VFX": "Loot.Crate_tall01",
    "MarkerRadius": "4",
    "Name": "@LootContainer_SuppliesLarge_DisplayName"
  },
  {
    "VariantID": "Tanning_T1_M",
    "Visual_Chest": "slices/POIs/LootContainers/Tanning_T1_M_chest.dynamicslice",
    "Visual_Loot": "slices/POIs/LootContainers/Tanning_T1_M_loot.dynamicslice",
    "GatherableEntryID": "LootMediumT1",
    "LootTableComponent": "ContainerLootSmallLeveled",
    "GatheringRadius": "0.25",
    "InteractionRadius": "3",
    "DetectableRadius": "1",
    "DepletedSFX": "Play_Gather_Chest_Small",
    "DepletedFX": "cFX_Loot.Chest_Small_Celebration01",
    "Idle_VFX": "Loot.Crate_xsmall01",
    "MarkerRadius": "4",
    "Name": "@LootContainer_SuppliesMedium_DisplayName"
  },
  {
    "VariantID": "Tanning_T2_L",
    "Visual_Chest": "slices/POIs/LootContainers/Tanning_T2_L_chest.dynamicslice",
    "Visual_Loot": "slices/POIs/LootContainers/Tanning_T2_L_loot.dynamicslice",
    "GatherableEntryID": "LootLargeT2",
    "LootTableComponent": "ContainerLootLarge",
    "GatheringRadius": "0.25",
    "InteractionRadius": "3",
    "DetectableRadius": "1",
    "DepletedSFX": "Play_Gather_Chest_Large",
    "DepletedFX": "cFX_Loot.Chest_Big_Celebration01",
    "Idle_VFX": "Loot.Chest_big_open01",
    "MarkerRadius": "4",
    "Name": "@LootContainer_SuppliesLarge_DisplayName"
  },
  {
    "VariantID": "Tanning_T2_M",
    "Visual_Chest": "slices/POIs/LootContainers/Tanning_T2_M_chest.dynamicslice",
    "Visual_Loot": "slices/POIs/LootContainers/Tanning_T2_M_loot.dynamicslice",
    "GatherableEntryID": "LootMediumT2",
    "LootTableComponent": "ContainerLootSmallLeveled",
    "GatheringRadius": "0.25",
    "InteractionRadius": "3",
    "DetectableRadius": "1",
    "DepletedSFX": "Play_Gather_Chest_Small",
    "DepletedFX": "cFX_Loot.Chest_Medium_Celebration01",
    "Idle_VFX": "Loot.Crate_small01",
    "MarkerRadius": "4",
    "Name": "@LootContainer_SuppliesMedium_DisplayName"
  },
  {
    "VariantID": "Tanning_T3_L",
    "Visual_Chest": "slices/POIs/LootContainers/Tanning_T3_L_chest.dynamicslice",
    "Visual_Loot": "slices/POIs/LootContainers/Tanning_T3_L_loot.dynamicslice",
    "GatherableEntryID": "LootLargeT3",
    "LootTableComponent": "ContainerLootLarge",
    "GatheringRadius": "0.25",
    "InteractionRadius": "3",
    "DetectableRadius": "1",
    "DepletedSFX": "Play_Gather_Chest_Large",
    "DepletedFX": "cFX_Loot.Chest_Big_Celebration01",
    "Idle_VFX": "Loot.Chest_big_open01",
    "MarkerRadius": "4",
    "Name": "@LootContainer_SuppliesLarge_DisplayName"
  },
  {
    "VariantID": "Tanning_T3_M",
    "Visual_Chest": "slices/POIs/LootContainers/Tanning_T3_M_chest.dynamicslice",
    "Visual_Loot": "slices/POIs/LootContainers/Tanning_T3_M_loot.dynamicslice",
    "GatherableEntryID": "LootMediumT3",
    "LootTableComponent": "ContainerLootSmallLeveled",
    "GatheringRadius": "0.25",
    "InteractionRadius": "3",
    "DetectableRadius": "1",
    "DepletedSFX": "Play_Gather_Chest_Small",
    "DepletedFX": "cFX_Loot.Chest_Medium_Celebration01",
    "Idle_VFX": "Loot.Crate_tall01",
    "MarkerRadius": "4",
    "Name": "@LootContainer_SuppliesMedium_DisplayName"
  },
  {
    "VariantID": "Weaving_T1_L",
    "Visual_Chest": "slices/POIs/LootContainers/Weaving_T1_L_chest.dynamicslice",
    "Visual_Loot": "slices/POIs/LootContainers/Weaving_T1_L_loot.dynamicslice",
    "GatherableEntryID": "LootMediumT1",
    "LootTableComponent": "ContainerLootLarge",
    "GatheringRadius": "0.25",
    "InteractionRadius": "3",
    "DetectableRadius": "1",
    "DepletedSFX": "Play_Gather_Chest_Large",
    "DepletedFX": "cFX_Loot.Chest_Big_Celebration01",
    "Idle_VFX": "Loot.Chest_xbig01",
    "MarkerRadius": "4",
    "Name": "@LootContainer_SuppliesLarge_DisplayName"
  },
  {
    "VariantID": "Weaving_T1_M",
    "Visual_Chest": "slices/POIs/LootContainers/Weaving_T1_M_chest.dynamicslice",
    "Visual_Loot": "slices/POIs/LootContainers/Weaving_T1_M_loot.dynamicslice",
    "GatherableEntryID": "LootLargeT1",
    "LootTableComponent": "ContainerLootSmallLeveled",
    "GatheringRadius": "0.25",
    "InteractionRadius": "3",
    "DetectableRadius": "1",
    "DepletedSFX": "Play_Gather_Chest_Small",
    "DepletedFX": "cFX_Loot.Chest_Small_Celebration01",
    "Idle_VFX": "Loot.Crate_xsmall01",
    "MarkerRadius": "4",
    "Name": "@LootContainer_SuppliesMedium_DisplayName"
  },
  {
    "VariantID": "Weaving_T2_L",
    "Visual_Chest": "slices/POIs/LootContainers/Weaving_T2_L_chest.dynamicslice",
    "Visual_Loot": "slices/POIs/LootContainers/Weaving_T2_L_loot.dynamicslice",
    "GatherableEntryID": "LootLargeT2",
    "LootTableComponent": "ContainerLootLarge",
    "GatheringRadius": "0.25",
    "InteractionRadius": "3",
    "DetectableRadius": "1",
    "DepletedSFX": "Play_Gather_Chest_Large",
    "DepletedFX": "cFX_Loot.Chest_Big_Celebration01",
    "Idle_VFX": "Loot.Chest_big_open01",
    "MarkerRadius": "4",
    "Name": "@LootContainer_SuppliesLarge_DisplayName"
  },
  {
    "VariantID": "Weaving_T2_M",
    "Visual_Chest": "slices/POIs/LootContainers/Weaving_T2_M_chest.dynamicslice",
    "Visual_Loot": "slices/POIs/LootContainers/Weaving_T2_M_loot.dynamicslice",
    "GatherableEntryID": "LootMediumT2",
    "LootTableComponent": "ContainerLootSmallLeveled",
    "GatheringRadius": "0.25",
    "InteractionRadius": "3",
    "DetectableRadius": "1",
    "DepletedSFX": "Play_Gather_Chest_Small",
    "DepletedFX": "cFX_Loot.Chest_Medium_Celebration01",
    "Idle_VFX": "Loot.Crate_small01",
    "MarkerRadius": "4",
    "Name": "@LootContainer_SuppliesMedium_DisplayName"
  },
  {
    "VariantID": "Weaving_T3_L",
    "Visual_Chest": "slices/POIs/LootContainers/Weaving_T3_L_chest.dynamicslice",
    "Visual_Loot": "slices/POIs/LootContainers/Weaving_T3_L_loot.dynamicslice",
    "GatherableEntryID": "LootLargeT3",
    "LootTableComponent": "ContainerLootLarge",
    "GatheringRadius": "0.25",
    "InteractionRadius": "3",
    "DetectableRadius": "1",
    "DepletedSFX": "Play_Gather_Chest_Large",
    "DepletedFX": "cFX_Loot.Chest_Big_Celebration01",
    "Idle_VFX": "Loot.Chest_big_open01",
    "MarkerRadius": "4",
    "Name": "@LootContainer_SuppliesLarge_DisplayName"
  },
  {
    "VariantID": "Weaving_T3_M",
    "Visual_Chest": "slices/POIs/LootContainers/Weaving_T3_M_chest.dynamicslice",
    "Visual_Loot": "slices/POIs/LootContainers/Weaving_T3_M_loot.dynamicslice",
    "GatherableEntryID": "LootMediumT3",
    "LootTableComponent": "ContainerLootSmallLeveled",
    "GatheringRadius": "0.25",
    "InteractionRadius": "3",
    "DetectableRadius": "1",
    "DepletedSFX": "Play_Gather_Chest_Small",
    "DepletedFX": "cFX_Loot.Chest_Medium_Celebration01",
    "Idle_VFX": "Loot.Crate_small01",
    "MarkerRadius": "4",
    "Name": "@LootContainer_SuppliesMedium_DisplayName"
  },
  {
    "VariantID": "World_Water",
    "Visual_Chest": "",
    "Visual_Loot": "",
    "GatherableEntryID": "LootMediumT1",
    "LootTableComponent": "Settlement_Water",
    "GatheringRadius": "0.85",
    "InteractionRadius": "3.2",
    "DetectableRadius": "1",
    "DepletedSFX": "Play_Gather_Chest_Large",
    "DepletedFX": "cFX_Loot.Chest_Big_Celebration01",
    "Idle_VFX": "Loot.Chest_big_peek01",
    "MarkerRadius": "4.2",
    "Name": "@LootContainer_Settlement_Water_DisplayName"
  },
  {
    "VariantID": "Abandoned_T1_S_Outpost",
    "Visual_Chest": "slices/POIs/LootContainers/Abandoned_T1_S_chest.dynamicslice",
    "Visual_Loot": "slices/POIs/LootContainers/Abandoned_T1_S_loot.dynamicslice",
    "GatherableEntryID": "LootMediumT1_Outpost",
    "LootTableComponent": "ContainerLootSmallLeveled",
    "GatheringRadius": "0.5",
    "InteractionRadius": "3",
    "DetectableRadius": "1",
    "DepletedSFX": "Play_Gather_Chest_Small",
    "DepletedFX": "cFX_Loot.Chest_Small_Celebration01",
    "Idle_VFX": "Loot.Crate_xsmall01",
    "MarkerRadius": "4",
    "Name": "@LootContainer_SuppliesSmall_DisplayName"
  },
  {
    "VariantID": "DG_Amrine_Grunt",
    "Visual_Chest": "",
    "Visual_Loot": "",
    "GatherableEntryID": "AmrineDungeon_HallowedCandle",
    "LootTableComponent": "06_HallowedCandle",
    "GatheringRadius": "1",
    "InteractionRadius": "2.5",
    "DetectableRadius": "1.5",
    "DepletedSFX": "",
    "DepletedFX": "cFX_Loot.Chest_Small_Celebration01",
    "Idle_VFX": "Loot.Crate_xsmall01",
    "MarkerRadius": "3.5",
    "Name": "@DG_Amrine_Grunt_DisplayName"
  },
  {
    "VariantID": "DG_Amrine_ChestCandle",
    "Visual_Chest": "slices/POIs/LootContainers/Abandoned_T2_S_chest.dynamicslice",
    "Visual_Loot": "slices/POIs/LootContainers/Abandoned_T2_S_loot.dynamicslice",
    "GatherableEntryID": "AmrineDungeon_HallowedCandle",
    "LootTableComponent": "06_HallowedCandle",
    "GatheringRadius": "0.25",
    "InteractionRadius": "3",
    "DetectableRadius": "1",
    "DepletedSFX": "Play_Gather_Chest_Small",
    "DepletedFX": "cFX_Loot.Chest_Small_Celebration01",
    "Idle_VFX": "Loot.Crate_xsmall01",
    "MarkerRadius": "4",
    "Name": "@DG_Amrine_ChestCandle_DisplayName"
  },
  {
    "VariantID": "DG_Reekwater_Chest",
    "Visual_Chest": "slices/POIs/LootContainers/Ancient_ELITE_T2_Chest.dynamicslice",
    "Visual_Loot": "slices/POIs/LootContainers/Ancient_ELITE_T2_Loot.dynamicslice",
    "GatherableEntryID": "LootLargeT3",
    "LootTableComponent": "ChestLootElite",
    "GatheringRadius": "0.25",
    "InteractionRadius": "3",
    "DetectableRadius": "1",
    "DepletedSFX": "Play_Gather_Chest_Small",
    "DepletedFX": "cFX_Loot.Chest_Small_Celebration01",
    "Idle_VFX": "Loot.Crate_xsmall01",
    "MarkerRadius": "4",
    "Name": "@LootContainer_SuppliesLarge_DisplayName"
  },
  {
    "VariantID": "DG_RestlessShores01_Chest",
    "Visual_Chest": "slices/POIs/LootContainers/Ancient_ELITE_T2_Chest.dynamicslice",
    "Visual_Loot": "slices/POIs/LootContainers/Ancient_ELITE_T2_Loot.dynamicslice",
    "GatherableEntryID": "DungeonRestlessShores01_ChestKey",
    "LootTableComponent": "DungeonRestlessShores01_ChestKey",
    "GatheringRadius": "0.25",
    "InteractionRadius": "3",
    "DetectableRadius": "1",
    "DepletedSFX": "Play_Gather_Chest_Small",
    "DepletedFX": "cFX_Loot.Chest_Small_Celebration01",
    "Idle_VFX": "Loot.Crate_xsmall01",
    "MarkerRadius": "4",
    "Name": "@LootContainer_AncientLarge_DisplayName"
  },
  {
    "VariantID": "BeachFireStaffChest",
    "Visual_Chest": "slices/POIs/LootContainers/Abandoned_T1_L_chest.dynamicslice",
    "Visual_Loot": "slices/POIs/LootContainers/Abandoned_T1_L_loot.dynamicslice",
    "GatherableEntryID": "LootLargeT1",
    "LootTableComponent": "BeachFireStaffChest",
    "GatheringRadius": "0.25",
    "InteractionRadius": "3",
    "DetectableRadius": "1",
    "DepletedSFX": "Play_Gather_Chest_Large",
    "DepletedFX": "cFX_Loot.Chest_Big_Celebration01",
    "Idle_VFX": "Loot.Chest_big_open01",
    "MarkerRadius": "4",
    "Name": "@LootContainer_SuppliesLarge_DisplayName"
  },
  {
    "VariantID": "BeachGreataxeChest",
    "Visual_Chest": "slices/POIs/LootContainers/Abandoned_T1_L_chest.dynamicslice",
    "Visual_Loot": "slices/POIs/LootContainers/Abandoned_T1_L_loot.dynamicslice",
    "GatherableEntryID": "LootLargeT1",
    "LootTableComponent": "BeachGreataxeChest",
    "GatheringRadius": "0.25",
    "InteractionRadius": "3",
    "DetectableRadius": "1",
    "DepletedSFX": "Play_Gather_Chest_Large",
    "DepletedFX": "cFX_Loot.Chest_Big_Celebration01",
    "Idle_VFX": "Loot.Chest_big_open01",
    "MarkerRadius": "4",
    "Name": "@LootContainer_SuppliesLarge_DisplayName"
  },
  {
    "VariantID": "WeaponsChestBeach",
    "Visual_Chest": "slices/POIs/LootContainers/Abandoned_T1_L_chest.dynamicslice",
    "Visual_Loot": "slices/POIs/LootContainers/Abandoned_T1_L_loot.dynamicslice",
    "GatherableEntryID": "LootLargeT1",
    "LootTableComponent": "WeaponChestBeach",
    "GatheringRadius": "0.25",
    "InteractionRadius": "3",
    "DetectableRadius": "1",
    "DepletedSFX": "Play_Gather_Chest_Large",
    "DepletedFX": "cFX_Loot.Chest_Big_Celebration01",
    "Idle_VFX": "Loot.Chest_big_open01",
    "MarkerRadius": "4",
    "Name": "@LootContainer_WeaponsChestBeach_DisplayName"
  },
  {
    "VariantID": "TownCart_Iron",
    "Visual_Chest": "",
    "Visual_Loot": "",
    "GatherableEntryID": "TownCart",
    "LootTableComponent": "OreCart",
    "GatheringRadius": "3",
    "InteractionRadius": "3",
    "DetectableRadius": "1",
    "DepletedSFX": "Play_Gather_Chest_Large",
    "DepletedFX": "cFX_Loot.Chest_Big_Celebration01",
    "Idle_VFX": "Loot.Chest_big_open01",
    "MarkerRadius": "4",
    "Name": "@TownCart_Iron_DisplayName"
  },
  {
    "VariantID": "TownCart_Lumber",
    "Visual_Chest": "",
    "Visual_Loot": "",
    "GatherableEntryID": "TownCart",
    "LootTableComponent": "LumberCart",
    "GatheringRadius": "3",
    "InteractionRadius": "3",
    "DetectableRadius": "1",
    "DepletedSFX": "Play_Gather_Chest_Large",
    "DepletedFX": "cFX_Loot.Chest_Big_Celebration01",
    "Idle_VFX": "Loot.Chest_big_open01",
    "MarkerRadius": "4",
    "Name": "@TownCart_Lumber_DisplayName"
  },
  {
    "VariantID": "TownCart_Fiber",
    "Visual_Chest": "",
    "Visual_Loot": "",
    "GatherableEntryID": "TownCart",
    "LootTableComponent": "FiberCart",
    "GatheringRadius": "3",
    "InteractionRadius": "3",
    "DetectableRadius": "1",
    "DepletedSFX": "Play_Gather_Chest_Large",
    "DepletedFX": "cFX_Loot.Chest_Big_Celebration01",
    "Idle_VFX": "Loot.Chest_big_open01",
    "MarkerRadius": "4",
    "Name": "@TownCart_Fiber_DisplayName"
  },
  {
    "VariantID": "TownCart_Hide",
    "Visual_Chest": "",
    "Visual_Loot": "",
    "GatherableEntryID": "TownCart",
    "LootTableComponent": "HideCart",
    "GatheringRadius": "3",
    "InteractionRadius": "3",
    "DetectableRadius": "1",
    "DepletedSFX": "Play_Gather_Chest_Large",
    "DepletedFX": "cFX_Loot.Chest_Big_Celebration01",
    "Idle_VFX": "Loot.Chest_big_open01",
    "MarkerRadius": "4",
    "Name": "@TownCart_Hide_DisplayName"
  },
  {
    "VariantID": "TownCart_Food",
    "Visual_Chest": "",
    "Visual_Loot": "",
    "GatherableEntryID": "TownCart",
    "LootTableComponent": "FoodCart",
    "GatheringRadius": "3",
    "InteractionRadius": "3",
    "DetectableRadius": "1",
    "DepletedSFX": "Play_Gather_Chest_Large",
    "DepletedFX": "cFX_Loot.Chest_Big_Celebration01",
    "Idle_VFX": "Loot.Chest_big_open01",
    "MarkerRadius": "4",
    "Name": "@TownCart_Food_DisplayName"
  },
  {
    "VariantID": "TownCart_Oil",
    "Visual_Chest": "",
    "Visual_Loot": "",
    "GatherableEntryID": "TownCart",
    "LootTableComponent": "OilCart",
    "GatheringRadius": "3",
    "InteractionRadius": "3",
    "DetectableRadius": "1",
    "DepletedSFX": "Play_Gather_Chest_Large",
    "DepletedFX": "cFX_Loot.Chest_Big_Celebration01",
    "Idle_VFX": "Loot.Chest_big_open01",
    "MarkerRadius": "4",
    "Name": "@TownCart_Oil_DisplayName"
  },
  {
    "VariantID": "Town_Cow",
    "Visual_Chest": "slices/POIs/Crafting/Settlement_Cow_Mesh.dynamicslice",
    "Visual_Loot": "slices/POIs/Crafting/Settlement_Cow_Mesh.dynamicslice",
    "GatherableEntryID": "Cow_Milk",
    "LootTableComponent": "Settlement_Milk",
    "GatheringRadius": "0.5",
    "InteractionRadius": "3",
    "DetectableRadius": "1",
    "DepletedSFX": "Play_Gather_Chest_Large",
    "DepletedFX": "cFX_Loot.Chest_Medium_Celebration01",
    "Idle_VFX": "Loot.Chest_big_peek01",
    "MarkerRadius": "4",
    "Name": "@Town_Cow_DisplayName"
  },
  {
    "VariantID": "Town_Cow_FL",
    "Visual_Chest": "slices/POIs/Crafting/Settlement_Cow_Mesh.dynamicslice",
    "Visual_Loot": "slices/POIs/Crafting/Settlement_Cow_Mesh.dynamicslice",
    "GatherableEntryID": "Cow_Milk",
    "LootTableComponent": "Settlement_Milk",
    "GatheringRadius": "0.5",
    "InteractionRadius": "3",
    "DetectableRadius": "1",
    "DepletedSFX": "Play_Gather_Chest_Large",
    "DepletedFX": "cFX_Loot.Chest_Medium_Celebration01",
    "Idle_VFX": "Loot.Chest_big_peek01",
    "MarkerRadius": "4",
    "Name": "@Town_Cow_FL_DisplayName"
  },
  {
    "VariantID": "Town_Cow_MB",
    "Visual_Chest": "slices/POIs/Crafting/Settlement_Cow_Mesh.dynamicslice",
    "Visual_Loot": "slices/POIs/Crafting/Settlement_Cow_Mesh.dynamicslice",
    "GatherableEntryID": "Cow_Milk",
    "LootTableComponent": "Settlement_Milk",
    "GatheringRadius": "0.5",
    "InteractionRadius": "3",
    "DetectableRadius": "1",
    "DepletedSFX": "Play_Gather_Chest_Large",
    "DepletedFX": "cFX_Loot.Chest_Medium_Celebration01",
    "Idle_VFX": "Loot.Chest_big_peek01",
    "MarkerRadius": "4",
    "Name": "@Town_Cow_MB_DisplayName"
  },
  {
    "VariantID": "Town_Cow_WW",
    "Visual_Chest": "slices/POIs/Crafting/Settlement_Cow_Mesh.dynamicslice",
    "Visual_Loot": "slices/POIs/Crafting/Settlement_Cow_Mesh.dynamicslice",
    "GatherableEntryID": "Cow_Milk",
    "LootTableComponent": "Settlement_Milk",
    "GatheringRadius": "0.5",
    "InteractionRadius": "3",
    "DetectableRadius": "1",
    "DepletedSFX": "Play_Gather_Chest_Large",
    "DepletedFX": "cFX_Loot.Chest_Medium_Celebration01",
    "Idle_VFX": "Loot.Chest_big_peek01",
    "MarkerRadius": "4",
    "Name": "@Town_Cow_WW_DisplayName"
  },
  {
    "VariantID": "Town_Cow_RS",
    "Visual_Chest": "slices/POIs/Crafting/Settlement_Cow_Mesh.dynamicslice",
    "Visual_Loot": "slices/POIs/Crafting/Settlement_Cow_Mesh.dynamicslice",
    "GatherableEntryID": "Cow_Milk",
    "LootTableComponent": "Settlement_Milk",
    "GatheringRadius": "0.5",
    "InteractionRadius": "3",
    "DetectableRadius": "1",
    "DepletedSFX": "Play_Gather_Chest_Large",
    "DepletedFX": "cFX_Loot.Chest_Medium_Celebration01",
    "Idle_VFX": "Loot.Chest_big_peek01",
    "MarkerRadius": "4",
    "Name": "@Town_Cow_RS_DisplayName"
  },
  {
    "VariantID": "Town_Cow_MD",
    "Visual_Chest": "slices/POIs/Crafting/Settlement_Cow_Mesh.dynamicslice",
    "Visual_Loot": "slices/POIs/Crafting/Settlement_Cow_Mesh.dynamicslice",
    "GatherableEntryID": "Cow_Milk",
    "LootTableComponent": "Settlement_Milk",
    "GatheringRadius": "0.5",
    "InteractionRadius": "3",
    "DetectableRadius": "1",
    "DepletedSFX": "Play_Gather_Chest_Large",
    "DepletedFX": "cFX_Loot.Chest_Medium_Celebration01",
    "Idle_VFX": "Loot.Chest_big_peek01",
    "MarkerRadius": "4",
    "Name": "@Town_Cow_MD_DisplayName"
  }
]