[
  {
    "Level": "1",
    "GearScore": "100",
    "BaseDamage": "140.04",
    "BaseMaxHealth": "337.5",
    "InitialHealth": "337.5",
    "PhysicalArmorRating": "251.18864315095806",
    "ElementalArmorRating": "251.18864315095806",
    "Solo Damage": "",
    "Solo Health": ""
  },
  {
    "Level": "2",
    "GearScore": "100",
    "BaseDamage": "150.41555555555556",
    "BaseMaxHealth": "375",
    "InitialHealth": "375",
    "PhysicalArmorRating": "251.18864315095806",
    "ElementalArmorRating": "251.18864315095806",
    "Solo Damage": "",
    "Solo Health": ""
  },
  {
    "Level": "3",
    "GearScore": "110",
    "BaseDamage": "160.79111111111112",
    "BaseMaxHealth": "412.5",
    "InitialHealth": "412.5",
    "PhysicalArmorRating": "281.62501132090034",
    "ElementalArmorRating": "281.62501132090034",
    "Solo Damage": "",
    "Solo Health": ""
  },
  {
    "Level": "4",
    "GearScore": "120",
    "BaseDamage": "171.16666666666669",
    "BaseMaxHealth": "463.125",
    "InitialHealth": "463.125",
    "PhysicalArmorRating": "312.62053016368202",
    "ElementalArmorRating": "312.62053016368202",
    "Solo Damage": "",
    "Solo Health": ""
  },
  {
    "Level": "5",
    "GearScore": "130",
    "BaseDamage": "181.54222222222225",
    "BaseMaxHealth": "513.75",
    "InitialHealth": "513.75",
    "PhysicalArmorRating": "344.13751849169802",
    "ElementalArmorRating": "344.13751849169802",
    "Solo Damage": "",
    "Solo Health": ""
  },
  {
    "Level": "6",
    "GearScore": "140",
    "BaseDamage": "191.91777777777781",
    "BaseMaxHealth": "595.79999999999995",
    "InitialHealth": "595.79999999999995",
    "PhysicalArmorRating": "376.1435705699929",
    "ElementalArmorRating": "376.1435705699929",
    "Solo Damage": "",
    "Solo Health": ""
  },
  {
    "Level": "7",
    "GearScore": "150",
    "BaseDamage": "202.29333333333338",
    "BaseMaxHealth": "677.84999999999991",
    "InitialHealth": "677.84999999999991",
    "PhysicalArmorRating": "408.61048911399882",
    "ElementalArmorRating": "408.61048911399882",
    "Solo Damage": "",
    "Solo Health": ""
  },
  {
    "Level": "8",
    "GearScore": "160",
    "BaseDamage": "212.66888888888894",
    "BaseMaxHealth": "759.89999999999986",
    "InitialHealth": "759.89999999999986",
    "PhysicalArmorRating": "441.5134916675886",
    "ElementalArmorRating": "441.5134916675886",
    "Solo Damage": "",
    "Solo Health": ""
  },
  {
    "Level": "9",
    "GearScore": "170",
    "BaseDamage": "223.04444444444451",
    "BaseMaxHealth": "841.94999999999982",
    "InitialHealth": "841.94999999999982",
    "PhysicalArmorRating": "474.8306074134286",
    "ElementalArmorRating": "474.8306074134286",
    "Solo Damage": "",
    "Solo Health": ""
  },
  {
    "Level": "10",
    "GearScore": "180",
    "BaseDamage": "233.42",
    "BaseMaxHealth": "924",
    "InitialHealth": "924",
    "PhysicalArmorRating": "508.54221008905819",
    "ElementalArmorRating": "508.54221008905819",
    "Solo Damage": "",
    "Solo Health": ""
  },
  {
    "Level": "11",
    "GearScore": "190",
    "BaseDamage": "252.648",
    "BaseMaxHealth": "988.76",
    "InitialHealth": "988.76",
    "PhysicalArmorRating": "542.63065036879789",
    "ElementalArmorRating": "542.63065036879789",
    "Solo Damage": "",
    "Solo Health": ""
  },
  {
    "Level": "12",
    "GearScore": "200",
    "BaseDamage": "271.87599999999998",
    "BaseMaxHealth": "1053.52",
    "InitialHealth": "1053.52",
    "PhysicalArmorRating": "577.07996236288511",
    "ElementalArmorRating": "577.07996236288511",
    "Solo Damage": "",
    "Solo Health": ""
  },
  {
    "Level": "13",
    "GearScore": "210",
    "BaseDamage": "291.10399999999998",
    "BaseMaxHealth": "1118.28",
    "InitialHealth": "1118.28",
    "PhysicalArmorRating": "611.87562630100001",
    "ElementalArmorRating": "611.87562630100001",
    "Solo Damage": "",
    "Solo Health": ""
  },
  {
    "Level": "14",
    "GearScore": "220",
    "BaseDamage": "310.33199999999999",
    "BaseMaxHealth": "1183.04",
    "InitialHealth": "1183.04",
    "PhysicalArmorRating": "647.00437446067929",
    "ElementalArmorRating": "647.00437446067929",
    "Solo Damage": "",
    "Solo Health": ""
  },
  {
    "Level": "15",
    "GearScore": "230",
    "BaseDamage": "329.56",
    "BaseMaxHealth": "1247.8",
    "InitialHealth": "1247.8",
    "PhysicalArmorRating": "682.45403083842598",
    "ElementalArmorRating": "682.45403083842598",
    "Solo Damage": "",
    "Solo Health": ""
  },
  {
    "Level": "16",
    "GearScore": "240",
    "BaseDamage": "348.78800000000001",
    "BaseMaxHealth": "1312.56",
    "InitialHealth": "1312.56",
    "PhysicalArmorRating": "718.21337747464509",
    "ElementalArmorRating": "718.21337747464509",
    "Solo Damage": "",
    "Solo Health": ""
  },
  {
    "Level": "17",
    "GearScore": "250",
    "BaseDamage": "368.01600000000002",
    "BaseMaxHealth": "1377.32",
    "InitialHealth": "1377.32",
    "PhysicalArmorRating": "754.27204206814474",
    "ElementalArmorRating": "754.27204206814474",
    "Solo Damage": "",
    "Solo Health": ""
  },
  {
    "Level": "18",
    "GearScore": "260",
    "BaseDamage": "387.24400000000003",
    "BaseMaxHealth": "1442.08",
    "InitialHealth": "1442.08",
    "PhysicalArmorRating": "790.62040276835057",
    "ElementalArmorRating": "790.62040276835057",
    "Solo Damage": "",
    "Solo Health": ""
  },
  {
    "Level": "19",
    "GearScore": "270",
    "BaseDamage": "406.47200000000004",
    "BaseMaxHealth": "1506.84",
    "InitialHealth": "1506.84",
    "PhysicalArmorRating": "827.24950695610949",
    "ElementalArmorRating": "827.24950695610949",
    "Solo Damage": "",
    "Solo Health": ""
  },
  {
    "Level": "20",
    "GearScore": "295",
    "BaseDamage": "425.7",
    "BaseMaxHealth": "1571.6",
    "InitialHealth": "1571.6",
    "PhysicalArmorRating": "919.99701696435818",
    "ElementalArmorRating": "919.99701696435818",
    "Solo Damage": "",
    "Solo Health": ""
  },
  {
    "Level": "21",
    "GearScore": "300",
    "BaseDamage": "462.03768000000002",
    "BaseMaxHealth": "1636.36",
    "InitialHealth": "1636.36",
    "PhysicalArmorRating": "938.74039335956877",
    "ElementalArmorRating": "938.74039335956877",
    "Solo Damage": "",
    "Solo Health": ""
  },
  {
    "Level": "22",
    "GearScore": "310",
    "BaseDamage": "498.37536",
    "BaseMaxHealth": "1701.12",
    "InitialHealth": "1701.12",
    "PhysicalArmorRating": "976.41407828215199",
    "ElementalArmorRating": "976.41407828215199",
    "Solo Damage": "",
    "Solo Health": ""
  },
  {
    "Level": "23",
    "GearScore": "320",
    "BaseDamage": "534.71303999999998",
    "BaseMaxHealth": "1765.8799999999999",
    "InitialHealth": "1765.8799999999999",
    "PhysicalArmorRating": "1014.3316431751124",
    "ElementalArmorRating": "1014.3316431751124",
    "Solo Damage": "",
    "Solo Health": ""
  },
  {
    "Level": "24",
    "GearScore": "325",
    "BaseDamage": "571.05071999999996",
    "BaseMaxHealth": "1830.6399999999999",
    "InitialHealth": "1830.6399999999999",
    "PhysicalArmorRating": "1033.3799552752885",
    "ElementalArmorRating": "1033.3799552752885",
    "Solo Damage": "",
    "Solo Health": ""
  },
  {
    "Level": "25",
    "GearScore": "330",
    "BaseDamage": "607.38839999999993",
    "BaseMaxHealth": "1895.4",
    "InitialHealth": "1895.4",
    "PhysicalArmorRating": "1052.4869699160467",
    "ElementalArmorRating": "1052.4869699160467",
    "Solo Damage": "",
    "Solo Health": ""
  },
  {
    "Level": "26",
    "GearScore": "335",
    "BaseDamage": "643.72607999999991",
    "BaseMaxHealth": "2012.3600000000001",
    "InitialHealth": "2012.3600000000001",
    "PhysicalArmorRating": "1071.6519744172133",
    "ElementalArmorRating": "1071.6519744172133",
    "Solo Damage": "",
    "Solo Health": ""
  },
  {
    "Level": "27",
    "GearScore": "340",
    "BaseDamage": "680.06375999999989",
    "BaseMaxHealth": "2129.3200000000002",
    "InitialHealth": "2129.3200000000002",
    "PhysicalArmorRating": "1090.8742752760968",
    "ElementalArmorRating": "1090.8742752760968",
    "Solo Damage": "",
    "Solo Health": ""
  },
  {
    "Level": "28",
    "GearScore": "345",
    "BaseDamage": "716.40143999999987",
    "BaseMaxHealth": "2246.2800000000002",
    "InitialHealth": "2246.2800000000002",
    "PhysicalArmorRating": "1110.1531973765359",
    "ElementalArmorRating": "1110.1531973765359",
    "Solo Damage": "",
    "Solo Health": ""
  },
  {
    "Level": "29",
    "GearScore": "350",
    "BaseDamage": "752.73911999999984",
    "BaseMaxHealth": "2363.2400000000002",
    "InitialHealth": "2363.2400000000002",
    "PhysicalArmorRating": "1129.4880832415929",
    "ElementalArmorRating": "1129.4880832415929",
    "Solo Damage": "",
    "Solo Health": ""
  },
  {
    "Level": "30",
    "GearScore": "355",
    "BaseDamage": "789.07680000000005",
    "BaseMaxHealth": "2480.2000000000003",
    "InitialHealth": "2480.2000000000003",
    "PhysicalArmorRating": "1148.878292326873",
    "ElementalArmorRating": "1148.878292326873",
    "Solo Damage": "",
    "Solo Health": ""
  },
  {
    "Level": "31",
    "GearScore": "360",
    "BaseDamage": "833.84256000000005",
    "BaseMaxHealth": "2597.1600000000003",
    "InitialHealth": "2597.1600000000003",
    "PhysicalArmorRating": "1168.3232003517155",
    "ElementalArmorRating": "1168.3232003517155",
    "Solo Damage": "",
    "Solo Health": ""
  },
  {
    "Level": "32",
    "GearScore": "365",
    "BaseDamage": "878.60832000000005",
    "BaseMaxHealth": "2714.1200000000003",
    "InitialHealth": "2714.1200000000003",
    "PhysicalArmorRating": "1187.8221986657572",
    "ElementalArmorRating": "1187.8221986657572",
    "Solo Damage": "",
    "Solo Health": ""
  },
  {
    "Level": "33",
    "GearScore": "365",
    "BaseDamage": "923.37408000000005",
    "BaseMaxHealth": "2831.0800000000004",
    "InitialHealth": "2831.0800000000004",
    "PhysicalArmorRating": "1187.8221986657572",
    "ElementalArmorRating": "1187.8221986657572",
    "Solo Damage": "",
    "Solo Health": ""
  },
  {
    "Level": "34",
    "GearScore": "370",
    "BaseDamage": "968.13984000000005",
    "BaseMaxHealth": "2948.0400000000004",
    "InitialHealth": "2948.0400000000004",
    "PhysicalArmorRating": "1207.3746936485106",
    "ElementalArmorRating": "1207.3746936485106",
    "Solo Damage": "",
    "Solo Health": ""
  },
  {
    "Level": "35",
    "GearScore": "370",
    "BaseDamage": "1012.9056",
    "BaseMaxHealth": "3065",
    "InitialHealth": "3065",
    "PhysicalArmorRating": "1207.3746936485106",
    "ElementalArmorRating": "1207.3746936485106",
    "Solo Damage": "",
    "Solo Health": ""
  },
  {
    "Level": "36",
    "GearScore": "375",
    "BaseDamage": "1057.67136",
    "BaseMaxHealth": "3236.4787500000002",
    "InitialHealth": "3236.4787500000002",
    "PhysicalArmorRating": "1226.98010613982",
    "ElementalArmorRating": "1226.98010613982",
    "Solo Damage": "",
    "Solo Health": ""
  },
  {
    "Level": "37",
    "GearScore": "375",
    "BaseDamage": "1102.43712",
    "BaseMaxHealth": "3407.9575000000004",
    "InitialHealth": "3407.9575000000004",
    "PhysicalArmorRating": "1226.98010613982",
    "ElementalArmorRating": "1226.98010613982",
    "Solo Damage": "",
    "Solo Health": ""
  },
  {
    "Level": "38",
    "GearScore": "380",
    "BaseDamage": "1147.2028800000001",
    "BaseMaxHealth": "3579.4362500000007",
    "InitialHealth": "3579.4362500000007",
    "PhysicalArmorRating": "1246.637870899219",
    "ElementalArmorRating": "1246.637870899219",
    "Solo Damage": "",
    "Solo Health": ""
  },
  {
    "Level": "39",
    "GearScore": "380",
    "BaseDamage": "1191.9686400000001",
    "BaseMaxHealth": "3750.9150000000009",
    "InitialHealth": "3750.9150000000009",
    "PhysicalArmorRating": "1246.637870899219",
    "ElementalArmorRating": "1246.637870899219",
    "Solo Damage": "",
    "Solo Health": ""
  },
  {
    "Level": "40",
    "GearScore": "395",
    "BaseDamage": "1236.7343999999998",
    "BaseMaxHealth": "3922.3937500000011",
    "InitialHealth": "3922.3937500000011",
    "PhysicalArmorRating": "1305.9198245678194",
    "ElementalArmorRating": "1305.9198245678194",
    "Solo Damage": "",
    "Solo Health": ""
  },
  {
    "Level": "41",
    "GearScore": "400",
    "BaseDamage": "1304.4395564999998",
    "BaseMaxHealth": "4093.8725000000013",
    "InitialHealth": "4093.8725000000013",
    "PhysicalArmorRating": "1325.781606935994",
    "ElementalArmorRating": "1325.781606935994",
    "Solo Damage": "",
    "Solo Health": ""
  },
  {
    "Level": "42",
    "GearScore": "410",
    "BaseDamage": "1372.1447129999997",
    "BaseMaxHealth": "4265.3512500000015",
    "InitialHealth": "4265.3512500000015",
    "PhysicalArmorRating": "1365.6538332285329",
    "ElementalArmorRating": "1365.6538332285329",
    "Solo Damage": "",
    "Solo Health": ""
  },
  {
    "Level": "43",
    "GearScore": "420",
    "BaseDamage": "1439.8498694999996",
    "BaseMaxHealth": "4436.8300000000017",
    "InitialHealth": "4436.8300000000017",
    "PhysicalArmorRating": "1405.7210507894788",
    "ElementalArmorRating": "1405.7210507894788",
    "Solo Damage": "",
    "Solo Health": ""
  },
  {
    "Level": "44",
    "GearScore": "425",
    "BaseDamage": "1507.5550259999995",
    "BaseMaxHealth": "4608.308750000002",
    "InitialHealth": "4608.308750000002",
    "PhysicalArmorRating": "1425.8266114162839",
    "ElementalArmorRating": "1425.8266114162839",
    "Solo Damage": "",
    "Solo Health": ""
  },
  {
    "Level": "45",
    "GearScore": "430",
    "BaseDamage": "1575.2601824999995",
    "BaseMaxHealth": "4779.7875000000004",
    "InitialHealth": "4779.7875000000004",
    "PhysicalArmorRating": "1445.9795359282887",
    "ElementalArmorRating": "1445.9795359282887",
    "Solo Damage": "",
    "Solo Health": ""
  },
  {
    "Level": "46",
    "GearScore": "435",
    "BaseDamage": "1642.9653389999994",
    "BaseMaxHealth": "4988.8187500000004",
    "InitialHealth": "4988.8187500000004",
    "PhysicalArmorRating": "1466.1793831984817",
    "ElementalArmorRating": "1466.1793831984817",
    "Solo Damage": "",
    "Solo Health": ""
  },
  {
    "Level": "47",
    "GearScore": "440",
    "BaseDamage": "1710.6704954999993",
    "BaseMaxHealth": "5197.8500000000004",
    "InitialHealth": "5197.8500000000004",
    "PhysicalArmorRating": "1486.4257212377333",
    "ElementalArmorRating": "1486.4257212377333",
    "Solo Damage": "",
    "Solo Health": ""
  },
  {
    "Level": "48",
    "GearScore": "445",
    "BaseDamage": "1778.3756519999993",
    "BaseMaxHealth": "5406.8812500000004",
    "InitialHealth": "5406.8812500000004",
    "PhysicalArmorRating": "1506.7181269037162",
    "ElementalArmorRating": "1506.7181269037162",
    "Solo Damage": "",
    "Solo Health": ""
  },
  {
    "Level": "49",
    "GearScore": "450",
    "BaseDamage": "1846.0808084999992",
    "BaseMaxHealth": "5615.9125000000004",
    "InitialHealth": "5615.9125000000004",
    "PhysicalArmorRating": "1527.056185622215",
    "ElementalArmorRating": "1527.056185622215",
    "Solo Damage": "",
    "Solo Health": ""
  },
  {
    "Level": "50",
    "GearScore": "455",
    "BaseDamage": "1913.7859649999998",
    "BaseMaxHealth": "5824.9437500000004",
    "InitialHealth": "5824.9437500000004",
    "PhysicalArmorRating": "1547.439491120258",
    "ElementalArmorRating": "1547.439491120258",
    "Solo Damage": "",
    "Solo Health": ""
  },
  {
    "Level": "51",
    "GearScore": "460",
    "BaseDamage": "2014.1148884999998",
    "BaseMaxHealth": "6033.9750000000004",
    "InitialHealth": "6033.9750000000004",
    "PhysicalArmorRating": "1567.8676451703916",
    "ElementalArmorRating": "1567.8676451703916",
    "Solo Damage": "",
    "Solo Health": ""
  },
  {
    "Level": "52",
    "GearScore": "465",
    "BaseDamage": "2114.443812",
    "BaseMaxHealth": "6243.0062500000004",
    "InitialHealth": "6243.0062500000004",
    "PhysicalArmorRating": "1588.3402573455189",
    "ElementalArmorRating": "1588.3402573455189",
    "Solo Damage": "",
    "Solo Health": ""
  },
  {
    "Level": "53",
    "GearScore": "470",
    "BaseDamage": "2214.7727355000002",
    "BaseMaxHealth": "6452.0375000000004",
    "InitialHealth": "6452.0375000000004",
    "PhysicalArmorRating": "1608.8569447837924",
    "ElementalArmorRating": "1608.8569447837924",
    "Solo Damage": "",
    "Solo Health": ""
  },
  {
    "Level": "54",
    "GearScore": "470",
    "BaseDamage": "2315.1016590000004",
    "BaseMaxHealth": "6661.0687500000004",
    "InitialHealth": "6661.0687500000004",
    "PhysicalArmorRating": "1608.8569447837924",
    "ElementalArmorRating": "1608.8569447837924",
    "Solo Damage": "",
    "Solo Health": ""
  },
  {
    "Level": "55",
    "GearScore": "475",
    "BaseDamage": "2415.4305825000006",
    "BaseMaxHealth": "6870.0999999999995",
    "InitialHealth": "6870.0999999999995",
    "PhysicalArmorRating": "1629.4173319629956",
    "ElementalArmorRating": "1629.4173319629956",
    "Solo Damage": "",
    "Solo Health": ""
  },
  {
    "Level": "56",
    "GearScore": "475",
    "BaseDamage": "2515.7595060000008",
    "BaseMaxHealth": "7183.78",
    "InitialHealth": "7183.78",
    "PhysicalArmorRating": "1629.4173319629956",
    "ElementalArmorRating": "1629.4173319629956",
    "Solo Damage": "",
    "Solo Health": ""
  },
  {
    "Level": "57",
    "GearScore": "480",
    "BaseDamage": "2616.088429500001",
    "BaseMaxHealth": "7497.46",
    "InitialHealth": "7497.46",
    "PhysicalArmorRating": "1650.021050483979",
    "ElementalArmorRating": "1650.021050483979",
    "Solo Damage": "",
    "Solo Health": ""
  },
  {
    "Level": "58",
    "GearScore": "480",
    "BaseDamage": "2716.4173530000012",
    "BaseMaxHealth": "7811.14",
    "InitialHealth": "7811.14",
    "PhysicalArmorRating": "1650.021050483979",
    "ElementalArmorRating": "1650.021050483979",
    "Solo Damage": "",
    "Solo Health": ""
  },
  {
    "Level": "59",
    "GearScore": "495",
    "BaseDamage": "2816.7462765000014",
    "BaseMaxHealth": "8124.8200000000006",
    "InitialHealth": "8124.8200000000006",
    "PhysicalArmorRating": "1712.0886126410312",
    "ElementalArmorRating": "1712.0886126410312",
    "Solo Damage": "",
    "Solo Health": ""
  },
  {
    "Level": "60",
    "GearScore": "500",
    "BaseDamage": "2917.0752000000002",
    "BaseMaxHealth": "8438.5",
    "InitialHealth": "8438.5",
    "PhysicalArmorRating": "1732.8621078878648",
    "ElementalArmorRating": "1732.8621078878648",
    "Solo Damage": "",
    "Solo Health": ""
  },
  {
    "Level": "61",
    "GearScore": "530",
    "BaseDamage": "3107.0693333333334",
    "BaseMaxHealth": "9016.75",
    "InitialHealth": "9016.75",
    "PhysicalArmorRating": "1858.3651114677677",
    "ElementalArmorRating": "1858.3651114677677",
    "Solo Damage": "",
    "Solo Health": ""
  },
  {
    "Level": "62",
    "GearScore": "560",
    "BaseDamage": "3297.0634666666665",
    "BaseMaxHealth": "9595",
    "InitialHealth": "9595",
    "PhysicalArmorRating": "1985.2976678138707",
    "ElementalArmorRating": "1985.2976678138707",
    "Solo Damage": "",
    "Solo Health": ""
  },
  {
    "Level": "63",
    "GearScore": "590",
    "BaseDamage": "3487.0575999999996",
    "BaseMaxHealth": "10173.25",
    "InitialHealth": "10173.25",
    "PhysicalArmorRating": "2113.5981199782736",
    "ElementalArmorRating": "2113.5981199782736",
    "Solo Damage": "",
    "Solo Health": ""
  },
  {
    "Level": "64",
    "GearScore": "620",
    "BaseDamage": "3677.0517333333328",
    "BaseMaxHealth": "10751.5",
    "InitialHealth": "10751.5",
    "PhysicalArmorRating": "2243.2104910373087",
    "ElementalArmorRating": "2243.2104910373087",
    "Solo Damage": "",
    "Solo Health": ""
  },
  {
    "Level": "65",
    "GearScore": "650",
    "BaseDamage": "3867.0458666666659",
    "BaseMaxHealth": "11329.75",
    "InitialHealth": "11329.75",
    "PhysicalArmorRating": "2374.0837094232652",
    "ElementalArmorRating": "2374.0837094232652",
    "Solo Damage": "",
    "Solo Health": ""
  },
  {
    "Level": "66",
    "GearScore": "650",
    "BaseDamage": "4057.04",
    "BaseMaxHealth": "11908",
    "InitialHealth": "11908",
    "PhysicalArmorRating": "2374.0837094232652",
    "ElementalArmorRating": "2374.0837094232652",
    "Solo Damage": "",
    "Solo Health": ""
  },
  {
    "Level": "67",
    "GearScore": "650",
    "BaseDamage": "4213.1049999999996",
    "BaseMaxHealth": "12486.25",
    "InitialHealth": "12486.25",
    "PhysicalArmorRating": "2374.0837094232652",
    "ElementalArmorRating": "2374.0837094232652",
    "Solo Damage": "",
    "Solo Health": ""
  },
  {
    "Level": "68",
    "GearScore": "650",
    "BaseDamage": "4369.17",
    "BaseMaxHealth": "13064.5",
    "InitialHealth": "13064.5",
    "PhysicalArmorRating": "2374.0837094232652",
    "ElementalArmorRating": "2374.0837094232652",
    "Solo Damage": "",
    "Solo Health": ""
  },
  {
    "Level": "69",
    "GearScore": "650",
    "BaseDamage": "4525.2350000000006",
    "BaseMaxHealth": "13642.75",
    "InitialHealth": "13642.75",
    "PhysicalArmorRating": "2374.0837094232652",
    "ElementalArmorRating": "2374.0837094232652",
    "Solo Damage": "",
    "Solo Health": ""
  },
  {
    "Level": "70",
    "GearScore": "650",
    "BaseDamage": "4681.3",
    "BaseMaxHealth": "14221",
    "InitialHealth": "14221",
    "PhysicalArmorRating": "2374.0837094232652",
    "ElementalArmorRating": "2374.0837094232652",
    "Solo Damage": "",
    "Solo Health": ""
  }
]