[
  {
    "Rank": "0",
    "DisplayName": "@owg_rank_unafilliated",
    "MaximumInfluence": "3000",
    "RequiredLevel": "10",
    "InfluenceCost": "0",
    "CurrencyCost": "0",
    "AzothCost": "0",
    "SanityCheck": "",
    "GameEventId": "",
    "EntitlementId": ""
  },
  {
    "Rank": "1",
    "DisplayName": "@owg_rank_procurer_1",
    "MaximumInfluence": "11000",
    "RequiredLevel": "20",
    "InfluenceCost": "0",
    "CurrencyCost": "0",
    "AzothCost": "0",
    "SanityCheck": "1",
    "GameEventId": "",
    "EntitlementId": ""
  },
  {
    "Rank": "2",
    "DisplayName": "@owg_rank_procurer_2",
    "MaximumInfluence": "26000",
    "RequiredLevel": "30",
    "InfluenceCost": "0",
    "CurrencyCost": "0",
    "AzothCost": "0",
    "SanityCheck": "1",
    "GameEventId": "",
    "EntitlementId": ""
  },
  {
    "Rank": "3",
    "DisplayName": "@owg_rank_procurer_3",
    "MaximumInfluence": "49000",
    "RequiredLevel": "35",
    "InfluenceCost": "0",
    "CurrencyCost": "0",
    "AzothCost": "0",
    "SanityCheck": "1",
    "GameEventId": "",
    "EntitlementId": ""
  },
  {
    "Rank": "4",
    "DisplayName": "@owg_rank_procurer_4",
    "MaximumInfluence": "49000",
    "RequiredLevel": "50",
    "InfluenceCost": "0",
    "CurrencyCost": "0",
    "AzothCost": "0",
    "SanityCheck": "1",
    "GameEventId": "",
    "EntitlementId": ""
  }
]