[
  {
    "VariantID": "ChestTrueSteel_L",
    "LootTableID": "POI_LootLarge",
    "Name": "LargeChest",
    "BottomMesh": "Objects\\Crafting\\Props\\Storage\\Lockboxes\\ChestTrueSteel\\JAV_PRP_ChestTrueSteel.cgf",
    "BottomMat": "Objects\\Crafting\\Props\\Storage\\Lockboxes\\ChestTrueSteel\\JAV_PRP_ChestTrueSteel_mat.mtl",
    "TopMesh": "Objects\\Crafting\\Props\\Storage\\Lockboxes\\ChestTrueSteel\\JAV_PRP_ChestTrueSteel_lid.cgf",
    "TopMat": "Objects\\Crafting\\Props\\Storage\\Lockboxes\\ChestTrueSteel\\JAV_PRP_ChestTrueSteel_mat.mtl",
    "TopMesh_TransformX": "",
    "TopMesh_TransformY": "",
    "TopMesh_TransformZ": ""
  },
  {
    "VariantID": "ChestSteel_L",
    "LootTableID": "POI_LootLarge",
    "Name": "LargeChest",
    "BottomMesh": "Objects\\Crafting\\Props\\Storage\\Lockboxes\\ChestSteel\\jav_prp_cheststeel.cgf",
    "BottomMat": "Objects\\Crafting\\Props\\Storage\\Lockboxes\\ChestSteel\\JAV_PRP_ChestSteel_mat.mtl",
    "TopMesh": "Objects\\Crafting\\Props\\Storage\\Lockboxes\\ChestSteel\\jav_prp_cheststeel_lid.cgf",
    "TopMat": "Objects\\Crafting\\Props\\Storage\\Lockboxes\\ChestSteel\\JAV_PRP_ChestSteel_mat.mtl",
    "TopMesh_TransformX": "",
    "TopMesh_TransformY": "",
    "TopMesh_TransformZ": ""
  },
  {
    "VariantID": "ChestLog_S",
    "LootTableID": "POI_LootSmall",
    "Name": "LargeChest",
    "BottomMesh": "Objects\\Crafting\\Props\\Storage\\Lockboxes\\ChestLog\\jav_prp_chestlog.cgf",
    "BottomMat": "Objects\\Crafting\\Props\\Storage\\Lockboxes\\ChestLog\\JAV_PRP_ChestLog_mat.mtl",
    "TopMesh": "Objects\\Crafting\\Props\\Storage\\Lockboxes\\ChestLog\\jav_prp_chestlog_lid.cgf",
    "TopMat": "Objects\\Crafting\\Props\\Storage\\Lockboxes\\ChestLog\\JAV_PRP_ChestLog_mat.mtl",
    "TopMesh_TransformX": "",
    "TopMesh_TransformY": "",
    "TopMesh_TransformZ": ""
  },
  {
    "VariantID": "ChestIron_M",
    "LootTableID": "POI_LootMedium",
    "Name": "LargeChest",
    "BottomMesh": "Objects\\Crafting\\Props\\Storage\\Lockboxes\\ChestIron\\jav_prp_chestiron.cgf",
    "BottomMat": "Objects\\Crafting\\Props\\Storage\\Lockboxes\\ChestIron\\jav_prp_chestiron_glow_mat.mtl",
    "TopMesh": "Objects\\Crafting\\Props\\Storage\\Lockboxes\\ChestIron\\jav_prp_chestiron_lid.cgf",
    "TopMat": "Objects\\Crafting\\Props\\Storage\\Lockboxes\\ChestIron\\jav_prp_chestiron_glow_mat.mtl",
    "TopMesh_TransformX": "",
    "TopMesh_TransformY": "",
    "TopMesh_TransformZ": ""
  },
  {
    "VariantID": "Crate_M",
    "LootTableID": "POI_LootMedium",
    "Name": "MediumCrate",
    "BottomMesh": "Objects\\Crafting\\Props\\Storage\\Crates\\shopcrate\\Jav_prp_ShopCrateb.cgf",
    "BottomMat": "Objects\\Crafting\\Props\\Storage\\Crates\\shopcrate\\jav_prp_shopcrate_glow_mat.mtl",
    "TopMesh": "Objects\\Crafting\\Props\\Shopwares\\TanningBolts\\jav_prp_leatherbolt_trip.cgf",
    "TopMat": "Objects\\Crafting\\Props\\Shopwares\\TanningBolts\\jav_prp_leatherbolt_glow_mat.mtl",
    "TopMesh_TransformX": "",
    "TopMesh_TransformY": "",
    "TopMesh_TransformZ": ""
  },
  {
    "VariantID": "Basket_S",
    "LootTableID": "POI_LootSmall",
    "Name": "SmallBasket",
    "BottomMesh": "Objects\\Crafting\\Props\\Storage\\Baskets\\jav_prp_basket_c.cgf",
    "BottomMat": "Objects\\Crafting\\Props\\Storage\\Baskets\\jav_prp_baskets_glow_mat.mtl",
    "TopMesh": "Objects\\Crafting\\Props\\Storage\\Baskets\\jav_prp_basket_c_cover.cgf",
    "TopMat": "Objects\\Crafting\\Props\\Storage\\Baskets\\jav_prp_baskets_glow_mat.mtl",
    "TopMesh_TransformX": "",
    "TopMesh_TransformY": "",
    "TopMesh_TransformZ": ""
  },
  {
    "VariantID": "ShopBarrel_M",
    "LootTableID": "POI_LootMedium",
    "Name": "LargeChest",
    "BottomMesh": "Objects\\Crafting\\Props\\Storage\\Barrels\\Jav_prp_ShopBarrel_Closed_A.cgf",
    "BottomMat": "objects\\crafting\\props\\shopwares\\shoptools\\jav_prp_shopbuckets_mat.mtl",
    "TopMesh": "",
    "TopMat": "",
    "TopMesh_TransformX": "",
    "TopMesh_TransformY": "",
    "TopMesh_TransformZ": ""
  },
  {
    "VariantID": "Basket_B_S",
    "LootTableID": "POI_LootSmall",
    "Name": "LargeChest",
    "BottomMesh": "Objects\\Crafting\\Props\\Storage\\Baskets\\JAV_PRP_Basket_B.cgf",
    "BottomMat": "Objects\\Crafting\\Props\\Storage\\Baskets\\jav_prp_baskets_glow_mat.mtl",
    "TopMesh": "",
    "TopMat": "",
    "TopMesh_TransformX": "",
    "TopMesh_TransformY": "",
    "TopMesh_TransformZ": ""
  },
  {
    "VariantID": "Basket_C_S",
    "LootTableID": "POI_LootSmall",
    "Name": "LargeChest",
    "BottomMesh": "Objects\\Crafting\\Props\\Storage\\Baskets\\JAV_PRP_Basket_C.cgf",
    "BottomMat": "Objects\\Crafting\\Props\\Storage\\Baskets\\jav_prp_baskets_glow_mat.mtl",
    "TopMesh": "",
    "TopMat": "",
    "TopMesh_TransformX": "",
    "TopMesh_TransformY": "",
    "TopMesh_TransformZ": ""
  },
  {
    "VariantID": "Supply_Box_A_M",
    "LootTableID": "POI_LootMedium",
    "Name": "LargeChest",
    "BottomMesh": "Objects\\Crafting\\Props\\Storage\\Boxes\\SupplyBox\\jav_prp_supply_box_t1.cgf",
    "BottomMat": "objects\\crafting\\props\\storage\\boxes\\supplybox\\jav_prp_supply_box_mat.mtl",
    "TopMesh": "",
    "TopMat": "",
    "TopMesh_TransformX": "",
    "TopMesh_TransformY": "",
    "TopMesh_TransformZ": ""
  },
  {
    "VariantID": "Supply_Box_B_M",
    "LootTableID": "POI_LootMedium",
    "Name": "LargeChest",
    "BottomMesh": "Objects\\Crafting\\Props\\Storage\\Boxes\\SupplyBox\\JAV_Prp_Supply_Box_T1_B.cgf",
    "BottomMat": "objects\\crafting\\props\\storage\\boxes\\supplybox\\jav_prp_supply_box_b_mat.mtl",
    "TopMesh": "",
    "TopMat": "",
    "TopMesh_TransformX": "",
    "TopMesh_TransformY": "",
    "TopMesh_TransformZ": ""
  },
  {
    "VariantID": "Supply_Box_C_M",
    "LootTableID": "POI_LootMedium",
    "Name": "LargeChest",
    "BottomMesh": "Objects\\Crafting\\Props\\Storage\\Boxes\\SupplyBox\\jav_prp_supply_box_t2.cgf",
    "BottomMat": "objects\\crafting\\props\\storage\\boxes\\supplybox\\jav_prp_supply_box_mat.mtl",
    "TopMesh": "",
    "TopMat": "",
    "TopMesh_TransformX": "",
    "TopMesh_TransformY": "",
    "TopMesh_TransformZ": ""
  },
  {
    "VariantID": "ShopBucket_A_S",
    "LootTableID": "POI_LootSmall",
    "Name": "LargeChest",
    "BottomMesh": "Objects\\Crafting\\Props\\Storage\\Buckets\\Jav_prp_ShopBucketT3_Asmbly_A.cgf",
    "BottomMat": "objects\\crafting\\props\\shopwares\\shoptools\\jav_prp_shopbuckets_mat.mtl",
    "TopMesh": "",
    "TopMat": "",
    "TopMesh_TransformX": "",
    "TopMesh_TransformY": "",
    "TopMesh_TransformZ": ""
  },
  {
    "VariantID": "ShopBucket_A_Stack_S",
    "LootTableID": "POI_LootSmall",
    "Name": "LargeChest",
    "BottomMesh": "Objects\\Crafting\\Props\\Storage\\Buckets\\Jav_prp_ShopBucketT3_Stack_A.cgf",
    "BottomMat": "objects\\crafting\\props\\shopwares\\shoptools\\jav_prp_shopbuckets_mat.mtl",
    "TopMesh": "",
    "TopMat": "",
    "TopMesh_TransformX": "",
    "TopMesh_TransformY": "",
    "TopMesh_TransformZ": ""
  },
  {
    "VariantID": "ClothPackage_A_M",
    "LootTableID": "POI_LootMedium",
    "Name": "LargeChest",
    "BottomMesh": "Objects\\Crafting\\Props\\Storage\\ClothPackage\\JAV_PRP_ClothPackage_A.cgf",
    "BottomMat": "objects\\crafting\\props\\storage\\clothpackage\\jav_prp_clothpackage_mat.mtl",
    "TopMesh": "",
    "TopMat": "",
    "TopMesh_TransformX": "",
    "TopMesh_TransformY": "",
    "TopMesh_TransformZ": ""
  },
  {
    "VariantID": "Crate_A_S",
    "LootTableID": "POI_LootSmall",
    "Name": "LargeChest",
    "BottomMesh": "Objects\\Crafting\\Props\\Storage\\Crates\\OldCrate\\crate_a_nod.cgf",
    "BottomMat": "objects\\crafting\\props\\storage\\crates\\oldcrate\\crate_a_mat.mtl",
    "TopMesh": "",
    "TopMat": "",
    "TopMesh_TransformX": "",
    "TopMesh_TransformY": "",
    "TopMesh_TransformZ": ""
  },
  {
    "VariantID": "Crate_B_S",
    "LootTableID": "POI_LootSmall",
    "Name": "LargeChest",
    "BottomMesh": "Objects\\Crafting\\Props\\Storage\\Crates\\OldCrate\\crate_b_nod.cgf",
    "BottomMat": "objects\\crafting\\props\\storage\\crates\\oldcrate\\crate_a_mat.mtl",
    "TopMesh": "",
    "TopMat": "",
    "TopMesh_TransformX": "",
    "TopMesh_TransformY": "",
    "TopMesh_TransformZ": ""
  },
  {
    "VariantID": "PaperParcels_C_S",
    "LootTableID": "POI_LootSmall",
    "Name": "LargeChest",
    "BottomMesh": "Objects\\Crafting\\Props\\Storage\\PaperParcels\\JAV_PRP_PaperParcels_C.cgf",
    "BottomMat": "objects\\crafting\\props\\storage\\paperparcels\\jav_prp_paperparcels_mat.mtl",
    "TopMesh": "",
    "TopMat": "",
    "TopMesh_TransformX": "",
    "TopMesh_TransformY": "",
    "TopMesh_TransformZ": ""
  },
  {
    "VariantID": "Farmland_A_S",
    "LootTableID": "POI_FarmlandSmall",
    "Name": "",
    "BottomMesh": "Objects\\Crafting\\Props\\Shopwares\\Cookery\\jav_prp_fruit_box_empty.cgf",
    "BottomMat": "objects\\crafting\\props\\shopwares\\cookery\\jav_prp_sw_tool_mat",
    "TopMesh": "Objects\\Crafting\\Props\\Shopwares\\Cookery\\jav_prp_fruit_box_lid.cgf",
    "TopMat": "objects\\crafting\\props\\shopwares\\cookery\\jav_prp_sw_tool_mat",
    "TopMesh_TransformX": "",
    "TopMesh_TransformY": "",
    "TopMesh_TransformZ": "0.42"
  },
  {
    "VariantID": "Farmland_A_M",
    "LootTableID": "POI_FarmlandMedium",
    "Name": "",
    "BottomMesh": "Objects\\Crafting\\Props\\Storage\\Baskets\\jav_prp_basket_c.cgf",
    "BottomMat": "Objects\\Crafting\\Props\\Storage\\Baskets\\jav_prp_baskets_mat.mtl",
    "TopMesh": "Objects\\Crafting\\Props\\Storage\\Baskets\\jav_prp_basket_c_cover.cgf",
    "TopMat": "Objects\\Crafting\\Props\\Storage\\Baskets\\jav_prp_baskets_mat.mtl",
    "TopMesh_TransformX": "",
    "TopMesh_TransformY": "",
    "TopMesh_TransformZ": "0.81"
  },
  {
    "VariantID": "Farmland_A_L",
    "LootTableID": "POI_FarmlandLarge",
    "Name": "",
    "BottomMesh": "Objects\\Crafting\\Props\\Storage\\Lockboxes\\ChestLog\\jav_prp_chestlog.cgf",
    "BottomMat": "Objects\\Crafting\\Props\\Storage\\Lockboxes\\ChestLog\\JAV_PRP_ChestLog_mat.mtl",
    "TopMesh": "Objects\\Crafting\\Props\\Storage\\Lockboxes\\ChestLog\\jav_prp_chestlog_lid.cgf",
    "TopMat": "Objects\\Crafting\\Props\\Storage\\Lockboxes\\ChestLog\\JAV_PRP_ChestLog_mat.mtl",
    "TopMesh_TransformX": "",
    "TopMesh_TransformY": "",
    "TopMesh_TransformZ": "1E-3"
  },
  {
    "VariantID": "Abandoned_A_S",
    "LootTableID": "POI_AbandonedSmall",
    "Name": "",
    "BottomMesh": "Objects\\Crafting\\Props\\Storage\\Crates\\shopcrate\\Jav_prp_ShopCrateb.cgf",
    "BottomMat": "Objects\\Crafting\\Props\\Storage\\Crates\\shopcrate\\jav_prp_shopcrate_mat.mtl",
    "TopMesh": "Objects\\Crafting\\Props\\Shopwares\\TanningBolts\\jav_prp_leatherbolt_trip.cgf",
    "TopMat": "Objects\\Crafting\\Props\\Shopwares\\TanningBolts\\jav_prp_leatherbolt_mat.mtl",
    "TopMesh_TransformX": "",
    "TopMesh_TransformY": "",
    "TopMesh_TransformZ": "1E-3"
  },
  {
    "VariantID": "Abandoned_A_M",
    "LootTableID": "POI_AbandonedMedium",
    "Name": "",
    "BottomMesh": "Objects\\Crafting\\Props\\Storage\\Barrels\\Jav_prp_ShopBarrel_Open_A.cgf",
    "BottomMat": "objects\\crafting\\props\\shopwares\\shoptools\\jav_prp_shopbuckets_mat",
    "TopMesh": "Objects\\Crafting\\Props\\Storage\\Barrels\\Jav_prp_ShopBarrel_Lid_A.cgf",
    "TopMat": "objects\\crafting\\props\\shopwares\\shoptools\\jav_prp_shopbuckets_mat.mtl",
    "TopMesh_TransformX": "",
    "TopMesh_TransformY": "",
    "TopMesh_TransformZ": "1"
  },
  {
    "VariantID": "Abandoned_A_L",
    "LootTableID": "POI_AbandonedLarge",
    "Name": "",
    "BottomMesh": "Objects\\Crafting\\Props\\Storage\\Lockboxes\\ChestIron\\jav_prp_chestiron.cgf",
    "BottomMat": "Objects\\Crafting\\Props\\Storage\\Lockboxes\\ChestIron\\jav_prp_chestiron_mat.mtl",
    "TopMesh": "Objects\\Crafting\\Props\\Storage\\Lockboxes\\ChestIron\\jav_prp_chestiron_lid.cgf",
    "TopMat": "Objects\\Crafting\\Props\\Storage\\Lockboxes\\ChestIron\\jav_prp_chestiron_mat.mtl",
    "TopMesh_TransformX": "",
    "TopMesh_TransformY": "",
    "TopMesh_TransformZ": "1E-3"
  },
  {
    "VariantID": "Sunken_A_S",
    "LootTableID": "POI_SunkenSmall",
    "Name": "",
    "BottomMesh": "Objects\\Crafting\\Props\\Storage\\Crates\\shopcrate\\Jav_prp_ShopCrateb.cgf",
    "BottomMat": "Objects\\Crafting\\Props\\Storage\\Crates\\shopcrate\\jav_prp_shopcrate_mat.mtl",
    "TopMesh": "Objects\\Crafting\\Props\\Shopwares\\TanningBolts\\jav_prp_leatherbolt_trip.cgf",
    "TopMat": "Objects\\Crafting\\Props\\Shopwares\\TanningBolts\\jav_prp_leatherbolt_mat.mtl",
    "TopMesh_TransformX": "",
    "TopMesh_TransformY": "",
    "TopMesh_TransformZ": "1E-3"
  },
  {
    "VariantID": "Sunken_A_M",
    "LootTableID": "POI_SunkenMedium",
    "Name": "",
    "BottomMesh": "Objects\\Crafting\\Props\\Storage\\Barrels\\Jav_prp_ShopBarrel_Open_A.cgf",
    "BottomMat": "objects\\crafting\\props\\shopwares\\shoptools\\jav_prp_shopbuckets_mat",
    "TopMesh": "Objects\\Crafting\\Props\\Storage\\Barrels\\Jav_prp_ShopBarrel_Lid_A.cgf",
    "TopMat": "objects\\crafting\\props\\shopwares\\shoptools\\jav_prp_shopbuckets_mat.mtl",
    "TopMesh_TransformX": "",
    "TopMesh_TransformY": "",
    "TopMesh_TransformZ": "1"
  },
  {
    "VariantID": "Sunken_A_L",
    "LootTableID": "POI_SunkenLarge",
    "Name": "",
    "BottomMesh": "Objects\\Crafting\\Props\\Storage\\Lockboxes\\ChestLog\\jav_prp_chestlog.cgf",
    "BottomMat": "Objects\\Crafting\\Props\\Storage\\Lockboxes\\ChestLog\\JAV_PRP_ChestLog_mat.mtl",
    "TopMesh": "Objects\\Crafting\\Props\\Storage\\Lockboxes\\ChestLog\\jav_prp_chestlog_lid.cgf",
    "TopMat": "Objects\\Crafting\\Props\\Storage\\Lockboxes\\ChestLog\\JAV_PRP_ChestLog_mat.mtl",
    "TopMesh_TransformX": "",
    "TopMesh_TransformY": "",
    "TopMesh_TransformZ": "1E-3"
  },
  {
    "VariantID": "Military_A_S",
    "LootTableID": "POI_MilitarySmall",
    "Name": "",
    "BottomMesh": "Objects\\Crafting\\Props\\Storage\\Crates\\shopcrate\\Jav_prp_ShopCrateb.cgf",
    "BottomMat": "Objects\\Crafting\\Props\\Storage\\Crates\\shopcrate\\jav_prp_shopcrate_mat.mtl",
    "TopMesh": "Objects\\Crafting\\Props\\Shopwares\\Scrap_Iron\\jav_prp_scrap_iron_pile.cgf",
    "TopMat": "objects\\crafting\\props\\shopwares\\scrap_iron\\jav_prp_scrap_iron_mat.mtl",
    "TopMesh_TransformX": "",
    "TopMesh_TransformY": "",
    "TopMesh_TransformZ": "1E-3"
  },
  {
    "VariantID": "Military_A_M",
    "LootTableID": "POI_MilitaryMedium",
    "Name": "",
    "BottomMesh": "Objects\\Crafting\\Props\\Storage\\Barrels\\Jav_prp_ShopBarrel_Open_A.cgf",
    "BottomMat": "objects\\crafting\\props\\shopwares\\shoptools\\jav_prp_shopbuckets_mat",
    "TopMesh": "Objects\\Crafting\\Props\\Storage\\Barrels\\Jav_prp_ShopBarrel_Lid_A.cgf",
    "TopMat": "objects\\crafting\\props\\shopwares\\shoptools\\jav_prp_shopbuckets_mat.mtl",
    "TopMesh_TransformX": "",
    "TopMesh_TransformY": "",
    "TopMesh_TransformZ": "1"
  },
  {
    "VariantID": "Military_A_L",
    "LootTableID": "POI_MilitaryLarge",
    "Name": "",
    "BottomMesh": "Objects\\Crafting\\Props\\Storage\\Lockboxes\\ChestSteel\\jav_prp_cheststeel.cgf",
    "BottomMat": "Objects\\Crafting\\Props\\Storage\\Lockboxes\\ChestSteel\\JAV_PRP_ChestSteel_mat.mtl",
    "TopMesh": "Objects\\Crafting\\Props\\Storage\\Lockboxes\\ChestSteel\\jav_prp_cheststeel_lid.cgf",
    "TopMat": "Objects\\Crafting\\Props\\Storage\\Lockboxes\\ChestSteel\\JAV_PRP_ChestSteel_mat.mtl",
    "TopMesh_TransformX": "",
    "TopMesh_TransformY": "",
    "TopMesh_TransformZ": "1E-3"
  },
  {
    "VariantID": "Civilian_A_S",
    "LootTableID": "POI_CivilianSmall",
    "Name": "",
    "BottomMesh": "Objects\\Crafting\\Props\\Storage\\Crates\\shopcrate\\Jav_prp_ShopCrateb.cgf",
    "BottomMat": "Objects\\Crafting\\Props\\Storage\\Crates\\shopcrate\\jav_prp_shopcrate_mat.mtl",
    "TopMesh": "Objects\\Crafting\\Props\\Storage\\PaperParcels\\JAV_PRP_PaperParcels_E.cgf",
    "TopMat": "objects\\crafting\\props\\storage\\paperparcels\\jav_prp_paperparcels_mat.mtl",
    "TopMesh_TransformX": "",
    "TopMesh_TransformY": "",
    "TopMesh_TransformZ": "1E-3"
  },
  {
    "VariantID": "Civilian_A_M",
    "LootTableID": "POI_CivilianMedium",
    "Name": "",
    "BottomMesh": "Objects\\Crafting\\Props\\Storage\\Barrels\\Jav_prp_ShopBarrel_Open_A.cgf",
    "BottomMat": "objects\\crafting\\props\\shopwares\\shoptools\\jav_prp_shopbuckets_mat",
    "TopMesh": "Objects\\Crafting\\Props\\Storage\\Barrels\\Jav_prp_ShopBarrel_Lid_A.cgf",
    "TopMat": "objects\\crafting\\props\\shopwares\\shoptools\\jav_prp_shopbuckets_mat.mtl",
    "TopMesh_TransformX": "",
    "TopMesh_TransformY": "",
    "TopMesh_TransformZ": "1"
  },
  {
    "VariantID": "Civilian_A_L",
    "LootTableID": "POI_CivilianLarge",
    "Name": "",
    "BottomMesh": "Objects\\Crafting\\Props\\Storage\\Lockboxes\\ChestIron\\jav_prp_chestiron.cgf",
    "BottomMat": "Objects\\Crafting\\Props\\Storage\\Lockboxes\\ChestIron\\jav_prp_chestiron_mat.mtl",
    "TopMesh": "Objects\\Crafting\\Props\\Storage\\Lockboxes\\ChestIron\\jav_prp_chestiron_lid.cgf",
    "TopMat": "Objects\\Crafting\\Props\\Storage\\Lockboxes\\ChestIron\\jav_prp_chestiron_mat.mtl",
    "TopMesh_TransformX": "",
    "TopMesh_TransformY": "",
    "TopMesh_TransformZ": "1E-3"
  },
  {
    "VariantID": "Blacksmith_A_S",
    "LootTableID": "POI_BlacksmithSmall",
    "Name": "",
    "BottomMesh": "Objects\\Crafting\\Props\\Storage\\Crates\\shopcrate\\Jav_prp_ShopCrateb.cgf",
    "BottomMat": "Objects\\Crafting\\Props\\Storage\\Crates\\shopcrate\\jav_prp_shopcrate_mat.mtl",
    "TopMesh": "Objects\\Crafting\\Props\\Shopwares\\TanningBolts\\jav_prp_leatherbolt_trip.cgf",
    "TopMat": "Objects\\Crafting\\Props\\Shopwares\\TanningBolts\\jav_prp_leatherbolt_mat.mtl",
    "TopMesh_TransformX": "",
    "TopMesh_TransformY": "",
    "TopMesh_TransformZ": "1E-3"
  },
  {
    "VariantID": "Blacksmith_A_M",
    "LootTableID": "POI_BlacksmithMedium",
    "Name": "",
    "BottomMesh": "Objects\\Crafting\\Props\\Storage\\Barrels\\Jav_prp_ShopBarrel_Open_A.cgf",
    "BottomMat": "objects\\crafting\\props\\shopwares\\shoptools\\jav_prp_shopbuckets_mat",
    "TopMesh": "Objects\\Crafting\\Props\\Storage\\Barrels\\Jav_prp_ShopBarrel_Lid_A.cgf",
    "TopMat": "objects\\crafting\\props\\shopwares\\shoptools\\jav_prp_shopbuckets_mat.mtl",
    "TopMesh_TransformX": "",
    "TopMesh_TransformY": "",
    "TopMesh_TransformZ": "1"
  },
  {
    "VariantID": "Blacksmith_A_L",
    "LootTableID": "POI_BlacksmithLarge",
    "Name": "",
    "BottomMesh": "Objects\\Crafting\\Props\\Storage\\Lockboxes\\ChestSteel\\jav_prp_cheststeel.cgf",
    "BottomMat": "Objects\\Crafting\\Props\\Storage\\Lockboxes\\ChestSteel\\JAV_PRP_ChestSteel_mat.mtl",
    "TopMesh": "Objects\\Crafting\\Props\\Storage\\Lockboxes\\ChestSteel\\jav_prp_cheststeel_lid.cgf",
    "TopMat": "Objects\\Crafting\\Props\\Storage\\Lockboxes\\ChestSteel\\JAV_PRP_ChestSteel_mat.mtl",
    "TopMesh_TransformX": "",
    "TopMesh_TransformY": "",
    "TopMesh_TransformZ": "1E-3"
  },
  {
    "VariantID": "Outfitter_A_S",
    "LootTableID": "POI_OutfitterSmall",
    "Name": "",
    "BottomMesh": "Objects\\Crafting\\Props\\Storage\\Crates\\shopcrate\\Jav_prp_ShopCrateb.cgf",
    "BottomMat": "Objects\\Crafting\\Props\\Storage\\Crates\\shopcrate\\jav_prp_shopcrate_mat.mtl",
    "TopMesh": "Objects\\Crafting\\Props\\Shopwares\\TanningBolts\\jav_prp_leatherbolt_trip.cgf",
    "TopMat": "Objects\\Crafting\\Props\\Shopwares\\TanningBolts\\jav_prp_leatherbolt_mat.mtl",
    "TopMesh_TransformX": "",
    "TopMesh_TransformY": "",
    "TopMesh_TransformZ": "1E-3"
  },
  {
    "VariantID": "Outfitter_A_M",
    "LootTableID": "POI_OutfitterMedium",
    "Name": "",
    "BottomMesh": "Objects\\Crafting\\Props\\Storage\\Barrels\\Jav_prp_ShopBarrel_Open_A.cgf",
    "BottomMat": "objects\\crafting\\props\\shopwares\\shoptools\\jav_prp_shopbuckets_mat",
    "TopMesh": "Objects\\Crafting\\Props\\Storage\\Barrels\\Jav_prp_ShopBarrel_Lid_A.cgf",
    "TopMat": "objects\\crafting\\props\\shopwares\\shoptools\\jav_prp_shopbuckets_mat.mtl",
    "TopMesh_TransformX": "",
    "TopMesh_TransformY": "",
    "TopMesh_TransformZ": "1"
  },
  {
    "VariantID": "Outfitter_A_L",
    "LootTableID": "POI_OutfitterLarge",
    "Name": "",
    "BottomMesh": "Objects\\Crafting\\Props\\Storage\\Lockboxes\\ChestSteel\\jav_prp_cheststeel.cgf",
    "BottomMat": "Objects\\Crafting\\Props\\Storage\\Lockboxes\\ChestSteel\\JAV_PRP_ChestSteel_mat.mtl",
    "TopMesh": "Objects\\Crafting\\Props\\Storage\\Lockboxes\\ChestSteel\\jav_prp_cheststeel_lid.cgf",
    "TopMat": "Objects\\Crafting\\Props\\Storage\\Lockboxes\\ChestSteel\\JAV_PRP_ChestSteel_mat.mtl",
    "TopMesh_TransformX": "",
    "TopMesh_TransformY": "",
    "TopMesh_TransformZ": "1E-3"
  },
  {
    "VariantID": "Provisioner_A_S",
    "LootTableID": "POI_ProvisionerSmall",
    "Name": "",
    "BottomMesh": "Objects\\Crafting\\Props\\Storage\\Crates\\shopcrate\\Jav_prp_ShopCrateb.cgf",
    "BottomMat": "Objects\\Crafting\\Props\\Storage\\Crates\\shopcrate\\jav_prp_shopcrate_mat.mtl",
    "TopMesh": "Objects\\Crafting\\Props\\Shopwares\\TanningBolts\\jav_prp_leatherbolt_trip.cgf",
    "TopMat": "Objects\\Crafting\\Props\\Shopwares\\TanningBolts\\jav_prp_leatherbolt_mat.mtl",
    "TopMesh_TransformX": "",
    "TopMesh_TransformY": "",
    "TopMesh_TransformZ": "1E-3"
  },
  {
    "VariantID": "Provisioner_A_M",
    "LootTableID": "POI_ProvisionerMedium",
    "Name": "",
    "BottomMesh": "Objects\\Crafting\\Props\\Storage\\Barrels\\Jav_prp_ShopBarrel_Open_A.cgf",
    "BottomMat": "objects\\crafting\\props\\shopwares\\shoptools\\jav_prp_shopbuckets_mat",
    "TopMesh": "Objects\\Crafting\\Props\\Storage\\Barrels\\Jav_prp_ShopBarrel_Lid_A.cgf",
    "TopMat": "objects\\crafting\\props\\shopwares\\shoptools\\jav_prp_shopbuckets_mat.mtl",
    "TopMesh_TransformX": "",
    "TopMesh_TransformY": "",
    "TopMesh_TransformZ": "1"
  },
  {
    "VariantID": "Provisioner_A_L",
    "LootTableID": "POI_ProvisionerLarge",
    "Name": "",
    "BottomMesh": "Objects\\Crafting\\Props\\Storage\\Lockboxes\\ChestSteel\\jav_prp_cheststeel.cgf",
    "BottomMat": "Objects\\Crafting\\Props\\Storage\\Lockboxes\\ChestSteel\\JAV_PRP_ChestSteel_mat.mtl",
    "TopMesh": "Objects\\Crafting\\Props\\Storage\\Lockboxes\\ChestSteel\\jav_prp_cheststeel_lid.cgf",
    "TopMat": "Objects\\Crafting\\Props\\Storage\\Lockboxes\\ChestSteel\\JAV_PRP_ChestSteel_mat.mtl",
    "TopMesh_TransformX": "",
    "TopMesh_TransformY": "",
    "TopMesh_TransformZ": "1E-3"
  },
  {
    "VariantID": "Alchemist_A_S",
    "LootTableID": "POI_AlchemistSmall",
    "Name": "",
    "BottomMesh": "Objects\\Crafting\\Props\\Storage\\Crates\\shopcrate\\Jav_prp_ShopCrateb.cgf",
    "BottomMat": "Objects\\Crafting\\Props\\Storage\\Crates\\shopcrate\\jav_prp_shopcrate_mat.mtl",
    "TopMesh": "Objects\\Crafting\\Props\\Shopwares\\AlchemyProps\\JAV_PRP_Clay_Vials.cgf",
    "TopMat": "objects\\crafting\\props\\shopwares\\alchemyprops\\jav_prp_alchemyprops.mtl",
    "TopMesh_TransformX": "",
    "TopMesh_TransformY": "",
    "TopMesh_TransformZ": "1E-3"
  },
  {
    "VariantID": "Alchemist_A_M",
    "LootTableID": "POI_AlchemistMedium",
    "Name": "",
    "BottomMesh": "Objects\\Crafting\\Props\\Storage\\Barrels\\Jav_prp_ShopBarrel_Open_A.cgf",
    "BottomMat": "objects\\crafting\\props\\shopwares\\shoptools\\jav_prp_shopbuckets_mat",
    "TopMesh": "Objects\\Crafting\\Props\\Storage\\Barrels\\Jav_prp_ShopBarrel_Lid_A.cgf",
    "TopMat": "objects\\crafting\\props\\shopwares\\shoptools\\jav_prp_shopbuckets_mat.mtl",
    "TopMesh_TransformX": "",
    "TopMesh_TransformY": "",
    "TopMesh_TransformZ": "1"
  },
  {
    "VariantID": "Alchemist_A_L",
    "LootTableID": "POI_AlchemistLarge",
    "Name": "",
    "BottomMesh": "Objects\\Crafting\\Props\\Storage\\Lockboxes\\ChestSteel\\jav_prp_cheststeel.cgf",
    "BottomMat": "Objects\\Crafting\\Props\\Storage\\Lockboxes\\ChestSteel\\JAV_PRP_ChestSteel_mat.mtl",
    "TopMesh": "Objects\\Crafting\\Props\\Storage\\Lockboxes\\ChestSteel\\jav_prp_cheststeel_lid.cgf",
    "TopMat": "Objects\\Crafting\\Props\\Storage\\Lockboxes\\ChestSteel\\JAV_PRP_ChestSteel_mat.mtl",
    "TopMesh_TransformX": "",
    "TopMesh_TransformY": "",
    "TopMesh_TransformZ": "1E-3"
  },
  {
    "VariantID": "Engineer_A_S",
    "LootTableID": "POI_EngineerSmall",
    "Name": "",
    "BottomMesh": "Objects\\Crafting\\Props\\Storage\\Crates\\shopcrate\\Jav_prp_ShopCrateb.cgf",
    "BottomMat": "Objects\\Crafting\\Props\\Storage\\Crates\\shopcrate\\jav_prp_shopcrate_mat.mtl",
    "TopMesh": "Objects\\Crafting\\Props\\Shopwares\\TanningBolts\\jav_prp_leatherbolt_trip.cgf",
    "TopMat": "Objects\\Crafting\\Props\\Shopwares\\TanningBolts\\jav_prp_leatherbolt_mat.mtl",
    "TopMesh_TransformX": "",
    "TopMesh_TransformY": "",
    "TopMesh_TransformZ": "1E-3"
  },
  {
    "VariantID": "Engineer_A_M",
    "LootTableID": "POI_EngineerMedium",
    "Name": "",
    "BottomMesh": "Objects\\Crafting\\Props\\Storage\\Barrels\\Jav_prp_ShopBarrel_Open_A.cgf",
    "BottomMat": "objects\\crafting\\props\\shopwares\\shoptools\\jav_prp_shopbuckets_mat",
    "TopMesh": "Objects\\Crafting\\Props\\Storage\\Barrels\\Jav_prp_ShopBarrel_Lid_A.cgf",
    "TopMat": "objects\\crafting\\props\\shopwares\\shoptools\\jav_prp_shopbuckets_mat.mtl",
    "TopMesh_TransformX": "",
    "TopMesh_TransformY": "",
    "TopMesh_TransformZ": "1"
  },
  {
    "VariantID": "Engineer_A_L",
    "LootTableID": "POI_EngineerLarge",
    "Name": "",
    "BottomMesh": "Objects\\Crafting\\Props\\Storage\\Lockboxes\\ChestSteel\\jav_prp_cheststeel.cgf",
    "BottomMat": "Objects\\Crafting\\Props\\Storage\\Lockboxes\\ChestSteel\\JAV_PRP_ChestSteel_mat.mtl",
    "TopMesh": "Objects\\Crafting\\Props\\Storage\\Lockboxes\\ChestSteel\\jav_prp_cheststeel_lid.cgf",
    "TopMat": "Objects\\Crafting\\Props\\Storage\\Lockboxes\\ChestSteel\\JAV_PRP_ChestSteel_mat.mtl",
    "TopMesh_TransformX": "",
    "TopMesh_TransformY": "",
    "TopMesh_TransformZ": "1E-3"
  },
  {
    "VariantID": "Weaver_A_S",
    "LootTableID": "POI_WeaverSmall",
    "Name": "",
    "BottomMesh": "Objects\\Crafting\\Props\\Storage\\Crates\\shopcrate\\Jav_prp_ShopCrateb.cgf",
    "BottomMat": "Objects\\Crafting\\Props\\Storage\\Crates\\shopcrate\\jav_prp_shopcrate_mat.mtl",
    "TopMesh": "Objects\\Crafting\\Props\\Shopwares\\TanningBolts\\jav_prp_leatherbolt_trip.cgf",
    "TopMat": "Objects\\Crafting\\Props\\Shopwares\\TanningBolts\\jav_prp_leatherbolt_mat.mtl",
    "TopMesh_TransformX": "",
    "TopMesh_TransformY": "",
    "TopMesh_TransformZ": "1E-3"
  },
  {
    "VariantID": "Weaver_A_L",
    "LootTableID": "POI_WeaverLarge",
    "Name": "",
    "BottomMesh": "Objects\\Crafting\\Props\\Storage\\Lockboxes\\ChestLog\\jav_prp_chestlog.cgf",
    "BottomMat": "Objects\\Crafting\\Props\\Storage\\Lockboxes\\ChestLog\\JAV_PRP_ChestLog_mat.mtl",
    "TopMesh": "Objects\\Crafting\\Props\\Storage\\Lockboxes\\ChestLog\\jav_prp_chestlog_lid.cgf",
    "TopMat": "Objects\\Crafting\\Props\\Storage\\Lockboxes\\ChestLog\\JAV_PRP_ChestLog_mat.mtl",
    "TopMesh_TransformX": "",
    "TopMesh_TransformY": "",
    "TopMesh_TransformZ": "1E-3"
  },
  {
    "VariantID": "Smelter_A_S",
    "LootTableID": "POI_SmelterSmall",
    "Name": "",
    "BottomMesh": "Objects\\Crafting\\Props\\Storage\\Crates\\shopcrate\\Jav_prp_ShopCrateb.cgf",
    "BottomMat": "Objects\\Crafting\\Props\\Storage\\Crates\\shopcrate\\jav_prp_shopcrate_mat.mtl",
    "TopMesh": "Objects\\Crafting\\Props\\Shopwares\\TanningBolts\\jav_prp_leatherbolt_trip.cgf",
    "TopMat": "Objects\\Crafting\\Props\\Shopwares\\TanningBolts\\jav_prp_leatherbolt_mat.mtl",
    "TopMesh_TransformX": "",
    "TopMesh_TransformY": "",
    "TopMesh_TransformZ": "1E-3"
  },
  {
    "VariantID": "Smelter_A_L",
    "LootTableID": "POI_SmelterLarge",
    "Name": "",
    "BottomMesh": "Objects\\Crafting\\Props\\Storage\\Lockboxes\\ChestSteel\\jav_prp_cheststeel.cgf",
    "BottomMat": "Objects\\Crafting\\Props\\Storage\\Lockboxes\\ChestSteel\\JAV_PRP_ChestSteel_mat.mtl",
    "TopMesh": "Objects\\Crafting\\Props\\Storage\\Lockboxes\\ChestSteel\\jav_prp_cheststeel_lid.cgf",
    "TopMat": "Objects\\Crafting\\Props\\Storage\\Lockboxes\\ChestSteel\\JAV_PRP_ChestSteel_mat.mtl",
    "TopMesh_TransformX": "",
    "TopMesh_TransformY": "",
    "TopMesh_TransformZ": "1E-3"
  },
  {
    "VariantID": "Carpenter_A_S",
    "LootTableID": "POI_CarpenterSmall",
    "Name": "",
    "BottomMesh": "Objects\\Crafting\\Props\\Storage\\Crates\\shopcrate\\Jav_prp_ShopCrateb.cgf",
    "BottomMat": "Objects\\Crafting\\Props\\Storage\\Crates\\shopcrate\\jav_prp_shopcrate_mat.mtl",
    "TopMesh": "Objects\\Crafting\\Props\\Shopwares\\TanningBolts\\jav_prp_leatherbolt_trip.cgf",
    "TopMat": "Objects\\Crafting\\Props\\Shopwares\\TanningBolts\\jav_prp_leatherbolt_mat.mtl",
    "TopMesh_TransformX": "",
    "TopMesh_TransformY": "",
    "TopMesh_TransformZ": "1E-3"
  },
  {
    "VariantID": "Carpenter_A_L",
    "LootTableID": "POI_CarpenterLarge",
    "Name": "",
    "BottomMesh": "Objects\\Crafting\\Props\\Storage\\Lockboxes\\ChestLog\\jav_prp_chestlog.cgf",
    "BottomMat": "Objects\\Crafting\\Props\\Storage\\Lockboxes\\ChestLog\\JAV_PRP_ChestLog_mat.mtl",
    "TopMesh": "Objects\\Crafting\\Props\\Storage\\Lockboxes\\ChestLog\\jav_prp_chestlog_lid.cgf",
    "TopMat": "Objects\\Crafting\\Props\\Storage\\Lockboxes\\ChestLog\\JAV_PRP_ChestLog_mat.mtl",
    "TopMesh_TransformX": "",
    "TopMesh_TransformY": "",
    "TopMesh_TransformZ": "1E-3"
  },
  {
    "VariantID": "Tanner_A_S",
    "LootTableID": "POI_TannerSmall",
    "Name": "",
    "BottomMesh": "Objects\\Crafting\\Props\\Storage\\Crates\\shopcrate\\Jav_prp_ShopCrateb.cgf",
    "BottomMat": "Objects\\Crafting\\Props\\Storage\\Crates\\shopcrate\\jav_prp_shopcrate_mat.mtl",
    "TopMesh": "Objects\\Crafting\\Props\\Shopwares\\TanningBolts\\jav_prp_leatherbolt_trip.cgf",
    "TopMat": "Objects\\Crafting\\Props\\Shopwares\\TanningBolts\\jav_prp_leatherbolt_mat.mtl",
    "TopMesh_TransformX": "",
    "TopMesh_TransformY": "",
    "TopMesh_TransformZ": "1E-3"
  },
  {
    "VariantID": "Tanner_A_L",
    "LootTableID": "POI_TannerLarge",
    "Name": "",
    "BottomMesh": "Objects\\Crafting\\Props\\Storage\\Lockboxes\\ChestLog\\jav_prp_chestlog.cgf",
    "BottomMat": "Objects\\Crafting\\Props\\Storage\\Lockboxes\\ChestLog\\JAV_PRP_ChestLog_mat.mtl",
    "TopMesh": "Objects\\Crafting\\Props\\Storage\\Lockboxes\\ChestLog\\jav_prp_chestlog_lid.cgf",
    "TopMat": "Objects\\Crafting\\Props\\Storage\\Lockboxes\\ChestLog\\JAV_PRP_ChestLog_mat.mtl",
    "TopMesh_TransformX": "",
    "TopMesh_TransformY": "",
    "TopMesh_TransformZ": "1E-3"
  },
  {
    "VariantID": "Civilian_B_M",
    "LootTableID": "POI_CivilianMedium",
    "Name": "",
    "BottomMesh": "Objects\\Crafting\\Props\\Storage\\Baskets\\JAV_PRP_Basket_A.cgf",
    "BottomMat": "objects\\crafting\\props\\storage\\baskets\\jav_prp_baskets_mat.mtl",
    "TopMesh": "Objects\\Crafting\\Props\\Storage\\Baskets\\JAV_PRP_Basket_C_cover.cgf",
    "TopMat": "objects\\crafting\\props\\storage\\baskets\\jav_prp_baskets_mat.mtl",
    "TopMesh_TransformX": "",
    "TopMesh_TransformY": "",
    "TopMesh_TransformZ": "0.52"
  },
  {
    "VariantID": "Civilian_B_S",
    "LootTableID": "POI_CivilianSmall",
    "Name": "",
    "BottomMesh": "Objects\\Crafting\\Props\\Storage\\Baskets\\JAV_PRP_Basket_B.cgf",
    "BottomMat": "objects\\crafting\\props\\storage\\baskets\\jav_prp_baskets_mat.mtl",
    "TopMesh": "Objects\\Crafting\\Props\\Storage\\Baskets\\JAV_PRP_Basket_B_cover.cgf",
    "TopMat": "objects\\crafting\\props\\storage\\baskets\\jav_prp_baskets_mat.mtl",
    "TopMesh_TransformX": "",
    "TopMesh_TransformY": "",
    "TopMesh_TransformZ": "0.35"
  },
  {
    "VariantID": "Farmland_B_M",
    "LootTableID": "POI_FarmlandMedium",
    "Name": "",
    "BottomMesh": "Objects\\Crafting\\Props\\Storage\\Baskets\\JAV_PRP_Basket_A.cgf",
    "BottomMat": "objects\\crafting\\props\\storage\\baskets\\jav_prp_baskets_mat.mtl",
    "TopMesh": "Objects\\Crafting\\Props\\Storage\\Baskets\\JAV_PRP_Basket_C_cover.cgf",
    "TopMat": "objects\\crafting\\props\\storage\\baskets\\jav_prp_baskets_mat.mtl",
    "TopMesh_TransformX": "",
    "TopMesh_TransformY": "",
    "TopMesh_TransformZ": "0.52"
  },
  {
    "VariantID": "Farmland_B_S",
    "LootTableID": "POI_FarmlandSmall",
    "Name": "",
    "BottomMesh": "Objects\\Crafting\\Props\\Storage\\Baskets\\JAV_PRP_Basket_B.cgf",
    "BottomMat": "objects\\crafting\\props\\storage\\baskets\\jav_prp_baskets_mat.mtl",
    "TopMesh": "Objects\\Crafting\\Props\\Storage\\Baskets\\JAV_PRP_Basket_B_cover.cgf",
    "TopMat": "objects\\crafting\\props\\storage\\baskets\\jav_prp_baskets_mat.mtl",
    "TopMesh_TransformX": "",
    "TopMesh_TransformY": "",
    "TopMesh_TransformZ": "0.35"
  },
  {
    "VariantID": "Civilian_C_S",
    "LootTableID": "POI_CivilianSmall",
    "Name": "",
    "BottomMesh": "Objects\\Crafting\\Props\\Storage\\Buckets\\Jav_prp_ShopBucketT3_Asmbly_A.cgf",
    "BottomMat": "objects\\crafting\\props\\shopwares\\shoptools\\jav_prp_shopbuckets_mat.mtl",
    "TopMesh": "Objects\\Crafting\\Props\\Storage\\Buckets\\Jav_prp_ShopBucketT3_Asmbly_B.cgf",
    "TopMat": "objects\\crafting\\props\\shopwares\\shoptools\\jav_prp_shopbuckets_mat.mtl",
    "TopMesh_TransformX": "",
    "TopMesh_TransformY": "",
    "TopMesh_TransformZ": "0"
  },
  {
    "VariantID": "Farmland_C_S",
    "LootTableID": "POI_FarmlandSmall",
    "Name": "",
    "BottomMesh": "Objects\\Crafting\\Props\\Storage\\Buckets\\Jav_prp_ShopBucketT3_Asmbly_A.cgf",
    "BottomMat": "objects\\crafting\\props\\shopwares\\shoptools\\jav_prp_shopbuckets_mat.mtl",
    "TopMesh": "Objects\\Crafting\\Props\\Storage\\Buckets\\Jav_prp_ShopBucketT3_Asmbly_B.cgf",
    "TopMat": "objects\\crafting\\props\\shopwares\\shoptools\\jav_prp_shopbuckets_mat.mtl",
    "TopMesh_TransformX": "",
    "TopMesh_TransformY": "",
    "TopMesh_TransformZ": "0"
  },
  {
    "VariantID": "Abandoned_B_S",
    "LootTableID": "POI_AbandonedSmall",
    "Name": "",
    "BottomMesh": "Objects\\Crafting\\Props\\Storage\\Buckets\\Jav_prp_ShopBucketT3_Asmbly_A.cgf",
    "BottomMat": "objects\\crafting\\props\\shopwares\\shoptools\\jav_prp_shopbuckets_mat.mtl",
    "TopMesh": "Objects\\Crafting\\Props\\Storage\\Buckets\\Jav_prp_ShopBucketT3_Asmbly_B.cgf",
    "TopMat": "objects\\crafting\\props\\shopwares\\shoptools\\jav_prp_shopbuckets_mat.mtl",
    "TopMesh_TransformX": "",
    "TopMesh_TransformY": "",
    "TopMesh_TransformZ": "0"
  },
  {
    "VariantID": "Sunken_B_S",
    "LootTableID": "POI_SunkenSmall",
    "Name": "",
    "BottomMesh": "Objects\\Crafting\\Props\\Storage\\Buckets\\Jav_prp_ShopBucketT3_Asmbly_A.cgf",
    "BottomMat": "objects\\crafting\\props\\shopwares\\shoptools\\jav_prp_shopbuckets_mat.mtl",
    "TopMesh": "Objects\\Crafting\\Props\\Storage\\Buckets\\Jav_prp_ShopBucketT3_Asmbly_B.cgf",
    "TopMat": "objects\\crafting\\props\\shopwares\\shoptools\\jav_prp_shopbuckets_mat.mtl",
    "TopMesh_TransformX": "",
    "TopMesh_TransformY": "",
    "TopMesh_TransformZ": "0"
  },
  {
    "VariantID": "Ancient_A_S",
    "LootTableID": "POI_AncientSmall",
    "Name": "",
    "BottomMesh": "Objects\\Crafting\\Props\\Shopwares\\Cookery\\jav_prp_fruit_box_empty.cgf",
    "BottomMat": "objects\\crafting\\props\\shopwares\\cookery\\jav_prp_sw_tool_mat",
    "TopMesh": "Objects\\Crafting\\Props\\Shopwares\\Cookery\\jav_prp_fruit_box_lid.cgf",
    "TopMat": "objects\\crafting\\props\\shopwares\\cookery\\jav_prp_sw_tool_mat",
    "TopMesh_TransformX": "",
    "TopMesh_TransformY": "",
    "TopMesh_TransformZ": "0.42"
  },
  {
    "VariantID": "Ancient_A_M",
    "LootTableID": "POI_AncientMedium",
    "Name": "",
    "BottomMesh": "Objects\\Crafting\\Props\\Storage\\Baskets\\jav_prp_basket_c.cgf",
    "BottomMat": "Objects\\Crafting\\Props\\Storage\\Baskets\\jav_prp_baskets_mat.mtl",
    "TopMesh": "Objects\\Crafting\\Props\\Storage\\Baskets\\jav_prp_basket_c_cover.cgf",
    "TopMat": "Objects\\Crafting\\Props\\Storage\\Baskets\\jav_prp_baskets_mat.mtl",
    "TopMesh_TransformX": "",
    "TopMesh_TransformY": "",
    "TopMesh_TransformZ": "0.81"
  },
  {
    "VariantID": "Ancient_A_L",
    "LootTableID": "POI_AncientLarge",
    "Name": "",
    "BottomMesh": "Objects\\Crafting\\Props\\Storage\\Lockboxes\\ChestTrueSteel\\JAV_PRP_ChestTrueSteel.cgf",
    "BottomMat": "objects\\crafting\\props\\storage\\lockboxes\\chesttruesteel\\jav_prp_chesttruesteel_mat.mtl",
    "TopMesh": "Objects\\Crafting\\Props\\Storage\\Lockboxes\\ChestTrueSteel\\JAV_PRP_ChestTrueSteel_Lid.cgf",
    "TopMat": "objects\\crafting\\props\\storage\\lockboxes\\chesttruesteel\\jav_prp_chesttruesteel_mat.mtl",
    "TopMesh_TransformX": "",
    "TopMesh_TransformY": "",
    "TopMesh_TransformZ": "1E-3"
  },
  {
    "VariantID": "Ancient_Y_A_L",
    "LootTableID": "POI_AncientLargeYellow",
    "Name": "",
    "BottomMesh": "Objects\\Crafting\\Props\\Storage\\Lockboxes\\ChestTrueSteel\\JAV_PRP_ChestTrueSteel.cgf",
    "BottomMat": "objects\\crafting\\props\\storage\\lockboxes\\chesttruesteel\\jav_prp_chesttruesteel_mat.mtl",
    "TopMesh": "Objects\\Crafting\\Props\\Storage\\Lockboxes\\ChestTrueSteel\\JAV_PRP_ChestTrueSteel_Lid.cgf",
    "TopMat": "objects\\crafting\\props\\storage\\lockboxes\\chesttruesteel\\jav_prp_chesttruesteel_mat.mtl",
    "TopMesh_TransformX": "",
    "TopMesh_TransformY": "",
    "TopMesh_TransformZ": ""
  }
]