[
  {
    "ItemID": "RunicJackalHead",
    "Name": "@RunicJackalHead_MasterName",
    "ItemType": "Armor",
    "ItemTypeDisplayName": "",
    "Description": "@RunicJackalHead_Description",
    "ItemClass": "EquippableHead",
    "TradingCategory": "",
    "TradingFamily": "",
    "TradingGroup": "",
    "BindOnPickup": "",
    "BindOnEquip": "",
    "GearScoreOverride": "",
    "MinGearScore": "",
    "MaxGearScore": "",
    "Tier": "",
    "ItemStatsRef": "GenericItemSkin",
    "GrantsHWMBump": "",
    "IgnoreNameChanges": "",
    "CanHavePerks": "",
    "CanReplaceGem": "",
    "Perk1": "",
    "Perk2": "",
    "Perk3": "",
    "Perk4": "",
    "Perk5": "",
    "PerkBucket1": "",
    "PerkBucket2": "",
    "PerkBucket3": "",
    "PerkBucket4": "",
    "PerkBucket5": "",
    "ForceRarity": "",
    "RequiredLevel": "",
    "UseTypeAffix": "",
    "UseMaterialAffix": "",
    "UseMagicAffix": "",
    "IconCaptureGroup": "HeadHat",
    "UiItemClass": "",
    "RDyeSlotDisabled": "0",
    "GDyeSlotDisabled": "0",
    "BDyeSlotDisabled": "0",
    "ADyeSlotDisabled": "0",
    "ArmorAppearanceM": "m_viking_medium_head",
    "ArmorAppearanceF": "f_viking_medium_head",
    "WeaponAppearanceOverride": "",
    "ConfirmDestroy": "",
    "ConfirmBeforeUse": "",
    "ConsumeOnUse": "",
    "PrefabPath": "",
    "HousingTags": "",
    "IconPath": "m_viking_medium_head",
    "MaxStackSize": "",
    "DeathDropPercentage": "",
    "Nonremovable": "",
    "IsMissionItem": "",
    "IsUniqueItem": "",
    "ContainerLevel": "",
    "ContainerGS": "",
    "IsSalvageable": "",
    "SalvageResources": "",
    "IsRepairable": "",
    "RepairDustModifier": "",
    "RepairRecipe": "",
    "CraftingRecipe": "",
    "RepairGameEventID": "",
    "SalvageGameEventID": "",
    "SalvageAchievement": "",
    "RepairTypes": "",
    "IngredientCategories": "",
    "IngredientBonusPrimary": "",
    "IngredientBonusSecondary": "",
    "IngredientGearScoreBaseBonus": "",
    "IngredientGearScoreMaxBonus": "",
    "ExtraBonusItemChance": "",
    "Durability": "",
    "DurabilityDmgOnDeath": "",
    "DestroyOnBreak": "",
    "Weight": "",
    "AcquisitionNotificationId": "",
    "AudioPickup": "",
    "AudioPlace": "",
    "AudioUse": "",
    "AudioCreated": "",
    "AudioDestroyed": "",
    "MannequinTag": "",
    "SoundTableID": "",
    "WarboardGatherStat": "",
    "WarboardDepositStat": "",
    "Notes": "",
    "HideInLootTicker": ""
  },
  {
    "ItemID": "RunicJackalChest",
    "Name": "@RunicJackalChest_MasterName",
    "ItemType": "Armor",
    "ItemTypeDisplayName": "",
    "Description": "@RunicJackalChest_Description",
    "ItemClass": "EquippableChest",
    "TradingCategory": "",
    "TradingFamily": "",
    "TradingGroup": "",
    "BindOnPickup": "",
    "BindOnEquip": "",
    "GearScoreOverride": "",
    "MinGearScore": "",
    "MaxGearScore": "",
    "Tier": "",
    "ItemStatsRef": "GenericItemSkin",
    "GrantsHWMBump": "",
    "IgnoreNameChanges": "",
    "CanHavePerks": "",
    "CanReplaceGem": "",
    "Perk1": "",
    "Perk2": "",
    "Perk3": "",
    "Perk4": "",
    "Perk5": "",
    "PerkBucket1": "",
    "PerkBucket2": "",
    "PerkBucket3": "",
    "PerkBucket4": "",
    "PerkBucket5": "",
    "ForceRarity": "",
    "RequiredLevel": "",
    "UseTypeAffix": "",
    "UseMaterialAffix": "",
    "UseMagicAffix": "",
    "IconCaptureGroup": "ChestLong",
    "UiItemClass": "",
    "RDyeSlotDisabled": "0",
    "GDyeSlotDisabled": "0",
    "BDyeSlotDisabled": "0",
    "ADyeSlotDisabled": "0",
    "ArmorAppearanceM": "m_viking_medium_chest",
    "ArmorAppearanceF": "f_viking_medium_chest",
    "WeaponAppearanceOverride": "",
    "ConfirmDestroy": "",
    "ConfirmBeforeUse": "",
    "ConsumeOnUse": "",
    "PrefabPath": "",
    "HousingTags": "",
    "IconPath": "m_viking_medium_chest",
    "MaxStackSize": "",
    "DeathDropPercentage": "",
    "Nonremovable": "",
    "IsMissionItem": "",
    "IsUniqueItem": "",
    "ContainerLevel": "",
    "ContainerGS": "",
    "IsSalvageable": "",
    "SalvageResources": "",
    "IsRepairable": "",
    "RepairDustModifier": "",
    "RepairRecipe": "",
    "CraftingRecipe": "",
    "RepairGameEventID": "",
    "SalvageGameEventID": "",
    "SalvageAchievement": "",
    "RepairTypes": "",
    "IngredientCategories": "",
    "IngredientBonusPrimary": "",
    "IngredientBonusSecondary": "",
    "IngredientGearScoreBaseBonus": "",
    "IngredientGearScoreMaxBonus": "",
    "ExtraBonusItemChance": "",
    "Durability": "",
    "DurabilityDmgOnDeath": "",
    "DestroyOnBreak": "",
    "Weight": "",
    "AcquisitionNotificationId": "",
    "AudioPickup": "",
    "AudioPlace": "",
    "AudioUse": "",
    "AudioCreated": "",
    "AudioDestroyed": "",
    "MannequinTag": "",
    "SoundTableID": "",
    "WarboardGatherStat": "",
    "WarboardDepositStat": "",
    "Notes": "",
    "HideInLootTicker": ""
  },
  {
    "ItemID": "RunicJackalHands",
    "Name": "@RunicJackalHands_MasterName",
    "ItemType": "Armor",
    "ItemTypeDisplayName": "",
    "Description": "@RunicJackalHands_Description",
    "ItemClass": "EquippableHands",
    "TradingCategory": "",
    "TradingFamily": "",
    "TradingGroup": "",
    "BindOnPickup": "",
    "BindOnEquip": "",
    "GearScoreOverride": "",
    "MinGearScore": "",
    "MaxGearScore": "",
    "Tier": "",
    "ItemStatsRef": "GenericItemSkin",
    "GrantsHWMBump": "",
    "IgnoreNameChanges": "",
    "CanHavePerks": "",
    "CanReplaceGem": "",
    "Perk1": "",
    "Perk2": "",
    "Perk3": "",
    "Perk4": "",
    "Perk5": "",
    "PerkBucket1": "",
    "PerkBucket2": "",
    "PerkBucket3": "",
    "PerkBucket4": "",
    "PerkBucket5": "",
    "ForceRarity": "",
    "RequiredLevel": "",
    "UseTypeAffix": "",
    "UseMaterialAffix": "",
    "UseMagicAffix": "",
    "IconCaptureGroup": "",
    "UiItemClass": "",
    "RDyeSlotDisabled": "0",
    "GDyeSlotDisabled": "0",
    "BDyeSlotDisabled": "0",
    "ADyeSlotDisabled": "0",
    "ArmorAppearanceM": "m_viking_medium_hands",
    "ArmorAppearanceF": "f_viking_medium_hands",
    "WeaponAppearanceOverride": "",
    "ConfirmDestroy": "",
    "ConfirmBeforeUse": "",
    "ConsumeOnUse": "",
    "PrefabPath": "",
    "HousingTags": "",
    "IconPath": "m_viking_medium_hands",
    "MaxStackSize": "",
    "DeathDropPercentage": "",
    "Nonremovable": "",
    "IsMissionItem": "",
    "IsUniqueItem": "",
    "ContainerLevel": "",
    "ContainerGS": "",
    "IsSalvageable": "",
    "SalvageResources": "",
    "IsRepairable": "",
    "RepairDustModifier": "",
    "RepairRecipe": "",
    "CraftingRecipe": "",
    "RepairGameEventID": "",
    "SalvageGameEventID": "",
    "SalvageAchievement": "",
    "RepairTypes": "",
    "IngredientCategories": "",
    "IngredientBonusPrimary": "",
    "IngredientBonusSecondary": "",
    "IngredientGearScoreBaseBonus": "",
    "IngredientGearScoreMaxBonus": "",
    "ExtraBonusItemChance": "",
    "Durability": "",
    "DurabilityDmgOnDeath": "",
    "DestroyOnBreak": "",
    "Weight": "",
    "AcquisitionNotificationId": "",
    "AudioPickup": "",
    "AudioPlace": "",
    "AudioUse": "",
    "AudioCreated": "",
    "AudioDestroyed": "",
    "MannequinTag": "",
    "SoundTableID": "",
    "WarboardGatherStat": "",
    "WarboardDepositStat": "",
    "Notes": "",
    "HideInLootTicker": ""
  },
  {
    "ItemID": "RunicJackalLegs",
    "Name": "@RunicJackalLegs_MasterName",
    "ItemType": "Armor",
    "ItemTypeDisplayName": "",
    "Description": "@RunicJackalLegs_Description",
    "ItemClass": "EquippableLegs",
    "TradingCategory": "",
    "TradingFamily": "",
    "TradingGroup": "",
    "BindOnPickup": "",
    "BindOnEquip": "",
    "GearScoreOverride": "",
    "MinGearScore": "",
    "MaxGearScore": "",
    "Tier": "",
    "ItemStatsRef": "GenericItemSkin",
    "GrantsHWMBump": "",
    "IgnoreNameChanges": "",
    "CanHavePerks": "",
    "CanReplaceGem": "",
    "Perk1": "",
    "Perk2": "",
    "Perk3": "",
    "Perk4": "",
    "Perk5": "",
    "PerkBucket1": "",
    "PerkBucket2": "",
    "PerkBucket3": "",
    "PerkBucket4": "",
    "PerkBucket5": "",
    "ForceRarity": "",
    "RequiredLevel": "",
    "UseTypeAffix": "",
    "UseMaterialAffix": "",
    "UseMagicAffix": "",
    "IconCaptureGroup": "",
    "UiItemClass": "",
    "RDyeSlotDisabled": "0",
    "GDyeSlotDisabled": "0",
    "BDyeSlotDisabled": "0",
    "ADyeSlotDisabled": "0",
    "ArmorAppearanceM": "m_viking_medium_legs",
    "ArmorAppearanceF": "f_viking_medium_legs",
    "WeaponAppearanceOverride": "",
    "ConfirmDestroy": "",
    "ConfirmBeforeUse": "",
    "ConsumeOnUse": "",
    "PrefabPath": "",
    "HousingTags": "",
    "IconPath": "m_viking_medium_legs",
    "MaxStackSize": "",
    "DeathDropPercentage": "",
    "Nonremovable": "",
    "IsMissionItem": "",
    "IsUniqueItem": "",
    "ContainerLevel": "",
    "ContainerGS": "",
    "IsSalvageable": "",
    "SalvageResources": "",
    "IsRepairable": "",
    "RepairDustModifier": "",
    "RepairRecipe": "",
    "CraftingRecipe": "",
    "RepairGameEventID": "",
    "SalvageGameEventID": "",
    "SalvageAchievement": "",
    "RepairTypes": "",
    "IngredientCategories": "",
    "IngredientBonusPrimary": "",
    "IngredientBonusSecondary": "",
    "IngredientGearScoreBaseBonus": "",
    "IngredientGearScoreMaxBonus": "",
    "ExtraBonusItemChance": "",
    "Durability": "",
    "DurabilityDmgOnDeath": "",
    "DestroyOnBreak": "",
    "Weight": "",
    "AcquisitionNotificationId": "",
    "AudioPickup": "",
    "AudioPlace": "",
    "AudioUse": "",
    "AudioCreated": "",
    "AudioDestroyed": "",
    "MannequinTag": "",
    "SoundTableID": "",
    "WarboardGatherStat": "",
    "WarboardDepositStat": "",
    "Notes": "",
    "HideInLootTicker": ""
  },
  {
    "ItemID": "RunicJackalFeet",
    "Name": "@RunicJackalFeet_MasterName",
    "ItemType": "Armor",
    "ItemTypeDisplayName": "",
    "Description": "@RunicJackalFeet_Description",
    "ItemClass": "EquippableFeet",
    "TradingCategory": "",
    "TradingFamily": "",
    "TradingGroup": "",
    "BindOnPickup": "",
    "BindOnEquip": "",
    "GearScoreOverride": "",
    "MinGearScore": "",
    "MaxGearScore": "",
    "Tier": "",
    "ItemStatsRef": "GenericItemSkin",
    "GrantsHWMBump": "",
    "IgnoreNameChanges": "",
    "CanHavePerks": "",
    "CanReplaceGem": "",
    "Perk1": "",
    "Perk2": "",
    "Perk3": "",
    "Perk4": "",
    "Perk5": "",
    "PerkBucket1": "",
    "PerkBucket2": "",
    "PerkBucket3": "",
    "PerkBucket4": "",
    "PerkBucket5": "",
    "ForceRarity": "",
    "RequiredLevel": "",
    "UseTypeAffix": "",
    "UseMaterialAffix": "",
    "UseMagicAffix": "",
    "IconCaptureGroup": "",
    "UiItemClass": "",
    "RDyeSlotDisabled": "0",
    "GDyeSlotDisabled": "0",
    "BDyeSlotDisabled": "0",
    "ADyeSlotDisabled": "1",
    "ArmorAppearanceM": "m_viking_medium_feet",
    "ArmorAppearanceF": "f_viking_medium_feet",
    "WeaponAppearanceOverride": "",
    "ConfirmDestroy": "",
    "ConfirmBeforeUse": "",
    "ConsumeOnUse": "",
    "PrefabPath": "",
    "HousingTags": "",
    "IconPath": "m_viking_medium_feet",
    "MaxStackSize": "",
    "DeathDropPercentage": "",
    "Nonremovable": "",
    "IsMissionItem": "",
    "IsUniqueItem": "",
    "ContainerLevel": "",
    "ContainerGS": "",
    "IsSalvageable": "",
    "SalvageResources": "",
    "IsRepairable": "",
    "RepairDustModifier": "",
    "RepairRecipe": "",
    "CraftingRecipe": "",
    "RepairGameEventID": "",
    "SalvageGameEventID": "",
    "SalvageAchievement": "",
    "RepairTypes": "",
    "IngredientCategories": "",
    "IngredientBonusPrimary": "",
    "IngredientBonusSecondary": "",
    "IngredientGearScoreBaseBonus": "",
    "IngredientGearScoreMaxBonus": "",
    "ExtraBonusItemChance": "",
    "Durability": "",
    "DurabilityDmgOnDeath": "",
    "DestroyOnBreak": "",
    "Weight": "",
    "AcquisitionNotificationId": "",
    "AudioPickup": "",
    "AudioPlace": "",
    "AudioUse": "",
    "AudioCreated": "",
    "AudioDestroyed": "",
    "MannequinTag": "",
    "SoundTableID": "",
    "WarboardGatherStat": "",
    "WarboardDepositStat": "",
    "Notes": "",
    "HideInLootTicker": ""
  },
  {
    "ItemID": "CrescentFang",
    "Name": "@CrescentFang_MasterName",
    "ItemType": "Weapon",
    "ItemTypeDisplayName": "",
    "Description": "@CrescentFang_Description",
    "ItemClass": "EquippableMainHand+Hatchet+Melee",
    "TradingCategory": "",
    "TradingFamily": "",
    "TradingGroup": "",
    "BindOnPickup": "",
    "BindOnEquip": "",
    "GearScoreOverride": "",
    "MinGearScore": "",
    "MaxGearScore": "",
    "Tier": "",
    "ItemStatsRef": "HatchetT5",
    "GrantsHWMBump": "",
    "IgnoreNameChanges": "",
    "CanHavePerks": "",
    "CanReplaceGem": "",
    "Perk1": "",
    "Perk2": "",
    "Perk3": "",
    "Perk4": "",
    "Perk5": "",
    "PerkBucket1": "",
    "PerkBucket2": "",
    "PerkBucket3": "",
    "PerkBucket4": "",
    "PerkBucket5": "",
    "ForceRarity": "",
    "RequiredLevel": "",
    "UseTypeAffix": "",
    "UseMaterialAffix": "",
    "UseMagicAffix": "",
    "IconCaptureGroup": "ThrowingAxe",
    "UiItemClass": "UI_Weapon",
    "RDyeSlotDisabled": "0",
    "GDyeSlotDisabled": "1",
    "BDyeSlotDisabled": "1",
    "ADyeSlotDisabled": "0",
    "ArmorAppearanceM": "",
    "ArmorAppearanceF": "",
    "WeaponAppearanceOverride": "CrescentFang",
    "ConfirmDestroy": "",
    "ConfirmBeforeUse": "",
    "ConsumeOnUse": "",
    "PrefabPath": "Items/Weapons/weapon",
    "HousingTags": "",
    "IconPath": "CrescentFang",
    "MaxStackSize": "1",
    "DeathDropPercentage": "0",
    "Nonremovable": "",
    "IsMissionItem": "",
    "IsUniqueItem": "",
    "ContainerLevel": "",
    "ContainerGS": "",
    "IsSalvageable": "",
    "SalvageResources": "",
    "IsRepairable": "",
    "RepairDustModifier": "",
    "RepairRecipe": "",
    "CraftingRecipe": "",
    "RepairGameEventID": "",
    "SalvageGameEventID": "",
    "SalvageAchievement": "",
    "RepairTypes": "",
    "IngredientCategories": "",
    "IngredientBonusPrimary": "",
    "IngredientBonusSecondary": "",
    "IngredientGearScoreBaseBonus": "",
    "IngredientGearScoreMaxBonus": "",
    "ExtraBonusItemChance": "",
    "Durability": "",
    "DurabilityDmgOnDeath": "",
    "DestroyOnBreak": "",
    "Weight": "",
    "AcquisitionNotificationId": "",
    "AudioPickup": "",
    "AudioPlace": "",
    "AudioUse": "",
    "AudioCreated": "",
    "AudioDestroyed": "",
    "MannequinTag": "",
    "SoundTableID": "",
    "WarboardGatherStat": "",
    "WarboardDepositStat": "",
    "Notes": "",
    "HideInLootTicker": ""
  },
  {
    "ItemID": "Skin_AnglesDemon_WarHammer",
    "Name": "@Skin_AnglesDemon_WarHammer_MasterName",
    "ItemType": "Weapon",
    "ItemTypeDisplayName": "",
    "Description": "@Skin_AnglesDemon_WarHammer_Description",
    "ItemClass": "EquippableTwoHand+2HHammer+Melee",
    "TradingCategory": "",
    "TradingFamily": "",
    "TradingGroup": "",
    "BindOnPickup": "",
    "BindOnEquip": "",
    "GearScoreOverride": "",
    "MinGearScore": "",
    "MaxGearScore": "",
    "Tier": "",
    "ItemStatsRef": "2HHammerT5",
    "GrantsHWMBump": "",
    "IgnoreNameChanges": "",
    "CanHavePerks": "",
    "CanReplaceGem": "",
    "Perk1": "",
    "Perk2": "",
    "Perk3": "",
    "Perk4": "",
    "Perk5": "",
    "PerkBucket1": "",
    "PerkBucket2": "",
    "PerkBucket3": "",
    "PerkBucket4": "",
    "PerkBucket5": "",
    "ForceRarity": "",
    "RequiredLevel": "",
    "UseTypeAffix": "",
    "UseMaterialAffix": "",
    "UseMagicAffix": "",
    "IconCaptureGroup": "WarHammer",
    "UiItemClass": "UI_Weapon",
    "RDyeSlotDisabled": "1",
    "GDyeSlotDisabled": "1",
    "BDyeSlotDisabled": "1",
    "ADyeSlotDisabled": "1",
    "ArmorAppearanceM": "",
    "ArmorAppearanceF": "",
    "WeaponAppearanceOverride": "2hWarhammerAngelDemon",
    "ConfirmDestroy": "",
    "ConfirmBeforeUse": "",
    "ConsumeOnUse": "",
    "PrefabPath": "Items/Weapons/weapon",
    "HousingTags": "",
    "IconPath": "skin_anglesdemon_warhammer",
    "MaxStackSize": "1",
    "DeathDropPercentage": "0",
    "Nonremovable": "",
    "IsMissionItem": "",
    "IsUniqueItem": "",
    "ContainerLevel": "",
    "ContainerGS": "",
    "IsSalvageable": "",
    "SalvageResources": "",
    "IsRepairable": "",
    "RepairDustModifier": "",
    "RepairRecipe": "",
    "CraftingRecipe": "",
    "RepairGameEventID": "",
    "SalvageGameEventID": "",
    "SalvageAchievement": "",
    "RepairTypes": "",
    "IngredientCategories": "",
    "IngredientBonusPrimary": "",
    "IngredientBonusSecondary": "",
    "IngredientGearScoreBaseBonus": "",
    "IngredientGearScoreMaxBonus": "",
    "ExtraBonusItemChance": "",
    "Durability": "",
    "DurabilityDmgOnDeath": "",
    "DestroyOnBreak": "",
    "Weight": "",
    "AcquisitionNotificationId": "",
    "AudioPickup": "Play_UI_Pickup_Axe",
    "AudioPlace": "Play_UI_Drop_Axe",
    "AudioUse": "Play_UI_Use_Axe",
    "AudioCreated": "Play_UI_Created_Axe",
    "AudioDestroyed": "Play_UI_item_broken",
    "MannequinTag": "",
    "SoundTableID": "",
    "WarboardGatherStat": "",
    "WarboardDepositStat": "",
    "Notes": "",
    "HideInLootTicker": ""
  },
  {
    "ItemID": "Skin_MediumHead_Angel",
    "Name": "@Skin_MediumHead_Angel_MasterName",
    "ItemType": "Armor",
    "ItemTypeDisplayName": "",
    "Description": "@Skin_MediumHead_Angel_Description",
    "ItemClass": "EquippableHead",
    "TradingCategory": "",
    "TradingFamily": "",
    "TradingGroup": "",
    "BindOnPickup": "",
    "BindOnEquip": "",
    "GearScoreOverride": "",
    "MinGearScore": "",
    "MaxGearScore": "",
    "Tier": "",
    "ItemStatsRef": "GenericItemSkin",
    "GrantsHWMBump": "",
    "IgnoreNameChanges": "",
    "CanHavePerks": "",
    "CanReplaceGem": "",
    "Perk1": "",
    "Perk2": "",
    "Perk3": "",
    "Perk4": "",
    "Perk5": "",
    "PerkBucket1": "",
    "PerkBucket2": "",
    "PerkBucket3": "",
    "PerkBucket4": "",
    "PerkBucket5": "",
    "ForceRarity": "",
    "RequiredLevel": "",
    "UseTypeAffix": "",
    "UseMaterialAffix": "",
    "UseMagicAffix": "",
    "IconCaptureGroup": "",
    "UiItemClass": "",
    "RDyeSlotDisabled": "0",
    "GDyeSlotDisabled": "1",
    "BDyeSlotDisabled": "1",
    "ADyeSlotDisabled": "0",
    "ArmorAppearanceM": "m_angelmedium_head",
    "ArmorAppearanceF": "f_angelmedium_head",
    "WeaponAppearanceOverride": "",
    "ConfirmDestroy": "",
    "ConfirmBeforeUse": "",
    "ConsumeOnUse": "",
    "PrefabPath": "",
    "HousingTags": "",
    "IconPath": "m_angelmedium_head",
    "MaxStackSize": "",
    "DeathDropPercentage": "",
    "Nonremovable": "",
    "IsMissionItem": "",
    "IsUniqueItem": "",
    "ContainerLevel": "",
    "ContainerGS": "",
    "IsSalvageable": "",
    "SalvageResources": "",
    "IsRepairable": "",
    "RepairDustModifier": "",
    "RepairRecipe": "",
    "CraftingRecipe": "",
    "RepairGameEventID": "",
    "SalvageGameEventID": "",
    "SalvageAchievement": "",
    "RepairTypes": "",
    "IngredientCategories": "",
    "IngredientBonusPrimary": "",
    "IngredientBonusSecondary": "",
    "IngredientGearScoreBaseBonus": "",
    "IngredientGearScoreMaxBonus": "",
    "ExtraBonusItemChance": "",
    "Durability": "",
    "DurabilityDmgOnDeath": "",
    "DestroyOnBreak": "",
    "Weight": "",
    "AcquisitionNotificationId": "",
    "AudioPickup": "",
    "AudioPlace": "",
    "AudioUse": "",
    "AudioCreated": "",
    "AudioDestroyed": "",
    "MannequinTag": "",
    "SoundTableID": "",
    "WarboardGatherStat": "",
    "WarboardDepositStat": "",
    "Notes": "",
    "HideInLootTicker": ""
  },
  {
    "ItemID": "Skin_MediumChest_Angel",
    "Name": "@Skin_MediumChest_Angel_MasterName",
    "ItemType": "Armor",
    "ItemTypeDisplayName": "",
    "Description": "@Skin_MediumChest_Angel_Description",
    "ItemClass": "EquippableChest",
    "TradingCategory": "",
    "TradingFamily": "",
    "TradingGroup": "",
    "BindOnPickup": "",
    "BindOnEquip": "",
    "GearScoreOverride": "",
    "MinGearScore": "",
    "MaxGearScore": "",
    "Tier": "",
    "ItemStatsRef": "GenericItemSkin",
    "GrantsHWMBump": "",
    "IgnoreNameChanges": "",
    "CanHavePerks": "",
    "CanReplaceGem": "",
    "Perk1": "",
    "Perk2": "",
    "Perk3": "",
    "Perk4": "",
    "Perk5": "",
    "PerkBucket1": "",
    "PerkBucket2": "",
    "PerkBucket3": "",
    "PerkBucket4": "",
    "PerkBucket5": "",
    "ForceRarity": "",
    "RequiredLevel": "",
    "UseTypeAffix": "",
    "UseMaterialAffix": "",
    "UseMagicAffix": "",
    "IconCaptureGroup": "ChestLong",
    "UiItemClass": "",
    "RDyeSlotDisabled": "0",
    "GDyeSlotDisabled": "0",
    "BDyeSlotDisabled": "0",
    "ADyeSlotDisabled": "0",
    "ArmorAppearanceM": "m_angelmedium_chest",
    "ArmorAppearanceF": "f_angelmedium_chest",
    "WeaponAppearanceOverride": "",
    "ConfirmDestroy": "",
    "ConfirmBeforeUse": "",
    "ConsumeOnUse": "",
    "PrefabPath": "",
    "HousingTags": "",
    "IconPath": "m_angelmedium_chest",
    "MaxStackSize": "",
    "DeathDropPercentage": "",
    "Nonremovable": "",
    "IsMissionItem": "",
    "IsUniqueItem": "",
    "ContainerLevel": "",
    "ContainerGS": "",
    "IsSalvageable": "",
    "SalvageResources": "",
    "IsRepairable": "",
    "RepairDustModifier": "",
    "RepairRecipe": "",
    "CraftingRecipe": "",
    "RepairGameEventID": "",
    "SalvageGameEventID": "",
    "SalvageAchievement": "",
    "RepairTypes": "",
    "IngredientCategories": "",
    "IngredientBonusPrimary": "",
    "IngredientBonusSecondary": "",
    "IngredientGearScoreBaseBonus": "",
    "IngredientGearScoreMaxBonus": "",
    "ExtraBonusItemChance": "",
    "Durability": "",
    "DurabilityDmgOnDeath": "",
    "DestroyOnBreak": "",
    "Weight": "",
    "AcquisitionNotificationId": "",
    "AudioPickup": "",
    "AudioPlace": "",
    "AudioUse": "",
    "AudioCreated": "",
    "AudioDestroyed": "",
    "MannequinTag": "",
    "SoundTableID": "",
    "WarboardGatherStat": "",
    "WarboardDepositStat": "",
    "Notes": "",
    "HideInLootTicker": ""
  },
  {
    "ItemID": "Skin_MediumHands_Angel",
    "Name": "@Skin_MediumHands_Angel_MasterName",
    "ItemType": "Armor",
    "ItemTypeDisplayName": "",
    "Description": "@Skin_MediumHands_Angel_Description",
    "ItemClass": "EquippableHands",
    "TradingCategory": "",
    "TradingFamily": "",
    "TradingGroup": "",
    "BindOnPickup": "",
    "BindOnEquip": "",
    "GearScoreOverride": "",
    "MinGearScore": "",
    "MaxGearScore": "",
    "Tier": "",
    "ItemStatsRef": "GenericItemSkin",
    "GrantsHWMBump": "",
    "IgnoreNameChanges": "",
    "CanHavePerks": "",
    "CanReplaceGem": "",
    "Perk1": "",
    "Perk2": "",
    "Perk3": "",
    "Perk4": "",
    "Perk5": "",
    "PerkBucket1": "",
    "PerkBucket2": "",
    "PerkBucket3": "",
    "PerkBucket4": "",
    "PerkBucket5": "",
    "ForceRarity": "",
    "RequiredLevel": "",
    "UseTypeAffix": "",
    "UseMaterialAffix": "",
    "UseMagicAffix": "",
    "IconCaptureGroup": "",
    "UiItemClass": "",
    "RDyeSlotDisabled": "0",
    "GDyeSlotDisabled": "0",
    "BDyeSlotDisabled": "0",
    "ADyeSlotDisabled": "0",
    "ArmorAppearanceM": "m_angelmedium_gloves",
    "ArmorAppearanceF": "f_angelmedium_gloves",
    "WeaponAppearanceOverride": "",
    "ConfirmDestroy": "",
    "ConfirmBeforeUse": "",
    "ConsumeOnUse": "",
    "PrefabPath": "",
    "HousingTags": "",
    "IconPath": "m_angelmedium_gloves",
    "MaxStackSize": "",
    "DeathDropPercentage": "",
    "Nonremovable": "",
    "IsMissionItem": "",
    "IsUniqueItem": "",
    "ContainerLevel": "",
    "ContainerGS": "",
    "IsSalvageable": "",
    "SalvageResources": "",
    "IsRepairable": "",
    "RepairDustModifier": "",
    "RepairRecipe": "",
    "CraftingRecipe": "",
    "RepairGameEventID": "",
    "SalvageGameEventID": "",
    "SalvageAchievement": "",
    "RepairTypes": "",
    "IngredientCategories": "",
    "IngredientBonusPrimary": "",
    "IngredientBonusSecondary": "",
    "IngredientGearScoreBaseBonus": "",
    "IngredientGearScoreMaxBonus": "",
    "ExtraBonusItemChance": "",
    "Durability": "",
    "DurabilityDmgOnDeath": "",
    "DestroyOnBreak": "",
    "Weight": "",
    "AcquisitionNotificationId": "",
    "AudioPickup": "",
    "AudioPlace": "",
    "AudioUse": "",
    "AudioCreated": "",
    "AudioDestroyed": "",
    "MannequinTag": "",
    "SoundTableID": "",
    "WarboardGatherStat": "",
    "WarboardDepositStat": "",
    "Notes": "",
    "HideInLootTicker": ""
  },
  {
    "ItemID": "Skin_MediumLegs_Angel",
    "Name": "@Skin_MediumLegs_Angel_MasterName",
    "ItemType": "Armor",
    "ItemTypeDisplayName": "",
    "Description": "@Skin_MediumLegs_Angel_Description",
    "ItemClass": "EquippableLegs",
    "TradingCategory": "",
    "TradingFamily": "",
    "TradingGroup": "",
    "BindOnPickup": "",
    "BindOnEquip": "",
    "GearScoreOverride": "",
    "MinGearScore": "",
    "MaxGearScore": "",
    "Tier": "",
    "ItemStatsRef": "GenericItemSkin",
    "GrantsHWMBump": "",
    "IgnoreNameChanges": "",
    "CanHavePerks": "",
    "CanReplaceGem": "",
    "Perk1": "",
    "Perk2": "",
    "Perk3": "",
    "Perk4": "",
    "Perk5": "",
    "PerkBucket1": "",
    "PerkBucket2": "",
    "PerkBucket3": "",
    "PerkBucket4": "",
    "PerkBucket5": "",
    "ForceRarity": "",
    "RequiredLevel": "",
    "UseTypeAffix": "",
    "UseMaterialAffix": "",
    "UseMagicAffix": "",
    "IconCaptureGroup": "",
    "UiItemClass": "",
    "RDyeSlotDisabled": "0",
    "GDyeSlotDisabled": "0",
    "BDyeSlotDisabled": "0",
    "ADyeSlotDisabled": "1",
    "ArmorAppearanceM": "m_angelmedium_legs",
    "ArmorAppearanceF": "f_angelmedium_legs",
    "WeaponAppearanceOverride": "",
    "ConfirmDestroy": "",
    "ConfirmBeforeUse": "",
    "ConsumeOnUse": "",
    "PrefabPath": "",
    "HousingTags": "",
    "IconPath": "m_angelmedium_legs",
    "MaxStackSize": "",
    "DeathDropPercentage": "",
    "Nonremovable": "",
    "IsMissionItem": "",
    "IsUniqueItem": "",
    "ContainerLevel": "",
    "ContainerGS": "",
    "IsSalvageable": "",
    "SalvageResources": "",
    "IsRepairable": "",
    "RepairDustModifier": "",
    "RepairRecipe": "",
    "CraftingRecipe": "",
    "RepairGameEventID": "",
    "SalvageGameEventID": "",
    "SalvageAchievement": "",
    "RepairTypes": "",
    "IngredientCategories": "",
    "IngredientBonusPrimary": "",
    "IngredientBonusSecondary": "",
    "IngredientGearScoreBaseBonus": "",
    "IngredientGearScoreMaxBonus": "",
    "ExtraBonusItemChance": "",
    "Durability": "",
    "DurabilityDmgOnDeath": "",
    "DestroyOnBreak": "",
    "Weight": "",
    "AcquisitionNotificationId": "",
    "AudioPickup": "",
    "AudioPlace": "",
    "AudioUse": "",
    "AudioCreated": "",
    "AudioDestroyed": "",
    "MannequinTag": "",
    "SoundTableID": "",
    "WarboardGatherStat": "",
    "WarboardDepositStat": "",
    "Notes": "",
    "HideInLootTicker": ""
  },
  {
    "ItemID": "Skin_MediumFeet_Angel",
    "Name": "@Skin_MediumFeet_Angel_MasterName",
    "ItemType": "Armor",
    "ItemTypeDisplayName": "",
    "Description": "@Skin_MediumFeet_Angel_Description",
    "ItemClass": "EquippableFeet",
    "TradingCategory": "",
    "TradingFamily": "",
    "TradingGroup": "",
    "BindOnPickup": "",
    "BindOnEquip": "",
    "GearScoreOverride": "",
    "MinGearScore": "",
    "MaxGearScore": "",
    "Tier": "",
    "ItemStatsRef": "GenericItemSkin",
    "GrantsHWMBump": "",
    "IgnoreNameChanges": "",
    "CanHavePerks": "",
    "CanReplaceGem": "",
    "Perk1": "",
    "Perk2": "",
    "Perk3": "",
    "Perk4": "",
    "Perk5": "",
    "PerkBucket1": "",
    "PerkBucket2": "",
    "PerkBucket3": "",
    "PerkBucket4": "",
    "PerkBucket5": "",
    "ForceRarity": "",
    "RequiredLevel": "",
    "UseTypeAffix": "",
    "UseMaterialAffix": "",
    "UseMagicAffix": "",
    "IconCaptureGroup": "",
    "UiItemClass": "",
    "RDyeSlotDisabled": "0",
    "GDyeSlotDisabled": "0",
    "BDyeSlotDisabled": "1",
    "ADyeSlotDisabled": "0",
    "ArmorAppearanceM": "m_angelmedium_feet",
    "ArmorAppearanceF": "f_angelmedium_feet",
    "WeaponAppearanceOverride": "",
    "ConfirmDestroy": "",
    "ConfirmBeforeUse": "",
    "ConsumeOnUse": "",
    "PrefabPath": "",
    "HousingTags": "",
    "IconPath": "m_angelmedium_feet",
    "MaxStackSize": "",
    "DeathDropPercentage": "",
    "Nonremovable": "",
    "IsMissionItem": "",
    "IsUniqueItem": "",
    "ContainerLevel": "",
    "ContainerGS": "",
    "IsSalvageable": "",
    "SalvageResources": "",
    "IsRepairable": "",
    "RepairDustModifier": "",
    "RepairRecipe": "",
    "CraftingRecipe": "",
    "RepairGameEventID": "",
    "SalvageGameEventID": "",
    "SalvageAchievement": "",
    "RepairTypes": "",
    "IngredientCategories": "",
    "IngredientBonusPrimary": "",
    "IngredientBonusSecondary": "",
    "IngredientGearScoreBaseBonus": "",
    "IngredientGearScoreMaxBonus": "",
    "ExtraBonusItemChance": "",
    "Durability": "",
    "DurabilityDmgOnDeath": "",
    "DestroyOnBreak": "",
    "Weight": "",
    "AcquisitionNotificationId": "",
    "AudioPickup": "",
    "AudioPlace": "",
    "AudioUse": "",
    "AudioCreated": "",
    "AudioDestroyed": "",
    "MannequinTag": "",
    "SoundTableID": "",
    "WarboardGatherStat": "",
    "WarboardDepositStat": "",
    "Notes": "",
    "HideInLootTicker": ""
  },
  {
    "ItemID": "TestSkin_Chest",
    "Name": "",
    "ItemType": "Armor",
    "ItemTypeDisplayName": "",
    "Description": "",
    "ItemClass": "EquippableChest+Armor+Light",
    "TradingCategory": "",
    "TradingFamily": "",
    "TradingGroup": "",
    "BindOnPickup": "1",
    "BindOnEquip": "",
    "GearScoreOverride": "100",
    "MinGearScore": "100",
    "MaxGearScore": "100",
    "Tier": "1",
    "ItemStatsRef": "LightChest_Balanced",
    "GrantsHWMBump": "",
    "IgnoreNameChanges": "",
    "CanHavePerks": "1",
    "CanReplaceGem": "1",
    "Perk1": "",
    "Perk2": "",
    "Perk3": "",
    "Perk4": "",
    "Perk5": "",
    "PerkBucket1": "GlobalAttributeBucketChanceT5",
    "PerkBucket2": "PerkBucket_GlobalPerkBucketRollT5Bucket3",
    "PerkBucket3": "GlobalGemSlotChanceT5",
    "PerkBucket4": "PerkBucket_GlobalPerkBucketRollT5Bucket4",
    "PerkBucket5": "PerkBucket_GlobalPerkBucketRollT5Bucket5",
    "ForceRarity": "",
    "RequiredLevel": "",
    "UseTypeAffix": "1",
    "UseMaterialAffix": "1",
    "UseMagicAffix": "1",
    "IconCaptureGroup": "",
    "UiItemClass": "UI_Armor",
    "RDyeSlotDisabled": "0",
    "GDyeSlotDisabled": "0",
    "BDyeSlotDisabled": "0",
    "ADyeSlotDisabled": "0",
    "ArmorAppearanceM": "m_clotht5var2_chest",
    "ArmorAppearanceF": "f_clotht5var2_chest",
    "WeaponAppearanceOverride": "",
    "ConfirmDestroy": "",
    "ConfirmBeforeUse": "0",
    "ConsumeOnUse": "0",
    "PrefabPath": "",
    "HousingTags": "",
    "IconPath": "Chest_DuelistT5",
    "MaxStackSize": "1",
    "DeathDropPercentage": "0",
    "Nonremovable": "",
    "IsMissionItem": "",
    "IsUniqueItem": "",
    "ContainerLevel": "",
    "ContainerGS": "",
    "IsSalvageable": "1",
    "SalvageResources": "",
    "IsRepairable": "1",
    "RepairDustModifier": "4",
    "RepairRecipe": "SalvageLarge_ClothT5",
    "CraftingRecipe": "SalvageLarge_ClothT5",
    "RepairGameEventID": "",
    "SalvageGameEventID": "SalvageCoinGrantT5",
    "SalvageAchievement": "",
    "RepairTypes": "",
    "IngredientCategories": "",
    "IngredientBonusPrimary": "",
    "IngredientBonusSecondary": "",
    "IngredientGearScoreBaseBonus": "",
    "IngredientGearScoreMaxBonus": "",
    "ExtraBonusItemChance": "",
    "Durability": "750",
    "DurabilityDmgOnDeath": "0.12",
    "DestroyOnBreak": "0",
    "Weight": "30",
    "AcquisitionNotificationId": "",
    "AudioPickup": "Play_UI_Pickup_Cloth",
    "AudioPlace": "Play_UI_Drop_Cloth",
    "AudioUse": "Play_UI_Use_Cloth",
    "AudioCreated": "Play_UI_Created_Cloth",
    "AudioDestroyed": "Play_UI_item_broken",
    "MannequinTag": "",
    "SoundTableID": "",
    "WarboardGatherStat": "",
    "WarboardDepositStat": "",
    "Notes": "",
    "HideInLootTicker": ""
  },
  {
    "ItemID": "TestSkin_Feet",
    "Name": "",
    "ItemType": "Armor",
    "ItemTypeDisplayName": "",
    "Description": "",
    "ItemClass": "EquippableFeet+Armor+Light",
    "TradingCategory": "",
    "TradingFamily": "",
    "TradingGroup": "",
    "BindOnPickup": "1",
    "BindOnEquip": "",
    "GearScoreOverride": "100",
    "MinGearScore": "100",
    "MaxGearScore": "100",
    "Tier": "1",
    "ItemStatsRef": "LightFeet_Balanced",
    "GrantsHWMBump": "",
    "IgnoreNameChanges": "",
    "CanHavePerks": "1",
    "CanReplaceGem": "1",
    "Perk1": "",
    "Perk2": "",
    "Perk3": "",
    "Perk4": "",
    "Perk5": "",
    "PerkBucket1": "GlobalAttributeBucketChanceT5",
    "PerkBucket2": "PerkBucket_GlobalPerkBucketRollT5Bucket3",
    "PerkBucket3": "GlobalGemSlotChanceT5",
    "PerkBucket4": "PerkBucket_GlobalPerkBucketRollT5Bucket4",
    "PerkBucket5": "PerkBucket_GlobalPerkBucketRollT5Bucket5",
    "ForceRarity": "",
    "RequiredLevel": "",
    "UseTypeAffix": "1",
    "UseMaterialAffix": "1",
    "UseMagicAffix": "1",
    "IconCaptureGroup": "",
    "UiItemClass": "UI_Armor",
    "RDyeSlotDisabled": "0",
    "GDyeSlotDisabled": "0",
    "BDyeSlotDisabled": "1",
    "ADyeSlotDisabled": "1",
    "ArmorAppearanceM": "m_clotht5var2_head",
    "ArmorAppearanceF": "f_clotht5var2_head",
    "WeaponAppearanceOverride": "",
    "ConfirmDestroy": "",
    "ConfirmBeforeUse": "0",
    "ConsumeOnUse": "0",
    "PrefabPath": "",
    "HousingTags": "",
    "IconPath": "Feet_DuelistT5",
    "MaxStackSize": "1",
    "DeathDropPercentage": "0",
    "Nonremovable": "",
    "IsMissionItem": "",
    "IsUniqueItem": "",
    "ContainerLevel": "",
    "ContainerGS": "",
    "IsSalvageable": "1",
    "SalvageResources": "",
    "IsRepairable": "1",
    "RepairDustModifier": "4",
    "RepairRecipe": "SalvageSmall_ClothT5",
    "CraftingRecipe": "SalvageSmall_ClothT5",
    "RepairGameEventID": "",
    "SalvageGameEventID": "SalvageCoinGrantT5",
    "SalvageAchievement": "",
    "RepairTypes": "",
    "IngredientCategories": "",
    "IngredientBonusPrimary": "",
    "IngredientBonusSecondary": "",
    "IngredientGearScoreBaseBonus": "",
    "IngredientGearScoreMaxBonus": "",
    "ExtraBonusItemChance": "",
    "Durability": "750",
    "DurabilityDmgOnDeath": "0.12",
    "DestroyOnBreak": "0",
    "Weight": "15",
    "AcquisitionNotificationId": "",
    "AudioPickup": "Play_UI_Pickup_Cloth",
    "AudioPlace": "Play_UI_Drop_Cloth",
    "AudioUse": "Play_UI_Use_Cloth",
    "AudioCreated": "Play_UI_Created_Cloth",
    "AudioDestroyed": "Play_UI_item_broken",
    "MannequinTag": "",
    "SoundTableID": "",
    "WarboardGatherStat": "",
    "WarboardDepositStat": "",
    "Notes": "",
    "HideInLootTicker": ""
  },
  {
    "ItemID": "TestSkin_Hands",
    "Name": "",
    "ItemType": "Armor",
    "ItemTypeDisplayName": "",
    "Description": "",
    "ItemClass": "EquippableHands+Armor+Light",
    "TradingCategory": "",
    "TradingFamily": "",
    "TradingGroup": "",
    "BindOnPickup": "1",
    "BindOnEquip": "",
    "GearScoreOverride": "100",
    "MinGearScore": "100",
    "MaxGearScore": "100",
    "Tier": "1",
    "ItemStatsRef": "LightHands_Balanced",
    "GrantsHWMBump": "",
    "IgnoreNameChanges": "",
    "CanHavePerks": "1",
    "CanReplaceGem": "1",
    "Perk1": "",
    "Perk2": "",
    "Perk3": "",
    "Perk4": "",
    "Perk5": "",
    "PerkBucket1": "GlobalAttributeBucketChanceT5",
    "PerkBucket2": "PerkBucket_GlobalPerkBucketRollT5Bucket3",
    "PerkBucket3": "GlobalGemSlotChanceT5",
    "PerkBucket4": "PerkBucket_GlobalPerkBucketRollT5Bucket4",
    "PerkBucket5": "PerkBucket_GlobalPerkBucketRollT5Bucket5",
    "ForceRarity": "",
    "RequiredLevel": "",
    "UseTypeAffix": "1",
    "UseMaterialAffix": "1",
    "UseMagicAffix": "1",
    "IconCaptureGroup": "",
    "UiItemClass": "UI_Armor",
    "RDyeSlotDisabled": "0",
    "GDyeSlotDisabled": "0",
    "BDyeSlotDisabled": "0",
    "ADyeSlotDisabled": "1",
    "ArmorAppearanceM": "m_clotht5var2_legs",
    "ArmorAppearanceF": "f_clotht5var2_legs",
    "WeaponAppearanceOverride": "",
    "ConfirmDestroy": "",
    "ConfirmBeforeUse": "0",
    "ConsumeOnUse": "0",
    "PrefabPath": "",
    "HousingTags": "",
    "IconPath": "Hands_DuelistT5",
    "MaxStackSize": "1",
    "DeathDropPercentage": "0",
    "Nonremovable": "",
    "IsMissionItem": "",
    "IsUniqueItem": "",
    "ContainerLevel": "",
    "ContainerGS": "",
    "IsSalvageable": "1",
    "SalvageResources": "",
    "IsRepairable": "1",
    "RepairDustModifier": "4",
    "RepairRecipe": "SalvageSmall_ClothT5",
    "CraftingRecipe": "SalvageSmall_ClothT5",
    "RepairGameEventID": "",
    "SalvageGameEventID": "SalvageCoinGrantT5",
    "SalvageAchievement": "",
    "RepairTypes": "",
    "IngredientCategories": "",
    "IngredientBonusPrimary": "",
    "IngredientBonusSecondary": "",
    "IngredientGearScoreBaseBonus": "",
    "IngredientGearScoreMaxBonus": "",
    "ExtraBonusItemChance": "",
    "Durability": "750",
    "DurabilityDmgOnDeath": "0.12",
    "DestroyOnBreak": "0",
    "Weight": "15",
    "AcquisitionNotificationId": "",
    "AudioPickup": "Play_UI_Pickup_Cloth",
    "AudioPlace": "Play_UI_Drop_Cloth",
    "AudioUse": "Play_UI_Use_Cloth",
    "AudioCreated": "Play_UI_Created_Cloth",
    "AudioDestroyed": "Play_UI_item_broken",
    "MannequinTag": "",
    "SoundTableID": "",
    "WarboardGatherStat": "",
    "WarboardDepositStat": "",
    "Notes": "",
    "HideInLootTicker": ""
  },
  {
    "ItemID": "TestSkin_Head",
    "Name": "",
    "ItemType": "Armor",
    "ItemTypeDisplayName": "",
    "Description": "",
    "ItemClass": "EquippableHead+Armor+Light",
    "TradingCategory": "",
    "TradingFamily": "",
    "TradingGroup": "",
    "BindOnPickup": "1",
    "BindOnEquip": "",
    "GearScoreOverride": "100",
    "MinGearScore": "100",
    "MaxGearScore": "100",
    "Tier": "1",
    "ItemStatsRef": "LightHead_Balanced",
    "GrantsHWMBump": "",
    "IgnoreNameChanges": "",
    "CanHavePerks": "1",
    "CanReplaceGem": "1",
    "Perk1": "",
    "Perk2": "",
    "Perk3": "",
    "Perk4": "",
    "Perk5": "",
    "PerkBucket1": "GlobalAttributeBucketChanceT5",
    "PerkBucket2": "PerkBucket_GlobalPerkBucketRollT5Bucket3",
    "PerkBucket3": "GlobalGemSlotChanceT5",
    "PerkBucket4": "PerkBucket_GlobalPerkBucketRollT5Bucket4",
    "PerkBucket5": "PerkBucket_GlobalPerkBucketRollT5Bucket5",
    "ForceRarity": "",
    "RequiredLevel": "",
    "UseTypeAffix": "1",
    "UseMaterialAffix": "1",
    "UseMagicAffix": "1",
    "IconCaptureGroup": "HeadHat",
    "UiItemClass": "UI_Armor",
    "RDyeSlotDisabled": "0",
    "GDyeSlotDisabled": "0",
    "BDyeSlotDisabled": "0",
    "ADyeSlotDisabled": "1",
    "ArmorAppearanceM": "m_clotht5var2_feet",
    "ArmorAppearanceF": "f_clotht5var2_feet",
    "WeaponAppearanceOverride": "",
    "ConfirmDestroy": "",
    "ConfirmBeforeUse": "0",
    "ConsumeOnUse": "0",
    "PrefabPath": "",
    "HousingTags": "",
    "IconPath": "Head_DuelistT5",
    "MaxStackSize": "1",
    "DeathDropPercentage": "0",
    "Nonremovable": "",
    "IsMissionItem": "",
    "IsUniqueItem": "",
    "ContainerLevel": "",
    "ContainerGS": "",
    "IsSalvageable": "1",
    "SalvageResources": "",
    "IsRepairable": "1",
    "RepairDustModifier": "4",
    "RepairRecipe": "SalvageSmall_ClothT5",
    "CraftingRecipe": "SalvageSmall_ClothT5",
    "RepairGameEventID": "",
    "SalvageGameEventID": "SalvageCoinGrantT5",
    "SalvageAchievement": "",
    "RepairTypes": "",
    "IngredientCategories": "",
    "IngredientBonusPrimary": "",
    "IngredientBonusSecondary": "",
    "IngredientGearScoreBaseBonus": "",
    "IngredientGearScoreMaxBonus": "",
    "ExtraBonusItemChance": "",
    "Durability": "750",
    "DurabilityDmgOnDeath": "0.12",
    "DestroyOnBreak": "0",
    "Weight": "20",
    "AcquisitionNotificationId": "",
    "AudioPickup": "Play_UI_Pickup_Cloth",
    "AudioPlace": "Play_UI_Drop_Cloth",
    "AudioUse": "Play_UI_Use_Cloth",
    "AudioCreated": "Play_UI_Created_Cloth",
    "AudioDestroyed": "Play_UI_item_broken",
    "MannequinTag": "",
    "SoundTableID": "",
    "WarboardGatherStat": "",
    "WarboardDepositStat": "",
    "Notes": "",
    "HideInLootTicker": ""
  },
  {
    "ItemID": "TestSkin_Legs",
    "Name": "",
    "ItemType": "Armor",
    "ItemTypeDisplayName": "",
    "Description": "",
    "ItemClass": "EquippableLegs+Armor+Light",
    "TradingCategory": "",
    "TradingFamily": "",
    "TradingGroup": "",
    "BindOnPickup": "1",
    "BindOnEquip": "",
    "GearScoreOverride": "100",
    "MinGearScore": "100",
    "MaxGearScore": "100",
    "Tier": "1",
    "ItemStatsRef": "LightLegs_Balanced",
    "GrantsHWMBump": "",
    "IgnoreNameChanges": "",
    "CanHavePerks": "1",
    "CanReplaceGem": "1",
    "Perk1": "",
    "Perk2": "",
    "Perk3": "",
    "Perk4": "",
    "Perk5": "",
    "PerkBucket1": "GlobalAttributeBucketChanceT5",
    "PerkBucket2": "PerkBucket_GlobalPerkBucketRollT5Bucket3",
    "PerkBucket3": "GlobalGemSlotChanceT5",
    "PerkBucket4": "PerkBucket_GlobalPerkBucketRollT5Bucket4",
    "PerkBucket5": "PerkBucket_GlobalPerkBucketRollT5Bucket5",
    "ForceRarity": "",
    "RequiredLevel": "",
    "UseTypeAffix": "1",
    "UseMaterialAffix": "1",
    "UseMagicAffix": "1",
    "IconCaptureGroup": "",
    "UiItemClass": "UI_Armor",
    "RDyeSlotDisabled": "0",
    "GDyeSlotDisabled": "0",
    "BDyeSlotDisabled": "0",
    "ADyeSlotDisabled": "0",
    "ArmorAppearanceM": "m_clotht5var2_hands",
    "ArmorAppearanceF": "f_clotht5var2_hands",
    "WeaponAppearanceOverride": "",
    "ConfirmDestroy": "",
    "ConfirmBeforeUse": "0",
    "ConsumeOnUse": "0",
    "PrefabPath": "",
    "HousingTags": "",
    "IconPath": "Legs_DuelistT5",
    "MaxStackSize": "1",
    "DeathDropPercentage": "0",
    "Nonremovable": "",
    "IsMissionItem": "",
    "IsUniqueItem": "",
    "ContainerLevel": "",
    "ContainerGS": "",
    "IsSalvageable": "1",
    "SalvageResources": "",
    "IsRepairable": "1",
    "RepairDustModifier": "4",
    "RepairRecipe": "SalvageLarge_ClothT5",
    "CraftingRecipe": "SalvageLarge_ClothT5",
    "RepairGameEventID": "",
    "SalvageGameEventID": "SalvageCoinGrantT5",
    "SalvageAchievement": "",
    "RepairTypes": "",
    "IngredientCategories": "",
    "IngredientBonusPrimary": "",
    "IngredientBonusSecondary": "",
    "IngredientGearScoreBaseBonus": "",
    "IngredientGearScoreMaxBonus": "",
    "ExtraBonusItemChance": "",
    "Durability": "750",
    "DurabilityDmgOnDeath": "0.12",
    "DestroyOnBreak": "0",
    "Weight": "20",
    "AcquisitionNotificationId": "",
    "AudioPickup": "Play_UI_Pickup_Cloth",
    "AudioPlace": "Play_UI_Drop_Cloth",
    "AudioUse": "Play_UI_Use_Cloth",
    "AudioCreated": "Play_UI_Created_Cloth",
    "AudioDestroyed": "Play_UI_item_broken",
    "MannequinTag": "",
    "SoundTableID": "",
    "WarboardGatherStat": "",
    "WarboardDepositStat": "",
    "Notes": "",
    "HideInLootTicker": ""
  },
  {
    "ItemID": "TestSkin_Sword",
    "Name": "",
    "ItemType": "Weapon",
    "ItemTypeDisplayName": "",
    "Description": "",
    "ItemClass": "Weapon+EquippableMainHand+Sword+Melee",
    "TradingCategory": "",
    "TradingFamily": "",
    "TradingGroup": "",
    "BindOnPickup": "1",
    "BindOnEquip": "",
    "GearScoreOverride": "100",
    "MinGearScore": "100",
    "MaxGearScore": "100",
    "Tier": "1",
    "ItemStatsRef": "SwordT5",
    "GrantsHWMBump": "",
    "IgnoreNameChanges": "",
    "CanHavePerks": "1",
    "CanReplaceGem": "1",
    "Perk1": "",
    "Perk2": "",
    "Perk3": "",
    "Perk4": "",
    "Perk5": "",
    "PerkBucket1": "AttributeSwordT5",
    "PerkBucket2": "PerkBucket_GlobalBucketChanceT5",
    "PerkBucket3": "GlobalGemSlotChanceT5",
    "PerkBucket4": "PerkBucket_GlobalBucketChanceT5",
    "PerkBucket5": "PerkBucket_GlobalBucketChanceT5",
    "ForceRarity": "",
    "RequiredLevel": "",
    "UseTypeAffix": "1",
    "UseMaterialAffix": "1",
    "UseMagicAffix": "1",
    "IconCaptureGroup": "Longsword",
    "UiItemClass": "UI_Weapon",
    "RDyeSlotDisabled": "0",
    "GDyeSlotDisabled": "0",
    "BDyeSlotDisabled": "1",
    "ADyeSlotDisabled": "1",
    "ArmorAppearanceM": "",
    "ArmorAppearanceF": "",
    "WeaponAppearanceOverride": "1hLongswordVinespunT5",
    "ConfirmDestroy": "",
    "ConfirmBeforeUse": "0",
    "ConsumeOnUse": "0",
    "PrefabPath": "Items/Weapons/weapon",
    "HousingTags": "",
    "IconPath": "1hSwordPrimevalT5",
    "MaxStackSize": "1",
    "DeathDropPercentage": "0",
    "Nonremovable": "",
    "IsMissionItem": "",
    "IsUniqueItem": "",
    "ContainerLevel": "",
    "ContainerGS": "",
    "IsSalvageable": "1",
    "SalvageResources": "",
    "IsRepairable": "1",
    "RepairDustModifier": "4",
    "RepairRecipe": "SalvageSmall_MetalT5",
    "CraftingRecipe": "SalvageSmall_MetalT5",
    "RepairGameEventID": "",
    "SalvageGameEventID": "",
    "SalvageAchievement": "",
    "RepairTypes": "",
    "IngredientCategories": "",
    "IngredientBonusPrimary": "",
    "IngredientBonusSecondary": "",
    "IngredientGearScoreBaseBonus": "",
    "IngredientGearScoreMaxBonus": "",
    "ExtraBonusItemChance": "",
    "Durability": "3000",
    "DurabilityDmgOnDeath": "0.12",
    "DestroyOnBreak": "0",
    "Weight": "54",
    "AcquisitionNotificationId": "",
    "AudioPickup": "Play_UI_Pickup_Sword",
    "AudioPlace": "Play_UI_Drop_Sword",
    "AudioUse": "Play_UI_Use_Sword",
    "AudioCreated": "Play_UI_Created_Sword",
    "AudioDestroyed": "Play_UI_item_broken",
    "MannequinTag": "",
    "SoundTableID": "",
    "WarboardGatherStat": "",
    "WarboardDepositStat": "",
    "Notes": "",
    "HideInLootTicker": ""
  },
  {
    "ItemID": "TestSkin_Rapier",
    "Name": "",
    "ItemType": "Weapon",
    "ItemTypeDisplayName": "",
    "Description": "",
    "ItemClass": "Weapon+EquippableMainHand+Rapier+Melee",
    "TradingCategory": "",
    "TradingFamily": "",
    "TradingGroup": "",
    "BindOnPickup": "1",
    "BindOnEquip": "",
    "GearScoreOverride": "100",
    "MinGearScore": "100",
    "MaxGearScore": "100",
    "Tier": "1",
    "ItemStatsRef": "RapierT5",
    "GrantsHWMBump": "",
    "IgnoreNameChanges": "",
    "CanHavePerks": "1",
    "CanReplaceGem": "1",
    "Perk1": "",
    "Perk2": "",
    "Perk3": "",
    "Perk4": "",
    "Perk5": "",
    "PerkBucket1": "AttributeRapierT5",
    "PerkBucket2": "PerkBucket_GlobalBucketChanceT5",
    "PerkBucket3": "GlobalGemSlotChanceT5",
    "PerkBucket4": "PerkBucket_GlobalBucketChanceT5",
    "PerkBucket5": "PerkBucket_GlobalBucketChanceT5",
    "ForceRarity": "",
    "RequiredLevel": "",
    "UseTypeAffix": "1",
    "UseMaterialAffix": "1",
    "UseMagicAffix": "1",
    "IconCaptureGroup": "Rapier",
    "UiItemClass": "UI_Weapon",
    "RDyeSlotDisabled": "0",
    "GDyeSlotDisabled": "0",
    "BDyeSlotDisabled": "1",
    "ADyeSlotDisabled": "1",
    "ArmorAppearanceM": "",
    "ArmorAppearanceF": "",
    "WeaponAppearanceOverride": "1hRapierPrimevalT5",
    "ConfirmDestroy": "",
    "ConfirmBeforeUse": "0",
    "ConsumeOnUse": "0",
    "PrefabPath": "Items/Weapons/weapon",
    "HousingTags": "",
    "IconPath": "1hRapierPrimevalT5",
    "MaxStackSize": "1",
    "DeathDropPercentage": "0",
    "Nonremovable": "",
    "IsMissionItem": "",
    "IsUniqueItem": "",
    "ContainerLevel": "",
    "ContainerGS": "",
    "IsSalvageable": "1",
    "SalvageResources": "",
    "IsRepairable": "1",
    "RepairDustModifier": "4",
    "RepairRecipe": "SalvageSmall_MetalT5",
    "CraftingRecipe": "SalvageSmall_MetalT5",
    "RepairGameEventID": "",
    "SalvageGameEventID": "",
    "SalvageAchievement": "",
    "RepairTypes": "",
    "IngredientCategories": "",
    "IngredientBonusPrimary": "",
    "IngredientBonusSecondary": "",
    "IngredientGearScoreBaseBonus": "",
    "IngredientGearScoreMaxBonus": "",
    "ExtraBonusItemChance": "",
    "Durability": "3000",
    "DurabilityDmgOnDeath": "0.12",
    "DestroyOnBreak": "0",
    "Weight": "54",
    "AcquisitionNotificationId": "",
    "AudioPickup": "Play_UI_Pickup_Sword",
    "AudioPlace": "Play_UI_Drop_Sword",
    "AudioUse": "Play_UI_Use_Sword",
    "AudioCreated": "Play_UI_Created_Sword",
    "AudioDestroyed": "Play_UI_item_broken",
    "MannequinTag": "",
    "SoundTableID": "",
    "WarboardGatherStat": "",
    "WarboardDepositStat": "",
    "Notes": "",
    "HideInLootTicker": ""
  },
  {
    "ItemID": "TestSkin_Hatchet",
    "Name": "",
    "ItemType": "Weapon",
    "ItemTypeDisplayName": "",
    "Description": "",
    "ItemClass": "Weapon+EquippableMainHand+Hatchet+Melee",
    "TradingCategory": "",
    "TradingFamily": "",
    "TradingGroup": "",
    "BindOnPickup": "1",
    "BindOnEquip": "",
    "GearScoreOverride": "100",
    "MinGearScore": "100",
    "MaxGearScore": "100",
    "Tier": "1",
    "ItemStatsRef": "HatchetT5",
    "GrantsHWMBump": "",
    "IgnoreNameChanges": "",
    "CanHavePerks": "1",
    "CanReplaceGem": "1",
    "Perk1": "",
    "Perk2": "",
    "Perk3": "",
    "Perk4": "",
    "Perk5": "",
    "PerkBucket1": "AttributeHatchetT5",
    "PerkBucket2": "PerkBucket_GlobalBucketChanceT5",
    "PerkBucket3": "GlobalGemSlotChanceT5",
    "PerkBucket4": "PerkBucket_GlobalBucketChanceT5",
    "PerkBucket5": "PerkBucket_GlobalBucketChanceT5",
    "ForceRarity": "",
    "RequiredLevel": "",
    "UseTypeAffix": "1",
    "UseMaterialAffix": "1",
    "UseMagicAffix": "1",
    "IconCaptureGroup": "ThrowingAxe",
    "UiItemClass": "UI_Weapon",
    "RDyeSlotDisabled": "0",
    "GDyeSlotDisabled": "0",
    "BDyeSlotDisabled": "1",
    "ADyeSlotDisabled": "1",
    "ArmorAppearanceM": "",
    "ArmorAppearanceF": "",
    "WeaponAppearanceOverride": "1hThrowingAxeVinespunT5",
    "ConfirmDestroy": "",
    "ConfirmBeforeUse": "0",
    "ConsumeOnUse": "0",
    "PrefabPath": "Items/Weapons/weapon",
    "HousingTags": "",
    "IconPath": "1hHatchetPrimevalT5",
    "MaxStackSize": "1",
    "DeathDropPercentage": "0",
    "Nonremovable": "",
    "IsMissionItem": "",
    "IsUniqueItem": "",
    "ContainerLevel": "",
    "ContainerGS": "",
    "IsSalvageable": "1",
    "SalvageResources": "",
    "IsRepairable": "1",
    "RepairDustModifier": "4",
    "RepairRecipe": "SalvageSmall_MetalT5",
    "CraftingRecipe": "SalvageSmall_MetalT5",
    "RepairGameEventID": "",
    "SalvageGameEventID": "",
    "SalvageAchievement": "",
    "RepairTypes": "",
    "IngredientCategories": "",
    "IngredientBonusPrimary": "",
    "IngredientBonusSecondary": "",
    "IngredientGearScoreBaseBonus": "",
    "IngredientGearScoreMaxBonus": "",
    "ExtraBonusItemChance": "",
    "Durability": "3000",
    "DurabilityDmgOnDeath": "0.12",
    "DestroyOnBreak": "0",
    "Weight": "54",
    "AcquisitionNotificationId": "",
    "AudioPickup": "Play_UI_Pickup_Axe",
    "AudioPlace": "Play_UI_Drop_Axe",
    "AudioUse": "Play_UI_Use_Axe",
    "AudioCreated": "Play_UI_Created_Axe",
    "AudioDestroyed": "Play_UI_item_broken",
    "MannequinTag": "",
    "SoundTableID": "",
    "WarboardGatherStat": "",
    "WarboardDepositStat": "",
    "Notes": "",
    "HideInLootTicker": ""
  },
  {
    "ItemID": "TestSkin_WarHammer",
    "Name": "",
    "ItemType": "Weapon",
    "ItemTypeDisplayName": "",
    "Description": "",
    "ItemClass": "Weapon+EquippableTwoHand+2HHammer+Melee",
    "TradingCategory": "",
    "TradingFamily": "",
    "TradingGroup": "",
    "BindOnPickup": "1",
    "BindOnEquip": "",
    "GearScoreOverride": "100",
    "MinGearScore": "100",
    "MaxGearScore": "100",
    "Tier": "1",
    "ItemStatsRef": "2HHammerT5",
    "GrantsHWMBump": "",
    "IgnoreNameChanges": "",
    "CanHavePerks": "1",
    "CanReplaceGem": "1",
    "Perk1": "",
    "Perk2": "",
    "Perk3": "",
    "Perk4": "",
    "Perk5": "",
    "PerkBucket1": "AttributeWarhammerT5",
    "PerkBucket2": "PerkBucket_GlobalBucketChanceT5",
    "PerkBucket3": "GlobalGemSlotChanceT5",
    "PerkBucket4": "PerkBucket_GlobalBucketChanceT5",
    "PerkBucket5": "PerkBucket_GlobalBucketChanceT5",
    "ForceRarity": "",
    "RequiredLevel": "",
    "UseTypeAffix": "1",
    "UseMaterialAffix": "1",
    "UseMagicAffix": "1",
    "IconCaptureGroup": "WarHammer",
    "UiItemClass": "UI_Weapon",
    "RDyeSlotDisabled": "0",
    "GDyeSlotDisabled": "0",
    "BDyeSlotDisabled": "1",
    "ADyeSlotDisabled": "1",
    "ArmorAppearanceM": "",
    "ArmorAppearanceF": "",
    "WeaponAppearanceOverride": "2hWarhammerAngelDemon",
    "ConfirmDestroy": "",
    "ConfirmBeforeUse": "0",
    "ConsumeOnUse": "0",
    "PrefabPath": "Items/Weapons/weapon",
    "HousingTags": "",
    "IconPath": "2hWarhammerPrimevalT5",
    "MaxStackSize": "1",
    "DeathDropPercentage": "0",
    "Nonremovable": "",
    "IsMissionItem": "",
    "IsUniqueItem": "",
    "ContainerLevel": "",
    "ContainerGS": "",
    "IsSalvageable": "1",
    "SalvageResources": "",
    "IsRepairable": "1",
    "RepairDustModifier": "4",
    "RepairRecipe": "SalvageSmall_MetalT5",
    "CraftingRecipe": "SalvageSmall_MetalT5",
    "RepairGameEventID": "",
    "SalvageGameEventID": "",
    "SalvageAchievement": "",
    "RepairTypes": "",
    "IngredientCategories": "",
    "IngredientBonusPrimary": "",
    "IngredientBonusSecondary": "",
    "IngredientGearScoreBaseBonus": "",
    "IngredientGearScoreMaxBonus": "",
    "ExtraBonusItemChance": "",
    "Durability": "3000",
    "DurabilityDmgOnDeath": "0.12",
    "DestroyOnBreak": "0",
    "Weight": "130",
    "AcquisitionNotificationId": "",
    "AudioPickup": "Play_UI_Pickup_Axe",
    "AudioPlace": "Play_UI_Drop_Axe",
    "AudioUse": "Play_UI_Use_Axe",
    "AudioCreated": "Play_UI_Created_Axe",
    "AudioDestroyed": "Play_UI_item_broken",
    "MannequinTag": "",
    "SoundTableID": "",
    "WarboardGatherStat": "",
    "WarboardDepositStat": "",
    "Notes": "",
    "HideInLootTicker": ""
  },
  {
    "ItemID": "TestSkin_Spear",
    "Name": "",
    "ItemType": "Weapon",
    "ItemTypeDisplayName": "",
    "Description": "",
    "ItemClass": "Weapon+EquippableTwoHand+Spear+Melee",
    "TradingCategory": "",
    "TradingFamily": "",
    "TradingGroup": "",
    "BindOnPickup": "1",
    "BindOnEquip": "",
    "GearScoreOverride": "100",
    "MinGearScore": "100",
    "MaxGearScore": "100",
    "Tier": "1",
    "ItemStatsRef": "SpearT5",
    "GrantsHWMBump": "",
    "IgnoreNameChanges": "",
    "CanHavePerks": "1",
    "CanReplaceGem": "1",
    "Perk1": "",
    "Perk2": "",
    "Perk3": "",
    "Perk4": "",
    "Perk5": "",
    "PerkBucket1": "AttributeSpearT5",
    "PerkBucket2": "PerkBucket_GlobalBucketChanceT5",
    "PerkBucket3": "GlobalGemSlotChanceT5",
    "PerkBucket4": "PerkBucket_GlobalBucketChanceT5",
    "PerkBucket5": "PerkBucket_GlobalBucketChanceT5",
    "ForceRarity": "",
    "RequiredLevel": "",
    "UseTypeAffix": "1",
    "UseMaterialAffix": "1",
    "UseMagicAffix": "1",
    "IconCaptureGroup": "Spear",
    "UiItemClass": "UI_Weapon",
    "RDyeSlotDisabled": "0",
    "GDyeSlotDisabled": "0",
    "BDyeSlotDisabled": "0",
    "ADyeSlotDisabled": "0",
    "ArmorAppearanceM": "",
    "ArmorAppearanceF": "",
    "WeaponAppearanceOverride": "2hspearAngelDemon",
    "ConfirmDestroy": "",
    "ConfirmBeforeUse": "0",
    "ConsumeOnUse": "0",
    "PrefabPath": "Items/Weapons/weapon",
    "HousingTags": "",
    "IconPath": "2hSpearPrimevalT5",
    "MaxStackSize": "1",
    "DeathDropPercentage": "0",
    "Nonremovable": "",
    "IsMissionItem": "",
    "IsUniqueItem": "",
    "ContainerLevel": "",
    "ContainerGS": "",
    "IsSalvageable": "1",
    "SalvageResources": "",
    "IsRepairable": "1",
    "RepairDustModifier": "4",
    "RepairRecipe": "SalvageSmall_MetalT5",
    "CraftingRecipe": "SalvageSmall_MetalT5",
    "RepairGameEventID": "",
    "SalvageGameEventID": "",
    "SalvageAchievement": "",
    "RepairTypes": "",
    "IngredientCategories": "",
    "IngredientBonusPrimary": "",
    "IngredientBonusSecondary": "",
    "IngredientGearScoreBaseBonus": "",
    "IngredientGearScoreMaxBonus": "",
    "ExtraBonusItemChance": "",
    "Durability": "3000",
    "DurabilityDmgOnDeath": "0.12",
    "DestroyOnBreak": "0",
    "Weight": "108",
    "AcquisitionNotificationId": "",
    "AudioPickup": "Play_UI_Pickup_Metal_Weapon",
    "AudioPlace": "Play_UI_Drop_Metal_Weapon",
    "AudioUse": "Play_UI_Use_Metal_Weapon",
    "AudioCreated": "Play_UI_Created_Metal_Weapon",
    "AudioDestroyed": "Play_UI_item_broken",
    "MannequinTag": "",
    "SoundTableID": "",
    "WarboardGatherStat": "",
    "WarboardDepositStat": "",
    "Notes": "",
    "HideInLootTicker": ""
  },
  {
    "ItemID": "TestSkin_Bow",
    "Name": "",
    "ItemType": "Weapon",
    "ItemTypeDisplayName": "",
    "Description": "",
    "ItemClass": "Weapon+EquippableTwoHand+Bow+Ranged",
    "TradingCategory": "",
    "TradingFamily": "",
    "TradingGroup": "",
    "BindOnPickup": "1",
    "BindOnEquip": "",
    "GearScoreOverride": "100",
    "MinGearScore": "100",
    "MaxGearScore": "100",
    "Tier": "1",
    "ItemStatsRef": "BowT5",
    "GrantsHWMBump": "",
    "IgnoreNameChanges": "",
    "CanHavePerks": "1",
    "CanReplaceGem": "1",
    "Perk1": "",
    "Perk2": "",
    "Perk3": "",
    "Perk4": "",
    "Perk5": "",
    "PerkBucket1": "AttributeBowT5",
    "PerkBucket2": "PerkBucket_GlobalBucketChanceT5",
    "PerkBucket3": "GlobalGemSlotChanceT5",
    "PerkBucket4": "PerkBucket_GlobalBucketChanceT5",
    "PerkBucket5": "PerkBucket_GlobalBucketChanceT5",
    "ForceRarity": "",
    "RequiredLevel": "",
    "UseTypeAffix": "1",
    "UseMaterialAffix": "1",
    "UseMagicAffix": "1",
    "IconCaptureGroup": "Bow",
    "UiItemClass": "UI_Weapon",
    "RDyeSlotDisabled": "0",
    "GDyeSlotDisabled": "0",
    "BDyeSlotDisabled": "0",
    "ADyeSlotDisabled": "0",
    "ArmorAppearanceM": "",
    "ArmorAppearanceF": "",
    "WeaponAppearanceOverride": "2hBowVinespunT5",
    "ConfirmDestroy": "",
    "ConfirmBeforeUse": "0",
    "ConsumeOnUse": "0",
    "PrefabPath": "Items/Weapons/weapon",
    "HousingTags": "",
    "IconPath": "2hBowPrimevalT5",
    "MaxStackSize": "1",
    "DeathDropPercentage": "0",
    "Nonremovable": "",
    "IsMissionItem": "",
    "IsUniqueItem": "",
    "ContainerLevel": "",
    "ContainerGS": "",
    "IsSalvageable": "1",
    "SalvageResources": "",
    "IsRepairable": "1",
    "RepairDustModifier": "4",
    "RepairRecipe": "SalvageSmall_MetalT5",
    "CraftingRecipe": "SalvageSmall_MetalT5",
    "RepairGameEventID": "",
    "SalvageGameEventID": "",
    "SalvageAchievement": "",
    "RepairTypes": "",
    "IngredientCategories": "",
    "IngredientBonusPrimary": "",
    "IngredientBonusSecondary": "",
    "IngredientGearScoreBaseBonus": "",
    "IngredientGearScoreMaxBonus": "",
    "ExtraBonusItemChance": "",
    "Durability": "3000",
    "DurabilityDmgOnDeath": "0.12",
    "DestroyOnBreak": "0",
    "Weight": "126",
    "AcquisitionNotificationId": "",
    "AudioPickup": "Play_UI_Pickup_Bow",
    "AudioPlace": "Play_UI_Drop_Bow",
    "AudioUse": "Play_UI_Use_Bow",
    "AudioCreated": "Play_UI_Created_Bow",
    "AudioDestroyed": "Play_UI_item_broken",
    "MannequinTag": "",
    "SoundTableID": "",
    "WarboardGatherStat": "",
    "WarboardDepositStat": "",
    "Notes": "",
    "HideInLootTicker": ""
  },
  {
    "ItemID": "TestSkin_Musket",
    "Name": "",
    "ItemType": "Weapon",
    "ItemTypeDisplayName": "",
    "Description": "",
    "ItemClass": "Weapon+EquippableTwoHand+Musket+Ranged",
    "TradingCategory": "",
    "TradingFamily": "",
    "TradingGroup": "",
    "BindOnPickup": "1",
    "BindOnEquip": "",
    "GearScoreOverride": "100",
    "MinGearScore": "100",
    "MaxGearScore": "100",
    "Tier": "1",
    "ItemStatsRef": "MusketT5",
    "GrantsHWMBump": "",
    "IgnoreNameChanges": "",
    "CanHavePerks": "1",
    "CanReplaceGem": "1",
    "Perk1": "",
    "Perk2": "",
    "Perk3": "",
    "Perk4": "",
    "Perk5": "",
    "PerkBucket1": "AttributeMusketT5",
    "PerkBucket2": "PerkBucket_GlobalBucketChanceT5",
    "PerkBucket3": "GlobalGemSlotChanceT5",
    "PerkBucket4": "PerkBucket_GlobalBucketChanceT5",
    "PerkBucket5": "PerkBucket_GlobalBucketChanceT5",
    "ForceRarity": "",
    "RequiredLevel": "",
    "UseTypeAffix": "1",
    "UseMaterialAffix": "1",
    "UseMagicAffix": "1",
    "IconCaptureGroup": "Musket",
    "UiItemClass": "UI_Weapon",
    "RDyeSlotDisabled": "0",
    "GDyeSlotDisabled": "0",
    "BDyeSlotDisabled": "0",
    "ADyeSlotDisabled": "0",
    "ArmorAppearanceM": "",
    "ArmorAppearanceF": "",
    "WeaponAppearanceOverride": "2hMusketVinespunT5",
    "ConfirmDestroy": "",
    "ConfirmBeforeUse": "0",
    "ConsumeOnUse": "0",
    "PrefabPath": "Items/Weapons/weapon",
    "HousingTags": "",
    "IconPath": "2hMusketPrimevalT5",
    "MaxStackSize": "1",
    "DeathDropPercentage": "0",
    "Nonremovable": "",
    "IsMissionItem": "",
    "IsUniqueItem": "",
    "ContainerLevel": "",
    "ContainerGS": "",
    "IsSalvageable": "1",
    "SalvageResources": "",
    "IsRepairable": "1",
    "RepairDustModifier": "4",
    "RepairRecipe": "SalvageSmall_MetalT5",
    "CraftingRecipe": "SalvageSmall_MetalT5",
    "RepairGameEventID": "",
    "SalvageGameEventID": "",
    "SalvageAchievement": "",
    "RepairTypes": "",
    "IngredientCategories": "",
    "IngredientBonusPrimary": "",
    "IngredientBonusSecondary": "",
    "IngredientGearScoreBaseBonus": "",
    "IngredientGearScoreMaxBonus": "",
    "ExtraBonusItemChance": "",
    "Durability": "3000",
    "DurabilityDmgOnDeath": "0.12",
    "DestroyOnBreak": "0",
    "Weight": "148",
    "AcquisitionNotificationId": "",
    "AudioPickup": "Play_UI_Pickup_Firearm",
    "AudioPlace": "Play_UI_Drop_Firearm",
    "AudioUse": "Play_UI_Use_Firearm",
    "AudioCreated": "Play_UI_Created_Firearm",
    "AudioDestroyed": "Play_UI_item_broken",
    "MannequinTag": "",
    "SoundTableID": "",
    "WarboardGatherStat": "",
    "WarboardDepositStat": "",
    "Notes": "",
    "HideInLootTicker": ""
  },
  {
    "ItemID": "TestSkin_GreatAxe",
    "Name": "",
    "ItemType": "Weapon",
    "ItemTypeDisplayName": "",
    "Description": "",
    "ItemClass": "Weapon+EquippableTwoHand+2HAxe+Melee",
    "TradingCategory": "",
    "TradingFamily": "",
    "TradingGroup": "",
    "BindOnPickup": "1",
    "BindOnEquip": "",
    "GearScoreOverride": "100",
    "MinGearScore": "100",
    "MaxGearScore": "100",
    "Tier": "1",
    "ItemStatsRef": "2HAxeT5",
    "GrantsHWMBump": "",
    "IgnoreNameChanges": "",
    "CanHavePerks": "1",
    "CanReplaceGem": "1",
    "Perk1": "",
    "Perk2": "",
    "Perk3": "",
    "Perk4": "",
    "Perk5": "",
    "PerkBucket1": "AttributeGreatAxeT5",
    "PerkBucket2": "PerkBucket_GlobalBucketChanceT5",
    "PerkBucket3": "GlobalGemSlotChanceT5",
    "PerkBucket4": "PerkBucket_GlobalBucketChanceT5",
    "PerkBucket5": "PerkBucket_GlobalBucketChanceT5",
    "ForceRarity": "",
    "RequiredLevel": "",
    "UseTypeAffix": "1",
    "UseMaterialAffix": "1",
    "UseMagicAffix": "1",
    "IconCaptureGroup": "GreatAxe",
    "UiItemClass": "UI_Weapon",
    "RDyeSlotDisabled": "0",
    "GDyeSlotDisabled": "0",
    "BDyeSlotDisabled": "1",
    "ADyeSlotDisabled": "1",
    "ArmorAppearanceM": "",
    "ArmorAppearanceF": "",
    "WeaponAppearanceOverride": "2hGreatAxeVinespunT5",
    "ConfirmDestroy": "",
    "ConfirmBeforeUse": "0",
    "ConsumeOnUse": "0",
    "PrefabPath": "Items/Weapons/weapon",
    "HousingTags": "",
    "IconPath": "2hGreatAxePrimevalT5",
    "MaxStackSize": "1",
    "DeathDropPercentage": "0",
    "Nonremovable": "",
    "IsMissionItem": "",
    "IsUniqueItem": "",
    "ContainerLevel": "",
    "ContainerGS": "",
    "IsSalvageable": "1",
    "SalvageResources": "",
    "IsRepairable": "1",
    "RepairDustModifier": "4",
    "RepairRecipe": "SalvageSmall_MetalT5",
    "CraftingRecipe": "SalvageSmall_MetalT5",
    "RepairGameEventID": "",
    "SalvageGameEventID": "",
    "SalvageAchievement": "",
    "RepairTypes": "",
    "IngredientCategories": "",
    "IngredientBonusPrimary": "",
    "IngredientBonusSecondary": "",
    "IngredientGearScoreBaseBonus": "",
    "IngredientGearScoreMaxBonus": "",
    "ExtraBonusItemChance": "",
    "Durability": "3000",
    "DurabilityDmgOnDeath": "0.12",
    "DestroyOnBreak": "0",
    "Weight": "128",
    "AcquisitionNotificationId": "",
    "AudioPickup": "Play_UI_Pickup_Axe",
    "AudioPlace": "Play_UI_Drop_Axe",
    "AudioUse": "Play_UI_Use_Axe",
    "AudioCreated": "Play_UI_Created_Axe",
    "AudioDestroyed": "Play_UI_item_broken",
    "MannequinTag": "",
    "SoundTableID": "",
    "WarboardGatherStat": "",
    "WarboardDepositStat": "",
    "Notes": "",
    "HideInLootTicker": ""
  },
  {
    "ItemID": "TestSkin_FireStaff",
    "Name": "",
    "ItemType": "Weapon",
    "ItemTypeDisplayName": "",
    "Description": "",
    "ItemClass": "Weapon+EquippableMainHand+FireStaff+Magic",
    "TradingCategory": "",
    "TradingFamily": "",
    "TradingGroup": "",
    "BindOnPickup": "1",
    "BindOnEquip": "",
    "GearScoreOverride": "100",
    "MinGearScore": "100",
    "MaxGearScore": "100",
    "Tier": "1",
    "ItemStatsRef": "FireStaffT5",
    "GrantsHWMBump": "",
    "IgnoreNameChanges": "",
    "CanHavePerks": "1",
    "CanReplaceGem": "1",
    "Perk1": "",
    "Perk2": "",
    "Perk3": "",
    "Perk4": "",
    "Perk5": "",
    "PerkBucket1": "AttributeFireStaffT5",
    "PerkBucket2": "PerkBucket_GlobalBucketChanceT5",
    "PerkBucket3": "GlobalGemSlotChanceT5",
    "PerkBucket4": "PerkBucket_GlobalBucketChanceT5",
    "PerkBucket5": "PerkBucket_GlobalBucketChanceT5",
    "ForceRarity": "",
    "RequiredLevel": "",
    "UseTypeAffix": "1",
    "UseMaterialAffix": "1",
    "UseMagicAffix": "1",
    "IconCaptureGroup": "StaffFire",
    "UiItemClass": "UI_Weapon",
    "RDyeSlotDisabled": "0",
    "GDyeSlotDisabled": "1",
    "BDyeSlotDisabled": "1",
    "ADyeSlotDisabled": "1",
    "ArmorAppearanceM": "",
    "ArmorAppearanceF": "",
    "WeaponAppearanceOverride": "2hStaffFire_AngelDemon",
    "ConfirmDestroy": "",
    "ConfirmBeforeUse": "0",
    "ConsumeOnUse": "0",
    "PrefabPath": "Items/Weapons/weapon",
    "HousingTags": "",
    "IconPath": "2hFireStaffPrimevalT5",
    "MaxStackSize": "1",
    "DeathDropPercentage": "0",
    "Nonremovable": "",
    "IsMissionItem": "",
    "IsUniqueItem": "",
    "ContainerLevel": "",
    "ContainerGS": "",
    "IsSalvageable": "1",
    "SalvageResources": "",
    "IsRepairable": "1",
    "RepairDustModifier": "4",
    "RepairRecipe": "SalvageSmall_MetalT5",
    "CraftingRecipe": "SalvageSmall_MetalT5",
    "RepairGameEventID": "",
    "SalvageGameEventID": "",
    "SalvageAchievement": "",
    "RepairTypes": "",
    "IngredientCategories": "",
    "IngredientBonusPrimary": "",
    "IngredientBonusSecondary": "",
    "IngredientGearScoreBaseBonus": "",
    "IngredientGearScoreMaxBonus": "",
    "ExtraBonusItemChance": "",
    "Durability": "3000",
    "DurabilityDmgOnDeath": "0.12",
    "DestroyOnBreak": "0",
    "Weight": "126",
    "AcquisitionNotificationId": "",
    "AudioPickup": "Play_UI_Pickup_Generic",
    "AudioPlace": "Play_UI_Drop_Generic",
    "AudioUse": "Play_UI_Use_Generic",
    "AudioCreated": "Play_UI_Created_Generic",
    "AudioDestroyed": "Play_UI_item_broken",
    "MannequinTag": "",
    "SoundTableID": "",
    "WarboardGatherStat": "",
    "WarboardDepositStat": "",
    "Notes": "",
    "HideInLootTicker": ""
  },
  {
    "ItemID": "TestSkin_LifeStaff",
    "Name": "",
    "ItemType": "Weapon",
    "ItemTypeDisplayName": "",
    "Description": "",
    "ItemClass": "Weapon+EquippableMainHand+LifeStaff+Magic",
    "TradingCategory": "",
    "TradingFamily": "",
    "TradingGroup": "",
    "BindOnPickup": "1",
    "BindOnEquip": "",
    "GearScoreOverride": "100",
    "MinGearScore": "100",
    "MaxGearScore": "100",
    "Tier": "1",
    "ItemStatsRef": "LifeStaffT5",
    "GrantsHWMBump": "",
    "IgnoreNameChanges": "",
    "CanHavePerks": "1",
    "CanReplaceGem": "1",
    "Perk1": "",
    "Perk2": "",
    "Perk3": "",
    "Perk4": "",
    "Perk5": "",
    "PerkBucket1": "AttributeLifeStaffT5",
    "PerkBucket2": "PerkBucket_GlobalBucketChanceT5",
    "PerkBucket3": "GlobalGemSlotChanceT5",
    "PerkBucket4": "PerkBucket_GlobalBucketChanceT5",
    "PerkBucket5": "PerkBucket_GlobalBucketChanceT5",
    "ForceRarity": "",
    "RequiredLevel": "",
    "UseTypeAffix": "1",
    "UseMaterialAffix": "1",
    "UseMagicAffix": "1",
    "IconCaptureGroup": "StaffLife",
    "UiItemClass": "UI_Weapon",
    "RDyeSlotDisabled": "0",
    "GDyeSlotDisabled": "1",
    "BDyeSlotDisabled": "1",
    "ADyeSlotDisabled": "1",
    "ArmorAppearanceM": "",
    "ArmorAppearanceF": "",
    "WeaponAppearanceOverride": "2hStaffLife_AngelDemon",
    "ConfirmDestroy": "",
    "ConfirmBeforeUse": "0",
    "ConsumeOnUse": "0",
    "PrefabPath": "Items/Weapons/weapon",
    "HousingTags": "",
    "IconPath": "2hLifeStaffPrimevalT5",
    "MaxStackSize": "1",
    "DeathDropPercentage": "0",
    "Nonremovable": "",
    "IsMissionItem": "",
    "IsUniqueItem": "",
    "ContainerLevel": "",
    "ContainerGS": "",
    "IsSalvageable": "1",
    "SalvageResources": "",
    "IsRepairable": "1",
    "RepairDustModifier": "4",
    "RepairRecipe": "SalvageSmall_MetalT5",
    "CraftingRecipe": "SalvageSmall_MetalT5",
    "RepairGameEventID": "",
    "SalvageGameEventID": "",
    "SalvageAchievement": "",
    "RepairTypes": "",
    "IngredientCategories": "",
    "IngredientBonusPrimary": "",
    "IngredientBonusSecondary": "",
    "IngredientGearScoreBaseBonus": "",
    "IngredientGearScoreMaxBonus": "",
    "ExtraBonusItemChance": "",
    "Durability": "3000",
    "DurabilityDmgOnDeath": "0.12",
    "DestroyOnBreak": "0",
    "Weight": "126",
    "AcquisitionNotificationId": "",
    "AudioPickup": "Play_UI_Pickup_Generic",
    "AudioPlace": "Play_UI_Drop_Generic",
    "AudioUse": "Play_UI_Use_Generic",
    "AudioCreated": "Play_UI_Created_Generic",
    "AudioDestroyed": "Play_UI_item_broken",
    "MannequinTag": "",
    "SoundTableID": "",
    "WarboardGatherStat": "",
    "WarboardDepositStat": "",
    "Notes": "",
    "HideInLootTicker": ""
  },
  {
    "ItemID": "TestSkin_RoundShield",
    "Name": "",
    "ItemType": "Weapon",
    "ItemTypeDisplayName": "",
    "Description": "",
    "ItemClass": "Weapon+EquippableOffHand+Shield",
    "TradingCategory": "",
    "TradingFamily": "",
    "TradingGroup": "",
    "BindOnPickup": "1",
    "BindOnEquip": "",
    "GearScoreOverride": "100",
    "MinGearScore": "100",
    "MaxGearScore": "100",
    "Tier": "1",
    "ItemStatsRef": "1hShieldAT5",
    "GrantsHWMBump": "",
    "IgnoreNameChanges": "",
    "CanHavePerks": "1",
    "CanReplaceGem": "1",
    "Perk1": "",
    "Perk2": "",
    "Perk3": "",
    "Perk4": "",
    "Perk5": "",
    "PerkBucket1": "AttributeShieldT5",
    "PerkBucket2": "PerkBucket_GlobalBucketChanceT5",
    "PerkBucket3": "PerkBucket_GlobalBucketChanceT5",
    "PerkBucket4": "PerkBucket_GlobalBucketChanceT5",
    "PerkBucket5": "",
    "ForceRarity": "",
    "RequiredLevel": "",
    "UseTypeAffix": "1",
    "UseMaterialAffix": "1",
    "UseMagicAffix": "1",
    "IconCaptureGroup": "RoundShield",
    "UiItemClass": "UI_Weapon",
    "RDyeSlotDisabled": "0",
    "GDyeSlotDisabled": "0",
    "BDyeSlotDisabled": "0",
    "ADyeSlotDisabled": "0",
    "ArmorAppearanceM": "",
    "ArmorAppearanceF": "",
    "WeaponAppearanceOverride": "1hRoundShieldVinespunT5",
    "ConfirmDestroy": "",
    "ConfirmBeforeUse": "0",
    "ConsumeOnUse": "0",
    "PrefabPath": "Items/Weapons/weapon",
    "HousingTags": "",
    "IconPath": "1hRoundShieldPrimevalT5",
    "MaxStackSize": "1",
    "DeathDropPercentage": "0",
    "Nonremovable": "",
    "IsMissionItem": "",
    "IsUniqueItem": "",
    "ContainerLevel": "",
    "ContainerGS": "",
    "IsSalvageable": "1",
    "SalvageResources": "",
    "IsRepairable": "1",
    "RepairDustModifier": "4",
    "RepairRecipe": "SalvageSmall_MetalT5",
    "CraftingRecipe": "SalvageSmall_MetalT5",
    "RepairGameEventID": "",
    "SalvageGameEventID": "",
    "SalvageAchievement": "",
    "RepairTypes": "",
    "IngredientCategories": "",
    "IngredientBonusPrimary": "",
    "IngredientBonusSecondary": "",
    "IngredientGearScoreBaseBonus": "",
    "IngredientGearScoreMaxBonus": "",
    "ExtraBonusItemChance": "",
    "Durability": "3000",
    "DurabilityDmgOnDeath": "0.12",
    "DestroyOnBreak": "0",
    "Weight": "48",
    "AcquisitionNotificationId": "",
    "AudioPickup": "Play_UI_Pickup_Firearm",
    "AudioPlace": "Play_UI_Drop_Firearm",
    "AudioUse": "Play_UI_Use_Firearm",
    "AudioCreated": "Play_UI_Created_Firearm",
    "AudioDestroyed": "Play_UI_item_broken",
    "MannequinTag": "",
    "SoundTableID": "",
    "WarboardGatherStat": "",
    "WarboardDepositStat": "",
    "Notes": "",
    "HideInLootTicker": ""
  },
  {
    "ItemID": "TestSkin_KiteShield",
    "Name": "",
    "ItemType": "Weapon",
    "ItemTypeDisplayName": "",
    "Description": "",
    "ItemClass": "Weapon+EquippableOffHand+Shield",
    "TradingCategory": "",
    "TradingFamily": "",
    "TradingGroup": "",
    "BindOnPickup": "1",
    "BindOnEquip": "",
    "GearScoreOverride": "100",
    "MinGearScore": "100",
    "MaxGearScore": "100",
    "Tier": "1",
    "ItemStatsRef": "1hShieldBT5",
    "GrantsHWMBump": "",
    "IgnoreNameChanges": "",
    "CanHavePerks": "1",
    "CanReplaceGem": "1",
    "Perk1": "",
    "Perk2": "",
    "Perk3": "",
    "Perk4": "",
    "Perk5": "",
    "PerkBucket1": "AttributeShieldT5",
    "PerkBucket2": "PerkBucket_GlobalBucketChanceT5",
    "PerkBucket3": "PerkBucket_GlobalBucketChanceT5",
    "PerkBucket4": "PerkBucket_GlobalBucketChanceT5",
    "PerkBucket5": "",
    "ForceRarity": "",
    "RequiredLevel": "",
    "UseTypeAffix": "1",
    "UseMaterialAffix": "1",
    "UseMagicAffix": "1",
    "IconCaptureGroup": "KiteShield",
    "UiItemClass": "UI_Weapon",
    "RDyeSlotDisabled": "0",
    "GDyeSlotDisabled": "0",
    "BDyeSlotDisabled": "0",
    "ADyeSlotDisabled": "0",
    "ArmorAppearanceM": "",
    "ArmorAppearanceF": "",
    "WeaponAppearanceOverride": "1hKiteShieldViciousT5",
    "ConfirmDestroy": "",
    "ConfirmBeforeUse": "0",
    "ConsumeOnUse": "0",
    "PrefabPath": "Items/Weapons/weapon",
    "HousingTags": "",
    "IconPath": "1hKiteShieldPrimevalT5",
    "MaxStackSize": "1",
    "DeathDropPercentage": "0",
    "Nonremovable": "",
    "IsMissionItem": "",
    "IsUniqueItem": "",
    "ContainerLevel": "",
    "ContainerGS": "",
    "IsSalvageable": "1",
    "SalvageResources": "",
    "IsRepairable": "1",
    "RepairDustModifier": "4",
    "RepairRecipe": "SalvageSmall_MetalT5",
    "CraftingRecipe": "SalvageSmall_MetalT5",
    "RepairGameEventID": "",
    "SalvageGameEventID": "",
    "SalvageAchievement": "",
    "RepairTypes": "",
    "IngredientCategories": "",
    "IngredientBonusPrimary": "",
    "IngredientBonusSecondary": "",
    "IngredientGearScoreBaseBonus": "",
    "IngredientGearScoreMaxBonus": "",
    "ExtraBonusItemChance": "",
    "Durability": "3000",
    "DurabilityDmgOnDeath": "0.12",
    "DestroyOnBreak": "0",
    "Weight": "54",
    "AcquisitionNotificationId": "",
    "AudioPickup": "Play_UI_Pickup_Firearm",
    "AudioPlace": "Play_UI_Drop_Firearm",
    "AudioUse": "Play_UI_Use_Firearm",
    "AudioCreated": "Play_UI_Created_Firearm",
    "AudioDestroyed": "Play_UI_item_broken",
    "MannequinTag": "",
    "SoundTableID": "",
    "WarboardGatherStat": "",
    "WarboardDepositStat": "",
    "Notes": "",
    "HideInLootTicker": ""
  },
  {
    "ItemID": "TestSkin_TowerShield",
    "Name": "",
    "ItemType": "Weapon",
    "ItemTypeDisplayName": "",
    "Description": "",
    "ItemClass": "Weapon+EquippableOffHand+Shield",
    "TradingCategory": "",
    "TradingFamily": "",
    "TradingGroup": "",
    "BindOnPickup": "1",
    "BindOnEquip": "",
    "GearScoreOverride": "100",
    "MinGearScore": "100",
    "MaxGearScore": "100",
    "Tier": "1",
    "ItemStatsRef": "1hShieldBT5",
    "GrantsHWMBump": "",
    "IgnoreNameChanges": "",
    "CanHavePerks": "1",
    "CanReplaceGem": "1",
    "Perk1": "",
    "Perk2": "",
    "Perk3": "",
    "Perk4": "",
    "Perk5": "",
    "PerkBucket1": "AttributeShieldT5",
    "PerkBucket2": "PerkBucket_GlobalBucketChanceT5",
    "PerkBucket3": "PerkBucket_GlobalBucketChanceT5",
    "PerkBucket4": "PerkBucket_GlobalBucketChanceT5",
    "PerkBucket5": "",
    "ForceRarity": "",
    "RequiredLevel": "",
    "UseTypeAffix": "1",
    "UseMaterialAffix": "1",
    "UseMagicAffix": "1",
    "IconCaptureGroup": "KiteShield",
    "UiItemClass": "UI_Weapon",
    "RDyeSlotDisabled": "0",
    "GDyeSlotDisabled": "0",
    "BDyeSlotDisabled": "0",
    "ADyeSlotDisabled": "0",
    "ArmorAppearanceM": "",
    "ArmorAppearanceF": "",
    "WeaponAppearanceOverride": "1hShieldCVinespunT5",
    "ConfirmDestroy": "",
    "ConfirmBeforeUse": "0",
    "ConsumeOnUse": "0",
    "PrefabPath": "Items/Weapons/weapon",
    "HousingTags": "",
    "IconPath": "1hKiteShieldPrimevalT5",
    "MaxStackSize": "1",
    "DeathDropPercentage": "0",
    "Nonremovable": "",
    "IsMissionItem": "",
    "IsUniqueItem": "",
    "ContainerLevel": "",
    "ContainerGS": "",
    "IsSalvageable": "1",
    "SalvageResources": "",
    "IsRepairable": "1",
    "RepairDustModifier": "4",
    "RepairRecipe": "SalvageSmall_MetalT5",
    "CraftingRecipe": "SalvageSmall_MetalT5",
    "RepairGameEventID": "",
    "SalvageGameEventID": "",
    "SalvageAchievement": "",
    "RepairTypes": "",
    "IngredientCategories": "",
    "IngredientBonusPrimary": "",
    "IngredientBonusSecondary": "",
    "IngredientGearScoreBaseBonus": "",
    "IngredientGearScoreMaxBonus": "",
    "ExtraBonusItemChance": "",
    "Durability": "3000",
    "DurabilityDmgOnDeath": "0.12",
    "DestroyOnBreak": "0",
    "Weight": "54",
    "AcquisitionNotificationId": "",
    "AudioPickup": "Play_UI_Pickup_Firearm",
    "AudioPlace": "Play_UI_Drop_Firearm",
    "AudioUse": "Play_UI_Use_Firearm",
    "AudioCreated": "Play_UI_Created_Firearm",
    "AudioDestroyed": "Play_UI_item_broken",
    "MannequinTag": "",
    "SoundTableID": "",
    "WarboardGatherStat": "",
    "WarboardDepositStat": "",
    "Notes": "",
    "HideInLootTicker": ""
  },
  {
    "ItemID": "TestSkin_IceGauntlet",
    "Name": "",
    "ItemType": "Weapon",
    "ItemTypeDisplayName": "",
    "Description": "",
    "ItemClass": "Weapon+EquippableMainHand+IceMagic+Magic",
    "TradingCategory": "",
    "TradingFamily": "",
    "TradingGroup": "",
    "BindOnPickup": "1",
    "BindOnEquip": "",
    "GearScoreOverride": "100",
    "MinGearScore": "100",
    "MaxGearScore": "100",
    "Tier": "1",
    "ItemStatsRef": "1hElementalGauntlet_IceT5",
    "GrantsHWMBump": "",
    "IgnoreNameChanges": "",
    "CanHavePerks": "1",
    "CanReplaceGem": "1",
    "Perk1": "",
    "Perk2": "",
    "Perk3": "",
    "Perk4": "",
    "Perk5": "",
    "PerkBucket1": "AttributeFireStaffT5",
    "PerkBucket2": "PerkBucket_GlobalBucketChanceT5",
    "PerkBucket3": "GlobalGemSlotChanceT5",
    "PerkBucket4": "PerkBucket_GlobalBucketChanceT5",
    "PerkBucket5": "PerkBucket_GlobalBucketChanceT5",
    "ForceRarity": "",
    "RequiredLevel": "",
    "UseTypeAffix": "1",
    "UseMaterialAffix": "1",
    "UseMagicAffix": "1",
    "IconCaptureGroup": "Gauntlet",
    "UiItemClass": "UI_Weapon",
    "RDyeSlotDisabled": "0",
    "GDyeSlotDisabled": "1",
    "BDyeSlotDisabled": "1",
    "ADyeSlotDisabled": "1",
    "ArmorAppearanceM": "",
    "ArmorAppearanceF": "",
    "WeaponAppearanceOverride": "2hStaffIceVinespunT5",
    "ConfirmDestroy": "",
    "ConfirmBeforeUse": "0",
    "ConsumeOnUse": "0",
    "PrefabPath": "",
    "HousingTags": "",
    "IconPath": "1hElementalGauntlet_IceT5",
    "MaxStackSize": "1",
    "DeathDropPercentage": "0",
    "Nonremovable": "",
    "IsMissionItem": "",
    "IsUniqueItem": "",
    "ContainerLevel": "",
    "ContainerGS": "",
    "IsSalvageable": "1",
    "SalvageResources": "",
    "IsRepairable": "1",
    "RepairDustModifier": "4",
    "RepairRecipe": "SalvageSmall_MetalT5",
    "CraftingRecipe": "SalvageSmall_MetalT5",
    "RepairGameEventID": "",
    "SalvageGameEventID": "SalvageCoinGrantT5",
    "SalvageAchievement": "",
    "RepairTypes": "",
    "IngredientCategories": "",
    "IngredientBonusPrimary": "",
    "IngredientBonusSecondary": "",
    "IngredientGearScoreBaseBonus": "",
    "IngredientGearScoreMaxBonus": "",
    "ExtraBonusItemChance": "",
    "Durability": "3000",
    "DurabilityDmgOnDeath": "0.12",
    "DestroyOnBreak": "0",
    "Weight": "48",
    "AcquisitionNotificationId": "",
    "AudioPickup": "Play_UI_Pickup_Generic",
    "AudioPlace": "Play_UI_Drop_Generic",
    "AudioUse": "Play_UI_Use_Generic",
    "AudioCreated": "Play_UI_Created_Generic",
    "AudioDestroyed": "Play_UI_item_broken",
    "MannequinTag": "",
    "SoundTableID": "",
    "WarboardGatherStat": "",
    "WarboardDepositStat": "",
    "Notes": "",
    "HideInLootTicker": ""
  }
]