[
  {
    "DamageID": "InsatiableGravityWell",
    "WeaponCategory": "GreatAxe",
    "IgnoreInvulnerable": "0",
    "NoReaction": "0",
    "IsRanged": "",
    "IsAbility": "",
    "AttackType": "Ability",
    "DamageType": "Standard",
    "Affliction": "",
    "AddAffliction": "",
    "AfflictionPercent": "",
    "StatusEffect": "",
    "EffectOnlyOnDamage": "",
    "SurfaceImpactEffect": "Bullet",
    "DeflectDamageID": "Deflect_Default",
    "CanCrit": "",
    "NoLegShots": "",
    "DmgCoef": "1",
    "DmgCoefHead": "1.3",
    "DmgCoefCrit": "",
    "DurabilityCostOverride": "",
    "PowerLevel": "2",
    "BlockPowerLevel": "2",
    "CritPowerLevel": "2",
    "HitStun": "25",
    "BlockHitStun": "20",
    "CritHitStun": "30",
    "ImpactDistanceX": "0",
    "ImpactDistanceY": "0",
    "ImpactDistanceZ": "0",
    "ImpactDecayRate": "0.2",
    "BlockImpactDistanceX": "0",
    "BlockImpactDistanceY": "0",
    "BlockImpactDistanceZ": "0",
    "BlockImpactDecayRate": "0.2",
    "CritImpactDistanceX": "0",
    "CritImpactDistanceY": "0",
    "CritImpactDistanceZ": "0",
    "CritImpactDecayRate": "0.2",
    "AddDmg": "0",
    "StaggerDmgModifier": "1",
    "StaggerResistModifier": "1",
    "CritStaggerDmgModifier": "",
    "HitRateDmgModifier": "",
    "MaxHitRateDmgMod": "10",
    "CameraShakeID": "Small",
    "TargetCameraShakeID": "Small",
    "BlockCameraShakeID": "Small",
    "BlockTargetCameraShakeID": "Small",
    "CritCameraShakeID": "Large_short",
    "CritTargetCameraShakeID": "Large_short",
    "ImpactRating": "3",
    "BlockStaminaDmgMod": "1.5",
    "BlockAbsorptionModifier": "1",
    "LOSCheckVerticalAngleOffset": "0",
    "StunBreakoutIncrement": "0",
    "ThreatMultiplier": "1",
    "AddThreat": "0",
    "IsTaunt": "0",
    "TauntDuration": "0",
    "TauntThreatBoostPercentage": "0",
    "TauntMinimumThreatValue": "0"
  }
]