[
  {
    "NPCId": "0001_CaptainThorpe",
    "Title": "@0001_CaptainThorpe_title",
    "GenericName": "@0001_CaptainThorpe",
    "ConversationStateId1": "0001_01_CaptainThorpe",
    "ConversationStateId2": "",
    "ConversationStateId3": "",
    "ConversationStateId4": "",
    "ConversationStateId5": "",
    "ConversationStateId6": "",
    "ConversationStateId7": "",
    "ConversationStateId8": "",
    "ConversationStateId9": "",
    "ConversationStateId10": "",
    "TopicId1": "",
    "TopicId2": "",
    "TopicId3": "",
    "TopicId4": "",
    "TopicId5": "",
    "TopicId6": "",
    "TopicId7": "",
    "TopicId8": "",
    "TopicId9": "",
    "TopicId10": "",
    "Location1": "9390.277,2807.624,91.968",
    "Location2": "7304.982,3758.331,120.669",
    "Location3": "8965.864,4256.440,152.485",
    "Location4": "9517.332,6343.495,250.432",
    "Location5": "",
    "Location6": "",
    "Location7": "",
    "Location8": "",
    "Location9": "",
    "Location10": "",
    "Location11": "",
    "Location12": "",
    "Location13": "",
    "Location14": ""
  }
]