[
  {
    "ContainerTypeID": "NoLimit",
    "EncumbranceBaseMax": "-1",
    "EncumbranceWarningPercent": "80",
    "EquipLoadBaseMax": "-1",
    "EquipLoadWarningPercent": "80",
    "FullWhenEncumbered": "0",
    "EquipLoadRatioFast": "0",
    "EquipLoadRatioNormal": "25",
    "EquipLoadRatioSlow": "75",
    "EquipLoadRatioOverburdened": "100",
    "EquipLoadStaminaCostMultFast": "1",
    "EquipLoadStaminaCostMultNormal": "1",
    "EquipLoadStaminaCostMultSlow": "1",
    "EquipLoadStaminaCostMultOverburdened": "1",
    "EquipLoadStaminaRegenMultFast": "1",
    "EquipLoadStaminaRegenMultNormal": "1",
    "EquipLoadStaminaRegenMultSlow": "1",
    "EquipLoadStaminaRegenMultOverburdened": "1",
    "EquipLoadMoveSpeedMultFast": "1",
    "EquipLoadMoveSpeedMultNormal": "1",
    "EquipLoadMoveSpeedMultSlow": "1",
    "EquipLoadMoveSpeedMultOverburdened": "1",
    "EquipLoadGritResistMultFast": "1",
    "EquipLoadGritResistMultNormal": "1",
    "EquipLoadGritResistMultSlow": "1",
    "EquipLoadGritResistMultOverburdened": "1",
    "EquipLoadDefenseMultFast": "1",
    "EquipLoadDefenseMultNormal": "1",
    "EquipLoadDefenseMultSlow": "1",
    "EquipLoadDefenseMultOverburdened": "1",
    "EquipLoadBlockStabilityMultFast": "1",
    "EquipLoadBlockStabilityMultNormal": "1",
    "EquipLoadBlockStabilityMultSlow": "1",
    "EquipLoadBlockStabilityMultOverburdened": "1",
    "EquipLoadStanceWeaponAccuracyFast": "1",
    "EquipLoadStanceWeaponAccuracyNormal": "1",
    "EquipLoadStanceWeaponAccuracySlow": "1",
    "EquipLoadMovementWeaponAccuracyFast": "1",
    "EquipLoadMovementWeaponAccuracyNormal": "1",
    "EquipLoadMovementWeaponAccuracySlow": "1",
    "EquipLoadDamageMultFast": "",
    "EquipLoadDamageMultNormal": "",
    "EquipLoadDamageMultSlow": "",
    "EquipLoadDamageOverburdened": "",
    "EquipLoadCCStatusEffectDurationMultFast": "",
    "EquipLoadCCStatusEffectDurationMultNormal": "",
    "EquipLoadCCStatusEffectDurationMultSlow": "",
    "EquipLoadCCStatusEffectDurationMultOverburdened": "",
    "EquipLoadCCStatusEffectCategories": ""
  },
  {
    "ContainerTypeID": "Player",
    "EncumbranceBaseMax": "2000",
    "EncumbranceWarningPercent": "80",
    "EquipLoadBaseMax": "500",
    "EquipLoadWarningPercent": "80",
    "FullWhenEncumbered": "2",
    "EquipLoadRatioFast": "0",
    "EquipLoadRatioNormal": "30",
    "EquipLoadRatioSlow": "60",
    "EquipLoadRatioOverburdened": "100",
    "EquipLoadStaminaCostMultFast": "1",
    "EquipLoadStaminaCostMultNormal": "1",
    "EquipLoadStaminaCostMultSlow": "1",
    "EquipLoadStaminaCostMultOverburdened": "1",
    "EquipLoadStaminaRegenMultFast": "1",
    "EquipLoadStaminaRegenMultNormal": "1",
    "EquipLoadStaminaRegenMultSlow": "1",
    "EquipLoadStaminaRegenMultOverburdened": "1",
    "EquipLoadMoveSpeedMultFast": "1",
    "EquipLoadMoveSpeedMultNormal": "1",
    "EquipLoadMoveSpeedMultSlow": "1",
    "EquipLoadMoveSpeedMultOverburdened": "1",
    "EquipLoadGritResistMultFast": "1",
    "EquipLoadGritResistMultNormal": "1",
    "EquipLoadGritResistMultSlow": "1",
    "EquipLoadGritResistMultOverburdened": "1",
    "EquipLoadDefenseMultFast": "1",
    "EquipLoadDefenseMultNormal": "1",
    "EquipLoadDefenseMultSlow": "1",
    "EquipLoadDefenseMultOverburdened": "1",
    "EquipLoadBlockStabilityMultFast": "1",
    "EquipLoadBlockStabilityMultNormal": "1",
    "EquipLoadBlockStabilityMultSlow": "1.1499999999999999",
    "EquipLoadBlockStabilityMultOverburdened": "1",
    "EquipLoadStanceWeaponAccuracyFast": "1.3",
    "EquipLoadStanceWeaponAccuracyNormal": "1.3",
    "EquipLoadStanceWeaponAccuracySlow": "1.3",
    "EquipLoadMovementWeaponAccuracyFast": "1.1000000000000001",
    "EquipLoadMovementWeaponAccuracyNormal": "1.1000000000000001",
    "EquipLoadMovementWeaponAccuracySlow": "1.1000000000000001",
    "EquipLoadDamageMultFast": "0.2",
    "EquipLoadDamageMultNormal": "0.1",
    "EquipLoadDamageMultSlow": "0",
    "EquipLoadDamageOverburdened": "0",
    "EquipLoadCCStatusEffectDurationMultFast": "0",
    "EquipLoadCCStatusEffectDurationMultNormal": "0.1",
    "EquipLoadCCStatusEffectDurationMultSlow": "0.2",
    "EquipLoadCCStatusEffectDurationMultOverburdened": "0.2",
    "EquipLoadCCStatusEffectCategories": "Slow,Stun,Root"
  },
  {
    "ContainerTypeID": "StorageSmall",
    "EncumbranceBaseMax": "1500",
    "EncumbranceWarningPercent": "80",
    "EquipLoadBaseMax": "-1",
    "EquipLoadWarningPercent": "100",
    "FullWhenEncumbered": "1",
    "EquipLoadRatioFast": "0",
    "EquipLoadRatioNormal": "25",
    "EquipLoadRatioSlow": "75",
    "EquipLoadRatioOverburdened": "100",
    "EquipLoadStaminaCostMultFast": "1",
    "EquipLoadStaminaCostMultNormal": "1",
    "EquipLoadStaminaCostMultSlow": "1",
    "EquipLoadStaminaCostMultOverburdened": "1",
    "EquipLoadStaminaRegenMultFast": "1",
    "EquipLoadStaminaRegenMultNormal": "1",
    "EquipLoadStaminaRegenMultSlow": "1",
    "EquipLoadStaminaRegenMultOverburdened": "1",
    "EquipLoadMoveSpeedMultFast": "1",
    "EquipLoadMoveSpeedMultNormal": "1",
    "EquipLoadMoveSpeedMultSlow": "1",
    "EquipLoadMoveSpeedMultOverburdened": "1",
    "EquipLoadGritResistMultFast": "1",
    "EquipLoadGritResistMultNormal": "1",
    "EquipLoadGritResistMultSlow": "1",
    "EquipLoadGritResistMultOverburdened": "1",
    "EquipLoadDefenseMultFast": "1",
    "EquipLoadDefenseMultNormal": "1",
    "EquipLoadDefenseMultSlow": "1",
    "EquipLoadDefenseMultOverburdened": "1",
    "EquipLoadBlockStabilityMultFast": "1",
    "EquipLoadBlockStabilityMultNormal": "1",
    "EquipLoadBlockStabilityMultSlow": "1",
    "EquipLoadBlockStabilityMultOverburdened": "1",
    "EquipLoadStanceWeaponAccuracyFast": "1",
    "EquipLoadStanceWeaponAccuracyNormal": "1",
    "EquipLoadStanceWeaponAccuracySlow": "1",
    "EquipLoadMovementWeaponAccuracyFast": "1",
    "EquipLoadMovementWeaponAccuracyNormal": "1",
    "EquipLoadMovementWeaponAccuracySlow": "1",
    "EquipLoadDamageMultFast": "",
    "EquipLoadDamageMultNormal": "",
    "EquipLoadDamageMultSlow": "",
    "EquipLoadDamageOverburdened": "",
    "EquipLoadCCStatusEffectDurationMultFast": "",
    "EquipLoadCCStatusEffectDurationMultNormal": "",
    "EquipLoadCCStatusEffectDurationMultSlow": "",
    "EquipLoadCCStatusEffectDurationMultOverburdened": "",
    "EquipLoadCCStatusEffectCategories": ""
  },
  {
    "ContainerTypeID": "StorageMedium",
    "EncumbranceBaseMax": "10000",
    "EncumbranceWarningPercent": "80",
    "EquipLoadBaseMax": "-1",
    "EquipLoadWarningPercent": "100",
    "FullWhenEncumbered": "1",
    "EquipLoadRatioFast": "0",
    "EquipLoadRatioNormal": "25",
    "EquipLoadRatioSlow": "75",
    "EquipLoadRatioOverburdened": "100",
    "EquipLoadStaminaCostMultFast": "1",
    "EquipLoadStaminaCostMultNormal": "1",
    "EquipLoadStaminaCostMultSlow": "1",
    "EquipLoadStaminaCostMultOverburdened": "1",
    "EquipLoadStaminaRegenMultFast": "1",
    "EquipLoadStaminaRegenMultNormal": "1",
    "EquipLoadStaminaRegenMultSlow": "1",
    "EquipLoadStaminaRegenMultOverburdened": "1",
    "EquipLoadMoveSpeedMultFast": "1",
    "EquipLoadMoveSpeedMultNormal": "1",
    "EquipLoadMoveSpeedMultSlow": "1",
    "EquipLoadMoveSpeedMultOverburdened": "1",
    "EquipLoadGritResistMultFast": "1",
    "EquipLoadGritResistMultNormal": "1",
    "EquipLoadGritResistMultSlow": "1",
    "EquipLoadGritResistMultOverburdened": "1",
    "EquipLoadDefenseMultFast": "1",
    "EquipLoadDefenseMultNormal": "1",
    "EquipLoadDefenseMultSlow": "1",
    "EquipLoadDefenseMultOverburdened": "1",
    "EquipLoadBlockStabilityMultFast": "1",
    "EquipLoadBlockStabilityMultNormal": "1",
    "EquipLoadBlockStabilityMultSlow": "1",
    "EquipLoadBlockStabilityMultOverburdened": "1",
    "EquipLoadStanceWeaponAccuracyFast": "1",
    "EquipLoadStanceWeaponAccuracyNormal": "1",
    "EquipLoadStanceWeaponAccuracySlow": "1",
    "EquipLoadMovementWeaponAccuracyFast": "1",
    "EquipLoadMovementWeaponAccuracyNormal": "1",
    "EquipLoadMovementWeaponAccuracySlow": "1",
    "EquipLoadDamageMultFast": "",
    "EquipLoadDamageMultNormal": "",
    "EquipLoadDamageMultSlow": "",
    "EquipLoadDamageOverburdened": "",
    "EquipLoadCCStatusEffectDurationMultFast": "",
    "EquipLoadCCStatusEffectDurationMultNormal": "",
    "EquipLoadCCStatusEffectDurationMultSlow": "",
    "EquipLoadCCStatusEffectDurationMultOverburdened": "",
    "EquipLoadCCStatusEffectCategories": ""
  },
  {
    "ContainerTypeID": "StorageLarge",
    "EncumbranceBaseMax": "15000",
    "EncumbranceWarningPercent": "80",
    "EquipLoadBaseMax": "-1",
    "EquipLoadWarningPercent": "100",
    "FullWhenEncumbered": "1",
    "EquipLoadRatioFast": "0",
    "EquipLoadRatioNormal": "25",
    "EquipLoadRatioSlow": "75",
    "EquipLoadRatioOverburdened": "100",
    "EquipLoadStaminaCostMultFast": "1",
    "EquipLoadStaminaCostMultNormal": "1",
    "EquipLoadStaminaCostMultSlow": "1",
    "EquipLoadStaminaCostMultOverburdened": "1",
    "EquipLoadStaminaRegenMultFast": "1",
    "EquipLoadStaminaRegenMultNormal": "1",
    "EquipLoadStaminaRegenMultSlow": "1",
    "EquipLoadStaminaRegenMultOverburdened": "1",
    "EquipLoadMoveSpeedMultFast": "1",
    "EquipLoadMoveSpeedMultNormal": "1",
    "EquipLoadMoveSpeedMultSlow": "1",
    "EquipLoadMoveSpeedMultOverburdened": "1",
    "EquipLoadGritResistMultFast": "1",
    "EquipLoadGritResistMultNormal": "1",
    "EquipLoadGritResistMultSlow": "1",
    "EquipLoadGritResistMultOverburdened": "1",
    "EquipLoadDefenseMultFast": "1",
    "EquipLoadDefenseMultNormal": "1",
    "EquipLoadDefenseMultSlow": "1",
    "EquipLoadDefenseMultOverburdened": "1",
    "EquipLoadBlockStabilityMultFast": "1",
    "EquipLoadBlockStabilityMultNormal": "1",
    "EquipLoadBlockStabilityMultSlow": "1",
    "EquipLoadBlockStabilityMultOverburdened": "1",
    "EquipLoadStanceWeaponAccuracyFast": "1",
    "EquipLoadStanceWeaponAccuracyNormal": "1",
    "EquipLoadStanceWeaponAccuracySlow": "1",
    "EquipLoadMovementWeaponAccuracyFast": "1",
    "EquipLoadMovementWeaponAccuracyNormal": "1",
    "EquipLoadMovementWeaponAccuracySlow": "1",
    "EquipLoadDamageMultFast": "",
    "EquipLoadDamageMultNormal": "",
    "EquipLoadDamageMultSlow": "",
    "EquipLoadDamageOverburdened": "",
    "EquipLoadCCStatusEffectDurationMultFast": "",
    "EquipLoadCCStatusEffectDurationMultNormal": "",
    "EquipLoadCCStatusEffectDurationMultSlow": "",
    "EquipLoadCCStatusEffectDurationMultOverburdened": "",
    "EquipLoadCCStatusEffectCategories": ""
  },
  {
    "ContainerTypeID": "StorageXLarge",
    "EncumbranceBaseMax": "20000",
    "EncumbranceWarningPercent": "80",
    "EquipLoadBaseMax": "-1",
    "EquipLoadWarningPercent": "100",
    "FullWhenEncumbered": "1",
    "EquipLoadRatioFast": "0",
    "EquipLoadRatioNormal": "25",
    "EquipLoadRatioSlow": "75",
    "EquipLoadRatioOverburdened": "100",
    "EquipLoadStaminaCostMultFast": "1",
    "EquipLoadStaminaCostMultNormal": "1",
    "EquipLoadStaminaCostMultSlow": "1",
    "EquipLoadStaminaCostMultOverburdened": "1",
    "EquipLoadStaminaRegenMultFast": "1",
    "EquipLoadStaminaRegenMultNormal": "1",
    "EquipLoadStaminaRegenMultSlow": "1",
    "EquipLoadStaminaRegenMultOverburdened": "1",
    "EquipLoadMoveSpeedMultFast": "1",
    "EquipLoadMoveSpeedMultNormal": "1",
    "EquipLoadMoveSpeedMultSlow": "1",
    "EquipLoadMoveSpeedMultOverburdened": "1",
    "EquipLoadGritResistMultFast": "1",
    "EquipLoadGritResistMultNormal": "1",
    "EquipLoadGritResistMultSlow": "1",
    "EquipLoadGritResistMultOverburdened": "1",
    "EquipLoadDefenseMultFast": "1",
    "EquipLoadDefenseMultNormal": "1",
    "EquipLoadDefenseMultSlow": "1",
    "EquipLoadDefenseMultOverburdened": "1",
    "EquipLoadBlockStabilityMultFast": "1",
    "EquipLoadBlockStabilityMultNormal": "1",
    "EquipLoadBlockStabilityMultSlow": "1",
    "EquipLoadBlockStabilityMultOverburdened": "1",
    "EquipLoadStanceWeaponAccuracyFast": "1",
    "EquipLoadStanceWeaponAccuracyNormal": "1",
    "EquipLoadStanceWeaponAccuracySlow": "1",
    "EquipLoadMovementWeaponAccuracyFast": "1",
    "EquipLoadMovementWeaponAccuracyNormal": "1",
    "EquipLoadMovementWeaponAccuracySlow": "1",
    "EquipLoadDamageMultFast": "",
    "EquipLoadDamageMultNormal": "",
    "EquipLoadDamageMultSlow": "",
    "EquipLoadDamageOverburdened": "",
    "EquipLoadCCStatusEffectDurationMultFast": "",
    "EquipLoadCCStatusEffectDurationMultNormal": "",
    "EquipLoadCCStatusEffectDurationMultSlow": "",
    "EquipLoadCCStatusEffectDurationMultOverburdened": "",
    "EquipLoadCCStatusEffectCategories": ""
  },
  {
    "ContainerTypeID": "Well",
    "EncumbranceBaseMax": "300",
    "EncumbranceWarningPercent": "80",
    "EquipLoadBaseMax": "-1",
    "EquipLoadWarningPercent": "100",
    "FullWhenEncumbered": "1",
    "EquipLoadRatioFast": "0",
    "EquipLoadRatioNormal": "25",
    "EquipLoadRatioSlow": "75",
    "EquipLoadRatioOverburdened": "100",
    "EquipLoadStaminaCostMultFast": "1",
    "EquipLoadStaminaCostMultNormal": "1",
    "EquipLoadStaminaCostMultSlow": "1",
    "EquipLoadStaminaCostMultOverburdened": "1",
    "EquipLoadStaminaRegenMultFast": "1",
    "EquipLoadStaminaRegenMultNormal": "1",
    "EquipLoadStaminaRegenMultSlow": "1",
    "EquipLoadStaminaRegenMultOverburdened": "1",
    "EquipLoadMoveSpeedMultFast": "1",
    "EquipLoadMoveSpeedMultNormal": "1",
    "EquipLoadMoveSpeedMultSlow": "1",
    "EquipLoadMoveSpeedMultOverburdened": "1",
    "EquipLoadGritResistMultFast": "1",
    "EquipLoadGritResistMultNormal": "1",
    "EquipLoadGritResistMultSlow": "1",
    "EquipLoadGritResistMultOverburdened": "1",
    "EquipLoadDefenseMultFast": "1",
    "EquipLoadDefenseMultNormal": "1",
    "EquipLoadDefenseMultSlow": "1",
    "EquipLoadDefenseMultOverburdened": "1",
    "EquipLoadBlockStabilityMultFast": "1",
    "EquipLoadBlockStabilityMultNormal": "1",
    "EquipLoadBlockStabilityMultSlow": "1",
    "EquipLoadBlockStabilityMultOverburdened": "1",
    "EquipLoadStanceWeaponAccuracyFast": "1",
    "EquipLoadStanceWeaponAccuracyNormal": "1",
    "EquipLoadStanceWeaponAccuracySlow": "1",
    "EquipLoadMovementWeaponAccuracyFast": "1",
    "EquipLoadMovementWeaponAccuracyNormal": "1",
    "EquipLoadMovementWeaponAccuracySlow": "1",
    "EquipLoadDamageMultFast": "",
    "EquipLoadDamageMultNormal": "",
    "EquipLoadDamageMultSlow": "",
    "EquipLoadDamageOverburdened": "",
    "EquipLoadCCStatusEffectDurationMultFast": "",
    "EquipLoadCCStatusEffectDurationMultNormal": "",
    "EquipLoadCCStatusEffectDurationMultSlow": "",
    "EquipLoadCCStatusEffectDurationMultOverburdened": "",
    "EquipLoadCCStatusEffectCategories": ""
  },
  {
    "ContainerTypeID": "Outhouse",
    "EncumbranceBaseMax": "300",
    "EncumbranceWarningPercent": "80",
    "EquipLoadBaseMax": "-1",
    "EquipLoadWarningPercent": "100",
    "FullWhenEncumbered": "1",
    "EquipLoadRatioFast": "0",
    "EquipLoadRatioNormal": "25",
    "EquipLoadRatioSlow": "75",
    "EquipLoadRatioOverburdened": "100",
    "EquipLoadStaminaCostMultFast": "1",
    "EquipLoadStaminaCostMultNormal": "1",
    "EquipLoadStaminaCostMultSlow": "1",
    "EquipLoadStaminaCostMultOverburdened": "1",
    "EquipLoadStaminaRegenMultFast": "1",
    "EquipLoadStaminaRegenMultNormal": "1",
    "EquipLoadStaminaRegenMultSlow": "1",
    "EquipLoadStaminaRegenMultOverburdened": "1",
    "EquipLoadMoveSpeedMultFast": "1",
    "EquipLoadMoveSpeedMultNormal": "1",
    "EquipLoadMoveSpeedMultSlow": "1",
    "EquipLoadMoveSpeedMultOverburdened": "1",
    "EquipLoadGritResistMultFast": "1",
    "EquipLoadGritResistMultNormal": "1",
    "EquipLoadGritResistMultSlow": "1",
    "EquipLoadGritResistMultOverburdened": "1",
    "EquipLoadDefenseMultFast": "1",
    "EquipLoadDefenseMultNormal": "1",
    "EquipLoadDefenseMultSlow": "1",
    "EquipLoadDefenseMultOverburdened": "1",
    "EquipLoadBlockStabilityMultFast": "1",
    "EquipLoadBlockStabilityMultNormal": "1",
    "EquipLoadBlockStabilityMultSlow": "1",
    "EquipLoadBlockStabilityMultOverburdened": "1",
    "EquipLoadStanceWeaponAccuracyFast": "1",
    "EquipLoadStanceWeaponAccuracyNormal": "1",
    "EquipLoadStanceWeaponAccuracySlow": "1",
    "EquipLoadMovementWeaponAccuracyFast": "1",
    "EquipLoadMovementWeaponAccuracyNormal": "1",
    "EquipLoadMovementWeaponAccuracySlow": "1",
    "EquipLoadDamageMultFast": "",
    "EquipLoadDamageMultNormal": "",
    "EquipLoadDamageMultSlow": "",
    "EquipLoadDamageOverburdened": "",
    "EquipLoadCCStatusEffectDurationMultFast": "",
    "EquipLoadCCStatusEffectDurationMultNormal": "",
    "EquipLoadCCStatusEffectDurationMultSlow": "",
    "EquipLoadCCStatusEffectDurationMultOverburdened": "",
    "EquipLoadCCStatusEffectCategories": ""
  },
  {
    "ContainerTypeID": "SiegeSupplyGeneratorT1",
    "EncumbranceBaseMax": "300",
    "EncumbranceWarningPercent": "80",
    "EquipLoadBaseMax": "-1",
    "EquipLoadWarningPercent": "100",
    "FullWhenEncumbered": "1",
    "EquipLoadRatioFast": "0",
    "EquipLoadRatioNormal": "25",
    "EquipLoadRatioSlow": "75",
    "EquipLoadRatioOverburdened": "100",
    "EquipLoadStaminaCostMultFast": "1",
    "EquipLoadStaminaCostMultNormal": "1",
    "EquipLoadStaminaCostMultSlow": "1",
    "EquipLoadStaminaCostMultOverburdened": "1",
    "EquipLoadStaminaRegenMultFast": "1",
    "EquipLoadStaminaRegenMultNormal": "1",
    "EquipLoadStaminaRegenMultSlow": "1",
    "EquipLoadStaminaRegenMultOverburdened": "1",
    "EquipLoadMoveSpeedMultFast": "1",
    "EquipLoadMoveSpeedMultNormal": "1",
    "EquipLoadMoveSpeedMultSlow": "1",
    "EquipLoadMoveSpeedMultOverburdened": "1",
    "EquipLoadGritResistMultFast": "1",
    "EquipLoadGritResistMultNormal": "1",
    "EquipLoadGritResistMultSlow": "1",
    "EquipLoadGritResistMultOverburdened": "1",
    "EquipLoadDefenseMultFast": "1",
    "EquipLoadDefenseMultNormal": "1",
    "EquipLoadDefenseMultSlow": "1",
    "EquipLoadDefenseMultOverburdened": "1",
    "EquipLoadBlockStabilityMultFast": "1",
    "EquipLoadBlockStabilityMultNormal": "1",
    "EquipLoadBlockStabilityMultSlow": "1",
    "EquipLoadBlockStabilityMultOverburdened": "1",
    "EquipLoadStanceWeaponAccuracyFast": "1",
    "EquipLoadStanceWeaponAccuracyNormal": "1",
    "EquipLoadStanceWeaponAccuracySlow": "1",
    "EquipLoadMovementWeaponAccuracyFast": "1",
    "EquipLoadMovementWeaponAccuracyNormal": "1",
    "EquipLoadMovementWeaponAccuracySlow": "1",
    "EquipLoadDamageMultFast": "",
    "EquipLoadDamageMultNormal": "",
    "EquipLoadDamageMultSlow": "",
    "EquipLoadDamageOverburdened": "",
    "EquipLoadCCStatusEffectDurationMultFast": "",
    "EquipLoadCCStatusEffectDurationMultNormal": "",
    "EquipLoadCCStatusEffectDurationMultSlow": "",
    "EquipLoadCCStatusEffectDurationMultOverburdened": "",
    "EquipLoadCCStatusEffectCategories": ""
  },
  {
    "ContainerTypeID": "SiegeSupplyGeneratorT2",
    "EncumbranceBaseMax": "400",
    "EncumbranceWarningPercent": "80",
    "EquipLoadBaseMax": "-1",
    "EquipLoadWarningPercent": "100",
    "FullWhenEncumbered": "1",
    "EquipLoadRatioFast": "0",
    "EquipLoadRatioNormal": "25",
    "EquipLoadRatioSlow": "75",
    "EquipLoadRatioOverburdened": "100",
    "EquipLoadStaminaCostMultFast": "1",
    "EquipLoadStaminaCostMultNormal": "1",
    "EquipLoadStaminaCostMultSlow": "1",
    "EquipLoadStaminaCostMultOverburdened": "1",
    "EquipLoadStaminaRegenMultFast": "1",
    "EquipLoadStaminaRegenMultNormal": "1",
    "EquipLoadStaminaRegenMultSlow": "1",
    "EquipLoadStaminaRegenMultOverburdened": "1",
    "EquipLoadMoveSpeedMultFast": "1",
    "EquipLoadMoveSpeedMultNormal": "1",
    "EquipLoadMoveSpeedMultSlow": "1",
    "EquipLoadMoveSpeedMultOverburdened": "1",
    "EquipLoadGritResistMultFast": "1",
    "EquipLoadGritResistMultNormal": "1",
    "EquipLoadGritResistMultSlow": "1",
    "EquipLoadGritResistMultOverburdened": "1",
    "EquipLoadDefenseMultFast": "1",
    "EquipLoadDefenseMultNormal": "1",
    "EquipLoadDefenseMultSlow": "1",
    "EquipLoadDefenseMultOverburdened": "1",
    "EquipLoadBlockStabilityMultFast": "1",
    "EquipLoadBlockStabilityMultNormal": "1",
    "EquipLoadBlockStabilityMultSlow": "1",
    "EquipLoadBlockStabilityMultOverburdened": "1",
    "EquipLoadStanceWeaponAccuracyFast": "1",
    "EquipLoadStanceWeaponAccuracyNormal": "1",
    "EquipLoadStanceWeaponAccuracySlow": "1",
    "EquipLoadMovementWeaponAccuracyFast": "1",
    "EquipLoadMovementWeaponAccuracyNormal": "1",
    "EquipLoadMovementWeaponAccuracySlow": "1",
    "EquipLoadDamageMultFast": "",
    "EquipLoadDamageMultNormal": "",
    "EquipLoadDamageMultSlow": "",
    "EquipLoadDamageOverburdened": "",
    "EquipLoadCCStatusEffectDurationMultFast": "",
    "EquipLoadCCStatusEffectDurationMultNormal": "",
    "EquipLoadCCStatusEffectDurationMultSlow": "",
    "EquipLoadCCStatusEffectDurationMultOverburdened": "",
    "EquipLoadCCStatusEffectCategories": ""
  },
  {
    "ContainerTypeID": "SiegeSupplyGeneratorT3",
    "EncumbranceBaseMax": "500",
    "EncumbranceWarningPercent": "80",
    "EquipLoadBaseMax": "-1",
    "EquipLoadWarningPercent": "100",
    "FullWhenEncumbered": "1",
    "EquipLoadRatioFast": "0",
    "EquipLoadRatioNormal": "25",
    "EquipLoadRatioSlow": "75",
    "EquipLoadRatioOverburdened": "100",
    "EquipLoadStaminaCostMultFast": "1",
    "EquipLoadStaminaCostMultNormal": "1",
    "EquipLoadStaminaCostMultSlow": "1",
    "EquipLoadStaminaCostMultOverburdened": "1",
    "EquipLoadStaminaRegenMultFast": "1",
    "EquipLoadStaminaRegenMultNormal": "1",
    "EquipLoadStaminaRegenMultSlow": "1",
    "EquipLoadStaminaRegenMultOverburdened": "1",
    "EquipLoadMoveSpeedMultFast": "1",
    "EquipLoadMoveSpeedMultNormal": "1",
    "EquipLoadMoveSpeedMultSlow": "1",
    "EquipLoadMoveSpeedMultOverburdened": "1",
    "EquipLoadGritResistMultFast": "1",
    "EquipLoadGritResistMultNormal": "1",
    "EquipLoadGritResistMultSlow": "1",
    "EquipLoadGritResistMultOverburdened": "1",
    "EquipLoadDefenseMultFast": "1",
    "EquipLoadDefenseMultNormal": "1",
    "EquipLoadDefenseMultSlow": "1",
    "EquipLoadDefenseMultOverburdened": "1",
    "EquipLoadBlockStabilityMultFast": "1",
    "EquipLoadBlockStabilityMultNormal": "1",
    "EquipLoadBlockStabilityMultSlow": "1",
    "EquipLoadBlockStabilityMultOverburdened": "1",
    "EquipLoadStanceWeaponAccuracyFast": "1",
    "EquipLoadStanceWeaponAccuracyNormal": "1",
    "EquipLoadStanceWeaponAccuracySlow": "1",
    "EquipLoadMovementWeaponAccuracyFast": "1",
    "EquipLoadMovementWeaponAccuracyNormal": "1",
    "EquipLoadMovementWeaponAccuracySlow": "1",
    "EquipLoadDamageMultFast": "",
    "EquipLoadDamageMultNormal": "",
    "EquipLoadDamageMultSlow": "",
    "EquipLoadDamageOverburdened": "",
    "EquipLoadCCStatusEffectDurationMultFast": "",
    "EquipLoadCCStatusEffectDurationMultNormal": "",
    "EquipLoadCCStatusEffectDurationMultSlow": "",
    "EquipLoadCCStatusEffectDurationMultOverburdened": "",
    "EquipLoadCCStatusEffectCategories": ""
  }
]