[
  {
    "VariantID": "Essence_Firefly_Death",
    "StartMesh": "",
    "GatherableEntryID": "SpiritDeath",
    "GatheringRadius": "0.2",
    "InteractionRadius": "1.5",
    "DetectableObjectRadius": "1.5",
    "IdleVFX": "Gatherable.Spirits.Death.Fireflies01",
    "DepletedVFX": "Gatherable.Spirits.Death.Fireflies01_capture",
    "DepletedSFX": "",
    "InteractTag": "",
    "InteractOnlyOnQuest": ""
  },
  {
    "VariantID": "Essence_Firefly_Air",
    "StartMesh": "",
    "GatherableEntryID": "SpiritAir",
    "GatheringRadius": "0.2",
    "InteractionRadius": "1.5",
    "DetectableObjectRadius": "1.5",
    "IdleVFX": "Gatherable.Spirits.Air.Fireflies01",
    "DepletedVFX": "Gatherable.Spirits.Air.Fireflies01_capture",
    "DepletedSFX": "",
    "InteractTag": "",
    "InteractOnlyOnQuest": ""
  },
  {
    "VariantID": "Essence_Firefly_Earth",
    "StartMesh": "Objects\\Crafting\\Props\\Decals\\Symbols\\Jav_PRP_symbol_PlaneCircle.cgf",
    "GatherableEntryID": "SpiritEarth",
    "GatheringRadius": "0.2",
    "InteractionRadius": "1.5",
    "DetectableObjectRadius": "1.5",
    "IdleVFX": "Gatherable.Spirits.Earth.Fireflies01",
    "DepletedVFX": "Gatherable.Spirits.Earth.Fireflies01_capture",
    "DepletedSFX": "",
    "InteractTag": "",
    "InteractOnlyOnQuest": ""
  },
  {
    "VariantID": "Essence_Firefly_Fire",
    "StartMesh": "Objects\\Crafting\\Props\\Decals\\Symbols\\Jav_PRP_symbol_PlaneCircle.cgf",
    "GatherableEntryID": "SpiritFire",
    "GatheringRadius": "0.2",
    "InteractionRadius": "1.5",
    "DetectableObjectRadius": "1.5",
    "IdleVFX": "Gatherable.Spirits.Fire.Fireflies01",
    "DepletedVFX": "Gatherable.Spirits.Fire.Fireflies01_capture",
    "DepletedSFX": "",
    "InteractTag": "",
    "InteractOnlyOnQuest": ""
  },
  {
    "VariantID": "Essence_Firefly_Life",
    "StartMesh": "",
    "GatherableEntryID": "SpiritLife",
    "GatheringRadius": "0.2",
    "InteractionRadius": "1.5",
    "DetectableObjectRadius": "1.5",
    "IdleVFX": "Gatherable.Spirits.Life.Fireflies01",
    "DepletedVFX": "Gatherable.Spirits.Life.Fireflies01_capture",
    "DepletedSFX": "",
    "InteractTag": "",
    "InteractOnlyOnQuest": ""
  },
  {
    "VariantID": "Essence_Firefly_Soul",
    "StartMesh": "",
    "GatherableEntryID": "SpiritSoul",
    "GatheringRadius": "0.2",
    "InteractionRadius": "1.5",
    "DetectableObjectRadius": "1.5",
    "IdleVFX": "Gatherable.Spirits.Soul.Fireflies01",
    "DepletedVFX": "Gatherable.Spirits.Soul.Fireflies01_capture",
    "DepletedSFX": "",
    "InteractTag": "",
    "InteractOnlyOnQuest": ""
  },
  {
    "VariantID": "Essence_Firefly_Water",
    "StartMesh": "Objects\\Crafting\\Props\\Decals\\Symbols\\Jav_PRP_symbol_PlaneCircle.cgf",
    "GatherableEntryID": "SpiritWater",
    "GatheringRadius": "0.2",
    "InteractionRadius": "1.5",
    "DetectableObjectRadius": "1.5",
    "IdleVFX": "Gatherable.Spirits.Water.Fireflies01",
    "DepletedVFX": "Gatherable.Spirits.Water.Fireflies01_capture",
    "DepletedSFX": "",
    "InteractTag": "",
    "InteractOnlyOnQuest": ""
  }
]