[
  {
    "ObjectiveID": "M_bounty_kill_X_enemies_location",
    "Type": "Mission",
    "Difficulty": "",
    "DifficultyLevel": "",
    "MaxInfluenceLevel": "",
    "FlagPvp": "",
    "CanBeShared": "1",
    "CanFastTravel": "1",
    "Task": "M_task_kill_X_enemies_container_location",
    "NpcDestinationId": "",
    "ExclusiveTerritory": "",
    "AchievementId": "",
    "RequiredAchievementId": "",
    "RequiredFaction": "",
    "RequiredLevel": "",
    "SuccessGameEventId": "FactionMission_Success_R1_Sm",
    "FailureGameEventId": "FactionMission_Failure",
    "ExperienceReward": "",
    "ObjectiveReward": "",
    "ItemRewardName": "",
    "ItemRewardQty": "",
    "Repeatable": "1",
    "CanBeAbandoned": "1",
    "Title": "@objective_mission_title_bounty_hunter_kill",
    "Description": "",
    "PlayerPrompt": "",
    "ObjectiveProposalResponse": "",
    "InProgressResponse": "",
    "DestinationCompletionAvailablePrompt": "",
    "DestinationCompletionAvailableResponse": "",
    "ObjectiveCompletionResponse": "",
    "ObjectiveAcceptanceResponse": "",
    "HideIncompleteTurninMarker": "",
    "ReleaseEventTags": "",
    "ReleaseActiveOverride": "",
    "SkipReqAchievmentWhenInvalid": "",
    "EntitlementId": ""
  },
  {
    "ObjectiveID": "M_bounty_kill_X_enemies",
    "Type": "Mission",
    "Difficulty": "",
    "DifficultyLevel": "",
    "MaxInfluenceLevel": "",
    "FlagPvp": "",
    "CanBeShared": "1",
    "CanFastTravel": "1",
    "Task": "M_task_kill_X_enemies_container",
    "NpcDestinationId": "",
    "ExclusiveTerritory": "",
    "AchievementId": "",
    "RequiredAchievementId": "",
    "RequiredFaction": "",
    "RequiredLevel": "",
    "SuccessGameEventId": "FactionMission_Success_R1_Sm",
    "FailureGameEventId": "FactionMission_Failure",
    "ExperienceReward": "",
    "ObjectiveReward": "",
    "ItemRewardName": "",
    "ItemRewardQty": "",
    "Repeatable": "1",
    "CanBeAbandoned": "1",
    "Title": "@objective_mission_title_bounty_hunter_kill",
    "Description": "",
    "PlayerPrompt": "",
    "ObjectiveProposalResponse": "",
    "InProgressResponse": "",
    "DestinationCompletionAvailablePrompt": "",
    "DestinationCompletionAvailableResponse": "",
    "ObjectiveCompletionResponse": "",
    "ObjectiveAcceptanceResponse": "",
    "HideIncompleteTurninMarker": "",
    "ReleaseEventTags": "",
    "ReleaseActiveOverride": "",
    "SkipReqAchievmentWhenInvalid": "",
    "EntitlementId": ""
  },
  {
    "ObjectiveID": "M_merchant_transport_item",
    "Type": "Mission",
    "Difficulty": "",
    "DifficultyLevel": "",
    "MaxInfluenceLevel": "",
    "FlagPvp": "",
    "CanBeShared": "1",
    "CanFastTravel": "0",
    "Task": "M_task_transport_item_container",
    "NpcDestinationId": "",
    "ExclusiveTerritory": "",
    "AchievementId": "",
    "RequiredAchievementId": "",
    "RequiredFaction": "",
    "RequiredLevel": "",
    "SuccessGameEventId": "FactionMission_Success_R1_Sm",
    "FailureGameEventId": "FactionMission_Failure",
    "ExperienceReward": "",
    "ObjectiveReward": "",
    "ItemRewardName": "",
    "ItemRewardQty": "",
    "Repeatable": "1",
    "CanBeAbandoned": "1",
    "Title": "@objective_mission_title_merchant_courier",
    "Description": "",
    "PlayerPrompt": "",
    "ObjectiveProposalResponse": "",
    "InProgressResponse": "",
    "DestinationCompletionAvailablePrompt": "",
    "DestinationCompletionAvailableResponse": "",
    "ObjectiveCompletionResponse": "",
    "ObjectiveAcceptanceResponse": "",
    "HideIncompleteTurninMarker": "",
    "ReleaseEventTags": "",
    "ReleaseActiveOverride": "",
    "SkipReqAchievmentWhenInvalid": "",
    "EntitlementId": ""
  },
  {
    "ObjectiveID": "M_procurer_acquire_X_items",
    "Type": "Mission",
    "Difficulty": "",
    "DifficultyLevel": "",
    "MaxInfluenceLevel": "",
    "FlagPvp": "",
    "CanBeShared": "1",
    "CanFastTravel": "1",
    "Task": "M_task_acquire_X_items_container",
    "NpcDestinationId": "",
    "ExclusiveTerritory": "",
    "AchievementId": "",
    "RequiredAchievementId": "",
    "RequiredFaction": "",
    "RequiredLevel": "",
    "SuccessGameEventId": "FactionMission_Success_R1_Sm",
    "FailureGameEventId": "FactionMission_Failure",
    "ExperienceReward": "",
    "ObjectiveReward": "",
    "ItemRewardName": "",
    "ItemRewardQty": "",
    "Repeatable": "1",
    "CanBeAbandoned": "1",
    "Title": "@objective_mission_title_procurer_acquire",
    "Description": "",
    "PlayerPrompt": "",
    "ObjectiveProposalResponse": "",
    "InProgressResponse": "",
    "DestinationCompletionAvailablePrompt": "",
    "DestinationCompletionAvailableResponse": "",
    "ObjectiveCompletionResponse": "",
    "ObjectiveAcceptanceResponse": "",
    "HideIncompleteTurninMarker": "",
    "ReleaseEventTags": "",
    "ReleaseActiveOverride": "",
    "SkipReqAchievmentWhenInvalid": "",
    "EntitlementId": ""
  },
  {
    "ObjectiveID": "M_procurer_craft_workorder_items",
    "Type": "Mission",
    "Difficulty": "",
    "DifficultyLevel": "",
    "MaxInfluenceLevel": "",
    "FlagPvp": "",
    "CanBeShared": "1",
    "CanFastTravel": "1",
    "Task": "M_task_craft_workorder_items_container",
    "NpcDestinationId": "",
    "ExclusiveTerritory": "",
    "AchievementId": "",
    "RequiredAchievementId": "",
    "RequiredFaction": "",
    "RequiredLevel": "",
    "SuccessGameEventId": "FactionMission_Success_R1_Sm",
    "FailureGameEventId": "FactionMission_Failure",
    "ExperienceReward": "",
    "ObjectiveReward": "",
    "ItemRewardName": "",
    "ItemRewardQty": "",
    "Repeatable": "1",
    "CanBeAbandoned": "1",
    "Title": "@objective_mission_task_craft_workorder_item",
    "Description": "",
    "PlayerPrompt": "",
    "ObjectiveProposalResponse": "",
    "InProgressResponse": "",
    "DestinationCompletionAvailablePrompt": "",
    "DestinationCompletionAvailableResponse": "",
    "ObjectiveCompletionResponse": "",
    "ObjectiveAcceptanceResponse": "",
    "HideIncompleteTurninMarker": "",
    "ReleaseEventTags": "",
    "ReleaseActiveOverride": "",
    "SkipReqAchievmentWhenInvalid": "",
    "EntitlementId": ""
  },
  {
    "ObjectiveID": "M_explorer_acquire_X_items_POITag",
    "Type": "Mission",
    "Difficulty": "",
    "DifficultyLevel": "",
    "MaxInfluenceLevel": "",
    "FlagPvp": "",
    "CanBeShared": "1",
    "CanFastTravel": "1",
    "Task": "M_task_acquire_X_items_POITag_container",
    "NpcDestinationId": "",
    "ExclusiveTerritory": "",
    "AchievementId": "",
    "RequiredAchievementId": "",
    "RequiredFaction": "",
    "RequiredLevel": "",
    "SuccessGameEventId": "FactionMission_Success_R1_Sm",
    "FailureGameEventId": "FactionMission_Failure",
    "ExperienceReward": "",
    "ObjectiveReward": "",
    "ItemRewardName": "",
    "ItemRewardQty": "",
    "Repeatable": "1",
    "CanBeAbandoned": "1",
    "Title": "@objective_mission_title_explorer_acquire_POI",
    "Description": "",
    "PlayerPrompt": "",
    "ObjectiveProposalResponse": "",
    "InProgressResponse": "",
    "DestinationCompletionAvailablePrompt": "",
    "DestinationCompletionAvailableResponse": "",
    "ObjectiveCompletionResponse": "",
    "ObjectiveAcceptanceResponse": "",
    "HideIncompleteTurninMarker": "",
    "ReleaseEventTags": "",
    "ReleaseActiveOverride": "",
    "SkipReqAchievmentWhenInvalid": "",
    "EntitlementId": ""
  },
  {
    "ObjectiveID": "M_explorer_acquire_X_items_POITag_territory",
    "Type": "Mission",
    "Difficulty": "",
    "DifficultyLevel": "",
    "MaxInfluenceLevel": "",
    "FlagPvp": "",
    "CanBeShared": "1",
    "CanFastTravel": "1",
    "Task": "M_task_acquire_X_items_POITag_territory_container",
    "NpcDestinationId": "",
    "ExclusiveTerritory": "",
    "AchievementId": "",
    "RequiredAchievementId": "",
    "RequiredFaction": "",
    "RequiredLevel": "",
    "SuccessGameEventId": "FactionMission_Success_R1_Sm",
    "FailureGameEventId": "FactionMission_Failure",
    "ExperienceReward": "",
    "ObjectiveReward": "",
    "ItemRewardName": "",
    "ItemRewardQty": "",
    "Repeatable": "1",
    "CanBeAbandoned": "1",
    "Title": "@objective_mission_title_explorer_acquire_POI_territory",
    "Description": "",
    "PlayerPrompt": "",
    "ObjectiveProposalResponse": "",
    "InProgressResponse": "",
    "DestinationCompletionAvailablePrompt": "",
    "DestinationCompletionAvailableResponse": "",
    "ObjectiveCompletionResponse": "",
    "ObjectiveAcceptanceResponse": "",
    "HideIncompleteTurninMarker": "",
    "ReleaseEventTags": "",
    "ReleaseActiveOverride": "",
    "SkipReqAchievmentWhenInvalid": "",
    "EntitlementId": ""
  },
  {
    "ObjectiveID": "M_explorer_acquire_X_items_territory",
    "Type": "Mission",
    "Difficulty": "",
    "DifficultyLevel": "",
    "MaxInfluenceLevel": "",
    "FlagPvp": "",
    "CanBeShared": "1",
    "CanFastTravel": "1",
    "Task": "M_task_acquire_X_items_territory_container",
    "NpcDestinationId": "",
    "ExclusiveTerritory": "",
    "AchievementId": "",
    "RequiredAchievementId": "",
    "RequiredFaction": "",
    "RequiredLevel": "",
    "SuccessGameEventId": "FactionMission_Success_R1_Sm",
    "FailureGameEventId": "FactionMission_Failure",
    "ExperienceReward": "",
    "ObjectiveReward": "",
    "ItemRewardName": "",
    "ItemRewardQty": "",
    "Repeatable": "1",
    "CanBeAbandoned": "1",
    "Title": "@objective_mission_title_explorer_acquire_territory",
    "Description": "",
    "PlayerPrompt": "",
    "ObjectiveProposalResponse": "",
    "InProgressResponse": "",
    "DestinationCompletionAvailablePrompt": "",
    "DestinationCompletionAvailableResponse": "",
    "ObjectiveCompletionResponse": "",
    "ObjectiveAcceptanceResponse": "",
    "HideIncompleteTurninMarker": "",
    "ReleaseEventTags": "",
    "ReleaseActiveOverride": "",
    "SkipReqAchievmentWhenInvalid": "",
    "EntitlementId": ""
  },
  {
    "ObjectiveID": "M_explorer_aquire_X_items_kill_X_enemies",
    "Type": "Mission",
    "Difficulty": "",
    "DifficultyLevel": "",
    "MaxInfluenceLevel": "",
    "FlagPvp": "",
    "CanBeShared": "1",
    "CanFastTravel": "1",
    "Task": "M_task_aquire_X_items_kill_X_enemies_container",
    "NpcDestinationId": "",
    "ExclusiveTerritory": "",
    "AchievementId": "",
    "RequiredAchievementId": "",
    "RequiredFaction": "",
    "RequiredLevel": "",
    "SuccessGameEventId": "FactionMission_Success_R1_Sm",
    "FailureGameEventId": "FactionMission_Failure",
    "ExperienceReward": "",
    "ObjectiveReward": "",
    "ItemRewardName": "",
    "ItemRewardQty": "",
    "Repeatable": "1",
    "CanBeAbandoned": "1",
    "Title": "@objective_mission_title_explorer_kill_acquire",
    "Description": "",
    "PlayerPrompt": "",
    "ObjectiveProposalResponse": "",
    "InProgressResponse": "",
    "DestinationCompletionAvailablePrompt": "",
    "DestinationCompletionAvailableResponse": "",
    "ObjectiveCompletionResponse": "",
    "ObjectiveAcceptanceResponse": "",
    "HideIncompleteTurninMarker": "",
    "ReleaseEventTags": "",
    "ReleaseActiveOverride": "",
    "SkipReqAchievmentWhenInvalid": "",
    "EntitlementId": ""
  },
  {
    "ObjectiveID": "M_explorer_aquire_X_items_kill_X_enemies_POITag",
    "Type": "Mission",
    "Difficulty": "",
    "DifficultyLevel": "",
    "MaxInfluenceLevel": "",
    "FlagPvp": "",
    "CanBeShared": "1",
    "CanFastTravel": "1",
    "Task": "M_task_aquire_X_items_kill_X_enemies_POITag_container",
    "NpcDestinationId": "",
    "ExclusiveTerritory": "",
    "AchievementId": "",
    "RequiredAchievementId": "",
    "RequiredFaction": "",
    "RequiredLevel": "",
    "SuccessGameEventId": "FactionMission_Success_R1_Sm",
    "FailureGameEventId": "FactionMission_Failure",
    "ExperienceReward": "",
    "ObjectiveReward": "",
    "ItemRewardName": "",
    "ItemRewardQty": "",
    "Repeatable": "1",
    "CanBeAbandoned": "1",
    "Title": "@objective_mission_title_explorer_kill_acquire_POI",
    "Description": "",
    "PlayerPrompt": "",
    "ObjectiveProposalResponse": "",
    "InProgressResponse": "",
    "DestinationCompletionAvailablePrompt": "",
    "DestinationCompletionAvailableResponse": "",
    "ObjectiveCompletionResponse": "",
    "ObjectiveAcceptanceResponse": "",
    "HideIncompleteTurninMarker": "",
    "ReleaseEventTags": "",
    "ReleaseActiveOverride": "",
    "SkipReqAchievmentWhenInvalid": "",
    "EntitlementId": ""
  },
  {
    "ObjectiveID": "M_explorer_aquire_X_items_kill_X_enemies_territory",
    "Type": "Mission",
    "Difficulty": "",
    "DifficultyLevel": "",
    "MaxInfluenceLevel": "",
    "FlagPvp": "",
    "CanBeShared": "1",
    "CanFastTravel": "1",
    "Task": "M_task_aquire_X_items_kill_X_enemies_territory_container",
    "NpcDestinationId": "",
    "ExclusiveTerritory": "",
    "AchievementId": "",
    "RequiredAchievementId": "",
    "RequiredFaction": "",
    "RequiredLevel": "",
    "SuccessGameEventId": "FactionMission_Success_R1_Sm",
    "FailureGameEventId": "FactionMission_Failure",
    "ExperienceReward": "",
    "ObjectiveReward": "",
    "ItemRewardName": "",
    "ItemRewardQty": "",
    "Repeatable": "1",
    "CanBeAbandoned": "1",
    "Title": "@objective_mission_title_explorer_kill_acquire_territory",
    "Description": "",
    "PlayerPrompt": "",
    "ObjectiveProposalResponse": "",
    "InProgressResponse": "",
    "DestinationCompletionAvailablePrompt": "",
    "DestinationCompletionAvailableResponse": "",
    "ObjectiveCompletionResponse": "",
    "ObjectiveAcceptanceResponse": "",
    "HideIncompleteTurninMarker": "",
    "ReleaseEventTags": "",
    "ReleaseActiveOverride": "",
    "SkipReqAchievmentWhenInvalid": "",
    "EntitlementId": ""
  },
  {
    "ObjectiveID": "M_explorer_aquire_X_items_kill_X_enemies_POITag_territory",
    "Type": "Mission",
    "Difficulty": "",
    "DifficultyLevel": "",
    "MaxInfluenceLevel": "",
    "FlagPvp": "",
    "CanBeShared": "1",
    "CanFastTravel": "1",
    "Task": "M_task_aquire_X_items_kill_X_enemies_POITag_territory_container",
    "NpcDestinationId": "",
    "ExclusiveTerritory": "",
    "AchievementId": "",
    "RequiredAchievementId": "",
    "RequiredFaction": "",
    "RequiredLevel": "",
    "SuccessGameEventId": "FactionMission_Success_R1_Sm",
    "FailureGameEventId": "FactionMission_Failure",
    "ExperienceReward": "",
    "ObjectiveReward": "",
    "ItemRewardName": "",
    "ItemRewardQty": "",
    "Repeatable": "1",
    "CanBeAbandoned": "1",
    "Title": "@objective_mission_title_explorer_kill_acquire_POI_territory",
    "Description": "",
    "PlayerPrompt": "",
    "ObjectiveProposalResponse": "",
    "InProgressResponse": "",
    "DestinationCompletionAvailablePrompt": "",
    "DestinationCompletionAvailableResponse": "",
    "ObjectiveCompletionResponse": "",
    "ObjectiveAcceptanceResponse": "",
    "HideIncompleteTurninMarker": "",
    "ReleaseEventTags": "",
    "ReleaseActiveOverride": "",
    "SkipReqAchievmentWhenInvalid": "",
    "EntitlementId": ""
  },
  {
    "ObjectiveID": "M_community_goal_prototype",
    "Type": "CommunityGoal",
    "Difficulty": "Easy",
    "DifficultyLevel": "",
    "MaxInfluenceLevel": "",
    "FlagPvp": "",
    "CanBeShared": "",
    "CanFastTravel": "1",
    "Task": "M_task_community_goal_prototype",
    "NpcDestinationId": "",
    "ExclusiveTerritory": "",
    "AchievementId": "",
    "RequiredAchievementId": "",
    "RequiredFaction": "",
    "RequiredLevel": "",
    "SuccessGameEventId": "",
    "FailureGameEventId": "",
    "ExperienceReward": "",
    "ObjectiveReward": "",
    "ItemRewardName": "",
    "ItemRewardQty": "",
    "Repeatable": "1",
    "CanBeAbandoned": "1",
    "Title": "@objective_mission_title_cg_proto",
    "Description": "@objective_mission_desc_cg_proto",
    "PlayerPrompt": "",
    "ObjectiveProposalResponse": "",
    "InProgressResponse": "",
    "DestinationCompletionAvailablePrompt": "",
    "DestinationCompletionAvailableResponse": "",
    "ObjectiveCompletionResponse": "",
    "ObjectiveAcceptanceResponse": "",
    "HideIncompleteTurninMarker": "",
    "ReleaseEventTags": "",
    "ReleaseActiveOverride": "",
    "SkipReqAchievmentWhenInvalid": "",
    "EntitlementId": ""
  },
  {
    "ObjectiveID": "D_major_corrupted_portal",
    "Type": "Darkness",
    "Difficulty": "",
    "DifficultyLevel": "",
    "MaxInfluenceLevel": "",
    "FlagPvp": "",
    "CanBeShared": "",
    "CanFastTravel": "1",
    "Task": "darkness_task_major_corrupted_portal_container",
    "NpcDestinationId": "",
    "ExclusiveTerritory": "",
    "AchievementId": "",
    "RequiredAchievementId": "",
    "RequiredFaction": "",
    "RequiredLevel": "",
    "SuccessGameEventId": "",
    "FailureGameEventId": "",
    "ExperienceReward": "",
    "ObjectiveReward": "",
    "ItemRewardName": "",
    "ItemRewardQty": "",
    "Repeatable": "",
    "CanBeAbandoned": "",
    "Title": "@objective_darkness_corrupted_portal_title",
    "Description": "@objective_darkness_corrupted_portal_desc",
    "PlayerPrompt": "",
    "ObjectiveProposalResponse": "",
    "InProgressResponse": "",
    "DestinationCompletionAvailablePrompt": "",
    "DestinationCompletionAvailableResponse": "",
    "ObjectiveCompletionResponse": "",
    "ObjectiveAcceptanceResponse": "",
    "HideIncompleteTurninMarker": "",
    "ReleaseEventTags": "",
    "ReleaseActiveOverride": "",
    "SkipReqAchievmentWhenInvalid": "",
    "EntitlementId": ""
  },
  {
    "ObjectiveID": "S_getoffbeach",
    "Type": "Journey",
    "Difficulty": "",
    "DifficultyLevel": "",
    "MaxInfluenceLevel": "",
    "FlagPvp": "",
    "CanBeShared": "",
    "CanFastTravel": "1",
    "Task": "task_getoffbeach_container",
    "NpcDestinationId": "",
    "ExclusiveTerritory": "",
    "AchievementId": "S_getoffbeach",
    "RequiredAchievementId": "",
    "RequiredFaction": "",
    "RequiredLevel": "",
    "SuccessGameEventId": "S_getoffbeach_success",
    "FailureGameEventId": "",
    "ExperienceReward": "",
    "ObjectiveReward": "",
    "ItemRewardName": "",
    "ItemRewardQty": "",
    "Repeatable": "",
    "CanBeAbandoned": "0",
    "Title": "@title_getoffbeach",
    "Description": "@desc_getoffbeach",
    "PlayerPrompt": "@prompt_DEFAULT",
    "ObjectiveProposalResponse": "@proposal_getoffbeach",
    "InProgressResponse": "@incomplete_getoffbeach",
    "DestinationCompletionAvailablePrompt": "@complete_available_prompt_DEFAULT",
    "DestinationCompletionAvailableResponse": "@complete_available_response_getoffbeach",
    "ObjectiveCompletionResponse": "",
    "ObjectiveAcceptanceResponse": "",
    "HideIncompleteTurninMarker": "",
    "ReleaseEventTags": "",
    "ReleaseActiveOverride": "",
    "SkipReqAchievmentWhenInvalid": "",
    "EntitlementId": ""
  },
  {
    "ObjectiveID": "CM_merchant_transport_item",
    "Type": "CommunityGoal",
    "Difficulty": "",
    "DifficultyLevel": "",
    "MaxInfluenceLevel": "",
    "FlagPvp": "",
    "CanBeShared": "",
    "CanFastTravel": "0",
    "Task": "CM_task_transport_item_container",
    "NpcDestinationId": "",
    "ExclusiveTerritory": "",
    "AchievementId": "",
    "RequiredAchievementId": "",
    "RequiredFaction": "",
    "RequiredLevel": "",
    "SuccessGameEventId": "Mission_Success_Merchant_T1",
    "FailureGameEventId": "Mission_Failure_Merchant_T1",
    "ExperienceReward": "",
    "ObjectiveReward": "",
    "ItemRewardName": "",
    "ItemRewardQty": "",
    "Repeatable": "1",
    "CanBeAbandoned": "1",
    "Title": "@objective_mission_title_merchant_courier",
    "Description": "",
    "PlayerPrompt": "",
    "ObjectiveProposalResponse": "",
    "InProgressResponse": "",
    "DestinationCompletionAvailablePrompt": "",
    "DestinationCompletionAvailableResponse": "",
    "ObjectiveCompletionResponse": "",
    "ObjectiveAcceptanceResponse": "",
    "HideIncompleteTurninMarker": "",
    "ReleaseEventTags": "",
    "ReleaseActiveOverride": "",
    "SkipReqAchievmentWhenInvalid": "",
    "EntitlementId": ""
  },
  {
    "ObjectiveID": "CM_procurer_acquire_X_items",
    "Type": "CommunityGoal",
    "Difficulty": "",
    "DifficultyLevel": "",
    "MaxInfluenceLevel": "",
    "FlagPvp": "",
    "CanBeShared": "",
    "CanFastTravel": "1",
    "Task": "CM_task_acquire_X_items_container",
    "NpcDestinationId": "",
    "ExclusiveTerritory": "",
    "AchievementId": "",
    "RequiredAchievementId": "",
    "RequiredFaction": "",
    "RequiredLevel": "",
    "SuccessGameEventId": "Mission_Success_Procurer_T1",
    "FailureGameEventId": "Mission_Failure_Procurer_T1",
    "ExperienceReward": "",
    "ObjectiveReward": "",
    "ItemRewardName": "",
    "ItemRewardQty": "",
    "Repeatable": "1",
    "CanBeAbandoned": "1",
    "Title": "@objective_mission_title_procurer_acquire",
    "Description": "",
    "PlayerPrompt": "",
    "ObjectiveProposalResponse": "",
    "InProgressResponse": "",
    "DestinationCompletionAvailablePrompt": "",
    "DestinationCompletionAvailableResponse": "",
    "ObjectiveCompletionResponse": "",
    "ObjectiveAcceptanceResponse": "",
    "HideIncompleteTurninMarker": "",
    "ReleaseEventTags": "",
    "ReleaseActiveOverride": "",
    "SkipReqAchievmentWhenInvalid": "",
    "EntitlementId": ""
  },
  {
    "ObjectiveID": "CM_explorer_acquire_X_items_POITag",
    "Type": "CommunityGoal",
    "Difficulty": "",
    "DifficultyLevel": "",
    "MaxInfluenceLevel": "",
    "FlagPvp": "",
    "CanBeShared": "",
    "CanFastTravel": "1",
    "Task": "CM_task_acquire_X_items_POITag_container",
    "NpcDestinationId": "",
    "ExclusiveTerritory": "",
    "AchievementId": "",
    "RequiredAchievementId": "",
    "RequiredFaction": "",
    "RequiredLevel": "",
    "SuccessGameEventId": "Mission_Success_Explorer_T1",
    "FailureGameEventId": "Mission_Failure_Explorer_T1",
    "ExperienceReward": "",
    "ObjectiveReward": "",
    "ItemRewardName": "",
    "ItemRewardQty": "",
    "Repeatable": "1",
    "CanBeAbandoned": "1",
    "Title": "@objective_mission_title_explorer_acquire_POI",
    "Description": "",
    "PlayerPrompt": "",
    "ObjectiveProposalResponse": "",
    "InProgressResponse": "",
    "DestinationCompletionAvailablePrompt": "",
    "DestinationCompletionAvailableResponse": "",
    "ObjectiveCompletionResponse": "",
    "ObjectiveAcceptanceResponse": "",
    "HideIncompleteTurninMarker": "",
    "ReleaseEventTags": "",
    "ReleaseActiveOverride": "",
    "SkipReqAchievmentWhenInvalid": "",
    "EntitlementId": ""
  },
  {
    "ObjectiveID": "CM_explorer_acquire_X_items_POITag_territory",
    "Type": "CommunityGoal",
    "Difficulty": "",
    "DifficultyLevel": "",
    "MaxInfluenceLevel": "",
    "FlagPvp": "",
    "CanBeShared": "",
    "CanFastTravel": "1",
    "Task": "CM_task_acquire_X_items_POITag_territory_container",
    "NpcDestinationId": "",
    "ExclusiveTerritory": "",
    "AchievementId": "",
    "RequiredAchievementId": "",
    "RequiredFaction": "",
    "RequiredLevel": "",
    "SuccessGameEventId": "Mission_Success_Explorer_T1",
    "FailureGameEventId": "Mission_Failure_Explorer_T1",
    "ExperienceReward": "",
    "ObjectiveReward": "",
    "ItemRewardName": "",
    "ItemRewardQty": "",
    "Repeatable": "1",
    "CanBeAbandoned": "1",
    "Title": "@objective_mission_title_explorer_acquire_POI_territory",
    "Description": "",
    "PlayerPrompt": "",
    "ObjectiveProposalResponse": "",
    "InProgressResponse": "",
    "DestinationCompletionAvailablePrompt": "",
    "DestinationCompletionAvailableResponse": "",
    "ObjectiveCompletionResponse": "",
    "ObjectiveAcceptanceResponse": "",
    "HideIncompleteTurninMarker": "",
    "ReleaseEventTags": "",
    "ReleaseActiveOverride": "",
    "SkipReqAchievmentWhenInvalid": "",
    "EntitlementId": ""
  },
  {
    "ObjectiveID": "CM_explorer_acquire_X_items_territory",
    "Type": "CommunityGoal",
    "Difficulty": "",
    "DifficultyLevel": "",
    "MaxInfluenceLevel": "",
    "FlagPvp": "",
    "CanBeShared": "",
    "CanFastTravel": "1",
    "Task": "CM_task_acquire_X_items_territory_container",
    "NpcDestinationId": "",
    "ExclusiveTerritory": "",
    "AchievementId": "",
    "RequiredAchievementId": "",
    "RequiredFaction": "",
    "RequiredLevel": "",
    "SuccessGameEventId": "Mission_Success_Explorer_T1",
    "FailureGameEventId": "Mission_Failure_Explorer_T1",
    "ExperienceReward": "",
    "ObjectiveReward": "",
    "ItemRewardName": "",
    "ItemRewardQty": "",
    "Repeatable": "1",
    "CanBeAbandoned": "1",
    "Title": "@objective_mission_title_explorer_acquire_territory",
    "Description": "",
    "PlayerPrompt": "",
    "ObjectiveProposalResponse": "",
    "InProgressResponse": "",
    "DestinationCompletionAvailablePrompt": "",
    "DestinationCompletionAvailableResponse": "",
    "ObjectiveCompletionResponse": "",
    "ObjectiveAcceptanceResponse": "",
    "HideIncompleteTurninMarker": "",
    "ReleaseEventTags": "",
    "ReleaseActiveOverride": "",
    "SkipReqAchievmentWhenInvalid": "",
    "EntitlementId": ""
  },
  {
    "ObjectiveID": "CM_explorer_aquire_X_items_kill_X_enemies",
    "Type": "CommunityGoal",
    "Difficulty": "",
    "DifficultyLevel": "",
    "MaxInfluenceLevel": "",
    "FlagPvp": "",
    "CanBeShared": "",
    "CanFastTravel": "1",
    "Task": "CM_task_aquire_X_items_kill_X_enemies_container",
    "NpcDestinationId": "",
    "ExclusiveTerritory": "",
    "AchievementId": "",
    "RequiredAchievementId": "",
    "RequiredFaction": "",
    "RequiredLevel": "",
    "SuccessGameEventId": "Mission_Success_Explorer_T1",
    "FailureGameEventId": "Mission_Failure_Explorer_T1",
    "ExperienceReward": "",
    "ObjectiveReward": "",
    "ItemRewardName": "",
    "ItemRewardQty": "",
    "Repeatable": "1",
    "CanBeAbandoned": "1",
    "Title": "@objective_mission_title_explorer_kill_acquire",
    "Description": "",
    "PlayerPrompt": "",
    "ObjectiveProposalResponse": "",
    "InProgressResponse": "",
    "DestinationCompletionAvailablePrompt": "",
    "DestinationCompletionAvailableResponse": "",
    "ObjectiveCompletionResponse": "",
    "ObjectiveAcceptanceResponse": "",
    "HideIncompleteTurninMarker": "",
    "ReleaseEventTags": "",
    "ReleaseActiveOverride": "",
    "SkipReqAchievmentWhenInvalid": "",
    "EntitlementId": ""
  },
  {
    "ObjectiveID": "CM_explorer_aquire_X_items_kill_X_enemies_POITag",
    "Type": "CommunityGoal",
    "Difficulty": "",
    "DifficultyLevel": "",
    "MaxInfluenceLevel": "",
    "FlagPvp": "",
    "CanBeShared": "",
    "CanFastTravel": "1",
    "Task": "CM_task_aquire_X_items_kill_X_enemies_POITag_container",
    "NpcDestinationId": "",
    "ExclusiveTerritory": "",
    "AchievementId": "",
    "RequiredAchievementId": "",
    "RequiredFaction": "",
    "RequiredLevel": "",
    "SuccessGameEventId": "Mission_Success_Explorer_T1",
    "FailureGameEventId": "Mission_Failure_Explorer_T1",
    "ExperienceReward": "",
    "ObjectiveReward": "",
    "ItemRewardName": "",
    "ItemRewardQty": "",
    "Repeatable": "1",
    "CanBeAbandoned": "1",
    "Title": "@objective_mission_title_explorer_kill_acquire_POI",
    "Description": "",
    "PlayerPrompt": "",
    "ObjectiveProposalResponse": "",
    "InProgressResponse": "",
    "DestinationCompletionAvailablePrompt": "",
    "DestinationCompletionAvailableResponse": "",
    "ObjectiveCompletionResponse": "",
    "ObjectiveAcceptanceResponse": "",
    "HideIncompleteTurninMarker": "",
    "ReleaseEventTags": "",
    "ReleaseActiveOverride": "",
    "SkipReqAchievmentWhenInvalid": "",
    "EntitlementId": ""
  },
  {
    "ObjectiveID": "CM_explorer_aquire_X_items_kill_X_enemies_territory",
    "Type": "CommunityGoal",
    "Difficulty": "",
    "DifficultyLevel": "",
    "MaxInfluenceLevel": "",
    "FlagPvp": "",
    "CanBeShared": "",
    "CanFastTravel": "1",
    "Task": "CM_task_aquire_X_items_kill_X_enemies_territory_container",
    "NpcDestinationId": "",
    "ExclusiveTerritory": "",
    "AchievementId": "",
    "RequiredAchievementId": "",
    "RequiredFaction": "",
    "RequiredLevel": "",
    "SuccessGameEventId": "Mission_Success_Explorer_T1",
    "FailureGameEventId": "Mission_Failure_Explorer_T1",
    "ExperienceReward": "",
    "ObjectiveReward": "",
    "ItemRewardName": "",
    "ItemRewardQty": "",
    "Repeatable": "1",
    "CanBeAbandoned": "1",
    "Title": "@objective_mission_title_explorer_kill_acquire_territory",
    "Description": "",
    "PlayerPrompt": "",
    "ObjectiveProposalResponse": "",
    "InProgressResponse": "",
    "DestinationCompletionAvailablePrompt": "",
    "DestinationCompletionAvailableResponse": "",
    "ObjectiveCompletionResponse": "",
    "ObjectiveAcceptanceResponse": "",
    "HideIncompleteTurninMarker": "",
    "ReleaseEventTags": "",
    "ReleaseActiveOverride": "",
    "SkipReqAchievmentWhenInvalid": "",
    "EntitlementId": ""
  },
  {
    "ObjectiveID": "CM_explorer_aquire_X_items_kill_X_enemies_POITag_territory",
    "Type": "CommunityGoal",
    "Difficulty": "",
    "DifficultyLevel": "",
    "MaxInfluenceLevel": "",
    "FlagPvp": "",
    "CanBeShared": "",
    "CanFastTravel": "1",
    "Task": "CM_task_aquire_X_items_kill_X_enemies_POITag_territory_container",
    "NpcDestinationId": "",
    "ExclusiveTerritory": "",
    "AchievementId": "",
    "RequiredAchievementId": "",
    "RequiredFaction": "",
    "RequiredLevel": "",
    "SuccessGameEventId": "Mission_Success_Explorer_T1",
    "FailureGameEventId": "Mission_Failure_Explorer_T1",
    "ExperienceReward": "",
    "ObjectiveReward": "",
    "ItemRewardName": "",
    "ItemRewardQty": "",
    "Repeatable": "1",
    "CanBeAbandoned": "1",
    "Title": "@objective_mission_title_explorer_kill_acquire_POI_territory",
    "Description": "",
    "PlayerPrompt": "",
    "ObjectiveProposalResponse": "",
    "InProgressResponse": "",
    "DestinationCompletionAvailablePrompt": "",
    "DestinationCompletionAvailableResponse": "",
    "ObjectiveCompletionResponse": "",
    "ObjectiveAcceptanceResponse": "",
    "HideIncompleteTurninMarker": "",
    "ReleaseEventTags": "",
    "ReleaseActiveOverride": "",
    "SkipReqAchievmentWhenInvalid": "",
    "EntitlementId": ""
  },
  {
    "ObjectiveID": "CM_bounty_kill_X_enemies",
    "Type": "CommunityGoal",
    "Difficulty": "",
    "DifficultyLevel": "",
    "MaxInfluenceLevel": "",
    "FlagPvp": "",
    "CanBeShared": "",
    "CanFastTravel": "1",
    "Task": "CM_task_kill_X_enemies_container",
    "NpcDestinationId": "",
    "ExclusiveTerritory": "",
    "AchievementId": "",
    "RequiredAchievementId": "",
    "RequiredFaction": "",
    "RequiredLevel": "",
    "SuccessGameEventId": "Mission_Success_Bounty_T1",
    "FailureGameEventId": "Mission_Failure_Bounty_T1",
    "ExperienceReward": "",
    "ObjectiveReward": "",
    "ItemRewardName": "",
    "ItemRewardQty": "",
    "Repeatable": "1",
    "CanBeAbandoned": "1",
    "Title": "@objective_mission_title_bounty_hunter_kill",
    "Description": "",
    "PlayerPrompt": "",
    "ObjectiveProposalResponse": "",
    "InProgressResponse": "",
    "DestinationCompletionAvailablePrompt": "",
    "DestinationCompletionAvailableResponse": "",
    "ObjectiveCompletionResponse": "",
    "ObjectiveAcceptanceResponse": "",
    "HideIncompleteTurninMarker": "",
    "ReleaseEventTags": "",
    "ReleaseActiveOverride": "",
    "SkipReqAchievmentWhenInvalid": "",
    "EntitlementId": ""
  },
  {
    "ObjectiveID": "CM_procurer_craft_workorder_items",
    "Type": "CommunityGoal",
    "Difficulty": "",
    "DifficultyLevel": "",
    "MaxInfluenceLevel": "",
    "FlagPvp": "",
    "CanBeShared": "",
    "CanFastTravel": "1",
    "Task": "CM_task_craft_workorder_items_container",
    "NpcDestinationId": "",
    "ExclusiveTerritory": "",
    "AchievementId": "",
    "RequiredAchievementId": "",
    "RequiredFaction": "",
    "RequiredLevel": "",
    "SuccessGameEventId": "Mission_Success_Procurer_T1",
    "FailureGameEventId": "Mission_Failure_Procurer_T1",
    "ExperienceReward": "",
    "ObjectiveReward": "",
    "ItemRewardName": "",
    "ItemRewardQty": "",
    "Repeatable": "1",
    "CanBeAbandoned": "1",
    "Title": "@objective_mission_task_craft_workorder_item",
    "Description": "",
    "PlayerPrompt": "",
    "ObjectiveProposalResponse": "",
    "InProgressResponse": "",
    "DestinationCompletionAvailablePrompt": "",
    "DestinationCompletionAvailableResponse": "",
    "ObjectiveCompletionResponse": "",
    "ObjectiveAcceptanceResponse": "",
    "HideIncompleteTurninMarker": "",
    "ReleaseEventTags": "",
    "ReleaseActiveOverride": "",
    "SkipReqAchievmentWhenInvalid": "",
    "EntitlementId": ""
  },
  {
    "ObjectiveID": "M_killx_location",
    "Type": "Mission",
    "Difficulty": "",
    "DifficultyLevel": "",
    "MaxInfluenceLevel": "",
    "FlagPvp": "",
    "CanBeShared": "1",
    "CanFastTravel": "1",
    "Task": "M_task_kill_X_enemies_container_location",
    "NpcDestinationId": "",
    "ExclusiveTerritory": "",
    "AchievementId": "",
    "RequiredAchievementId": "",
    "RequiredFaction": "",
    "RequiredLevel": "",
    "SuccessGameEventId": "FactionMission_Success_R1_Sm",
    "FailureGameEventId": "FactionMission_Failure",
    "ExperienceReward": "",
    "ObjectiveReward": "",
    "ItemRewardName": "",
    "ItemRewardQty": "",
    "Repeatable": "1",
    "CanBeAbandoned": "1",
    "Title": "@objective_mission_title_bounty_hunter_kill",
    "Description": "",
    "PlayerPrompt": "",
    "ObjectiveProposalResponse": "",
    "InProgressResponse": "",
    "DestinationCompletionAvailablePrompt": "",
    "DestinationCompletionAvailableResponse": "",
    "ObjectiveCompletionResponse": "",
    "ObjectiveAcceptanceResponse": "",
    "HideIncompleteTurninMarker": "",
    "ReleaseEventTags": "",
    "ReleaseActiveOverride": "",
    "SkipReqAchievmentWhenInvalid": "",
    "EntitlementId": ""
  },
  {
    "ObjectiveID": "M_delivery",
    "Type": "Mission",
    "Difficulty": "",
    "DifficultyLevel": "",
    "MaxInfluenceLevel": "",
    "FlagPvp": "",
    "CanBeShared": "1",
    "CanFastTravel": "0",
    "Task": "M_task_transport_item_container",
    "NpcDestinationId": "",
    "ExclusiveTerritory": "",
    "AchievementId": "",
    "RequiredAchievementId": "",
    "RequiredFaction": "",
    "RequiredLevel": "",
    "SuccessGameEventId": "FactionMission_Success_R1_Sm",
    "FailureGameEventId": "FactionMission_Failure",
    "ExperienceReward": "",
    "ObjectiveReward": "",
    "ItemRewardName": "",
    "ItemRewardQty": "",
    "Repeatable": "1",
    "CanBeAbandoned": "1",
    "Title": "@objective_mission_title_merchant_courier",
    "Description": "",
    "PlayerPrompt": "",
    "ObjectiveProposalResponse": "",
    "InProgressResponse": "",
    "DestinationCompletionAvailablePrompt": "",
    "DestinationCompletionAvailableResponse": "",
    "ObjectiveCompletionResponse": "",
    "ObjectiveAcceptanceResponse": "",
    "HideIncompleteTurninMarker": "",
    "ReleaseEventTags": "",
    "ReleaseActiveOverride": "",
    "SkipReqAchievmentWhenInvalid": "",
    "EntitlementId": ""
  },
  {
    "ObjectiveID": "M_fetch_location",
    "Type": "Mission",
    "Difficulty": "",
    "DifficultyLevel": "",
    "MaxInfluenceLevel": "",
    "FlagPvp": "",
    "CanBeShared": "1",
    "CanFastTravel": "1",
    "Task": "M_task_acquire_X_items_POITag_container",
    "NpcDestinationId": "",
    "ExclusiveTerritory": "",
    "AchievementId": "",
    "RequiredAchievementId": "",
    "RequiredFaction": "",
    "RequiredLevel": "",
    "SuccessGameEventId": "FactionMission_Success_R1_Sm",
    "FailureGameEventId": "FactionMission_Failure",
    "ExperienceReward": "",
    "ObjectiveReward": "",
    "ItemRewardName": "",
    "ItemRewardQty": "",
    "Repeatable": "1",
    "CanBeAbandoned": "1",
    "Title": "@objective_mission_title_explorer_acquire_POI",
    "Description": "",
    "PlayerPrompt": "",
    "ObjectiveProposalResponse": "",
    "InProgressResponse": "",
    "DestinationCompletionAvailablePrompt": "",
    "DestinationCompletionAvailableResponse": "",
    "ObjectiveCompletionResponse": "",
    "ObjectiveAcceptanceResponse": "",
    "HideIncompleteTurninMarker": "",
    "ReleaseEventTags": "",
    "ReleaseActiveOverride": "",
    "SkipReqAchievmentWhenInvalid": "",
    "EntitlementId": ""
  },
  {
    "ObjectiveID": "M_killtoken_location",
    "Type": "Mission",
    "Difficulty": "",
    "DifficultyLevel": "",
    "MaxInfluenceLevel": "",
    "FlagPvp": "",
    "CanBeShared": "1",
    "CanFastTravel": "1",
    "Task": "M_task_aquire_X_items_kill_X_enemies_POITag_container",
    "NpcDestinationId": "",
    "ExclusiveTerritory": "",
    "AchievementId": "",
    "RequiredAchievementId": "",
    "RequiredFaction": "",
    "RequiredLevel": "",
    "SuccessGameEventId": "FactionMission_Success_R1_Sm",
    "FailureGameEventId": "FactionMission_Failure",
    "ExperienceReward": "",
    "ObjectiveReward": "",
    "ItemRewardName": "",
    "ItemRewardQty": "",
    "Repeatable": "1",
    "CanBeAbandoned": "1",
    "Title": "@objective_mission_title_explorer_kill_acquire_POI",
    "Description": "",
    "PlayerPrompt": "",
    "ObjectiveProposalResponse": "",
    "InProgressResponse": "",
    "DestinationCompletionAvailablePrompt": "",
    "DestinationCompletionAvailableResponse": "",
    "ObjectiveCompletionResponse": "",
    "ObjectiveAcceptanceResponse": "",
    "HideIncompleteTurninMarker": "",
    "ReleaseEventTags": "",
    "ReleaseActiveOverride": "",
    "SkipReqAchievmentWhenInvalid": "",
    "EntitlementId": ""
  },
  {
    "ObjectiveID": "M_killx_killtoken_location",
    "Type": "Mission",
    "Difficulty": "",
    "DifficultyLevel": "",
    "MaxInfluenceLevel": "",
    "FlagPvp": "",
    "CanBeShared": "1",
    "CanFastTravel": "1",
    "Task": "M_killx_killtoken_location_container",
    "NpcDestinationId": "",
    "ExclusiveTerritory": "",
    "AchievementId": "",
    "RequiredAchievementId": "",
    "RequiredFaction": "",
    "RequiredLevel": "",
    "SuccessGameEventId": "FactionMission_Success_R1_Sm",
    "FailureGameEventId": "FactionMission_Failure",
    "ExperienceReward": "",
    "ObjectiveReward": "",
    "ItemRewardName": "",
    "ItemRewardQty": "",
    "Repeatable": "1",
    "CanBeAbandoned": "1",
    "Title": "@objective_mission_title_explorer_kill_acquire_POI",
    "Description": "",
    "PlayerPrompt": "",
    "ObjectiveProposalResponse": "",
    "InProgressResponse": "",
    "DestinationCompletionAvailablePrompt": "",
    "DestinationCompletionAvailableResponse": "",
    "ObjectiveCompletionResponse": "",
    "ObjectiveAcceptanceResponse": "",
    "HideIncompleteTurninMarker": "",
    "ReleaseEventTags": "",
    "ReleaseActiveOverride": "",
    "SkipReqAchievmentWhenInvalid": "",
    "EntitlementId": ""
  },
  {
    "ObjectiveID": "M_fetch_killx_killtoken_location",
    "Type": "Mission",
    "Difficulty": "",
    "DifficultyLevel": "",
    "MaxInfluenceLevel": "",
    "FlagPvp": "",
    "CanBeShared": "1",
    "CanFastTravel": "1",
    "Task": "M_fetch_killx_killtoken_location_container",
    "NpcDestinationId": "",
    "ExclusiveTerritory": "",
    "AchievementId": "",
    "RequiredAchievementId": "",
    "RequiredFaction": "",
    "RequiredLevel": "",
    "SuccessGameEventId": "FactionMission_Success_R1_Sm",
    "FailureGameEventId": "FactionMission_Failure",
    "ExperienceReward": "",
    "ObjectiveReward": "",
    "ItemRewardName": "",
    "ItemRewardQty": "",
    "Repeatable": "1",
    "CanBeAbandoned": "1",
    "Title": "@objective_mission_title_explorer_kill_acquire_POI",
    "Description": "",
    "PlayerPrompt": "",
    "ObjectiveProposalResponse": "",
    "InProgressResponse": "",
    "DestinationCompletionAvailablePrompt": "",
    "DestinationCompletionAvailableResponse": "",
    "ObjectiveCompletionResponse": "",
    "ObjectiveAcceptanceResponse": "",
    "HideIncompleteTurninMarker": "",
    "ReleaseEventTags": "",
    "ReleaseActiveOverride": "",
    "SkipReqAchievmentWhenInvalid": "",
    "EntitlementId": ""
  },
  {
    "ObjectiveID": "M_killtoken",
    "Type": "Mission",
    "Difficulty": "",
    "DifficultyLevel": "",
    "MaxInfluenceLevel": "",
    "FlagPvp": "",
    "CanBeShared": "1",
    "CanFastTravel": "1",
    "Task": "M_task_aquire_X_items_kill_X_enemies_container",
    "NpcDestinationId": "",
    "ExclusiveTerritory": "",
    "AchievementId": "",
    "RequiredAchievementId": "",
    "RequiredFaction": "",
    "RequiredLevel": "",
    "SuccessGameEventId": "FactionMission_Success_R1_Sm",
    "FailureGameEventId": "FactionMission_Failure",
    "ExperienceReward": "",
    "ObjectiveReward": "",
    "ItemRewardName": "",
    "ItemRewardQty": "",
    "Repeatable": "1",
    "CanBeAbandoned": "1",
    "Title": "@objective_mission_title_explorer_kill_acquire_POI",
    "Description": "",
    "PlayerPrompt": "",
    "ObjectiveProposalResponse": "",
    "InProgressResponse": "",
    "DestinationCompletionAvailablePrompt": "",
    "DestinationCompletionAvailableResponse": "",
    "ObjectiveCompletionResponse": "",
    "ObjectiveAcceptanceResponse": "",
    "HideIncompleteTurninMarker": "",
    "ReleaseEventTags": "",
    "ReleaseActiveOverride": "",
    "SkipReqAchievmentWhenInvalid": "",
    "EntitlementId": ""
  },
  {
    "ObjectiveID": "PVP_killx",
    "Type": "Mission",
    "Difficulty": "",
    "DifficultyLevel": "",
    "MaxInfluenceLevel": "",
    "FlagPvp": "1",
    "CanBeShared": "",
    "CanFastTravel": "0",
    "Task": "PVP_task_kill_X_enemies_container_location",
    "NpcDestinationId": "",
    "ExclusiveTerritory": "",
    "AchievementId": "",
    "RequiredAchievementId": "",
    "RequiredFaction": "",
    "RequiredLevel": "",
    "SuccessGameEventId": "PVPMission_Success_R1_Sm",
    "FailureGameEventId": "PVPMission_Failure",
    "ExperienceReward": "",
    "ObjectiveReward": "",
    "ItemRewardName": "",
    "ItemRewardQty": "",
    "Repeatable": "1",
    "CanBeAbandoned": "1",
    "Title": "@objective_mission_title_bounty_hunter_kill",
    "Description": "",
    "PlayerPrompt": "",
    "ObjectiveProposalResponse": "",
    "InProgressResponse": "",
    "DestinationCompletionAvailablePrompt": "",
    "DestinationCompletionAvailableResponse": "",
    "ObjectiveCompletionResponse": "",
    "ObjectiveAcceptanceResponse": "",
    "HideIncompleteTurninMarker": "",
    "ReleaseEventTags": "",
    "ReleaseActiveOverride": "",
    "SkipReqAchievmentWhenInvalid": "",
    "EntitlementId": ""
  },
  {
    "ObjectiveID": "PVP_killx_location",
    "Type": "Mission",
    "Difficulty": "",
    "DifficultyLevel": "",
    "MaxInfluenceLevel": "",
    "FlagPvp": "1",
    "CanBeShared": "",
    "CanFastTravel": "0",
    "Task": "PVP_task_kill_X_enemies_container",
    "NpcDestinationId": "",
    "ExclusiveTerritory": "",
    "AchievementId": "",
    "RequiredAchievementId": "",
    "RequiredFaction": "",
    "RequiredLevel": "",
    "SuccessGameEventId": "PVPMission_Success_R1_Sm",
    "FailureGameEventId": "PVPMission_Failure",
    "ExperienceReward": "",
    "ObjectiveReward": "",
    "ItemRewardName": "",
    "ItemRewardQty": "",
    "Repeatable": "1",
    "CanBeAbandoned": "1",
    "Title": "@objective_mission_title_bounty_hunter_kill",
    "Description": "",
    "PlayerPrompt": "",
    "ObjectiveProposalResponse": "",
    "InProgressResponse": "",
    "DestinationCompletionAvailablePrompt": "",
    "DestinationCompletionAvailableResponse": "",
    "ObjectiveCompletionResponse": "",
    "ObjectiveAcceptanceResponse": "",
    "HideIncompleteTurninMarker": "",
    "ReleaseEventTags": "",
    "ReleaseActiveOverride": "",
    "SkipReqAchievmentWhenInvalid": "",
    "EntitlementId": ""
  },
  {
    "ObjectiveID": "PVP_delivery",
    "Type": "Mission",
    "Difficulty": "",
    "DifficultyLevel": "",
    "MaxInfluenceLevel": "",
    "FlagPvp": "1",
    "CanBeShared": "",
    "CanFastTravel": "0",
    "Task": "PVP_task_transport_item_container",
    "NpcDestinationId": "",
    "ExclusiveTerritory": "",
    "AchievementId": "",
    "RequiredAchievementId": "",
    "RequiredFaction": "",
    "RequiredLevel": "",
    "SuccessGameEventId": "PVPMission_Success_R1_Sm",
    "FailureGameEventId": "PVPMission_Failure",
    "ExperienceReward": "",
    "ObjectiveReward": "",
    "ItemRewardName": "",
    "ItemRewardQty": "",
    "Repeatable": "1",
    "CanBeAbandoned": "1",
    "Title": "@objective_mission_title_merchant_courier",
    "Description": "",
    "PlayerPrompt": "",
    "ObjectiveProposalResponse": "",
    "InProgressResponse": "",
    "DestinationCompletionAvailablePrompt": "",
    "DestinationCompletionAvailableResponse": "",
    "ObjectiveCompletionResponse": "",
    "ObjectiveAcceptanceResponse": "",
    "HideIncompleteTurninMarker": "",
    "ReleaseEventTags": "",
    "ReleaseActiveOverride": "",
    "SkipReqAchievmentWhenInvalid": "",
    "EntitlementId": ""
  },
  {
    "ObjectiveID": "PVP_fetch",
    "Type": "Mission",
    "Difficulty": "",
    "DifficultyLevel": "",
    "MaxInfluenceLevel": "",
    "FlagPvp": "1",
    "CanBeShared": "",
    "CanFastTravel": "0",
    "Task": "PVP_task_acquire_X_items_container",
    "NpcDestinationId": "",
    "ExclusiveTerritory": "",
    "AchievementId": "",
    "RequiredAchievementId": "",
    "RequiredFaction": "",
    "RequiredLevel": "",
    "SuccessGameEventId": "PVPMission_Success_R1_Sm",
    "FailureGameEventId": "PVPMission_Failure",
    "ExperienceReward": "",
    "ObjectiveReward": "",
    "ItemRewardName": "",
    "ItemRewardQty": "",
    "Repeatable": "1",
    "CanBeAbandoned": "1",
    "Title": "@objective_mission_title_procurer_acquire",
    "Description": "",
    "PlayerPrompt": "",
    "ObjectiveProposalResponse": "",
    "InProgressResponse": "",
    "DestinationCompletionAvailablePrompt": "",
    "DestinationCompletionAvailableResponse": "",
    "ObjectiveCompletionResponse": "",
    "ObjectiveAcceptanceResponse": "",
    "HideIncompleteTurninMarker": "",
    "ReleaseEventTags": "",
    "ReleaseActiveOverride": "",
    "SkipReqAchievmentWhenInvalid": "",
    "EntitlementId": ""
  },
  {
    "ObjectiveID": "PVP_fetch_location",
    "Type": "Mission",
    "Difficulty": "",
    "DifficultyLevel": "",
    "MaxInfluenceLevel": "",
    "FlagPvp": "1",
    "CanBeShared": "",
    "CanFastTravel": "0",
    "Task": "PVP_task_acquire_X_items_POITag_container",
    "NpcDestinationId": "",
    "ExclusiveTerritory": "",
    "AchievementId": "",
    "RequiredAchievementId": "",
    "RequiredFaction": "",
    "RequiredLevel": "",
    "SuccessGameEventId": "PVPMission_Success_R1_Sm",
    "FailureGameEventId": "PVPMission_Failure",
    "ExperienceReward": "",
    "ObjectiveReward": "",
    "ItemRewardName": "",
    "ItemRewardQty": "",
    "Repeatable": "1",
    "CanBeAbandoned": "1",
    "Title": "@objective_mission_title_explorer_acquire_POI",
    "Description": "",
    "PlayerPrompt": "",
    "ObjectiveProposalResponse": "",
    "InProgressResponse": "",
    "DestinationCompletionAvailablePrompt": "",
    "DestinationCompletionAvailableResponse": "",
    "ObjectiveCompletionResponse": "",
    "ObjectiveAcceptanceResponse": "",
    "HideIncompleteTurninMarker": "",
    "ReleaseEventTags": "",
    "ReleaseActiveOverride": "",
    "SkipReqAchievmentWhenInvalid": "",
    "EntitlementId": ""
  },
  {
    "ObjectiveID": "PVP_explorer_acquire_X_items_POITag_territory",
    "Type": "Mission",
    "Difficulty": "",
    "DifficultyLevel": "",
    "MaxInfluenceLevel": "",
    "FlagPvp": "1",
    "CanBeShared": "",
    "CanFastTravel": "0",
    "Task": "PVP_task_acquire_X_items_POITag_territory_container",
    "NpcDestinationId": "",
    "ExclusiveTerritory": "",
    "AchievementId": "",
    "RequiredAchievementId": "",
    "RequiredFaction": "",
    "RequiredLevel": "",
    "SuccessGameEventId": "PVPMission_Success_R1_Sm",
    "FailureGameEventId": "PVPMission_Failure",
    "ExperienceReward": "",
    "ObjectiveReward": "",
    "ItemRewardName": "",
    "ItemRewardQty": "",
    "Repeatable": "1",
    "CanBeAbandoned": "1",
    "Title": "@objective_mission_title_explorer_acquire_POI_territory",
    "Description": "",
    "PlayerPrompt": "",
    "ObjectiveProposalResponse": "",
    "InProgressResponse": "",
    "DestinationCompletionAvailablePrompt": "",
    "DestinationCompletionAvailableResponse": "",
    "ObjectiveCompletionResponse": "",
    "ObjectiveAcceptanceResponse": "",
    "HideIncompleteTurninMarker": "",
    "ReleaseEventTags": "",
    "ReleaseActiveOverride": "",
    "SkipReqAchievmentWhenInvalid": "",
    "EntitlementId": ""
  },
  {
    "ObjectiveID": "PVP_explorer_acquire_X_items_territory",
    "Type": "Mission",
    "Difficulty": "",
    "DifficultyLevel": "",
    "MaxInfluenceLevel": "",
    "FlagPvp": "1",
    "CanBeShared": "",
    "CanFastTravel": "0",
    "Task": "PVP_task_acquire_X_items_territory_container",
    "NpcDestinationId": "",
    "ExclusiveTerritory": "",
    "AchievementId": "",
    "RequiredAchievementId": "",
    "RequiredFaction": "",
    "RequiredLevel": "",
    "SuccessGameEventId": "PVPMission_Success_R1_Sm",
    "FailureGameEventId": "PVPMission_Failure",
    "ExperienceReward": "",
    "ObjectiveReward": "",
    "ItemRewardName": "",
    "ItemRewardQty": "",
    "Repeatable": "1",
    "CanBeAbandoned": "1",
    "Title": "@objective_mission_title_explorer_acquire_territory",
    "Description": "",
    "PlayerPrompt": "",
    "ObjectiveProposalResponse": "",
    "InProgressResponse": "",
    "DestinationCompletionAvailablePrompt": "",
    "DestinationCompletionAvailableResponse": "",
    "ObjectiveCompletionResponse": "",
    "ObjectiveAcceptanceResponse": "",
    "HideIncompleteTurninMarker": "",
    "ReleaseEventTags": "",
    "ReleaseActiveOverride": "",
    "SkipReqAchievmentWhenInvalid": "",
    "EntitlementId": ""
  },
  {
    "ObjectiveID": "PVP_explorer_aquire_X_items_kill_X_enemies",
    "Type": "Mission",
    "Difficulty": "",
    "DifficultyLevel": "",
    "MaxInfluenceLevel": "",
    "FlagPvp": "1",
    "CanBeShared": "",
    "CanFastTravel": "0",
    "Task": "PVP_task_aquire_X_items_kill_X_enemies_container",
    "NpcDestinationId": "",
    "ExclusiveTerritory": "",
    "AchievementId": "",
    "RequiredAchievementId": "",
    "RequiredFaction": "",
    "RequiredLevel": "",
    "SuccessGameEventId": "PVPMission_Success_R1_Sm",
    "FailureGameEventId": "PVPMission_Failure",
    "ExperienceReward": "",
    "ObjectiveReward": "",
    "ItemRewardName": "",
    "ItemRewardQty": "",
    "Repeatable": "1",
    "CanBeAbandoned": "1",
    "Title": "@objective_mission_title_explorer_kill_acquire",
    "Description": "",
    "PlayerPrompt": "",
    "ObjectiveProposalResponse": "",
    "InProgressResponse": "",
    "DestinationCompletionAvailablePrompt": "",
    "DestinationCompletionAvailableResponse": "",
    "ObjectiveCompletionResponse": "",
    "ObjectiveAcceptanceResponse": "",
    "HideIncompleteTurninMarker": "",
    "ReleaseEventTags": "",
    "ReleaseActiveOverride": "",
    "SkipReqAchievmentWhenInvalid": "",
    "EntitlementId": ""
  },
  {
    "ObjectiveID": "PVP_explorer_aquire_X_items_kill_X_enemies_POITag",
    "Type": "Mission",
    "Difficulty": "",
    "DifficultyLevel": "",
    "MaxInfluenceLevel": "",
    "FlagPvp": "1",
    "CanBeShared": "",
    "CanFastTravel": "0",
    "Task": "PVP_task_aquire_X_items_kill_X_enemies_POITag_container",
    "NpcDestinationId": "",
    "ExclusiveTerritory": "",
    "AchievementId": "",
    "RequiredAchievementId": "",
    "RequiredFaction": "",
    "RequiredLevel": "",
    "SuccessGameEventId": "PVPMission_Success_R1_Sm",
    "FailureGameEventId": "PVPMission_Failure",
    "ExperienceReward": "",
    "ObjectiveReward": "",
    "ItemRewardName": "",
    "ItemRewardQty": "",
    "Repeatable": "1",
    "CanBeAbandoned": "1",
    "Title": "@objective_mission_title_explorer_kill_acquire_POI",
    "Description": "",
    "PlayerPrompt": "",
    "ObjectiveProposalResponse": "",
    "InProgressResponse": "",
    "DestinationCompletionAvailablePrompt": "",
    "DestinationCompletionAvailableResponse": "",
    "ObjectiveCompletionResponse": "",
    "ObjectiveAcceptanceResponse": "",
    "HideIncompleteTurninMarker": "",
    "ReleaseEventTags": "",
    "ReleaseActiveOverride": "",
    "SkipReqAchievmentWhenInvalid": "",
    "EntitlementId": ""
  },
  {
    "ObjectiveID": "PVP_explorer_aquire_X_items_kill_X_enemies_territory",
    "Type": "Mission",
    "Difficulty": "",
    "DifficultyLevel": "",
    "MaxInfluenceLevel": "",
    "FlagPvp": "1",
    "CanBeShared": "",
    "CanFastTravel": "0",
    "Task": "PVP_task_aquire_X_items_kill_X_enemies_territory_container",
    "NpcDestinationId": "",
    "ExclusiveTerritory": "",
    "AchievementId": "",
    "RequiredAchievementId": "",
    "RequiredFaction": "",
    "RequiredLevel": "",
    "SuccessGameEventId": "PVPMission_Success_R1_Sm",
    "FailureGameEventId": "PVPMission_Failure",
    "ExperienceReward": "",
    "ObjectiveReward": "",
    "ItemRewardName": "",
    "ItemRewardQty": "",
    "Repeatable": "1",
    "CanBeAbandoned": "1",
    "Title": "@objective_mission_title_explorer_kill_acquire_territory",
    "Description": "",
    "PlayerPrompt": "",
    "ObjectiveProposalResponse": "",
    "InProgressResponse": "",
    "DestinationCompletionAvailablePrompt": "",
    "DestinationCompletionAvailableResponse": "",
    "ObjectiveCompletionResponse": "",
    "ObjectiveAcceptanceResponse": "",
    "HideIncompleteTurninMarker": "",
    "ReleaseEventTags": "",
    "ReleaseActiveOverride": "",
    "SkipReqAchievmentWhenInvalid": "",
    "EntitlementId": ""
  },
  {
    "ObjectiveID": "PVP_explorer_aquire_X_items_kill_X_enemies_POITag_territory",
    "Type": "Mission",
    "Difficulty": "",
    "DifficultyLevel": "",
    "MaxInfluenceLevel": "",
    "FlagPvp": "1",
    "CanBeShared": "",
    "CanFastTravel": "0",
    "Task": "PVP_task_aquire_X_items_kill_X_enemies_POITag_territory_container",
    "NpcDestinationId": "",
    "ExclusiveTerritory": "",
    "AchievementId": "",
    "RequiredAchievementId": "",
    "RequiredFaction": "",
    "RequiredLevel": "",
    "SuccessGameEventId": "PVPMission_Success_R1_Sm",
    "FailureGameEventId": "PVPMission_Failure",
    "ExperienceReward": "",
    "ObjectiveReward": "",
    "ItemRewardName": "",
    "ItemRewardQty": "",
    "Repeatable": "1",
    "CanBeAbandoned": "1",
    "Title": "@objective_mission_title_explorer_kill_acquire_POI_territory",
    "Description": "",
    "PlayerPrompt": "",
    "ObjectiveProposalResponse": "",
    "InProgressResponse": "",
    "DestinationCompletionAvailablePrompt": "",
    "DestinationCompletionAvailableResponse": "",
    "ObjectiveCompletionResponse": "",
    "ObjectiveAcceptanceResponse": "",
    "HideIncompleteTurninMarker": "",
    "ReleaseEventTags": "",
    "ReleaseActiveOverride": "",
    "SkipReqAchievmentWhenInvalid": "",
    "EntitlementId": ""
  },
  {
    "ObjectiveID": "0001_0101_CaptainThorpe",
    "Type": "Journey",
    "Difficulty": "",
    "DifficultyLevel": "1",
    "MaxInfluenceLevel": "",
    "FlagPvp": "",
    "CanBeShared": "",
    "CanFastTravel": "",
    "Task": "0001_0101_CaptainThorpe_Container",
    "NpcDestinationId": "",
    "ExclusiveTerritory": "",
    "AchievementId": "",
    "RequiredAchievementId": "",
    "RequiredFaction": "",
    "RequiredLevel": "",
    "SuccessGameEventId": "",
    "FailureGameEventId": "",
    "ExperienceReward": "",
    "ObjectiveReward": "0001_0102_CaptainThorpe",
    "ItemRewardName": "",
    "ItemRewardQty": "",
    "Repeatable": "",
    "CanBeAbandoned": "1",
    "Title": "@0001_0101_CaptainThorpe_title",
    "Description": "@0001_0101_CaptainThorpe_desc",
    "PlayerPrompt": "@0001_0101_CaptainThorpe_start_prompt",
    "ObjectiveProposalResponse": "@0001_0101_CaptainThorpe_proposal",
    "InProgressResponse": "@0001_0101_CaptainThorpe_incomplete",
    "DestinationCompletionAvailablePrompt": "@complete_available_prompt_DEFAULT",
    "DestinationCompletionAvailableResponse": "@0001_0101_CaptainThorpe_complete",
    "ObjectiveCompletionResponse": "",
    "ObjectiveAcceptanceResponse": "",
    "HideIncompleteTurninMarker": "",
    "ReleaseEventTags": "",
    "ReleaseActiveOverride": "",
    "SkipReqAchievmentWhenInvalid": "",
    "EntitlementId": ""
  },
  {
    "ObjectiveID": "0001_0102_CaptainThorpe",
    "Type": "Journey",
    "Difficulty": "",
    "DifficultyLevel": "1",
    "MaxInfluenceLevel": "",
    "FlagPvp": "",
    "CanBeShared": "",
    "CanFastTravel": "",
    "Task": "0001_0102_CaptainThorpe_Container",
    "NpcDestinationId": "",
    "ExclusiveTerritory": "",
    "AchievementId": "",
    "RequiredAchievementId": "",
    "RequiredFaction": "",
    "RequiredLevel": "",
    "SuccessGameEventId": "",
    "FailureGameEventId": "",
    "ExperienceReward": "",
    "ObjectiveReward": "",
    "ItemRewardName": "",
    "ItemRewardQty": "",
    "Repeatable": "",
    "CanBeAbandoned": "1",
    "Title": "@0001_0102_CaptainThorpe_title",
    "Description": "@0001_0102_CaptainThorpe_desc",
    "PlayerPrompt": "@prompt_DEFAULT",
    "ObjectiveProposalResponse": "",
    "InProgressResponse": "",
    "DestinationCompletionAvailablePrompt": "@complete_available_prompt_DEFAULT",
    "DestinationCompletionAvailableResponse": "",
    "ObjectiveCompletionResponse": "",
    "ObjectiveAcceptanceResponse": "",
    "HideIncompleteTurninMarker": "",
    "ReleaseEventTags": "",
    "ReleaseActiveOverride": "",
    "SkipReqAchievmentWhenInvalid": "",
    "EntitlementId": ""
  },
  {
    "ObjectiveID": "PVP_patrol_mission",
    "Type": "Mission",
    "Difficulty": "",
    "DifficultyLevel": "",
    "MaxInfluenceLevel": "",
    "FlagPvp": "1",
    "CanBeShared": "",
    "CanFastTravel": "0",
    "Task": "PVP_task_patrol_container",
    "NpcDestinationId": "",
    "ExclusiveTerritory": "",
    "AchievementId": "",
    "RequiredAchievementId": "",
    "RequiredFaction": "",
    "RequiredLevel": "",
    "SuccessGameEventId": "PVPMission_Success_R1_Sm",
    "FailureGameEventId": "PVPMission_Failure",
    "ExperienceReward": "",
    "ObjectiveReward": "",
    "ItemRewardName": "",
    "ItemRewardQty": "",
    "Repeatable": "1",
    "CanBeAbandoned": "1",
    "Title": "@objective_mission_task_patrol_windsward",
    "Description": "",
    "PlayerPrompt": "",
    "ObjectiveProposalResponse": "",
    "InProgressResponse": "",
    "DestinationCompletionAvailablePrompt": "",
    "DestinationCompletionAvailableResponse": "",
    "ObjectiveCompletionResponse": "",
    "ObjectiveAcceptanceResponse": "",
    "HideIncompleteTurninMarker": "",
    "ReleaseEventTags": "",
    "ReleaseActiveOverride": "",
    "SkipReqAchievmentWhenInvalid": "",
    "EntitlementId": ""
  },
  {
    "ObjectiveID": "FM_killx_location",
    "Type": "Mission",
    "Difficulty": "",
    "DifficultyLevel": "",
    "MaxInfluenceLevel": "",
    "FlagPvp": "",
    "CanBeShared": "1",
    "CanFastTravel": "1",
    "Task": "FM_task_kill_X_enemies_container_location",
    "NpcDestinationId": "",
    "ExclusiveTerritory": "",
    "AchievementId": "",
    "RequiredAchievementId": "",
    "RequiredFaction": "",
    "RequiredLevel": "",
    "SuccessGameEventId": "FactionMission_Success_R1_Sm",
    "FailureGameEventId": "FactionMission_Failure",
    "ExperienceReward": "",
    "ObjectiveReward": "",
    "ItemRewardName": "",
    "ItemRewardQty": "",
    "Repeatable": "1",
    "CanBeAbandoned": "1",
    "Title": "",
    "Description": "",
    "PlayerPrompt": "",
    "ObjectiveProposalResponse": "",
    "InProgressResponse": "",
    "DestinationCompletionAvailablePrompt": "",
    "DestinationCompletionAvailableResponse": "",
    "ObjectiveCompletionResponse": "",
    "ObjectiveAcceptanceResponse": "",
    "HideIncompleteTurninMarker": "",
    "ReleaseEventTags": "",
    "ReleaseActiveOverride": "",
    "SkipReqAchievmentWhenInvalid": "",
    "EntitlementId": ""
  },
  {
    "ObjectiveID": "FM_loot_location",
    "Type": "Mission",
    "Difficulty": "",
    "DifficultyLevel": "",
    "MaxInfluenceLevel": "",
    "FlagPvp": "",
    "CanBeShared": "1",
    "CanFastTravel": "1",
    "Task": "FM_task_acquire_X_items_POITag_container",
    "NpcDestinationId": "",
    "ExclusiveTerritory": "",
    "AchievementId": "",
    "RequiredAchievementId": "",
    "RequiredFaction": "",
    "RequiredLevel": "",
    "SuccessGameEventId": "FactionMission_Success_R1_Sm",
    "FailureGameEventId": "FactionMission_Failure",
    "ExperienceReward": "",
    "ObjectiveReward": "",
    "ItemRewardName": "",
    "ItemRewardQty": "",
    "Repeatable": "1",
    "CanBeAbandoned": "1",
    "Title": "",
    "Description": "",
    "PlayerPrompt": "",
    "ObjectiveProposalResponse": "",
    "InProgressResponse": "",
    "DestinationCompletionAvailablePrompt": "",
    "DestinationCompletionAvailableResponse": "",
    "ObjectiveCompletionResponse": "",
    "ObjectiveAcceptanceResponse": "",
    "HideIncompleteTurninMarker": "",
    "ReleaseEventTags": "",
    "ReleaseActiveOverride": "",
    "SkipReqAchievmentWhenInvalid": "",
    "EntitlementId": ""
  },
  {
    "ObjectiveID": "FM_huntx_location",
    "Type": "Mission",
    "Difficulty": "",
    "DifficultyLevel": "",
    "MaxInfluenceLevel": "",
    "FlagPvp": "",
    "CanBeShared": "1",
    "CanFastTravel": "1",
    "Task": "FM_task_hunt_X_enemies_for_items_location_container",
    "NpcDestinationId": "",
    "ExclusiveTerritory": "",
    "AchievementId": "",
    "RequiredAchievementId": "",
    "RequiredFaction": "",
    "RequiredLevel": "",
    "SuccessGameEventId": "FactionMission_Success_R1_Sm",
    "FailureGameEventId": "FactionMission_Failure",
    "ExperienceReward": "",
    "ObjectiveReward": "",
    "ItemRewardName": "",
    "ItemRewardQty": "",
    "Repeatable": "1",
    "CanBeAbandoned": "1",
    "Title": "",
    "Description": "",
    "PlayerPrompt": "",
    "ObjectiveProposalResponse": "",
    "InProgressResponse": "",
    "DestinationCompletionAvailablePrompt": "",
    "DestinationCompletionAvailableResponse": "",
    "ObjectiveCompletionResponse": "",
    "ObjectiveAcceptanceResponse": "",
    "HideIncompleteTurninMarker": "",
    "ReleaseEventTags": "",
    "ReleaseActiveOverride": "",
    "SkipReqAchievmentWhenInvalid": "",
    "EntitlementId": ""
  },
  {
    "ObjectiveID": "FM_huntx_anywhere",
    "Type": "Mission",
    "Difficulty": "",
    "DifficultyLevel": "",
    "MaxInfluenceLevel": "",
    "FlagPvp": "",
    "CanBeShared": "1",
    "CanFastTravel": "1",
    "Task": "FM_task_hunt_X_enemies_for_items_anywhere_container",
    "NpcDestinationId": "",
    "ExclusiveTerritory": "",
    "AchievementId": "",
    "RequiredAchievementId": "",
    "RequiredFaction": "",
    "RequiredLevel": "",
    "SuccessGameEventId": "FactionMission_Success_R1_Sm",
    "FailureGameEventId": "FactionMission_Failure",
    "ExperienceReward": "",
    "ObjectiveReward": "",
    "ItemRewardName": "",
    "ItemRewardQty": "",
    "Repeatable": "1",
    "CanBeAbandoned": "1",
    "Title": "",
    "Description": "",
    "PlayerPrompt": "",
    "ObjectiveProposalResponse": "",
    "InProgressResponse": "",
    "DestinationCompletionAvailablePrompt": "",
    "DestinationCompletionAvailableResponse": "",
    "ObjectiveCompletionResponse": "",
    "ObjectiveAcceptanceResponse": "",
    "HideIncompleteTurninMarker": "",
    "ReleaseEventTags": "",
    "ReleaseActiveOverride": "",
    "SkipReqAchievmentWhenInvalid": "",
    "EntitlementId": ""
  },
  {
    "ObjectiveID": "FM_huntx_lootdrop_location",
    "Type": "Mission",
    "Difficulty": "",
    "DifficultyLevel": "",
    "MaxInfluenceLevel": "",
    "FlagPvp": "",
    "CanBeShared": "1",
    "CanFastTravel": "1",
    "Task": "FM_task_hunt_X_enemies_for_lootdrop_location_container",
    "NpcDestinationId": "",
    "ExclusiveTerritory": "",
    "AchievementId": "",
    "RequiredAchievementId": "",
    "RequiredFaction": "",
    "RequiredLevel": "",
    "SuccessGameEventId": "FactionMission_Success_R1_Sm",
    "FailureGameEventId": "FactionMission_Failure",
    "ExperienceReward": "",
    "ObjectiveReward": "",
    "ItemRewardName": "",
    "ItemRewardQty": "",
    "Repeatable": "1",
    "CanBeAbandoned": "1",
    "Title": "",
    "Description": "",
    "PlayerPrompt": "",
    "ObjectiveProposalResponse": "",
    "InProgressResponse": "",
    "DestinationCompletionAvailablePrompt": "",
    "DestinationCompletionAvailableResponse": "",
    "ObjectiveCompletionResponse": "",
    "ObjectiveAcceptanceResponse": "",
    "HideIncompleteTurninMarker": "",
    "ReleaseEventTags": "",
    "ReleaseActiveOverride": "",
    "SkipReqAchievmentWhenInvalid": "",
    "EntitlementId": ""
  }
]