[
  {
    "DyeItemId": "DyeA030",
    "ColorIndex": "30",
    "NameNote": "Sublime Bone",
    "BoolNote": ""
  },
  {
    "DyeItemId": "DyeA035",
    "ColorIndex": "35",
    "NameNote": "Rouge",
    "BoolNote": ""
  },
  {
    "DyeItemId": "DyeA037",
    "ColorIndex": "37",
    "NameNote": "Ageless Bronze",
    "BoolNote": ""
  },
  {
    "DyeItemId": "DyeA044",
    "ColorIndex": "44",
    "NameNote": "Green Grass",
    "BoolNote": ""
  },
  {
    "DyeItemId": "DyeA048",
    "ColorIndex": "48",
    "NameNote": "Hidden Stream",
    "BoolNote": ""
  },
  {
    "DyeItemId": "DyeA053",
    "ColorIndex": "53",
    "NameNote": "Butterfly Wing",
    "BoolNote": ""
  },
  {
    "DyeItemId": "DyeB100",
    "ColorIndex": "100",
    "NameNote": "Frozen Basalt",
    "BoolNote": ""
  },
  {
    "DyeItemId": "DyeB101",
    "ColorIndex": "101",
    "NameNote": "Crumbled Rock",
    "BoolNote": ""
  },
  {
    "DyeItemId": "DyeB102",
    "ColorIndex": "102",
    "NameNote": "Dove Gray",
    "BoolNote": ""
  },
  {
    "DyeItemId": "DyeB103",
    "ColorIndex": "103",
    "NameNote": "Corduroy",
    "BoolNote": ""
  },
  {
    "DyeItemId": "DyeB104",
    "ColorIndex": "104",
    "NameNote": "Murky Water",
    "BoolNote": ""
  },
  {
    "DyeItemId": "DyeB105",
    "ColorIndex": "105",
    "NameNote": "Natural Gray",
    "BoolNote": ""
  },
  {
    "DyeItemId": "DyeB106",
    "ColorIndex": "106",
    "NameNote": "Gunsmoke",
    "BoolNote": ""
  },
  {
    "DyeItemId": "DyeB107",
    "ColorIndex": "107",
    "NameNote": "Detritus",
    "BoolNote": ""
  },
  {
    "DyeItemId": "DyeB108",
    "ColorIndex": "108",
    "NameNote": "Saddle Brown",
    "BoolNote": ""
  },
  {
    "DyeItemId": "DyeB109",
    "ColorIndex": "109",
    "NameNote": "Tarnished Obsidian",
    "BoolNote": ""
  },
  {
    "DyeItemId": "DyeB110",
    "ColorIndex": "110",
    "NameNote": "Dark Tan",
    "BoolNote": ""
  },
  {
    "DyeItemId": "DyeB111",
    "ColorIndex": "111",
    "NameNote": "Forest Lichen",
    "BoolNote": ""
  },
  {
    "DyeItemId": "DyeB112",
    "ColorIndex": "112",
    "NameNote": "Russet Brown",
    "BoolNote": ""
  },
  {
    "DyeItemId": "DyeB113",
    "ColorIndex": "113",
    "NameNote": "Dust",
    "BoolNote": ""
  },
  {
    "DyeItemId": "DyeB114",
    "ColorIndex": "114",
    "NameNote": "Delicate Silver",
    "BoolNote": ""
  },
  {
    "DyeItemId": "DyeB115",
    "ColorIndex": "115",
    "NameNote": "Rough Almond",
    "BoolNote": ""
  },
  {
    "DyeItemId": "DyeB116",
    "ColorIndex": "116",
    "NameNote": "Copper",
    "BoolNote": ""
  },
  {
    "DyeItemId": "DyeB117",
    "ColorIndex": "117",
    "NameNote": "Dazzling Coral",
    "BoolNote": ""
  },
  {
    "DyeItemId": "DyeB118",
    "ColorIndex": "118",
    "NameNote": "Paradise Vermilion",
    "BoolNote": ""
  },
  {
    "DyeItemId": "DyeB119",
    "ColorIndex": "119",
    "NameNote": "Amaranth",
    "BoolNote": ""
  },
  {
    "DyeItemId": "DyeB120",
    "ColorIndex": "120",
    "NameNote": "Rose Stone",
    "BoolNote": ""
  },
  {
    "DyeItemId": "DyeB121",
    "ColorIndex": "121",
    "NameNote": "Field Peach",
    "BoolNote": ""
  },
  {
    "DyeItemId": "DyeB122",
    "ColorIndex": "122",
    "NameNote": "Sea Clam",
    "BoolNote": ""
  },
  {
    "DyeItemId": "DyeB123",
    "ColorIndex": "123",
    "NameNote": "Deep Chocolate",
    "BoolNote": ""
  },
  {
    "DyeItemId": "DyeB124",
    "ColorIndex": "124",
    "NameNote": "Rich Vanilla",
    "BoolNote": ""
  },
  {
    "DyeItemId": "DyeB125",
    "ColorIndex": "125",
    "NameNote": "Seasoned Leather",
    "BoolNote": ""
  },
  {
    "DyeItemId": "DyeB126",
    "ColorIndex": "126",
    "NameNote": "Spicy Pepper",
    "BoolNote": ""
  },
  {
    "DyeItemId": "DyeB127",
    "ColorIndex": "127",
    "NameNote": "Rusty Cream",
    "BoolNote": ""
  },
  {
    "DyeItemId": "DyeB128",
    "ColorIndex": "128",
    "NameNote": "Medium Carmine",
    "BoolNote": ""
  },
  {
    "DyeItemId": "DyeB129",
    "ColorIndex": "129",
    "NameNote": "Desert",
    "BoolNote": ""
  },
  {
    "DyeItemId": "DyeB130",
    "ColorIndex": "130",
    "NameNote": "Sunset Slate",
    "BoolNote": ""
  },
  {
    "DyeItemId": "DyeB131",
    "ColorIndex": "131",
    "NameNote": "Distorted Amber",
    "BoolNote": ""
  },
  {
    "DyeItemId": "DyeB132",
    "ColorIndex": "132",
    "NameNote": "Cinnamon",
    "BoolNote": ""
  },
  {
    "DyeItemId": "DyeB133",
    "ColorIndex": "133",
    "NameNote": "Shadow Moss",
    "BoolNote": ""
  },
  {
    "DyeItemId": "DyeB134",
    "ColorIndex": "134",
    "NameNote": "Buttered Rum",
    "BoolNote": ""
  },
  {
    "DyeItemId": "DyeB135",
    "ColorIndex": "135",
    "NameNote": "Raw Sienna",
    "BoolNote": ""
  },
  {
    "DyeItemId": "DyeB136",
    "ColorIndex": "136",
    "NameNote": "Delicate Sand",
    "BoolNote": ""
  },
  {
    "DyeItemId": "DyeB137",
    "ColorIndex": "137",
    "NameNote": "Harvest Barley",
    "BoolNote": ""
  },
  {
    "DyeItemId": "DyeB138",
    "ColorIndex": "138",
    "NameNote": "Grit",
    "BoolNote": ""
  },
  {
    "DyeItemId": "DyeB139",
    "ColorIndex": "139",
    "NameNote": "Twine",
    "BoolNote": ""
  },
  {
    "DyeItemId": "DyeB140",
    "ColorIndex": "140",
    "NameNote": "Verdun Green",
    "BoolNote": ""
  },
  {
    "DyeItemId": "DyeB141",
    "ColorIndex": "141",
    "NameNote": "Swamp Grass",
    "BoolNote": ""
  },
  {
    "DyeItemId": "DyeB142",
    "ColorIndex": "142",
    "NameNote": "Autumn Moss",
    "BoolNote": ""
  },
  {
    "DyeItemId": "DyeB143",
    "ColorIndex": "143",
    "NameNote": "Warm Slime",
    "BoolNote": ""
  },
  {
    "DyeItemId": "DyeB144",
    "ColorIndex": "144",
    "NameNote": "Avocado",
    "BoolNote": ""
  },
  {
    "DyeItemId": "DyeB145",
    "ColorIndex": "145",
    "NameNote": "Tropical Mist",
    "BoolNote": ""
  },
  {
    "DyeItemId": "DyeB146",
    "ColorIndex": "146",
    "NameNote": "Tarnished Jade",
    "BoolNote": ""
  },
  {
    "DyeItemId": "DyeB147",
    "ColorIndex": "147",
    "NameNote": "Pesto",
    "BoolNote": ""
  },
  {
    "DyeItemId": "DyeB148",
    "ColorIndex": "148",
    "NameNote": "Wedgewood",
    "BoolNote": ""
  },
  {
    "DyeItemId": "DyeB149",
    "ColorIndex": "149",
    "NameNote": "Smokey Malachite",
    "BoolNote": ""
  },
  {
    "DyeItemId": "DyeB150",
    "ColorIndex": "150",
    "NameNote": "Viridian Green",
    "BoolNote": ""
  },
  {
    "DyeItemId": "DyeB151",
    "ColorIndex": "151",
    "NameNote": "Tranquil Willow",
    "BoolNote": ""
  },
  {
    "DyeItemId": "DyeB152",
    "ColorIndex": "152",
    "NameNote": "Deep Sea Green",
    "BoolNote": ""
  },
  {
    "DyeItemId": "DyeB153",
    "ColorIndex": "153",
    "NameNote": "Mineral Green",
    "BoolNote": ""
  },
  {
    "DyeItemId": "DyeB154",
    "ColorIndex": "154",
    "NameNote": "Castle Aquamarine",
    "BoolNote": ""
  },
  {
    "DyeItemId": "DyeB155",
    "ColorIndex": "155",
    "NameNote": "Soft Cyan",
    "BoolNote": ""
  },
  {
    "DyeItemId": "DyeB156",
    "ColorIndex": "156",
    "NameNote": "Pale Cobalt",
    "BoolNote": ""
  },
  {
    "DyeItemId": "DyeB157",
    "ColorIndex": "157",
    "NameNote": "Juniper",
    "BoolNote": ""
  },
  {
    "DyeItemId": "DyeB158",
    "ColorIndex": "158",
    "NameNote": "Starlight",
    "BoolNote": ""
  },
  {
    "DyeItemId": "DyeB159",
    "ColorIndex": "159",
    "NameNote": "Fjord",
    "BoolNote": ""
  },
  {
    "DyeItemId": "DyeB160",
    "ColorIndex": "160",
    "NameNote": "Comet",
    "BoolNote": ""
  },
  {
    "DyeItemId": "DyeB161",
    "ColorIndex": "161",
    "NameNote": "Aurora Blue",
    "BoolNote": ""
  },
  {
    "DyeItemId": "DyeB162",
    "ColorIndex": "162",
    "NameNote": "Elderberry",
    "BoolNote": ""
  },
  {
    "DyeItemId": "DyeB163",
    "ColorIndex": "163",
    "NameNote": "Berry Pit",
    "BoolNote": ""
  },
  {
    "DyeItemId": "DyeB164",
    "ColorIndex": "164",
    "NameNote": "Coarse Amethyst",
    "BoolNote": ""
  },
  {
    "DyeItemId": "DyeB165",
    "ColorIndex": "165",
    "NameNote": "Sovereign Purple",
    "BoolNote": ""
  },
  {
    "DyeItemId": "DyeB166",
    "ColorIndex": "166",
    "NameNote": "Cool Violet",
    "BoolNote": ""
  },
  {
    "DyeItemId": "DyeB167",
    "ColorIndex": "167",
    "NameNote": "Burnished Lilac",
    "BoolNote": ""
  },
  {
    "DyeItemId": "DyeB168",
    "ColorIndex": "168",
    "NameNote": "Harsh Violet",
    "BoolNote": ""
  },
  {
    "DyeItemId": "DyeB169",
    "ColorIndex": "169",
    "NameNote": "Putrid Plum",
    "BoolNote": ""
  },
  {
    "DyeItemId": "DyeB170",
    "ColorIndex": "170",
    "NameNote": "Daisy Pink",
    "BoolNote": ""
  },
  {
    "DyeItemId": "DyeB171",
    "ColorIndex": "171",
    "NameNote": "Sublime Velvet",
    "BoolNote": ""
  },
  {
    "DyeItemId": "DyeB172",
    "ColorIndex": "172",
    "NameNote": "Summer Rasberry",
    "BoolNote": ""
  }
]