[
  {
    "Rank": "0",
    "DisplayName": "@owg_factiontokens_1",
    "MaximumInfluence": "3000",
    "RequiredLevel": "",
    "InfluenceCost": "",
    "CurrencyCost": "",
    "AzothCost": "",
    "SanityCheck": "",
    "GameEventId": ""
  },
  {
    "Rank": "1",
    "DisplayName": "@owg_factiontokens_1",
    "MaximumInfluence": "10000",
    "RequiredLevel": "",
    "InfluenceCost": "",
    "CurrencyCost": "",
    "AzothCost": "",
    "SanityCheck": "",
    "GameEventId": ""
  },
  {
    "Rank": "2",
    "DisplayName": "@owg_factiontokens_1",
    "MaximumInfluence": "15000",
    "RequiredLevel": "",
    "InfluenceCost": "",
    "CurrencyCost": "",
    "AzothCost": "",
    "SanityCheck": "",
    "GameEventId": ""
  },
  {
    "Rank": "3",
    "DisplayName": "@owg_factiontokens_1",
    "MaximumInfluence": "20000",
    "RequiredLevel": "",
    "InfluenceCost": "",
    "CurrencyCost": "",
    "AzothCost": "",
    "SanityCheck": "",
    "GameEventId": ""
  },
  {
    "Rank": "4",
    "DisplayName": "@owg_factiontokens_1",
    "MaximumInfluence": "25000",
    "RequiredLevel": "",
    "InfluenceCost": "",
    "CurrencyCost": "",
    "AzothCost": "",
    "SanityCheck": "",
    "GameEventId": ""
  }
]