[
  {
    "AfflictionID": "AfflictionPoison",
    "IntID": "1",
    "StatusEffects": "Poison",
    "DrainRate": "0.5",
    "AfflictedDrainTime": "60",
    "DrainDelay": "1.1000000000000001",
    "Max": "0",
    "IgnoreWhenAfflicted": "1",
    "ColorHex": "809db629",
    "Icon": "poison",
    "BGImage": "poison",
    "FillingColorHex": "80339127",
    "LocalizedText": "@ui_affliction_poison",
    "LocalizedTextAfflicted": "@ui_afflicted_poison"
  },
  {
    "AfflictionID": "AfflictionFrostbite",
    "IntID": "2",
    "StatusEffects": "Frostbite",
    "DrainRate": "0.5",
    "AfflictedDrainTime": "10",
    "DrainDelay": "1.1000000000000001",
    "Max": "0",
    "IgnoreWhenAfflicted": "0",
    "ColorHex": "805666e8",
    "Icon": "frostbite",
    "BGImage": "weakness",
    "FillingColorHex": "802e5daa",
    "LocalizedText": "@ui_affliction_frostbite",
    "LocalizedTextAfflicted": "@ui_afflicted_frostbite"
  },
  {
    "AfflictionID": "AfflictionDisease",
    "IntID": "3",
    "StatusEffects": "Disease",
    "DrainRate": "1.5",
    "AfflictedDrainTime": "60",
    "DrainDelay": "0.1",
    "Max": "0",
    "IgnoreWhenAfflicted": "1",
    "ColorHex": "80b3af37",
    "Icon": "disease",
    "BGImage": "disease",
    "FillingColorHex": "80a9842e",
    "LocalizedText": "@ui_affliction_disease",
    "LocalizedTextAfflicted": "@ui_afflicted_disease"
  },
  {
    "AfflictionID": "AfflictionBleed",
    "IntID": "4",
    "StatusEffects": "Bleed",
    "DrainRate": "1",
    "AfflictedDrainTime": "15",
    "DrainDelay": "1.1000000000000001",
    "Max": "0",
    "IgnoreWhenAfflicted": "0",
    "ColorHex": "80c92020",
    "Icon": "bleeding",
    "BGImage": "bleeding",
    "FillingColorHex": "80a82d2d",
    "LocalizedText": "@ui_affliction_bleeding",
    "LocalizedTextAfflicted": "@ui_afflicted_bleeding"
  },
  {
    "AfflictionID": "AfflictionCurse",
    "IntID": "5",
    "StatusEffects": "Curse",
    "DrainRate": "2.5",
    "AfflictedDrainTime": "0.89",
    "DrainDelay": "3.1",
    "Max": "0",
    "IgnoreWhenAfflicted": "1",
    "ColorHex": "809d1bda",
    "Icon": "curse",
    "BGImage": "curse",
    "FillingColorHex": "80632791",
    "LocalizedText": "@ui_affliction_curse",
    "LocalizedTextAfflicted": "@ui_afflicted_curse"
  },
  {
    "AfflictionID": "AfflictionDrowning",
    "IntID": "6",
    "StatusEffects": "Drowning",
    "DrainRate": "7.4999999999999997E-2",
    "AfflictedDrainTime": "1.5",
    "DrainDelay": "1.1000000000000001",
    "Max": "20",
    "IgnoreWhenAfflicted": "0",
    "ColorHex": "804599c0",
    "Icon": "drowning",
    "BGImage": "",
    "FillingColorHex": "802e5daa",
    "LocalizedText": "@ui_affliction_drowning",
    "LocalizedTextAfflicted": "@ui_afflicted_drowning"
  },
  {
    "AfflictionID": "AfflictionImmobilized",
    "IntID": "7",
    "StatusEffects": "Immobilized",
    "DrainRate": "1",
    "AfflictedDrainTime": "3",
    "DrainDelay": "1.1000000000000001",
    "Max": "4",
    "IgnoreWhenAfflicted": "0",
    "ColorHex": "804599c0",
    "Icon": "frostbite",
    "BGImage": "",
    "FillingColorHex": "802e5daa",
    "LocalizedText": "@ui_affliction_drowning",
    "LocalizedTextAfflicted": "@ui_afflicted_drowning"
  },
  {
    "AfflictionID": "AfflictionBlight",
    "IntID": "8",
    "StatusEffects": "Blight",
    "DrainRate": "1",
    "AfflictedDrainTime": "180",
    "DrainDelay": "1.1000000000000001",
    "Max": "0",
    "IgnoreWhenAfflicted": "0",
    "ColorHex": "80b3af37",
    "Icon": "disease",
    "BGImage": "disease",
    "FillingColorHex": "80a9842e",
    "LocalizedText": "@ui_affliction_blight",
    "LocalizedTextAfflicted": "@ui_afflicted_blight"
  }
]