[
  {
    "VariantID": "Ancient_S",
    "Visual_Healthy": "slices/POIs/Gate/gate_ancient_small_healthy.dynamicslice",
    "Visual_Depleted": "slices/POIs/Gate/gate_ancient_small_depleted.dynamicslice",
    "Visual_Frame": "slices/POIs/Gate/gate_ancient_small_frame.dynamicslice",
    "GatherableEntryID": "GateAncientSmall",
    "GatheringRadius": "1",
    "InteractionRadius": "2",
    "DetectableRadius": "1",
    "DepletedSFX": "",
    "DepletedVFX": "",
    "MarkerRadius": "3",
    "Name": "@LockedGate_DisplayName",
    "InteractTag": "",
    "InteractOnlyOnQuest": ""
  },
  {
    "VariantID": "Damned_T2",
    "Visual_Healthy": "slices/POIs/Gate/struc_def_ironwood_t2_gate_healthy.dynamicslice",
    "Visual_Depleted": "slices/POIs/Gate/struc_def_ironwood_t2_gate_depleted.dynamicslice",
    "Visual_Frame": "slices/POIs/Gate/struc_def_ironwood_t2_gate_frame.dynamicslice",
    "GatherableEntryID": "GateAncientLarge",
    "GatheringRadius": "1",
    "InteractionRadius": "2",
    "DetectableRadius": "1",
    "DepletedSFX": "",
    "DepletedVFX": "",
    "MarkerRadius": "3",
    "Name": "@LockedGate_DisplayName",
    "InteractTag": "",
    "InteractOnlyOnQuest": ""
  }
]