[
  {
    "DamageID": "Spirit_Primary",
    "WeaponCategory": "Unarmed",
    "IgnoreInvulnerable": "0",
    "NoReaction": "0",
    "SurfaceImpactEffect": "Bullet",
    "DamageType": "Standard",
    "Affliction": "",
    "AddAffliction": "",
    "AfflictionPercent": "",
    "DeflectDamageID": "",
    "DmgCoef": "1.25",
    "DmgCoefHead": "1",
    "PowerLevel": "1",
    "BlockPowerLevel": "1",
    "HitStun": "0",
    "BlockHitStun": "0",
    "ImpactDistanceX": "0",
    "ImpactDistanceY": "1",
    "ImpactDistanceZ": "0",
    "ImpactDecayRate": "0.8",
    "BlockImpactDistanceX": "0",
    "BlockImpactDistanceY": "0",
    "BlockImpactDistanceZ": "0",
    "BlockImpactDecayRate": "0",
    "AddDmg": "0",
    "ImpactRating": "0",
    "BlockStaminaDmgMod": "1",
    "BlockAbsorptionModifier": "1",
    "StunBreakoutIncrement": "1"
  },
  {
    "DamageID": "Fall",
    "WeaponCategory": "Fall",
    "IgnoreInvulnerable": "1",
    "NoReaction": "1",
    "SurfaceImpactEffect": "Bullet",
    "DamageType": "Falling",
    "Affliction": "",
    "AddAffliction": "",
    "AfflictionPercent": "",
    "DeflectDamageID": "",
    "DmgCoef": "1",
    "DmgCoefHead": "1",
    "PowerLevel": "2",
    "BlockPowerLevel": "2",
    "HitStun": "0",
    "BlockHitStun": "0",
    "ImpactDistanceX": "0",
    "ImpactDistanceY": "0",
    "ImpactDistanceZ": "0",
    "ImpactDecayRate": "0",
    "BlockImpactDistanceX": "0",
    "BlockImpactDistanceY": "0",
    "BlockImpactDistanceZ": "0",
    "BlockImpactDecayRate": "0",
    "AddDmg": "0",
    "ImpactRating": "0",
    "BlockStaminaDmgMod": "1",
    "BlockAbsorptionModifier": "1",
    "StunBreakoutIncrement": "1"
  }
]