[
  {
    "SkeletonName": "player_male",
    "Xform": "Xform",
    "Head": "Head",
    "Spine": "Spine2",
    "RightHand": "Hand_right",
    "RightForeArm": "Forearm_right_twist",
    "RightMidArm": "MidArm_right",
    "RightUpperArm": "UpperArm_right",
    "LeftHand": "Hand_left",
    "LeftForeArm": "Forearm_left_twist",
    "LeftMidArm": "MidArm_left",
    "LeftUpperArm": "UpperArm_left"
  },
  {
    "SkeletonName": "player_female",
    "Xform": "Xform",
    "Head": "Head",
    "Spine": "Spine2",
    "RightHand": "Hand_right",
    "RightForeArm": "Forearm_right_twist",
    "RightMidArm": "MidArm_right",
    "RightUpperArm": "UpperArm_right",
    "LeftHand": "Hand_left",
    "LeftForeArm": "Forearm_left_twist",
    "LeftMidArm": "MidArm_left",
    "LeftUpperArm": "UpperArm_left"
  },
  {
    "SkeletonName": "npc_skel",
    "Xform": "Xform",
    "Head": "Head",
    "Spine": "c_spineTwist5_BND",
    "RightHand": "right_hand_attach",
    "RightForeArm": "",
    "RightMidArm": "",
    "RightUpperArm": "",
    "LeftHand": "left_hand_attach",
    "LeftForeArm": "",
    "LeftMidArm": "",
    "LeftUpperArm": ""
  },
  {
    "SkeletonName": "alligator_skel",
    "Xform": "Xform",
    "Head": "bind_head_01",
    "Spine": "bind_spine_05",
    "RightHand": "",
    "RightForeArm": "",
    "RightMidArm": "",
    "RightUpperArm": "",
    "LeftHand": "",
    "LeftForeArm": "",
    "LeftMidArm": "",
    "LeftUpperArm": ""
  },
  {
    "SkeletonName": "bison_skel",
    "Xform": "Xform",
    "Head": "bind_head_01",
    "Spine": "bind_spine_03",
    "RightHand": "",
    "RightForeArm": "",
    "RightMidArm": "",
    "RightUpperArm": "",
    "LeftHand": "",
    "LeftForeArm": "",
    "LeftMidArm": "",
    "LeftUpperArm": ""
  },
  {
    "SkeletonName": "boar_skel",
    "Xform": "Xform",
    "Head": "bind_head_01",
    "Spine": "bind_spine_03",
    "RightHand": "",
    "RightForeArm": "",
    "RightMidArm": "",
    "RightUpperArm": "",
    "LeftHand": "",
    "LeftForeArm": "",
    "LeftMidArm": "",
    "LeftUpperArm": ""
  },
  {
    "SkeletonName": "cowDevon_skel",
    "Xform": "Xform",
    "Head": "bind_head_01",
    "Spine": "bind_spine_05",
    "RightHand": "",
    "RightForeArm": "",
    "RightMidArm": "",
    "RightUpperArm": "",
    "LeftHand": "",
    "LeftForeArm": "",
    "LeftMidArm": "",
    "LeftUpperArm": ""
  },
  {
    "SkeletonName": "goat_skel",
    "Xform": "Xform",
    "Head": "bind_head_01",
    "Spine": "bind_spine_02",
    "RightHand": "",
    "RightForeArm": "",
    "RightMidArm": "",
    "RightUpperArm": "",
    "LeftHand": "",
    "LeftForeArm": "",
    "LeftMidArm": "",
    "LeftUpperArm": ""
  },
  {
    "SkeletonName": "hareSnowshoe_skel",
    "Xform": "Xform",
    "Head": "bind_head_01",
    "Spine": "bind_spine2",
    "RightHand": "",
    "RightForeArm": "",
    "RightMidArm": "",
    "RightUpperArm": "",
    "LeftHand": "",
    "LeftForeArm": "",
    "LeftMidArm": "",
    "LeftUpperArm": ""
  },
  {
    "SkeletonName": "horse_body_skel",
    "Xform": "Xform",
    "Head": "head_jnt",
    "Spine": "spine_3_jnt",
    "RightHand": "",
    "RightForeArm": "",
    "RightMidArm": "",
    "RightUpperArm": "",
    "LeftHand": "",
    "LeftForeArm": "",
    "LeftMidArm": "",
    "LeftUpperArm": ""
  },
  {
    "SkeletonName": "mastiff_skel",
    "Xform": "Xform",
    "Head": "c_neck4_BND",
    "Spine": "c_spine5_BND",
    "RightHand": "",
    "RightForeArm": "",
    "RightMidArm": "",
    "RightUpperArm": "",
    "LeftHand": "",
    "LeftForeArm": "",
    "LeftMidArm": "",
    "LeftUpperArm": ""
  },
  {
    "SkeletonName": "bear_skel",
    "Xform": "Xform",
    "Head": "head_jnt",
    "Spine": "spine_3_jnt",
    "RightHand": "right_hand_jnt",
    "RightForeArm": "",
    "RightMidArm": "",
    "RightUpperArm": "",
    "LeftHand": "left_hand_jnt",
    "LeftForeArm": "",
    "LeftMidArm": "",
    "LeftUpperArm": ""
  },
  {
    "SkeletonName": "wolf_skel",
    "Xform": "Xform",
    "Head": "bind_head_jnt",
    "Spine": "bind_spine_2_jnt",
    "RightHand": "bind_right_hand_jnt",
    "RightForeArm": "",
    "RightMidArm": "",
    "RightUpperArm": "",
    "LeftHand": "bind_left_hand_jnt",
    "LeftForeArm": "",
    "LeftMidArm": "",
    "LeftUpperArm": ""
  },
  {
    "SkeletonName": "elk_skel",
    "Xform": "Xform",
    "Head": "head_jnt",
    "Spine": "spine_3_jnt",
    "RightHand": "",
    "RightForeArm": "",
    "RightMidArm": "",
    "RightUpperArm": "",
    "LeftHand": "",
    "LeftForeArm": "",
    "LeftMidArm": "",
    "LeftUpperArm": ""
  },
  {
    "SkeletonName": "turkey_skel",
    "Xform": "Xform",
    "Head": "bind_head",
    "Spine": "bind_spine_2",
    "RightHand": "",
    "RightForeArm": "",
    "RightMidArm": "",
    "RightUpperArm": "",
    "LeftHand": "",
    "LeftForeArm": "",
    "LeftMidArm": "",
    "LeftUpperArm": ""
  },
  {
    "SkeletonName": "primalLion_skel",
    "Xform": "Xform",
    "Head": "bind_head",
    "Spine": "bind_spine_c",
    "RightHand": "",
    "RightForeArm": "",
    "RightMidArm": "",
    "RightUpperArm": "",
    "LeftHand": "",
    "LeftForeArm": "",
    "LeftMidArm": "",
    "LeftUpperArm": ""
  },
  {
    "SkeletonName": "Raccoon_skel",
    "Xform": "Xform",
    "Head": "bind_head_01",
    "Spine": "bind_spine_04",
    "RightHand": "",
    "RightForeArm": "",
    "RightMidArm": "",
    "RightUpperArm": "",
    "LeftHand": "",
    "LeftForeArm": "",
    "LeftMidArm": "",
    "LeftUpperArm": ""
  },
  {
    "SkeletonName": "withered_skel",
    "Xform": "Xform",
    "Head": "Head",
    "Spine": "Spine2",
    "RightHand": "right_hand_attach",
    "RightForeArm": "Forearm_right_twist",
    "RightMidArm": "MidArm_right",
    "RightUpperArm": "UpperArm_right",
    "LeftHand": "left_hand_attach",
    "LeftForeArm": "Forearm_left_twist",
    "LeftMidArm": "MidArm_left",
    "LeftUpperArm": "UpperArm_left"
  },
  {
    "SkeletonName": "withered_grunt_skel",
    "Xform": "Xform",
    "Head": "bind_head",
    "Spine": "bind_spine_c",
    "RightHand": "bind_right_front_ball",
    "RightForeArm": "bind_left_front_wrist",
    "RightMidArm": "bind_left_front_elbow",
    "RightUpperArm": "bind_left_front_shoulder",
    "LeftHand": "bind_left_front_ball",
    "LeftForeArm": "bind_right_front_wrist",
    "LeftMidArm": "bind_left_front_elbow",
    "LeftUpperArm": "bind_left_front_shoulder"
  },
  {
    "SkeletonName": "withered_regurgitator",
    "Xform": "Xform",
    "Head": "Head",
    "Spine": "Spine2",
    "RightHand": "right_hand_attach",
    "RightForeArm": "Forearm_right_twist",
    "RightMidArm": "MidArm_right",
    "RightUpperArm": "UpperArm_right",
    "LeftHand": "left_hand_attach",
    "LeftForeArm": "Forearm_left_twist",
    "LeftMidArm": "MidArm_left",
    "LeftUpperArm": "UpperArm_left"
  },
  {
    "SkeletonName": "zombie",
    "Xform": "Xform",
    "Head": "Head",
    "Spine": "Spine2",
    "RightHand": "right_hand_attach",
    "RightForeArm": "Forearm_right_twist",
    "RightMidArm": "MidArm_right",
    "RightUpperArm": "UpperArm_right",
    "LeftHand": "left_hand_attach",
    "LeftForeArm": "Forearm_left_twist",
    "LeftMidArm": "MidArm_left",
    "LeftUpperArm": "UpperArm_left"
  },
  {
    "SkeletonName": "decaying_brute_skel",
    "Xform": "Xform",
    "Head": "bind_head",
    "Spine": "bind_spine_c",
    "RightHand": "right_hand_attachment",
    "RightForeArm": "bind_right_lo_arm_twist_a",
    "RightMidArm": "bind_right_elbow",
    "RightUpperArm": "bind_right_up_arm_twist_a",
    "LeftHand": "left_hand_attachment",
    "LeftForeArm": "bind_left_lo_arm_twist_a",
    "LeftMidArm": "bind_left_elbow",
    "LeftUpperArm": "bind_left_up_arm_twist_a"
  },
  {
    "SkeletonName": "lostsiren_skel",
    "Xform": "Xform",
    "Head": "bind_head",
    "Spine": "bind_spine_c",
    "RightHand": "right_hand_attachment",
    "RightForeArm": "bind_right_lo_arm_twist_a",
    "RightMidArm": "bind_right_elbow",
    "RightUpperArm": "bind_right_up_arm_twist_a",
    "LeftHand": "left_hand_attachment",
    "LeftForeArm": "bind_left_lo_arm_twist_a",
    "LeftMidArm": "bind_left_elbow",
    "LeftUpperArm": "bind_left_up_arm_twist_a"
  },
  {
    "SkeletonName": "piratebrute_skel",
    "Xform": "Xform",
    "Head": "bind_head",
    "Spine": "bind_spine_c",
    "RightHand": "right_hand_attachment",
    "RightForeArm": "bind_right_lo_arm_twist_a",
    "RightMidArm": "bind_right_elbow",
    "RightUpperArm": "bind_right_up_arm_twist_a",
    "LeftHand": "left_hand_attachment",
    "LeftForeArm": "bind_left_lo_arm_twist_a",
    "LeftMidArm": "bind_left_elbow",
    "LeftUpperArm": "bind_left_up_arm_twist_a"
  },
  {
    "SkeletonName": "male_skeleton_ancient",
    "Xform": "Xform",
    "Head": "Head",
    "Spine": "Spine2",
    "RightHand": "right_hand_attach",
    "RightForeArm": "Forearm_right_twist",
    "RightMidArm": "MidArm_right",
    "RightUpperArm": "UpperArm_right",
    "LeftHand": "left_hand_attach",
    "LeftForeArm": "Forearm_left_twist",
    "LeftMidArm": "MidArm_left",
    "LeftUpperArm": "UpperArm_left"
  },
  {
    "SkeletonName": "naga_ancient_skel",
    "Xform": "Xform",
    "Head": "bind_head",
    "Spine": "bind_spine_c",
    "RightHand": "right_hand_attach",
    "RightForeArm": "bind_right_lo_arm_twist_a",
    "RightMidArm": "bind_right_elbow",
    "RightUpperArm": "bind_right_up_arm_twist_a",
    "LeftHand": "left_hand_attach",
    "LeftForeArm": "bind_left_lo_arm_twist_a",
    "LeftMidArm": "bind_left_elbow",
    "LeftUpperArm": "bind_left_up_arm_twist_a"
  },
  {
    "SkeletonName": "ghost_skel",
    "Xform": "Xform",
    "Head": "c_neck3_BND",
    "Spine": "c_spine3_BND",
    "RightHand": "l_wrist2_BND",
    "RightForeArm": "l_arm3_BND",
    "RightMidArm": "l_arm2_BND",
    "RightUpperArm": "l_arm1_BND",
    "LeftHand": "r_wrist2_BND",
    "LeftForeArm": "r_arm3_BND",
    "LeftMidArm": "r_arm2_BND",
    "LeftUpperArm": "r_arm1_BND"
  },
  {
    "SkeletonName": "spirit_skel",
    "Xform": "Xform",
    "Head": "c_neck3_BND",
    "Spine": "",
    "RightHand": "",
    "RightForeArm": "",
    "RightMidArm": "",
    "RightUpperArm": "",
    "LeftHand": "",
    "LeftForeArm": "",
    "LeftMidArm": "",
    "LeftUpperArm": ""
  },
  {
    "SkeletonName": "npc_invasion_skel",
    "Xform": "Xform",
    "Head": "Head",
    "Spine": "Spine2",
    "RightHand": "right_hand_attach",
    "RightForeArm": "Forearm_right_twist",
    "RightMidArm": "MidArm_right",
    "RightUpperArm": "UpperArm_right",
    "LeftHand": "left_hand_attach",
    "LeftForeArm": "Forearm_left_twist",
    "LeftMidArm": "MidArm_left",
    "LeftUpperArm": "UpperArm_left"
  },
  {
    "SkeletonName": "broken_cook_skel",
    "Xform": "Xform",
    "Head": "Head",
    "Spine": "Spine2",
    "RightHand": "right_hand_attach",
    "RightForeArm": "Forearm_right_twist",
    "RightMidArm": "MidArm_right",
    "RightUpperArm": "UpperArm_right",
    "LeftHand": "left_hand_attach",
    "LeftForeArm": "Forearm_left_twist",
    "LeftMidArm": "MidArm_left",
    "LeftUpperArm": "UpperArm_left"
  },
  {
    "SkeletonName": "invasion_raider_skel",
    "Xform": "Xform",
    "Head": "bind_head",
    "Spine": "bind_spine_c",
    "RightHand": "right_hand_attach",
    "RightForeArm": "Forearm_right_twist",
    "RightMidArm": "MidArm_right",
    "RightUpperArm": "UpperArm_right",
    "LeftHand": "left_hand_attach",
    "LeftForeArm": "Forearm_left_twist",
    "LeftMidArm": "MidArm_left",
    "LeftUpperArm": "UpperArm_left"
  },
  {
    "SkeletonName": "invasion_grunt_skel",
    "Xform": "Xform",
    "Head": "bind_head",
    "Spine": "bind_spine_c",
    "RightHand": "bind_right_front_ball",
    "RightForeArm": "bind_left_front_wrist",
    "RightMidArm": "bind_left_front_elbow",
    "RightUpperArm": "bind_left_front_shoulder",
    "LeftHand": "bind_left_front_ball",
    "LeftForeArm": "bind_right_front_wrist",
    "LeftMidArm": "bind_left_front_elbow",
    "LeftUpperArm": "bind_left_front_shoulder"
  },
  {
    "SkeletonName": "invasion_bomber_skel",
    "Xform": "Xform",
    "Head": "Head",
    "Spine": "Spine2",
    "RightHand": "right_hand_attach",
    "RightForeArm": "Forearm_right_twist",
    "RightMidArm": "MidArm_right",
    "RightUpperArm": "UpperArm_right",
    "LeftHand": "left_hand_attach",
    "LeftForeArm": "Forearm_left_twist",
    "LeftMidArm": "MidArm_left",
    "LeftUpperArm": "UpperArm_left"
  },
  {
    "SkeletonName": "bomber",
    "Xform": "Xform",
    "Head": "Head",
    "Spine": "Spine2",
    "RightHand": "right_hand_attach",
    "RightForeArm": "Forearm_right_twist",
    "RightMidArm": "MidArm_right",
    "RightUpperArm": "UpperArm_right",
    "LeftHand": "left_hand_attach",
    "LeftForeArm": "Forearm_left_twist",
    "LeftMidArm": "MidArm_left",
    "LeftUpperArm": "UpperArm_left"
  },
  {
    "SkeletonName": "damnedbear_invasion_skel",
    "Xform": "Xform",
    "Head": "head_jnt",
    "Spine": "spine_3_jnt",
    "RightHand": "right_hand_jnt",
    "RightForeArm": "",
    "RightMidArm": "",
    "RightUpperArm": "",
    "LeftHand": "left_hand_jnt",
    "LeftForeArm": "",
    "LeftMidArm": "",
    "LeftUpperArm": ""
  },
  {
    "SkeletonName": "male_damnedcommander_body_skel",
    "Xform": "Xform",
    "Head": "Head",
    "Spine": "Spine2",
    "RightHand": "right_hand_attach",
    "RightForeArm": "Forearm_right_twist",
    "RightMidArm": "MidArm_right",
    "RightUpperArm": "UpperArm_right",
    "LeftHand": "left_hand_attach",
    "LeftForeArm": "Forearm_left_twist",
    "LeftMidArm": "MidArm_left",
    "LeftUpperArm": "UpperArm_left"
  },
  {
    "SkeletonName": "male_damnedcommander_scaled_invasion_skel",
    "Xform": "Xform",
    "Head": "Head",
    "Spine": "Spine2",
    "RightHand": "right_hand_attach",
    "RightForeArm": "Forearm_right_twist",
    "RightMidArm": "MidArm_right",
    "RightUpperArm": "UpperArm_right",
    "LeftHand": "left_hand_attach",
    "LeftForeArm": "Forearm_left_twist",
    "LeftMidArm": "MidArm_left",
    "LeftUpperArm": "UpperArm_left"
  },
  {
    "SkeletonName": "corrupted_acolyte",
    "Xform": "Xform",
    "Head": "Head",
    "Spine": "Spine2",
    "RightHand": "right_hand_attach",
    "RightForeArm": "Forearm_right_twist",
    "RightMidArm": "MidArm_right",
    "RightUpperArm": "UpperArm_right",
    "LeftHand": "left_hand_attach",
    "LeftForeArm": "Forearm_left_twist",
    "LeftMidArm": "MidArm_left",
    "LeftUpperArm": "UpperArm_left"
  },
  {
    "SkeletonName": "corrupted_heavy_skel",
    "Xform": "Xform",
    "Head": "Head",
    "Spine": "Spine2",
    "RightHand": "right_hand_attach",
    "RightForeArm": "Forearm_right_twist",
    "RightMidArm": "MidArm_right",
    "RightUpperArm": "UpperArm_right",
    "LeftHand": "left_hand_attach",
    "LeftForeArm": "Forearm_left_twist",
    "LeftMidArm": "MidArm_left",
    "LeftUpperArm": "UpperArm_left"
  },
  {
    "SkeletonName": "corrupted_lesser_cultist",
    "Xform": "Xform",
    "Head": "Head",
    "Spine": "Spine2",
    "RightHand": "right_hand_attach",
    "RightForeArm": "Forearm_right_twist",
    "RightMidArm": "MidArm_right",
    "RightUpperArm": "UpperArm_right",
    "LeftHand": "left_hand_attach",
    "LeftForeArm": "Forearm_left_twist",
    "LeftMidArm": "MidArm_left",
    "LeftUpperArm": "UpperArm_left"
  },
  {
    "SkeletonName": "corrupted_ogre",
    "Xform": "Xform",
    "Head": "bind_head",
    "Spine": "bind_spine_c",
    "RightHand": "right_hand_attachment",
    "RightForeArm": "bind_right_lo_arm_twist_a",
    "RightMidArm": "bind_right_elbow",
    "RightUpperArm": "bind_right_up_arm_twist_a",
    "LeftHand": "left_hand_attachment",
    "LeftForeArm": "bind_left_lo_arm_twist_a",
    "LeftMidArm": "bind_left_elbow",
    "LeftUpperArm": "bind_left_up_arm_twist_a"
  },
  {
    "SkeletonName": "corrupted_tendril_skel",
    "Xform": "Xform",
    "Head": "bind_hook",
    "Spine": "spine_beam",
    "RightHand": "",
    "RightForeArm": "",
    "RightMidArm": "",
    "RightUpperArm": "",
    "LeftHand": "",
    "LeftForeArm": "",
    "LeftMidArm": "",
    "LeftUpperArm": ""
  },
  {
    "SkeletonName": "corruption_thrower",
    "Xform": "Xform",
    "Head": "Head",
    "Spine": "c_spineTwist5_BND",
    "RightHand": "right_hand_attach",
    "RightForeArm": "Forearm_right_twist",
    "RightMidArm": "MidArm_right",
    "RightUpperArm": "UpperArm_right",
    "LeftHand": "left_hand_attach",
    "LeftForeArm": "Forearm_left_twist",
    "LeftMidArm": "MidArm_left",
    "LeftUpperArm": "UpperArm_left"
  },
  {
    "SkeletonName": "corruptionentity_skel",
    "Xform": "Xform",
    "Head": "Head",
    "Spine": "c_spineTwist5_BND",
    "RightHand": "right_hand_attach",
    "RightForeArm": "Forearm_right_twist",
    "RightMidArm": "MidArm_right",
    "RightUpperArm": "UpperArm_right",
    "LeftHand": "left_hand_attach",
    "LeftForeArm": "Forearm_left_twist",
    "LeftMidArm": "MidArm_left",
    "LeftUpperArm": "UpperArm_left"
  },
  {
    "SkeletonName": "corruptionswarm",
    "Xform": "Xform",
    "Head": "Head",
    "Spine": "Spine3",
    "RightHand": "right_hand_attach",
    "RightForeArm": "Forearm_right_twist",
    "RightMidArm": "MidArm_right",
    "RightUpperArm": "UpperArm_right",
    "LeftHand": "left_hand_attach",
    "LeftForeArm": "Forearm_left_twist",
    "LeftMidArm": "MidArm_left",
    "LeftUpperArm": "UpperArm_left"
  },
  {
    "SkeletonName": "corrupted_spriggan_invasion_skel",
    "Xform": "Xform",
    "Head": "Head",
    "Spine": "Spine3",
    "RightHand": "right_hand_attach",
    "RightForeArm": "Forearm_right_twist",
    "RightMidArm": "MidArm_right",
    "RightUpperArm": "UpperArm_right",
    "LeftHand": "left_hand_attach",
    "LeftForeArm": "Forearm_left_twist",
    "LeftMidArm": "MidArm_left",
    "LeftUpperArm": "UpperArm_left"
  },
  {
    "SkeletonName": "damnedwolf_skel",
    "Xform": "bind_xform",
    "Head": "bind_head_jnt",
    "Spine": "bind_spine_2_jnt",
    "RightHand": "bind_right_hand_jnt",
    "RightForeArm": "bind_right_wrist_jnt",
    "RightMidArm": "bind_right_arm_jnt",
    "RightUpperArm": "bind_right_clav_jnt",
    "LeftHand": "bind_left_hand_jnt",
    "LeftForeArm": "bind_right_wrist_jnt",
    "LeftMidArm": "bind_left_arm_jnt",
    "LeftUpperArm": "bind_left_clav_jnt"
  },
  {
    "SkeletonName": "damnedpriest_skel",
    "Xform": "Xform",
    "Head": "Head",
    "Spine": "Spine2",
    "RightHand": "right_hand_attach",
    "RightForeArm": "Forearm_right_twist",
    "RightMidArm": "MidArm_right",
    "RightUpperArm": "UpperArm_right",
    "LeftHand": "left_hand_attach",
    "LeftForeArm": "Forearm_left_twist",
    "LeftMidArm": "MidArm_left",
    "LeftUpperArm": "UpperArm_left"
  },
  {
    "SkeletonName": "corrupted_dynasty_maiden_skel",
    "Xform": "Xform",
    "Head": "bind_head",
    "Spine": "bind_spine_c",
    "RightHand": "right_hand_attachment",
    "RightForeArm": "bind_right_lo_arm_twist_a",
    "RightMidArm": "bind_right_elbow",
    "RightUpperArm": "bind_right_up_arm_twist_a",
    "LeftHand": "left_hand_attachment",
    "LeftForeArm": "bind_left_lo_arm_twist_a",
    "LeftMidArm": "bind_left_elbow",
    "LeftUpperArm": "bind_left_up_arm_twist_a"
  },
  {
    "SkeletonName": "dynasty_summoner",
    "Xform": "Xform",
    "Head": "Head",
    "Spine": "Spine2",
    "RightHand": "right_hand_attach",
    "RightForeArm": "Forearm_right_twist",
    "RightMidArm": "MidArm_right",
    "RightUpperArm": "UpperArm_right",
    "LeftHand": "left_hand_attach",
    "LeftForeArm": "Forearm_left_twist",
    "LeftMidArm": "MidArm_left",
    "LeftUpperArm": "UpperArm_left"
  },
  {
    "SkeletonName": "corrupteddynastyempress_skel",
    "Xform": "Xform",
    "Head": "bind_head",
    "Spine": "bind_spine_c",
    "RightHand": "right_hand_attachment",
    "RightForeArm": "bind_right_lo_arm_twist_a",
    "RightMidArm": "bind_right_elbow",
    "RightUpperArm": "bind_right_up_arm_twist_a",
    "LeftHand": "left_hand_attachment",
    "LeftForeArm": "bind_left_lo_arm_twist_a",
    "LeftMidArm": "bind_left_elbow",
    "LeftUpperArm": "bind_left_up_arm_twist_a"
  },
  {
    "SkeletonName": "damned_skel",
    "Xform": "Xform",
    "Head": "Head",
    "Spine": "Spine2",
    "RightHand": "right_hand_attach",
    "RightForeArm": "Forearm_right_twist",
    "RightMidArm": "MidArm_right",
    "RightUpperArm": "UpperArm_right",
    "LeftHand": "left_hand_attach",
    "LeftForeArm": "Forearm_left_twist",
    "LeftMidArm": "MidArm_left",
    "LeftUpperArm": "UpperArm_left"
  },
  {
    "SkeletonName": "blightfiend",
    "Xform": "Xform",
    "Head": "Head",
    "Spine": "c_spineTwist5_BND",
    "RightHand": "right_hand_attach",
    "RightForeArm": "Forearm_right_twist",
    "RightMidArm": "MidArm_right",
    "RightUpperArm": "UpperArm_right",
    "LeftHand": "left_hand_attach",
    "LeftForeArm": "Forearm_left_twist",
    "LeftMidArm": "MidArm_left",
    "LeftUpperArm": "UpperArm_left"
  },
  {
    "SkeletonName": "dryad_beast_skel",
    "Xform": "Xform",
    "Head": "bind_head",
    "Spine": "bind_spine_c",
    "RightHand": "right_hand_attachment",
    "RightForeArm": "bind_right_lo_arm_twist_a",
    "RightMidArm": "bind_right_elbow",
    "RightUpperArm": "bind_right_up_arm_twist_a",
    "LeftHand": "left_hand_attachment",
    "LeftForeArm": "bind_left_lo_arm_twist_a",
    "LeftMidArm": "bind_left_elbow",
    "LeftUpperArm": "bind_left_up_arm_twist_a"
  },
  {
    "SkeletonName": "dryad_blightfiend",
    "Xform": "Xform",
    "Head": "Head",
    "Spine": "Spine2",
    "RightHand": "right_hand_attach",
    "RightForeArm": "Forearm_right_twist",
    "RightMidArm": "MidArm_right",
    "RightUpperArm": "UpperArm_right",
    "LeftHand": "left_hand_attach",
    "LeftForeArm": "Forearm_left_twist",
    "LeftMidArm": "MidArm_left",
    "LeftUpperArm": "UpperArm_left"
  },
  {
    "SkeletonName": "dryadprowler_skel",
    "Xform": "Xform",
    "Head": "Head",
    "Spine": "Spine2",
    "RightHand": "right_hand_attach",
    "RightForeArm": "Forearm_right_twist",
    "RightMidArm": "MidArm_right",
    "RightUpperArm": "UpperArm_right",
    "LeftHand": "left_hand_attach",
    "LeftForeArm": "Forearm_left_twist",
    "LeftMidArm": "MidArm_left",
    "LeftUpperArm": "UpperArm_left"
  },
  {
    "SkeletonName": "dryadshaman_skel",
    "Xform": "Xform",
    "Head": "Head",
    "Spine": "Spine2",
    "RightHand": "right_hand_attach",
    "RightForeArm": "Forearm_right_twist",
    "RightMidArm": "MidArm_right",
    "RightUpperArm": "UpperArm_right",
    "LeftHand": "left_hand_attach",
    "LeftForeArm": "Forearm_left_twist",
    "LeftMidArm": "MidArm_left",
    "LeftUpperArm": "UpperArm_left"
  },
  {
    "SkeletonName": "dryad_soldier",
    "Xform": "Xform",
    "Head": "Head",
    "Spine": "Spine2",
    "RightHand": "right_hand_attach",
    "RightForeArm": "Forearm_right_twist",
    "RightMidArm": "MidArm_right",
    "RightUpperArm": "UpperArm_right",
    "LeftHand": "left_hand_attach",
    "LeftForeArm": "Forearm_left_twist",
    "LeftMidArm": "MidArm_left",
    "LeftUpperArm": "UpperArm_left"
  },
  {
    "SkeletonName": "bog_monster",
    "Xform": "Xform",
    "Head": "Head",
    "Spine": "Spine3",
    "RightHand": "right_hand_attach",
    "RightForeArm": "Forearm_twist02_right",
    "RightMidArm": "UpperArm_twist03_right",
    "RightUpperArm": "UpperArm_right",
    "LeftHand": "left_hand_attach",
    "LeftForeArm": "Forearm_twist02_left",
    "LeftMidArm": "UpperArm_twist03_left",
    "LeftUpperArm": "UpperArm_left"
  },
  {
    "SkeletonName": "spriggan_proto_skel",
    "Xform": "Xform",
    "Head": "head",
    "Spine": "spine2",
    "RightHand": "r_wrist",
    "RightForeArm": "",
    "RightMidArm": "",
    "RightUpperArm": "",
    "LeftHand": "l_wrist",
    "LeftForeArm": "",
    "LeftMidArm": "",
    "LeftUpperArm": ""
  },
  {
    "SkeletonName": "spriggan_forest_worm_mesh_proxy_skel",
    "Xform": "Xform",
    "Head": "Head",
    "Spine": "spine3",
    "RightHand": "right_hand_attach",
    "RightForeArm": "",
    "RightMidArm": "",
    "RightUpperArm": "",
    "LeftHand": "left_hand_attach",
    "LeftForeArm": "",
    "LeftMidArm": "",
    "LeftUpperArm": ""
  },
  {
    "SkeletonName": "spriggan_sulfur_skel",
    "Xform": "Xform",
    "Head": "bind_head_01",
    "Spine": "bind_spine_04",
    "RightHand": "right_hand_attach",
    "RightForeArm": "",
    "RightMidArm": "",
    "RightUpperArm": "",
    "LeftHand": "left_hand_attach",
    "LeftForeArm": "",
    "LeftMidArm": "",
    "LeftUpperArm": ""
  }
]