[
  {
    "MetaAchievementCategoryId": "Summary",
    "Parent Category": "",
    "Index": "1",
    "Title": "@ui_meta_achievements_summary",
    "Icon Color Background": ""
  },
  {
    "MetaAchievementCategoryId": "Completed_Achievements",
    "Parent Category": "",
    "Index": "2",
    "Title": "@ui_meta_achievements_completed_achievements",
    "Icon Color Background": ""
  },
  {
    "MetaAchievementCategoryId": "PvE",
    "Parent Category": "",
    "Index": "3",
    "Title": "@ui_meta_achievements_pve",
    "Icon Color Background": ""
  },
  {
    "MetaAchievementCategoryId": "Enemies_By_Type",
    "Parent Category": "PvE",
    "Index": "1",
    "Title": "@ui_meta_achievements_enemies_by_type",
    "Icon Color Background": "LyShineUI\\Images\\Icons\\Achievements\\achievement_icon_background01.dds"
  },
  {
    "MetaAchievementCategoryId": "Enemies_By_Name",
    "Parent Category": "PvE",
    "Index": "2",
    "Title": "@ui_meta_achievements_enemies_by_name",
    "Icon Color Background": "LyShineUI\\Images\\Icons\\Achievements\\achievement_icon_background01.dds"
  },
  {
    "MetaAchievementCategoryId": "Invasions_And_Breaches",
    "Parent Category": "PvE",
    "Index": "3",
    "Title": "@ui_meta_achievements_invasions_and_breaches",
    "Icon Color Background": "LyShineUI\\Images\\Icons\\Achievements\\achievement_icon_background01.dds"
  },
  {
    "MetaAchievementCategoryId": "PvE_Kill_Counts",
    "Parent Category": "PvE",
    "Index": "4",
    "Title": "@ui_meta_achievements_kill_counts",
    "Icon Color Background": "LyShineUI\\Images\\Icons\\Achievements\\achievement_icon_background01.dds"
  },
  {
    "MetaAchievementCategoryId": "Gathering",
    "Parent Category": "PvE",
    "Index": "5",
    "Title": "@ui_meta_achievements_gathering",
    "Icon Color Background": "LyShineUI\\Images\\Icons\\Achievements\\achievement_icon_background01.dds"
  },
  {
    "MetaAchievementCategoryId": "Dungeon_Bosses",
    "Parent Category": "PvE",
    "Index": "6",
    "Title": "@ui_meta_achievements_dungeon_bosses",
    "Icon Color Background": "LyShineUI\\Images\\Icons\\Achievements\\achievement_icon_background01.dds"
  },
  {
    "MetaAchievementCategoryId": "Arenas",
    "Parent Category": "PvE",
    "Index": "7",
    "Title": "@ui_meta_achievements_arenas",
    "Icon Color Background": "LyShineUI\\Images\\Icons\\Achievements\\achievement_icon_background01.dds"
  },
  {
    "MetaAchievementCategoryId": "Dungeon_Runs",
    "Parent Category": "PvE",
    "Index": "8",
    "Title": "@ui_meta_achievements_dungeon_runs",
    "Icon Color Background": "LyShineUI\\Images\\Icons\\Achievements\\achievement_icon_background01.dds"
  },
  {
    "MetaAchievementCategoryId": "PvP",
    "Parent Category": "",
    "Index": "4",
    "Title": "@ui_meta_achievements_pvp",
    "Icon Color Background": ""
  },
  {
    "MetaAchievementCategoryId": "Factions",
    "Parent Category": "PvP",
    "Index": "1",
    "Title": "@ui_meta_achievements_factions",
    "Icon Color Background": "LyShineUI\\Images\\Icons\\Achievements\\achievement_icon_background02.dds"
  },
  {
    "MetaAchievementCategoryId": "Duels",
    "Parent Category": "PvP",
    "Index": "2",
    "Title": "@ui_meta_achievements_duels",
    "Icon Color Background": "LyShineUI\\Images\\Icons\\Achievements\\achievement_icon_background02.dds"
  },
  {
    "MetaAchievementCategoryId": "Control_Points",
    "Parent Category": "PvP",
    "Index": "3",
    "Title": "@ui_meta_achievements_control_points",
    "Icon Color Background": "LyShineUI\\Images\\Icons\\Achievements\\achievement_icon_background02.dds"
  },
  {
    "MetaAchievementCategoryId": "Wars",
    "Parent Category": "PvP",
    "Index": "4",
    "Title": "@ui_meta_achievements_wars",
    "Icon Color Background": "LyShineUI\\Images\\Icons\\Achievements\\achievement_icon_background02.dds"
  },
  {
    "MetaAchievementCategoryId": "Outpost_Rush",
    "Parent Category": "PvP",
    "Index": "5",
    "Title": "@ui_meta_achievements_outpost_rush",
    "Icon Color Background": "LyShineUI\\Images\\Icons\\Achievements\\achievement_icon_background02.dds"
  },
  {
    "MetaAchievementCategoryId": "PvP_Kill_Counts",
    "Parent Category": "PvP",
    "Index": "6",
    "Title": "@ui_meta_achievements_kill_counts",
    "Icon Color Background": "LyShineUI\\Images\\Icons\\Achievements\\achievement_icon_background02.dds"
  },
  {
    "MetaAchievementCategoryId": "Quests",
    "Parent Category": "",
    "Index": "5",
    "Title": "@ui_meta_achievements_quests",
    "Icon Color Background": ""
  },
  {
    "MetaAchievementCategoryId": "Territory_Stories",
    "Parent Category": "Quests",
    "Index": "1",
    "Title": "@ui_meta_achievements_territory_stories",
    "Icon Color Background": "LyShineUI\\Images\\Icons\\Achievements\\achievement_icon_background03.dds"
  },
  {
    "MetaAchievementCategoryId": "Total_Completed",
    "Parent Category": "Quests",
    "Index": "2",
    "Title": "@ui_meta_achievements_total_completed",
    "Icon Color Background": "LyShineUI\\Images\\Icons\\Achievements\\achievement_icon_background03.dds"
  },
  {
    "MetaAchievementCategoryId": "Missions",
    "Parent Category": "",
    "Index": "6",
    "Title": "@ui_meta_achievements_missions",
    "Icon Color Background": ""
  },
  {
    "MetaAchievementCategoryId": "PvE_Skill_Based",
    "Parent Category": "Missions",
    "Index": "1",
    "Title": "@ui_meta_achievements_pve_skill_based",
    "Icon Color Background": "LyShineUI\\Images\\Icons\\Achievements\\achievement_icon_background04.dds"
  },
  {
    "MetaAchievementCategoryId": "PvE_Support",
    "Parent Category": "Missions",
    "Index": "2",
    "Title": "@ui_meta_achievements_pve_support",
    "Icon Color Background": "LyShineUI\\Images\\Icons\\Achievements\\achievement_icon_background04.dds"
  },
  {
    "MetaAchievementCategoryId": "PvE_By_Territory",
    "Parent Category": "Missions",
    "Index": "3",
    "Title": "@ui_meta_achievements_pve_by_territory",
    "Icon Color Background": "LyShineUI\\Images\\Icons\\Achievements\\achievement_icon_background04.dds"
  },
  {
    "MetaAchievementCategoryId": "PvP_Stir_The_Pot",
    "Parent Category": "Missions",
    "Index": "4",
    "Title": "@ui_meta_achievements_pvp_stir_the_pot",
    "Icon Color Background": "LyShineUI\\Images\\Icons\\Achievements\\achievement_icon_background04.dds"
  },
  {
    "MetaAchievementCategoryId": "PvP_By_Territory",
    "Parent Category": "Missions",
    "Index": "5",
    "Title": "@ui_meta_achievements_pvp_by_territory",
    "Icon Color Background": "LyShineUI\\Images\\Icons\\Achievements\\achievement_icon_background04.dds"
  },
  {
    "MetaAchievementCategoryId": "Missions_Total",
    "Parent Category": "Missions",
    "Index": "6",
    "Title": "@ui_meta_achievements_mission_total_count",
    "Icon Color Background": "LyShineUI\\Images\\Icons\\Achievements\\achievement_icon_background04.dds"
  },
  {
    "MetaAchievementCategoryId": "Progression",
    "Parent Category": "",
    "Index": "7",
    "Title": "@ui_meta_achievements_progression",
    "Icon Color Background": ""
  },
  {
    "MetaAchievementCategoryId": "Overall",
    "Parent Category": "Progression",
    "Index": "1",
    "Title": "@ui_meta_achievements_overall",
    "Icon Color Background": "LyShineUI\\Images\\Icons\\Achievements\\achievement_icon_background05.dds"
  },
  {
    "MetaAchievementCategoryId": "Skill_Levels",
    "Parent Category": "Progression",
    "Index": "2",
    "Title": "@ui_meta_achievements_skill_levels",
    "Icon Color Background": "LyShineUI\\Images\\Icons\\Achievements\\achievement_icon_background05.dds"
  },
  {
    "MetaAchievementCategoryId": "Gear_Bonuses",
    "Parent Category": "Progression",
    "Index": "3",
    "Title": "@ui_meta_achievements_gear_bonuses",
    "Icon Color Background": "LyShineUI\\Images\\Icons\\Achievements\\achievement_icon_background05.dds"
  },
  {
    "MetaAchievementCategoryId": "Housing",
    "Parent Category": "Progression",
    "Index": "4",
    "Title": "@ui_meta_achievements_housing",
    "Icon Color Background": "LyShineUI\\Images\\Icons\\Achievements\\achievement_icon_background05.dds"
  },
  {
    "MetaAchievementCategoryId": "Territory_Standing",
    "Parent Category": "Progression",
    "Index": "5",
    "Title": "@ui_meta_achievements_territory_standing",
    "Icon Color Background": "LyShineUI\\Images\\Icons\\Achievements\\achievement_icon_background05.dds"
  },
  {
    "MetaAchievementCategoryId": "Faction_Ranking",
    "Parent Category": "Progression",
    "Index": "6",
    "Title": "@ui_meta_achievements_faction_ranking",
    "Icon Color Background": "LyShineUI\\Images\\Icons\\Achievements\\achievement_icon_background05.dds"
  },
  {
    "MetaAchievementCategoryId": "Weapon_Mastery",
    "Parent Category": "Progression",
    "Index": "7",
    "Title": "@ui_meta_achievements_weapon_mastery",
    "Icon Color Background": "LyShineUI\\Images\\Icons\\Achievements\\achievement_icon_background05.dds"
  },
  {
    "MetaAchievementCategoryId": "General",
    "Parent Category": "",
    "Index": "8",
    "Title": "@ui_meta_achievements_general",
    "Icon Color Background": ""
  },
  {
    "MetaAchievementCategoryId": "Crafting_Count",
    "Parent Category": "General",
    "Index": "1",
    "Title": "@ui_meta_achievements_crafting_count",
    "Icon Color Background": "LyShineUI\\Images\\Icons\\Achievements\\achievement_icon_background06.dds"
  },
  {
    "MetaAchievementCategoryId": "Refining_Count",
    "Parent Category": "General",
    "Index": "2",
    "Title": "@ui_meta_achievements_refining_count",
    "Icon Color Background": "LyShineUI\\Images\\Icons\\Achievements\\achievement_icon_background06.dds"
  },
  {
    "MetaAchievementCategoryId": "Gather_Count",
    "Parent Category": "General",
    "Index": "3",
    "Title": "@ui_meta_achievements_gather_count",
    "Icon Color Background": "LyShineUI\\Images\\Icons\\Achievements\\achievement_icon_background06.dds"
  },
  {
    "MetaAchievementCategoryId": "Named_Item_Crafting",
    "Parent Category": "General",
    "Index": "4",
    "Title": "@ui_meta_achievements_named_item_crafting",
    "Icon Color Background": "LyShineUI\\Images\\Icons\\Achievements\\achievement_icon_background06.dds"
  },
  {
    "MetaAchievementCategoryId": "Repairs",
    "Parent Category": "General",
    "Index": "5",
    "Title": "@ui_meta_achievements_repairs",
    "Icon Color Background": "LyShineUI\\Images\\Icons\\Achievements\\achievement_icon_background06.dds"
  },
  {
    "MetaAchievementCategoryId": "Instanced_Teamplay",
    "Parent Category": "General",
    "Index": "6",
    "Title": "@ui_meta_achievements_instanced_teamplay",
    "Icon Color Background": "LyShineUI\\Images\\Icons\\Achievements\\achievement_icon_background06.dds"
  },
  {
    "MetaAchievementCategoryId": "Lore_Pages",
    "Parent Category": "General",
    "Index": "7",
    "Title": "@ui_meta_achievements_lore_pages",
    "Icon Color Background": "LyShineUI\\Images\\Icons\\Achievements\\achievement_icon_background06.dds"
  },
  {
    "MetaAchievementCategoryId": "Player_Actions",
    "Parent Category": "General",
    "Index": "8",
    "Title": "@ui_meta_achievements_player_actions",
    "Icon Color Background": "LyShineUI\\Images\\Icons\\Achievements\\achievement_icon_background06.dds"
  },
  {
    "MetaAchievementCategoryId": "Camping",
    "Parent Category": "General",
    "Index": "9",
    "Title": "@ui_meta_achievements_camping",
    "Icon Color Background": "LyShineUI\\Images\\Icons\\Achievements\\achievement_icon_background06.dds"
  },
  {
    "MetaAchievementCategoryId": "Fishing",
    "Parent Category": "General",
    "Index": "10",
    "Title": "@ui_meta_achievements_fishing",
    "Icon Color Background": "LyShineUI\\Images\\Icons\\Achievements\\achievement_icon_background06.dds"
  },
  {
    "MetaAchievementCategoryId": "Looting",
    "Parent Category": "General",
    "Index": "11",
    "Title": "@ui_meta_achievements_looting",
    "Icon Color Background": "LyShineUI\\Images\\Icons\\Achievements\\achievement_icon_background06.dds"
  },
  {
    "MetaAchievementCategoryId": "Dyeing",
    "Parent Category": "General",
    "Index": "12",
    "Title": "@ui_meta_achievements_looting",
    "Icon Color Background": ""
  },
  {
    "MetaAchievementCategoryId": "Achievements",
    "Parent Category": "",
    "Index": "9",
    "Title": "@ui_meta_achievements_achievements",
    "Icon Color Background": "LyShineUI\\Images\\Icons\\Achievements\\achievement_icon_background07.dds"
  },
  {
    "MetaAchievementCategoryId": "Titles",
    "Parent Category": "",
    "Index": "10",
    "Title": "@ui_meta_achievements_titles",
    "Icon Color Background": "LyShineUI\\Images\\Icons\\Achievements\\achievement_icon_background08.dds"
  },
  {
    "MetaAchievementCategoryId": "Destinations",
    "Parent Category": "",
    "Index": "11",
    "Title": "@ui_meta_achievements_destinations",
    "Icon Color Background": ""
  },
  {
    "MetaAchievementCategoryId": "Places_Discovered",
    "Parent Category": "Destinations",
    "Index": "1",
    "Title": "@ui_meta_achievements_places_discovered",
    "Icon Color Background": "LyShineUI\\Images\\Icons\\Achievements\\achievement_icon_background09.dds"
  },
  {
    "MetaAchievementCategoryId": "Per_Territory",
    "Parent Category": "Destinations",
    "Index": "2",
    "Title": "@ui_meta_achievements_per_territory",
    "Icon Color Background": "LyShineUI\\Images\\Icons\\Achievements\\achievement_icon_background09.dds"
  },
  {
    "MetaAchievementCategoryId": "Hamlets",
    "Parent Category": "Destinations",
    "Index": "3",
    "Title": "@ui_meta_achievements_hamlets",
    "Icon Color Background": "LyShineUI\\Images\\Icons\\Achievements\\achievement_icon_background09.dds"
  }
]