[
  {
    "Index": "1",
    "OldIndex": "0",
    "isForeground": "1",
    "DisplayName": "FG Red",
    "EntitlementId": "",
    "Image": "",
    "Color": "#c31818",
    "isEntitlement": "0",
    "isEnabled": "1",
    "Faction": "Any",
    "Notes": "",
    "Intent": ""
  },
  {
    "Index": "2",
    "OldIndex": "1",
    "isForeground": "1",
    "DisplayName": "FG Orange",
    "EntitlementId": "",
    "Image": "",
    "Color": "#ca5711",
    "isEntitlement": "0",
    "isEnabled": "1",
    "Faction": "Any",
    "Notes": "",
    "Intent": ""
  },
  {
    "Index": "3",
    "OldIndex": "2",
    "isForeground": "1",
    "DisplayName": "FG Yellow",
    "EntitlementId": "",
    "Image": "",
    "Color": "#d7a819",
    "isEntitlement": "0",
    "isEnabled": "1",
    "Faction": "Any",
    "Notes": "",
    "Intent": ""
  },
  {
    "Index": "4",
    "OldIndex": "3",
    "isForeground": "1",
    "DisplayName": "FG Green",
    "EntitlementId": "",
    "Image": "",
    "Color": "#5f9c36",
    "isEntitlement": "0",
    "isEnabled": "1",
    "Faction": "Any",
    "Notes": "",
    "Intent": ""
  },
  {
    "Index": "5",
    "OldIndex": "4",
    "isForeground": "1",
    "DisplayName": "FG Teal",
    "EntitlementId": "",
    "Image": "",
    "Color": "#33bbb9",
    "isEntitlement": "0",
    "isEnabled": "1",
    "Faction": "Any",
    "Notes": "",
    "Intent": ""
  },
  {
    "Index": "6",
    "OldIndex": "5",
    "isForeground": "1",
    "DisplayName": "FG Blue",
    "EntitlementId": "",
    "Image": "",
    "Color": "#587cbc",
    "isEntitlement": "0",
    "isEnabled": "1",
    "Faction": "Any",
    "Notes": "",
    "Intent": ""
  },
  {
    "Index": "7",
    "OldIndex": "6",
    "isForeground": "1",
    "DisplayName": "FG Deep Blue",
    "EntitlementId": "",
    "Image": "",
    "Color": "#2516b6",
    "isEntitlement": "0",
    "isEnabled": "1",
    "Faction": "Any",
    "Notes": "",
    "Intent": ""
  },
  {
    "Index": "8",
    "OldIndex": "7",
    "isForeground": "1",
    "DisplayName": "FG Pink",
    "EntitlementId": "",
    "Image": "",
    "Color": "#a74f8f",
    "isEntitlement": "0",
    "isEnabled": "1",
    "Faction": "Any",
    "Notes": "",
    "Intent": ""
  },
  {
    "Index": "9",
    "OldIndex": "8",
    "isForeground": "1",
    "DisplayName": "FG White",
    "EntitlementId": "",
    "Image": "",
    "Color": "#eeefed",
    "isEntitlement": "0",
    "isEnabled": "1",
    "Faction": "Any",
    "Notes": "",
    "Intent": ""
  },
  {
    "Index": "10",
    "OldIndex": "9",
    "isForeground": "1",
    "DisplayName": "FG Dark Red",
    "EntitlementId": "",
    "Image": "",
    "Color": "#3e141c",
    "isEntitlement": "0",
    "isEnabled": "1",
    "Faction": "Any",
    "Notes": "",
    "Intent": ""
  },
  {
    "Index": "11",
    "OldIndex": "10",
    "isForeground": "1",
    "DisplayName": "FG Dark Orange",
    "EntitlementId": "",
    "Image": "",
    "Color": "#b96d24",
    "isEntitlement": "0",
    "isEnabled": "1",
    "Faction": "Any",
    "Notes": "",
    "Intent": ""
  },
  {
    "Index": "12",
    "OldIndex": "11",
    "isForeground": "1",
    "DisplayName": "FG Dark Yellow",
    "EntitlementId": "",
    "Image": "",
    "Color": "#5c5545",
    "isEntitlement": "0",
    "isEnabled": "1",
    "Faction": "Any",
    "Notes": "",
    "Intent": ""
  },
  {
    "Index": "13",
    "OldIndex": "12",
    "isForeground": "1",
    "DisplayName": "FG Dark Green",
    "EntitlementId": "",
    "Image": "",
    "Color": "#2a4f29",
    "isEntitlement": "0",
    "isEnabled": "1",
    "Faction": "Any",
    "Notes": "",
    "Intent": ""
  },
  {
    "Index": "14",
    "OldIndex": "13",
    "isForeground": "1",
    "DisplayName": "FG Dark Teal",
    "EntitlementId": "",
    "Image": "",
    "Color": "#006e5d",
    "isEntitlement": "0",
    "isEnabled": "1",
    "Faction": "Any",
    "Notes": "",
    "Intent": ""
  },
  {
    "Index": "15",
    "OldIndex": "14",
    "isForeground": "1",
    "DisplayName": "FG Dark Blue",
    "EntitlementId": "",
    "Image": "",
    "Color": "#004e97",
    "isEntitlement": "0",
    "isEnabled": "1",
    "Faction": "Any",
    "Notes": "",
    "Intent": ""
  },
  {
    "Index": "16",
    "OldIndex": "15",
    "isForeground": "1",
    "DisplayName": "FG Washed Dark Purple",
    "EntitlementId": "",
    "Image": "",
    "Color": "#1c3269",
    "isEntitlement": "0",
    "isEnabled": "1",
    "Faction": "Any",
    "Notes": "",
    "Intent": ""
  },
  {
    "Index": "17",
    "OldIndex": "16",
    "isForeground": "1",
    "DisplayName": "FG Dark Pink",
    "EntitlementId": "",
    "Image": "",
    "Color": "#321d25",
    "isEntitlement": "0",
    "isEnabled": "1",
    "Faction": "Any",
    "Notes": "",
    "Intent": ""
  },
  {
    "Index": "18",
    "OldIndex": "17",
    "isForeground": "1",
    "DisplayName": "FG Black",
    "EntitlementId": "",
    "Image": "",
    "Color": "#222222",
    "isEntitlement": "0",
    "isEnabled": "1",
    "Faction": "Any",
    "Notes": "",
    "Intent": ""
  },
  {
    "Index": "19",
    "OldIndex": "0",
    "isForeground": "0",
    "DisplayName": "Syndicate variant 1",
    "EntitlementId": "",
    "Image": "",
    "Color": "#8732d3",
    "isEntitlement": "0",
    "isEnabled": "1",
    "Faction": "Faction1",
    "Notes": "",
    "Intent": ""
  },
  {
    "Index": "20",
    "OldIndex": "1",
    "isForeground": "0",
    "DisplayName": "Syndicate variant 2",
    "EntitlementId": "",
    "Image": "",
    "Color": "#6e28ad",
    "isEntitlement": "0",
    "isEnabled": "1",
    "Faction": "Faction1",
    "Notes": "",
    "Intent": ""
  },
  {
    "Index": "21",
    "OldIndex": "2",
    "isForeground": "0",
    "DisplayName": "Syndicate variant 3",
    "EntitlementId": "",
    "Image": "",
    "Color": "#551f85",
    "isEntitlement": "0",
    "isEnabled": "1",
    "Faction": "Faction1",
    "Notes": "",
    "Intent": ""
  },
  {
    "Index": "22",
    "OldIndex": "3",
    "isForeground": "0",
    "DisplayName": "Marauder variant 1",
    "EntitlementId": "",
    "Image": "",
    "Color": "#149633",
    "isEntitlement": "0",
    "isEnabled": "1",
    "Faction": "Faction2",
    "Notes": "",
    "Intent": ""
  },
  {
    "Index": "23",
    "OldIndex": "4",
    "isForeground": "0",
    "DisplayName": "Marauder variant 2",
    "EntitlementId": "",
    "Image": "",
    "Color": "#097122",
    "isEntitlement": "0",
    "isEnabled": "1",
    "Faction": "Faction2",
    "Notes": "",
    "Intent": ""
  },
  {
    "Index": "24",
    "OldIndex": "5",
    "isForeground": "0",
    "DisplayName": "Marauder variant 3",
    "EntitlementId": "",
    "Image": "",
    "Color": "#093e16",
    "isEntitlement": "0",
    "isEnabled": "1",
    "Faction": "Faction2",
    "Notes": "",
    "Intent": ""
  },
  {
    "Index": "25",
    "OldIndex": "6",
    "isForeground": "0",
    "DisplayName": "Covenant variant 1",
    "EntitlementId": "",
    "Image": "",
    "Color": "#eb9f0d",
    "isEntitlement": "0",
    "isEnabled": "1",
    "Faction": "Faction3",
    "Notes": "",
    "Intent": ""
  },
  {
    "Index": "26",
    "OldIndex": "7",
    "isForeground": "0",
    "DisplayName": "Covenant variant 2",
    "EntitlementId": "",
    "Image": "",
    "Color": "#b47c12",
    "isEntitlement": "0",
    "isEnabled": "1",
    "Faction": "Faction3",
    "Notes": "",
    "Intent": ""
  },
  {
    "Index": "27",
    "OldIndex": "8",
    "isForeground": "0",
    "DisplayName": "Covenant variant 3",
    "EntitlementId": "",
    "Image": "",
    "Color": "#895f0d",
    "isEntitlement": "0",
    "isEnabled": "1",
    "Faction": "Faction3",
    "Notes": "",
    "Intent": ""
  },
  {
    "Index": "28",
    "OldIndex": "0",
    "isForeground": "1",
    "DisplayName": "@ui_crestforeground_01",
    "EntitlementId": "",
    "Image": "lyshineui/images/crests/foregrounds/icon_crest_1.dds",
    "Color": "",
    "isEntitlement": "0",
    "isEnabled": "1",
    "Faction": "Faction1",
    "Notes": "",
    "Intent": ""
  },
  {
    "Index": "29",
    "OldIndex": "1",
    "isForeground": "1",
    "DisplayName": "@ui_crestforeground_02",
    "EntitlementId": "",
    "Image": "lyshineui/images/crests/foregrounds/icon_crest_2.dds",
    "Color": "",
    "isEntitlement": "0",
    "isEnabled": "1",
    "Faction": "Faction1",
    "Notes": "",
    "Intent": ""
  },
  {
    "Index": "30",
    "OldIndex": "2",
    "isForeground": "1",
    "DisplayName": "@ui_crestforeground_03",
    "EntitlementId": "",
    "Image": "lyshineui/images/crests/foregrounds/icon_crest_3.dds",
    "Color": "",
    "isEntitlement": "0",
    "isEnabled": "1",
    "Faction": "Faction1",
    "Notes": "",
    "Intent": ""
  },
  {
    "Index": "31",
    "OldIndex": "3",
    "isForeground": "1",
    "DisplayName": "@ui_crestforeground_04",
    "EntitlementId": "",
    "Image": "lyshineui/images/crests/foregrounds/icon_crest_4.dds",
    "Color": "",
    "isEntitlement": "0",
    "isEnabled": "1",
    "Faction": "Faction1",
    "Notes": "",
    "Intent": ""
  },
  {
    "Index": "32",
    "OldIndex": "4",
    "isForeground": "1",
    "DisplayName": "@ui_crestforeground_05",
    "EntitlementId": "",
    "Image": "lyshineui/images/crests/foregrounds/icon_crest_5.dds",
    "Color": "",
    "isEntitlement": "0",
    "isEnabled": "1",
    "Faction": "Faction1",
    "Notes": "",
    "Intent": ""
  },
  {
    "Index": "34",
    "OldIndex": "6",
    "isForeground": "1",
    "DisplayName": "@ui_crestforeground_07",
    "EntitlementId": "",
    "Image": "lyshineui/images/crests/foregrounds/icon_crest_7.dds",
    "Color": "",
    "isEntitlement": "0",
    "isEnabled": "1",
    "Faction": "Faction1",
    "Notes": "",
    "Intent": ""
  },
  {
    "Index": "36",
    "OldIndex": "8",
    "isForeground": "1",
    "DisplayName": "@ui_crestforeground_09",
    "EntitlementId": "",
    "Image": "lyshineui/images/crests/foregrounds/icon_crest_9.dds",
    "Color": "",
    "isEntitlement": "0",
    "isEnabled": "1",
    "Faction": "Faction1",
    "Notes": "",
    "Intent": ""
  },
  {
    "Index": "37",
    "OldIndex": "9",
    "isForeground": "1",
    "DisplayName": "@ui_crestforeground_10",
    "EntitlementId": "",
    "Image": "lyshineui/images/crests/foregrounds/icon_crest_10.dds",
    "Color": "",
    "isEntitlement": "0",
    "isEnabled": "1",
    "Faction": "Faction1",
    "Notes": "",
    "Intent": ""
  },
  {
    "Index": "38",
    "OldIndex": "10",
    "isForeground": "1",
    "DisplayName": "@ui_crestforeground_11",
    "EntitlementId": "",
    "Image": "lyshineui/images/crests/foregrounds/icon_crest_11.dds",
    "Color": "",
    "isEntitlement": "0",
    "isEnabled": "1",
    "Faction": "Faction1",
    "Notes": "",
    "Intent": ""
  },
  {
    "Index": "39",
    "OldIndex": "11",
    "isForeground": "1",
    "DisplayName": "@ui_crestforeground_12",
    "EntitlementId": "",
    "Image": "lyshineui/images/crests/foregrounds/icon_crest_12.dds",
    "Color": "",
    "isEntitlement": "0",
    "isEnabled": "1",
    "Faction": "Faction1",
    "Notes": "",
    "Intent": ""
  },
  {
    "Index": "40",
    "OldIndex": "12",
    "isForeground": "1",
    "DisplayName": "@ui_crestforeground_13",
    "EntitlementId": "",
    "Image": "lyshineui/images/crests/foregrounds/icon_crest_13.dds",
    "Color": "",
    "isEntitlement": "0",
    "isEnabled": "1",
    "Faction": "Faction1",
    "Notes": "",
    "Intent": ""
  },
  {
    "Index": "41",
    "OldIndex": "13",
    "isForeground": "1",
    "DisplayName": "@ui_crestforeground_14",
    "EntitlementId": "",
    "Image": "lyshineui/images/crests/foregrounds/icon_crest_14.dds",
    "Color": "",
    "isEntitlement": "0",
    "isEnabled": "1",
    "Faction": "Faction1",
    "Notes": "",
    "Intent": ""
  },
  {
    "Index": "42",
    "OldIndex": "14",
    "isForeground": "1",
    "DisplayName": "@ui_crestforeground_15",
    "EntitlementId": "",
    "Image": "lyshineui/images/crests/foregrounds/icon_crest_15.dds",
    "Color": "",
    "isEntitlement": "0",
    "isEnabled": "1",
    "Faction": "Faction1",
    "Notes": "",
    "Intent": ""
  },
  {
    "Index": "43",
    "OldIndex": "15",
    "isForeground": "1",
    "DisplayName": "@ui_crestforeground_16",
    "EntitlementId": "",
    "Image": "lyshineui/images/crests/foregrounds/icon_crest_16.dds",
    "Color": "",
    "isEntitlement": "0",
    "isEnabled": "1",
    "Faction": "Faction1",
    "Notes": "",
    "Intent": ""
  },
  {
    "Index": "44",
    "OldIndex": "16",
    "isForeground": "1",
    "DisplayName": "@ui_crestforeground_17",
    "EntitlementId": "",
    "Image": "lyshineui/images/crests/foregrounds/icon_crest_17.dds",
    "Color": "",
    "isEntitlement": "0",
    "isEnabled": "1",
    "Faction": "Faction1",
    "Notes": "",
    "Intent": ""
  },
  {
    "Index": "45",
    "OldIndex": "17",
    "isForeground": "1",
    "DisplayName": "@ui_crestforeground_18",
    "EntitlementId": "",
    "Image": "lyshineui/images/crests/foregrounds/icon_crest_18.dds",
    "Color": "",
    "isEntitlement": "0",
    "isEnabled": "1",
    "Faction": "Faction1",
    "Notes": "",
    "Intent": ""
  },
  {
    "Index": "46",
    "OldIndex": "18",
    "isForeground": "1",
    "DisplayName": "@ui_crestforeground_19",
    "EntitlementId": "",
    "Image": "lyshineui/images/crests/foregrounds/icon_crest_19.dds",
    "Color": "",
    "isEntitlement": "0",
    "isEnabled": "1",
    "Faction": "Faction1",
    "Notes": "",
    "Intent": ""
  },
  {
    "Index": "47",
    "OldIndex": "19",
    "isForeground": "1",
    "DisplayName": "@ui_crestforeground_20",
    "EntitlementId": "",
    "Image": "lyshineui/images/crests/foregrounds/icon_crest_20.dds",
    "Color": "",
    "isEntitlement": "0",
    "isEnabled": "1",
    "Faction": "Faction1",
    "Notes": "",
    "Intent": ""
  },
  {
    "Index": "48",
    "OldIndex": "20",
    "isForeground": "1",
    "DisplayName": "@ui_crestforeground_21",
    "EntitlementId": "",
    "Image": "lyshineui/images/crests/foregrounds/icon_crest_21.dds",
    "Color": "",
    "isEntitlement": "0",
    "isEnabled": "1",
    "Faction": "Faction1",
    "Notes": "",
    "Intent": ""
  },
  {
    "Index": "49",
    "OldIndex": "21",
    "isForeground": "1",
    "DisplayName": "@ui_crestforeground_22",
    "EntitlementId": "",
    "Image": "lyshineui/images/crests/foregrounds/icon_crest_22.dds",
    "Color": "",
    "isEntitlement": "0",
    "isEnabled": "1",
    "Faction": "Faction1",
    "Notes": "",
    "Intent": ""
  },
  {
    "Index": "50",
    "OldIndex": "22",
    "isForeground": "1",
    "DisplayName": "@ui_crestforeground_23",
    "EntitlementId": "icon_crest_23",
    "Image": "lyshineui/images/crests/foregrounds/icon_crest_23.dds",
    "Color": "",
    "isEntitlement": "1",
    "isEnabled": "1",
    "Faction": "Any",
    "Notes": "Frosty Mug",
    "Intent": "Merriment"
  },
  {
    "Index": "51",
    "OldIndex": "23",
    "isForeground": "1",
    "DisplayName": "@ui_crestforeground_24",
    "EntitlementId": "",
    "Image": "lyshineui/images/crests/foregrounds/icon_crest_24.dds",
    "Color": "",
    "isEntitlement": "0",
    "isEnabled": "1",
    "Faction": "Faction1",
    "Notes": "",
    "Intent": ""
  },
  {
    "Index": "52",
    "OldIndex": "24",
    "isForeground": "1",
    "DisplayName": "@ui_crestforeground_25",
    "EntitlementId": "",
    "Image": "lyshineui/images/crests/foregrounds/icon_crest_25.dds",
    "Color": "",
    "isEntitlement": "0",
    "isEnabled": "1",
    "Faction": "Faction1",
    "Notes": "",
    "Intent": ""
  },
  {
    "Index": "53",
    "OldIndex": "25",
    "isForeground": "1",
    "DisplayName": "@ui_crestforeground_26",
    "EntitlementId": "",
    "Image": "lyshineui/images/crests/foregrounds/icon_crest_26.dds",
    "Color": "",
    "isEntitlement": "0",
    "isEnabled": "1",
    "Faction": "Faction1",
    "Notes": "",
    "Intent": ""
  },
  {
    "Index": "54",
    "OldIndex": "26",
    "isForeground": "1",
    "DisplayName": "@ui_crestforeground_27",
    "EntitlementId": "",
    "Image": "lyshineui/images/crests/foregrounds/icon_crest_27.dds",
    "Color": "",
    "isEntitlement": "0",
    "isEnabled": "1",
    "Faction": "Faction1",
    "Notes": "",
    "Intent": ""
  },
  {
    "Index": "55",
    "OldIndex": "27",
    "isForeground": "1",
    "DisplayName": "@ui_crestforeground_28",
    "EntitlementId": "",
    "Image": "lyshineui/images/crests/foregrounds/icon_crest_28.dds",
    "Color": "",
    "isEntitlement": "0",
    "isEnabled": "1",
    "Faction": "Faction1",
    "Notes": "",
    "Intent": ""
  },
  {
    "Index": "56",
    "OldIndex": "28",
    "isForeground": "1",
    "DisplayName": "@ui_crestforeground_29",
    "EntitlementId": "",
    "Image": "lyshineui/images/crests/foregrounds/icon_crest_29.dds",
    "Color": "",
    "isEntitlement": "0",
    "isEnabled": "1",
    "Faction": "Faction1",
    "Notes": "",
    "Intent": ""
  },
  {
    "Index": "57",
    "OldIndex": "29",
    "isForeground": "1",
    "DisplayName": "@ui_crestforeground_30",
    "EntitlementId": "",
    "Image": "lyshineui/images/crests/foregrounds/icon_crest_30.dds",
    "Color": "",
    "isEntitlement": "0",
    "isEnabled": "1",
    "Faction": "Faction1",
    "Notes": "",
    "Intent": ""
  },
  {
    "Index": "58",
    "OldIndex": "30",
    "isForeground": "1",
    "DisplayName": "@ui_crestforeground_31",
    "EntitlementId": "",
    "Image": "lyshineui/images/crests/foregrounds/icon_crest_31.dds",
    "Color": "",
    "isEntitlement": "0",
    "isEnabled": "1",
    "Faction": "Faction1",
    "Notes": "",
    "Intent": ""
  },
  {
    "Index": "59",
    "OldIndex": "31",
    "isForeground": "1",
    "DisplayName": "@ui_crestforeground_32",
    "EntitlementId": "",
    "Image": "lyshineui/images/crests/foregrounds/icon_crest_32.dds",
    "Color": "",
    "isEntitlement": "0",
    "isEnabled": "1",
    "Faction": "Faction2",
    "Notes": "",
    "Intent": ""
  },
  {
    "Index": "60",
    "OldIndex": "32",
    "isForeground": "1",
    "DisplayName": "@ui_crestforeground_33",
    "EntitlementId": "",
    "Image": "lyshineui/images/crests/foregrounds/icon_crest_33.dds",
    "Color": "",
    "isEntitlement": "0",
    "isEnabled": "1",
    "Faction": "Faction2",
    "Notes": "",
    "Intent": ""
  },
  {
    "Index": "61",
    "OldIndex": "33",
    "isForeground": "1",
    "DisplayName": "@ui_crestforeground_34",
    "EntitlementId": "",
    "Image": "lyshineui/images/crests/foregrounds/icon_crest_34.dds",
    "Color": "",
    "isEntitlement": "0",
    "isEnabled": "1",
    "Faction": "Faction2",
    "Notes": "",
    "Intent": ""
  },
  {
    "Index": "63",
    "OldIndex": "35",
    "isForeground": "1",
    "DisplayName": "@ui_crestforeground_36",
    "EntitlementId": "",
    "Image": "lyshineui/images/crests/foregrounds/icon_crest_36.dds",
    "Color": "",
    "isEntitlement": "0",
    "isEnabled": "1",
    "Faction": "Faction2",
    "Notes": "",
    "Intent": ""
  },
  {
    "Index": "64",
    "OldIndex": "36",
    "isForeground": "1",
    "DisplayName": "@ui_crestforeground_37",
    "EntitlementId": "",
    "Image": "lyshineui/images/crests/foregrounds/icon_crest_37.dds",
    "Color": "",
    "isEntitlement": "0",
    "isEnabled": "1",
    "Faction": "Faction2",
    "Notes": "",
    "Intent": ""
  },
  {
    "Index": "65",
    "OldIndex": "37",
    "isForeground": "1",
    "DisplayName": "@ui_crestforeground_38",
    "EntitlementId": "",
    "Image": "lyshineui/images/crests/foregrounds/icon_crest_38.dds",
    "Color": "",
    "isEntitlement": "0",
    "isEnabled": "1",
    "Faction": "Faction2",
    "Notes": "",
    "Intent": ""
  },
  {
    "Index": "66",
    "OldIndex": "38",
    "isForeground": "1",
    "DisplayName": "@ui_crestforeground_39",
    "EntitlementId": "",
    "Image": "lyshineui/images/crests/foregrounds/icon_crest_39.dds",
    "Color": "",
    "isEntitlement": "0",
    "isEnabled": "1",
    "Faction": "Faction2",
    "Notes": "",
    "Intent": ""
  },
  {
    "Index": "67",
    "OldIndex": "39",
    "isForeground": "1",
    "DisplayName": "@ui_crestforeground_40",
    "EntitlementId": "",
    "Image": "lyshineui/images/crests/foregrounds/icon_crest_40.dds",
    "Color": "",
    "isEntitlement": "0",
    "isEnabled": "1",
    "Faction": "Faction2",
    "Notes": "",
    "Intent": ""
  },
  {
    "Index": "68",
    "OldIndex": "40",
    "isForeground": "1",
    "DisplayName": "@ui_crestforeground_41",
    "EntitlementId": "",
    "Image": "lyshineui/images/crests/foregrounds/icon_crest_41.dds",
    "Color": "",
    "isEntitlement": "0",
    "isEnabled": "1",
    "Faction": "Faction2",
    "Notes": "",
    "Intent": ""
  },
  {
    "Index": "69",
    "OldIndex": "41",
    "isForeground": "1",
    "DisplayName": "@ui_crestforeground_42",
    "EntitlementId": "icon_crest_42",
    "Image": "lyshineui/images/crests/foregrounds/icon_crest_42.dds",
    "Color": "",
    "isEntitlement": "1",
    "isEnabled": "1",
    "Faction": "Any",
    "Notes": "Cheer's",
    "Intent": "Merriment"
  },
  {
    "Index": "70",
    "OldIndex": "42",
    "isForeground": "1",
    "DisplayName": "@ui_crestforeground_43",
    "EntitlementId": "",
    "Image": "lyshineui/images/crests/foregrounds/icon_crest_43.dds",
    "Color": "",
    "isEntitlement": "0",
    "isEnabled": "1",
    "Faction": "Faction2",
    "Notes": "",
    "Intent": ""
  },
  {
    "Index": "71",
    "OldIndex": "43",
    "isForeground": "1",
    "DisplayName": "@ui_crestforeground_44",
    "EntitlementId": "",
    "Image": "lyshineui/images/crests/foregrounds/icon_crest_44.dds",
    "Color": "",
    "isEntitlement": "0",
    "isEnabled": "1",
    "Faction": "Faction2",
    "Notes": "",
    "Intent": ""
  },
  {
    "Index": "72",
    "OldIndex": "44",
    "isForeground": "1",
    "DisplayName": "@ui_crestforeground_45",
    "EntitlementId": "",
    "Image": "lyshineui/images/crests/foregrounds/icon_crest_45.dds",
    "Color": "",
    "isEntitlement": "0",
    "isEnabled": "1",
    "Faction": "Faction2",
    "Notes": "",
    "Intent": ""
  },
  {
    "Index": "73",
    "OldIndex": "45",
    "isForeground": "1",
    "DisplayName": "@ui_crestforeground_46",
    "EntitlementId": "",
    "Image": "lyshineui/images/crests/foregrounds/icon_crest_46.dds",
    "Color": "",
    "isEntitlement": "0",
    "isEnabled": "1",
    "Faction": "Faction2",
    "Notes": "",
    "Intent": ""
  },
  {
    "Index": "74",
    "OldIndex": "46",
    "isForeground": "1",
    "DisplayName": "@ui_crestforeground_47",
    "EntitlementId": "",
    "Image": "lyshineui/images/crests/foregrounds/icon_crest_47.dds",
    "Color": "",
    "isEntitlement": "0",
    "isEnabled": "1",
    "Faction": "Faction2",
    "Notes": "",
    "Intent": ""
  },
  {
    "Index": "75",
    "OldIndex": "47",
    "isForeground": "1",
    "DisplayName": "@ui_crestforeground_48",
    "EntitlementId": "",
    "Image": "lyshineui/images/crests/foregrounds/icon_crest_48.dds",
    "Color": "",
    "isEntitlement": "0",
    "isEnabled": "1",
    "Faction": "Faction2",
    "Notes": "",
    "Intent": ""
  },
  {
    "Index": "76",
    "OldIndex": "48",
    "isForeground": "1",
    "DisplayName": "@ui_crestforeground_49",
    "EntitlementId": "",
    "Image": "lyshineui/images/crests/foregrounds/icon_crest_49.dds",
    "Color": "",
    "isEntitlement": "0",
    "isEnabled": "1",
    "Faction": "Faction2",
    "Notes": "",
    "Intent": ""
  },
  {
    "Index": "77",
    "OldIndex": "49",
    "isForeground": "1",
    "DisplayName": "@ui_crestforeground_50",
    "EntitlementId": "",
    "Image": "lyshineui/images/crests/foregrounds/icon_crest_50.dds",
    "Color": "",
    "isEntitlement": "0",
    "isEnabled": "1",
    "Faction": "Faction2",
    "Notes": "",
    "Intent": ""
  },
  {
    "Index": "78",
    "OldIndex": "50",
    "isForeground": "1",
    "DisplayName": "@ui_crestforeground_51",
    "EntitlementId": "",
    "Image": "lyshineui/images/crests/foregrounds/icon_crest_051.dds",
    "Color": "",
    "isEntitlement": "0",
    "isEnabled": "1",
    "Faction": "Faction2",
    "Notes": "",
    "Intent": ""
  },
  {
    "Index": "79",
    "OldIndex": "51",
    "isForeground": "1",
    "DisplayName": "@ui_crestforeground_52",
    "EntitlementId": "",
    "Image": "lyshineui/images/crests/foregrounds/icon_crest_052.dds",
    "Color": "",
    "isEntitlement": "0",
    "isEnabled": "1",
    "Faction": "Faction2",
    "Notes": "",
    "Intent": ""
  },
  {
    "Index": "84",
    "OldIndex": "56",
    "isForeground": "1",
    "DisplayName": "@ui_crestforeground_57",
    "EntitlementId": "",
    "Image": "lyshineui/images/crests/foregrounds/icon_crest_057.dds",
    "Color": "",
    "isEntitlement": "0",
    "isEnabled": "1",
    "Faction": "Faction2",
    "Notes": "",
    "Intent": ""
  },
  {
    "Index": "85",
    "OldIndex": "57",
    "isForeground": "1",
    "DisplayName": "@ui_crestforeground_58",
    "EntitlementId": "",
    "Image": "lyshineui/images/crests/foregrounds/icon_crest_058.dds",
    "Color": "",
    "isEntitlement": "0",
    "isEnabled": "1",
    "Faction": "Faction2",
    "Notes": "",
    "Intent": ""
  },
  {
    "Index": "86",
    "OldIndex": "58",
    "isForeground": "1",
    "DisplayName": "@ui_crestforeground_59",
    "EntitlementId": "",
    "Image": "lyshineui/images/crests/foregrounds/icon_crest_059.dds",
    "Color": "",
    "isEntitlement": "0",
    "isEnabled": "1",
    "Faction": "Faction2",
    "Notes": "",
    "Intent": ""
  },
  {
    "Index": "87",
    "OldIndex": "59",
    "isForeground": "1",
    "DisplayName": "@ui_crestforeground_60",
    "EntitlementId": "",
    "Image": "lyshineui/images/crests/foregrounds/icon_crest_060.dds",
    "Color": "",
    "isEntitlement": "0",
    "isEnabled": "1",
    "Faction": "Faction2",
    "Notes": "",
    "Intent": ""
  },
  {
    "Index": "88",
    "OldIndex": "60",
    "isForeground": "1",
    "DisplayName": "@ui_crestforeground_61",
    "EntitlementId": "",
    "Image": "lyshineui/images/crests/foregrounds/icon_crest_061.dds",
    "Color": "",
    "isEntitlement": "0",
    "isEnabled": "1",
    "Faction": "Faction2",
    "Notes": "",
    "Intent": ""
  },
  {
    "Index": "89",
    "OldIndex": "61",
    "isForeground": "1",
    "DisplayName": "@ui_crestforeground_62",
    "EntitlementId": "",
    "Image": "lyshineui/images/crests/foregrounds/icon_crest_062.dds",
    "Color": "",
    "isEntitlement": "0",
    "isEnabled": "1",
    "Faction": "Faction3",
    "Notes": "",
    "Intent": ""
  },
  {
    "Index": "90",
    "OldIndex": "62",
    "isForeground": "1",
    "DisplayName": "@ui_crestforeground_63",
    "EntitlementId": "",
    "Image": "lyshineui/images/crests/foregrounds/icon_crest_063.dds",
    "Color": "",
    "isEntitlement": "0",
    "isEnabled": "1",
    "Faction": "Faction3",
    "Notes": "",
    "Intent": ""
  },
  {
    "Index": "91",
    "OldIndex": "63",
    "isForeground": "1",
    "DisplayName": "@ui_crestforeground_64",
    "EntitlementId": "",
    "Image": "lyshineui/images/crests/foregrounds/icon_crest_064.dds",
    "Color": "",
    "isEntitlement": "0",
    "isEnabled": "1",
    "Faction": "Faction3",
    "Notes": "",
    "Intent": ""
  },
  {
    "Index": "92",
    "OldIndex": "64",
    "isForeground": "1",
    "DisplayName": "@ui_crestforeground_65",
    "EntitlementId": "",
    "Image": "lyshineui/images/crests/foregrounds/icon_crest_065.dds",
    "Color": "",
    "isEntitlement": "0",
    "isEnabled": "1",
    "Faction": "Faction3",
    "Notes": "",
    "Intent": ""
  },
  {
    "Index": "93",
    "OldIndex": "65",
    "isForeground": "1",
    "DisplayName": "@ui_crestforeground_66",
    "EntitlementId": "",
    "Image": "lyshineui/images/crests/foregrounds/icon_crest_066.dds",
    "Color": "",
    "isEntitlement": "0",
    "isEnabled": "1",
    "Faction": "Faction3",
    "Notes": "",
    "Intent": ""
  },
  {
    "Index": "94",
    "OldIndex": "66",
    "isForeground": "1",
    "DisplayName": "@ui_crestforeground_67",
    "EntitlementId": "",
    "Image": "lyshineui/images/crests/foregrounds/icon_crest_067.dds",
    "Color": "",
    "isEntitlement": "0",
    "isEnabled": "1",
    "Faction": "Faction3",
    "Notes": "",
    "Intent": ""
  },
  {
    "Index": "95",
    "OldIndex": "67",
    "isForeground": "1",
    "DisplayName": "@ui_crestforeground_68",
    "EntitlementId": "",
    "Image": "lyshineui/images/crests/foregrounds/icon_crest_068.dds",
    "Color": "",
    "isEntitlement": "0",
    "isEnabled": "1",
    "Faction": "Faction3",
    "Notes": "",
    "Intent": ""
  },
  {
    "Index": "96",
    "OldIndex": "68",
    "isForeground": "1",
    "DisplayName": "@ui_crestforeground_69",
    "EntitlementId": "",
    "Image": "lyshineui/images/crests/foregrounds/icon_crest_069.dds",
    "Color": "",
    "isEntitlement": "0",
    "isEnabled": "1",
    "Faction": "Faction3",
    "Notes": "",
    "Intent": ""
  },
  {
    "Index": "97",
    "OldIndex": "69",
    "isForeground": "1",
    "DisplayName": "@ui_crestforeground_70",
    "EntitlementId": "",
    "Image": "lyshineui/images/crests/foregrounds/icon_crest_070.dds",
    "Color": "",
    "isEntitlement": "0",
    "isEnabled": "1",
    "Faction": "Faction3",
    "Notes": "",
    "Intent": ""
  },
  {
    "Index": "98",
    "OldIndex": "70",
    "isForeground": "1",
    "DisplayName": "@ui_crestforeground_71",
    "EntitlementId": "",
    "Image": "lyshineui/images/crests/foregrounds/icon_crest_071.dds",
    "Color": "",
    "isEntitlement": "0",
    "isEnabled": "1",
    "Faction": "Faction3",
    "Notes": "",
    "Intent": ""
  },
  {
    "Index": "99",
    "OldIndex": "71",
    "isForeground": "1",
    "DisplayName": "@ui_crestforeground_72",
    "EntitlementId": "",
    "Image": "lyshineui/images/crests/foregrounds/icon_crest_072.dds",
    "Color": "",
    "isEntitlement": "0",
    "isEnabled": "1",
    "Faction": "Faction3",
    "Notes": "",
    "Intent": ""
  },
  {
    "Index": "100",
    "OldIndex": "72",
    "isForeground": "1",
    "DisplayName": "@ui_crestforeground_73",
    "EntitlementId": "",
    "Image": "lyshineui/images/crests/foregrounds/icon_crest_073.dds",
    "Color": "",
    "isEntitlement": "0",
    "isEnabled": "1",
    "Faction": "Faction3",
    "Notes": "",
    "Intent": ""
  },
  {
    "Index": "101",
    "OldIndex": "73",
    "isForeground": "1",
    "DisplayName": "@ui_crestforeground_74",
    "EntitlementId": "",
    "Image": "lyshineui/images/crests/foregrounds/icon_crest_074.dds",
    "Color": "",
    "isEntitlement": "0",
    "isEnabled": "1",
    "Faction": "Faction3",
    "Notes": "",
    "Intent": ""
  },
  {
    "Index": "102",
    "OldIndex": "74",
    "isForeground": "1",
    "DisplayName": "@ui_crestforeground_75",
    "EntitlementId": "",
    "Image": "lyshineui/images/crests/foregrounds/icon_crest_075.dds",
    "Color": "",
    "isEntitlement": "0",
    "isEnabled": "1",
    "Faction": "Faction3",
    "Notes": "",
    "Intent": ""
  },
  {
    "Index": "103",
    "OldIndex": "75",
    "isForeground": "1",
    "DisplayName": "@ui_crestforeground_76",
    "EntitlementId": "",
    "Image": "lyshineui/images/crests/foregrounds/icon_crest_076.dds",
    "Color": "",
    "isEntitlement": "0",
    "isEnabled": "1",
    "Faction": "Faction3",
    "Notes": "",
    "Intent": ""
  },
  {
    "Index": "104",
    "OldIndex": "76",
    "isForeground": "1",
    "DisplayName": "@ui_crestforeground_77",
    "EntitlementId": "",
    "Image": "lyshineui/images/crests/foregrounds/icon_crest_077.dds",
    "Color": "",
    "isEntitlement": "0",
    "isEnabled": "1",
    "Faction": "Faction3",
    "Notes": "",
    "Intent": ""
  },
  {
    "Index": "105",
    "OldIndex": "77",
    "isForeground": "1",
    "DisplayName": "@ui_crestforeground_78",
    "EntitlementId": "",
    "Image": "lyshineui/images/crests/foregrounds/icon_crest_078.dds",
    "Color": "",
    "isEntitlement": "0",
    "isEnabled": "1",
    "Faction": "Faction3",
    "Notes": "",
    "Intent": ""
  },
  {
    "Index": "106",
    "OldIndex": "78",
    "isForeground": "1",
    "DisplayName": "@ui_crestforeground_79",
    "EntitlementId": "",
    "Image": "lyshineui/images/crests/foregrounds/icon_crest_079.dds",
    "Color": "",
    "isEntitlement": "0",
    "isEnabled": "1",
    "Faction": "Faction3",
    "Notes": "",
    "Intent": ""
  },
  {
    "Index": "107",
    "OldIndex": "79",
    "isForeground": "1",
    "DisplayName": "@ui_crestforeground_80",
    "EntitlementId": "",
    "Image": "lyshineui/images/crests/foregrounds/icon_crest_080.dds",
    "Color": "",
    "isEntitlement": "0",
    "isEnabled": "1",
    "Faction": "Faction3",
    "Notes": "",
    "Intent": ""
  },
  {
    "Index": "108",
    "OldIndex": "80",
    "isForeground": "1",
    "DisplayName": "@ui_crestforeground_81",
    "EntitlementId": "",
    "Image": "lyshineui/images/crests/foregrounds/icon_crest_081.dds",
    "Color": "",
    "isEntitlement": "0",
    "isEnabled": "1",
    "Faction": "Faction3",
    "Notes": "",
    "Intent": ""
  },
  {
    "Index": "109",
    "OldIndex": "81",
    "isForeground": "1",
    "DisplayName": "@ui_crestforeground_82",
    "EntitlementId": "",
    "Image": "lyshineui/images/crests/foregrounds/icon_crest_082.dds",
    "Color": "",
    "isEntitlement": "0",
    "isEnabled": "1",
    "Faction": "Faction3",
    "Notes": "",
    "Intent": ""
  },
  {
    "Index": "110",
    "OldIndex": "82",
    "isForeground": "1",
    "DisplayName": "@ui_crestforeground_83",
    "EntitlementId": "",
    "Image": "lyshineui/images/crests/foregrounds/icon_crest_083.dds",
    "Color": "",
    "isEntitlement": "0",
    "isEnabled": "1",
    "Faction": "Faction3",
    "Notes": "",
    "Intent": ""
  },
  {
    "Index": "111",
    "OldIndex": "83",
    "isForeground": "1",
    "DisplayName": "@ui_crestforeground_84",
    "EntitlementId": "",
    "Image": "lyshineui/images/crests/foregrounds/icon_crest_084.dds",
    "Color": "",
    "isEntitlement": "0",
    "isEnabled": "1",
    "Faction": "Faction3",
    "Notes": "",
    "Intent": ""
  },
  {
    "Index": "112",
    "OldIndex": "84",
    "isForeground": "1",
    "DisplayName": "@ui_crestforeground_85",
    "EntitlementId": "",
    "Image": "lyshineui/images/crests/foregrounds/icon_crest_085.dds",
    "Color": "",
    "isEntitlement": "0",
    "isEnabled": "1",
    "Faction": "Faction3",
    "Notes": "",
    "Intent": ""
  },
  {
    "Index": "113",
    "OldIndex": "85",
    "isForeground": "1",
    "DisplayName": "@ui_crestforeground_86",
    "EntitlementId": "",
    "Image": "lyshineui/images/crests/foregrounds/icon_crest_086.dds",
    "Color": "",
    "isEntitlement": "0",
    "isEnabled": "1",
    "Faction": "Faction3",
    "Notes": "",
    "Intent": ""
  },
  {
    "Index": "114",
    "OldIndex": "86",
    "isForeground": "1",
    "DisplayName": "@ui_crestforeground_87",
    "EntitlementId": "",
    "Image": "lyshineui/images/crests/foregrounds/icon_crest_087.dds",
    "Color": "",
    "isEntitlement": "0",
    "isEnabled": "1",
    "Faction": "Faction3",
    "Notes": "",
    "Intent": ""
  },
  {
    "Index": "115",
    "OldIndex": "87",
    "isForeground": "1",
    "DisplayName": "@ui_crestforeground_88",
    "EntitlementId": "",
    "Image": "lyshineui/images/crests/foregrounds/icon_crest_088.dds",
    "Color": "",
    "isEntitlement": "0",
    "isEnabled": "1",
    "Faction": "Faction3",
    "Notes": "",
    "Intent": ""
  },
  {
    "Index": "116",
    "OldIndex": "88",
    "isForeground": "1",
    "DisplayName": "@ui_crestforeground_89",
    "EntitlementId": "",
    "Image": "lyshineui/images/crests/foregrounds/icon_crest_089.dds",
    "Color": "",
    "isEntitlement": "0",
    "isEnabled": "1",
    "Faction": "Faction3",
    "Notes": "",
    "Intent": ""
  },
  {
    "Index": "117",
    "OldIndex": "89",
    "isForeground": "1",
    "DisplayName": "@ui_crestforeground_90",
    "EntitlementId": "icon_crest_90",
    "Image": "lyshineui/images/crests/foregrounds/icon_crest_090.dds",
    "Color": "",
    "isEntitlement": "1",
    "isEnabled": "1",
    "Faction": "Any",
    "Notes": "Crossed Pistols",
    "Intent": "Smugglers"
  },
  {
    "Index": "118",
    "OldIndex": "90",
    "isForeground": "1",
    "DisplayName": "@ui_crestforeground_91",
    "EntitlementId": "",
    "Image": "lyshineui/images/crests/foregrounds/icon_crest_091.dds",
    "Color": "",
    "isEntitlement": "0",
    "isEnabled": "1",
    "Faction": "Faction3",
    "Notes": "",
    "Intent": ""
  },
  {
    "Index": "119",
    "OldIndex": "91",
    "isForeground": "1",
    "DisplayName": "@ui_crestforeground_92",
    "EntitlementId": "",
    "Image": "lyshineui/images/crests/foregrounds/icon_crest_092.dds",
    "Color": "",
    "isEntitlement": "0",
    "isEnabled": "1",
    "Faction": "Faction3",
    "Notes": "",
    "Intent": ""
  },
  {
    "Index": "120",
    "OldIndex": "92",
    "isForeground": "1",
    "DisplayName": "@ui_crestforeground_93",
    "EntitlementId": "",
    "Image": "lyshineui/images/crests/foregrounds/icon_crest_093.dds",
    "Color": "",
    "isEntitlement": "0",
    "isEnabled": "1",
    "Faction": "Faction3",
    "Notes": "",
    "Intent": ""
  },
  {
    "Index": "121",
    "OldIndex": "93",
    "isForeground": "1",
    "DisplayName": "@ui_crestforeground_94",
    "EntitlementId": "",
    "Image": "lyshineui/images/crests/foregrounds/icon_crest_094.dds",
    "Color": "",
    "isEntitlement": "0",
    "isEnabled": "1",
    "Faction": "Faction3",
    "Notes": "",
    "Intent": ""
  },
  {
    "Index": "122",
    "OldIndex": "94",
    "isForeground": "1",
    "DisplayName": "@ui_crestforeground_95",
    "EntitlementId": "",
    "Image": "lyshineui/images/crests/foregrounds/icon_crest_095.dds",
    "Color": "",
    "isEntitlement": "0",
    "isEnabled": "1",
    "Faction": "Faction3",
    "Notes": "",
    "Intent": ""
  },
  {
    "Index": "126",
    "OldIndex": "98",
    "isForeground": "1",
    "DisplayName": "@ui_crestforeground_99",
    "EntitlementId": "icon_crest_099_Premium",
    "Image": "lyshineui/images/crests/foregrounds/icon_crest_099_premium.dds",
    "Color": "",
    "isEntitlement": "1",
    "isEnabled": "1",
    "Faction": "Any",
    "Notes": "Turkey Dinner",
    "Intent": "Merriment"
  },
  {
    "Index": "132",
    "OldIndex": "104",
    "isForeground": "1",
    "DisplayName": "@ui_crestforeground_105",
    "EntitlementId": "",
    "Image": "lyshineui/images/crests/foregrounds/icon_crest_105.dds",
    "Color": "",
    "isEntitlement": "0",
    "isEnabled": "1",
    "Faction": "Any",
    "Notes": "",
    "Intent": ""
  },
  {
    "Index": "133",
    "OldIndex": "105",
    "isForeground": "1",
    "DisplayName": "@ui_crestforeground_106",
    "EntitlementId": "",
    "Image": "lyshineui/images/crests/foregrounds/icon_crest_106.dds",
    "Color": "",
    "isEntitlement": "0",
    "isEnabled": "1",
    "Faction": "Any",
    "Notes": "",
    "Intent": ""
  },
  {
    "Index": "134",
    "OldIndex": "106",
    "isForeground": "1",
    "DisplayName": "@ui_crestforeground_107",
    "EntitlementId": "",
    "Image": "lyshineui/images/crests/foregrounds/icon_crest_107.dds",
    "Color": "",
    "isEntitlement": "0",
    "isEnabled": "1",
    "Faction": "Any",
    "Notes": "",
    "Intent": ""
  },
  {
    "Index": "135",
    "OldIndex": "107",
    "isForeground": "1",
    "DisplayName": "@ui_crestforeground_108",
    "EntitlementId": "",
    "Image": "lyshineui/images/crests/foregrounds/icon_crest_108.dds",
    "Color": "",
    "isEntitlement": "0",
    "isEnabled": "1",
    "Faction": "Any",
    "Notes": "",
    "Intent": ""
  },
  {
    "Index": "136",
    "OldIndex": "108",
    "isForeground": "1",
    "DisplayName": "@ui_crestforeground_109",
    "EntitlementId": "",
    "Image": "lyshineui/images/crests/foregrounds/icon_crest_109.dds",
    "Color": "",
    "isEntitlement": "0",
    "isEnabled": "1",
    "Faction": "Any",
    "Notes": "",
    "Intent": ""
  },
  {
    "Index": "137",
    "OldIndex": "109",
    "isForeground": "1",
    "DisplayName": "@ui_crestforeground_110",
    "EntitlementId": "",
    "Image": "lyshineui/images/crests/foregrounds/icon_crest_110.dds",
    "Color": "",
    "isEntitlement": "0",
    "isEnabled": "1",
    "Faction": "Any",
    "Notes": "",
    "Intent": ""
  },
  {
    "Index": "138",
    "OldIndex": "110",
    "isForeground": "1",
    "DisplayName": "@ui_crestforeground_111",
    "EntitlementId": "",
    "Image": "lyshineui/images/crests/foregrounds/icon_crest_111.dds",
    "Color": "",
    "isEntitlement": "0",
    "isEnabled": "1",
    "Faction": "Any",
    "Notes": "",
    "Intent": ""
  },
  {
    "Index": "139",
    "OldIndex": "111",
    "isForeground": "1",
    "DisplayName": "@ui_crestforeground_112",
    "EntitlementId": "",
    "Image": "lyshineui/images/crests/foregrounds/icon_crest_112.dds",
    "Color": "",
    "isEntitlement": "0",
    "isEnabled": "1",
    "Faction": "Any",
    "Notes": "",
    "Intent": ""
  },
  {
    "Index": "140",
    "OldIndex": "112",
    "isForeground": "1",
    "DisplayName": "@ui_crestforeground_113",
    "EntitlementId": "",
    "Image": "lyshineui/images/crests/foregrounds/icon_crest_113.dds",
    "Color": "",
    "isEntitlement": "0",
    "isEnabled": "1",
    "Faction": "Any",
    "Notes": "",
    "Intent": ""
  },
  {
    "Index": "141",
    "OldIndex": "113",
    "isForeground": "1",
    "DisplayName": "@ui_crestforeground_114",
    "EntitlementId": "",
    "Image": "lyshineui/images/crests/foregrounds/icon_crest_114.dds",
    "Color": "",
    "isEntitlement": "0",
    "isEnabled": "1",
    "Faction": "Any",
    "Notes": "",
    "Intent": ""
  },
  {
    "Index": "142",
    "OldIndex": "114",
    "isForeground": "1",
    "DisplayName": "@ui_crestforeground_115",
    "EntitlementId": "",
    "Image": "lyshineui/images/crests/foregrounds/icon_crest_115.dds",
    "Color": "",
    "isEntitlement": "0",
    "isEnabled": "1",
    "Faction": "Any",
    "Notes": "",
    "Intent": ""
  },
  {
    "Index": "143",
    "OldIndex": "115",
    "isForeground": "1",
    "DisplayName": "@ui_crestforeground_116",
    "EntitlementId": "",
    "Image": "lyshineui/images/crests/foregrounds/icon_crest_116.dds",
    "Color": "",
    "isEntitlement": "0",
    "isEnabled": "1",
    "Faction": "Any",
    "Notes": "",
    "Intent": ""
  },
  {
    "Index": "144",
    "OldIndex": "116",
    "isForeground": "1",
    "DisplayName": "@ui_crestforeground_117",
    "EntitlementId": "",
    "Image": "lyshineui/images/crests/foregrounds/icon_crest_117.dds",
    "Color": "",
    "isEntitlement": "0",
    "isEnabled": "1",
    "Faction": "Any",
    "Notes": "",
    "Intent": ""
  },
  {
    "Index": "145",
    "OldIndex": "117",
    "isForeground": "1",
    "DisplayName": "@ui_crestforeground_118",
    "EntitlementId": "",
    "Image": "lyshineui/images/crests/foregrounds/icon_crest_118.dds",
    "Color": "",
    "isEntitlement": "0",
    "isEnabled": "1",
    "Faction": "Any",
    "Notes": "",
    "Intent": ""
  },
  {
    "Index": "146",
    "OldIndex": "118",
    "isForeground": "1",
    "DisplayName": "@ui_crestforeground_119",
    "EntitlementId": "",
    "Image": "lyshineui/images/crests/foregrounds/icon_crest_119.dds",
    "Color": "",
    "isEntitlement": "0",
    "isEnabled": "1",
    "Faction": "Any",
    "Notes": "",
    "Intent": ""
  },
  {
    "Index": "147",
    "OldIndex": "119",
    "isForeground": "1",
    "DisplayName": "@ui_crestforeground_120",
    "EntitlementId": "",
    "Image": "lyshineui/images/crests/foregrounds/icon_crest_120.dds",
    "Color": "",
    "isEntitlement": "0",
    "isEnabled": "1",
    "Faction": "Any",
    "Notes": "",
    "Intent": ""
  },
  {
    "Index": "148",
    "OldIndex": "120",
    "isForeground": "1",
    "DisplayName": "@ui_crestforeground_121",
    "EntitlementId": "",
    "Image": "lyshineui/images/crests/foregrounds/icon_crest_121.dds",
    "Color": "",
    "isEntitlement": "0",
    "isEnabled": "1",
    "Faction": "Any",
    "Notes": "",
    "Intent": ""
  },
  {
    "Index": "149",
    "OldIndex": "121",
    "isForeground": "1",
    "DisplayName": "@ui_crestforeground_122",
    "EntitlementId": "",
    "Image": "lyshineui/images/crests/foregrounds/icon_crest_122.dds",
    "Color": "",
    "isEntitlement": "0",
    "isEnabled": "1",
    "Faction": "Any",
    "Notes": "",
    "Intent": ""
  },
  {
    "Index": "150",
    "OldIndex": "122",
    "isForeground": "1",
    "DisplayName": "@ui_crestforeground_123",
    "EntitlementId": "",
    "Image": "lyshineui/images/crests/foregrounds/icon_crest_123.dds",
    "Color": "",
    "isEntitlement": "0",
    "isEnabled": "1",
    "Faction": "Any",
    "Notes": "",
    "Intent": ""
  },
  {
    "Index": "151",
    "OldIndex": "123",
    "isForeground": "1",
    "DisplayName": "@ui_crestforeground_124",
    "EntitlementId": "",
    "Image": "lyshineui/images/crests/foregrounds/icon_crest_124.dds",
    "Color": "",
    "isEntitlement": "0",
    "isEnabled": "1",
    "Faction": "Any",
    "Notes": "",
    "Intent": ""
  },
  {
    "Index": "152",
    "OldIndex": "124",
    "isForeground": "1",
    "DisplayName": "@ui_crestforeground_125",
    "EntitlementId": "",
    "Image": "lyshineui/images/crests/foregrounds/icon_crest_125.dds",
    "Color": "",
    "isEntitlement": "0",
    "isEnabled": "1",
    "Faction": "Any",
    "Notes": "",
    "Intent": ""
  },
  {
    "Index": "153",
    "OldIndex": "125",
    "isForeground": "1",
    "DisplayName": "@ui_crestforeground_126",
    "EntitlementId": "",
    "Image": "lyshineui/images/crests/foregrounds/icon_crest_126.dds",
    "Color": "",
    "isEntitlement": "0",
    "isEnabled": "1",
    "Faction": "Any",
    "Notes": "",
    "Intent": ""
  },
  {
    "Index": "154",
    "OldIndex": "126",
    "isForeground": "1",
    "DisplayName": "@ui_crestforeground_127",
    "EntitlementId": "",
    "Image": "lyshineui/images/crests/foregrounds/icon_crest_127.dds",
    "Color": "",
    "isEntitlement": "0",
    "isEnabled": "1",
    "Faction": "Any",
    "Notes": "",
    "Intent": ""
  },
  {
    "Index": "155",
    "OldIndex": "127",
    "isForeground": "1",
    "DisplayName": "@ui_crestforeground_128",
    "EntitlementId": "",
    "Image": "lyshineui/images/crests/foregrounds/icon_crest_128.dds",
    "Color": "",
    "isEntitlement": "0",
    "isEnabled": "1",
    "Faction": "Any",
    "Notes": "",
    "Intent": ""
  },
  {
    "Index": "156",
    "OldIndex": "128",
    "isForeground": "1",
    "DisplayName": "@ui_crestforeground_129",
    "EntitlementId": "",
    "Image": "lyshineui/images/crests/foregrounds/icon_crest_129.dds",
    "Color": "",
    "isEntitlement": "0",
    "isEnabled": "1",
    "Faction": "Any",
    "Notes": "",
    "Intent": ""
  },
  {
    "Index": "157",
    "OldIndex": "129",
    "isForeground": "1",
    "DisplayName": "@ui_crestforeground_130",
    "EntitlementId": "",
    "Image": "lyshineui/images/crests/foregrounds/icon_crest_130.dds",
    "Color": "",
    "isEntitlement": "0",
    "isEnabled": "1",
    "Faction": "Any",
    "Notes": "",
    "Intent": ""
  },
  {
    "Index": "158",
    "OldIndex": "130",
    "isForeground": "1",
    "DisplayName": "@ui_crestforeground_131",
    "EntitlementId": "",
    "Image": "lyshineui/images/crests/foregrounds/icon_crest_131.dds",
    "Color": "",
    "isEntitlement": "0",
    "isEnabled": "1",
    "Faction": "Any",
    "Notes": "",
    "Intent": ""
  },
  {
    "Index": "159",
    "OldIndex": "131",
    "isForeground": "1",
    "DisplayName": "@ui_crestforeground_132",
    "EntitlementId": "",
    "Image": "lyshineui/images/crests/foregrounds/icon_crest_132.dds",
    "Color": "",
    "isEntitlement": "0",
    "isEnabled": "1",
    "Faction": "Any",
    "Notes": "",
    "Intent": ""
  },
  {
    "Index": "160",
    "OldIndex": "132",
    "isForeground": "1",
    "DisplayName": "@ui_crestforeground_133",
    "EntitlementId": "",
    "Image": "lyshineui/images/crests/foregrounds/icon_crest_133.dds",
    "Color": "",
    "isEntitlement": "0",
    "isEnabled": "1",
    "Faction": "Any",
    "Notes": "",
    "Intent": ""
  },
  {
    "Index": "161",
    "OldIndex": "133",
    "isForeground": "1",
    "DisplayName": "@ui_crestforeground_134",
    "EntitlementId": "",
    "Image": "lyshineui/images/crests/foregrounds/icon_crest_134.dds",
    "Color": "",
    "isEntitlement": "0",
    "isEnabled": "1",
    "Faction": "Any",
    "Notes": "",
    "Intent": ""
  },
  {
    "Index": "162",
    "OldIndex": "134",
    "isForeground": "1",
    "DisplayName": "@ui_crestforeground_135",
    "EntitlementId": "",
    "Image": "lyshineui/images/crests/foregrounds/icon_crest_135.dds",
    "Color": "",
    "isEntitlement": "0",
    "isEnabled": "1",
    "Faction": "Any",
    "Notes": "",
    "Intent": ""
  },
  {
    "Index": "163",
    "OldIndex": "135",
    "isForeground": "1",
    "DisplayName": "@ui_crestforeground_136",
    "EntitlementId": "",
    "Image": "lyshineui/images/crests/foregrounds/icon_crest_136.dds",
    "Color": "",
    "isEntitlement": "0",
    "isEnabled": "1",
    "Faction": "Any",
    "Notes": "",
    "Intent": ""
  },
  {
    "Index": "164",
    "OldIndex": "136",
    "isForeground": "1",
    "DisplayName": "@ui_crestforeground_137",
    "EntitlementId": "",
    "Image": "lyshineui/images/crests/foregrounds/icon_crest_137.dds",
    "Color": "",
    "isEntitlement": "0",
    "isEnabled": "1",
    "Faction": "Any",
    "Notes": "",
    "Intent": ""
  },
  {
    "Index": "165",
    "OldIndex": "137",
    "isForeground": "1",
    "DisplayName": "@ui_crestforeground_138",
    "EntitlementId": "",
    "Image": "lyshineui/images/crests/foregrounds/icon_crest_138.dds",
    "Color": "",
    "isEntitlement": "0",
    "isEnabled": "1",
    "Faction": "Any",
    "Notes": "",
    "Intent": ""
  },
  {
    "Index": "166",
    "OldIndex": "138",
    "isForeground": "1",
    "DisplayName": "@ui_crestforeground_139",
    "EntitlementId": "",
    "Image": "lyshineui/images/crests/foregrounds/icon_crest_139.dds",
    "Color": "",
    "isEntitlement": "0",
    "isEnabled": "1",
    "Faction": "Any",
    "Notes": "",
    "Intent": ""
  },
  {
    "Index": "167",
    "OldIndex": "139",
    "isForeground": "1",
    "DisplayName": "@ui_crestforeground_140",
    "EntitlementId": "",
    "Image": "lyshineui/images/crests/foregrounds/icon_crest_140.dds",
    "Color": "",
    "isEntitlement": "0",
    "isEnabled": "1",
    "Faction": "Any",
    "Notes": "",
    "Intent": ""
  },
  {
    "Index": "168",
    "OldIndex": "140",
    "isForeground": "1",
    "DisplayName": "@ui_crestforeground_141",
    "EntitlementId": "",
    "Image": "lyshineui/images/crests/foregrounds/icon_crest_141.dds",
    "Color": "",
    "isEntitlement": "0",
    "isEnabled": "1",
    "Faction": "Any",
    "Notes": "",
    "Intent": ""
  },
  {
    "Index": "170",
    "OldIndex": "142",
    "isForeground": "1",
    "DisplayName": "@ui_crestforeground_143",
    "EntitlementId": "",
    "Image": "lyshineui/images/crests/foregrounds/icon_crest_143.dds",
    "Color": "",
    "isEntitlement": "0",
    "isEnabled": "1",
    "Faction": "Any",
    "Notes": "",
    "Intent": ""
  },
  {
    "Index": "171",
    "OldIndex": "143",
    "isForeground": "1",
    "DisplayName": "@ui_crestforeground_144",
    "EntitlementId": "icon_crest_144",
    "Image": "lyshineui/images/crests/foregrounds/icon_crest_144.dds",
    "Color": "",
    "isEntitlement": "1",
    "isEnabled": "1",
    "Faction": "Any",
    "Notes": "Smuggler's Crest",
    "Intent": "Smugglers"
  },
  {
    "Index": "172",
    "OldIndex": "144",
    "isForeground": "1",
    "DisplayName": "@ui_crestforeground_145",
    "EntitlementId": "icon_crest_145",
    "Image": "lyshineui/images/crests/foregrounds/icon_crest_145.dds",
    "Color": "",
    "isEntitlement": "1",
    "isEnabled": "1",
    "Faction": "Any",
    "Notes": "Chefs Hat",
    "Intent": "Merriment"
  },
  {
    "Index": "173",
    "OldIndex": "145",
    "isForeground": "1",
    "DisplayName": "@ui_crestforeground_146",
    "EntitlementId": "",
    "Image": "lyshineui/images/crests/foregrounds/icon_crest_146.dds",
    "Color": "",
    "isEntitlement": "0",
    "isEnabled": "1",
    "Faction": "Any",
    "Notes": "",
    "Intent": ""
  },
  {
    "Index": "174",
    "OldIndex": "146",
    "isForeground": "1",
    "DisplayName": "@ui_crestforeground_147",
    "EntitlementId": "",
    "Image": "lyshineui/images/crests/foregrounds/icon_crest_147.dds",
    "Color": "",
    "isEntitlement": "0",
    "isEnabled": "1",
    "Faction": "Any",
    "Notes": "",
    "Intent": ""
  },
  {
    "Index": "175",
    "OldIndex": "147",
    "isForeground": "1",
    "DisplayName": "@ui_crestforeground_148",
    "EntitlementId": "",
    "Image": "lyshineui/images/crests/foregrounds/icon_crest_148.dds",
    "Color": "",
    "isEntitlement": "0",
    "isEnabled": "1",
    "Faction": "Any",
    "Notes": "",
    "Intent": ""
  },
  {
    "Index": "177",
    "OldIndex": "149",
    "isForeground": "1",
    "DisplayName": "@ui_crestforeground_150",
    "EntitlementId": "",
    "Image": "lyshineui/images/crests/foregrounds/icon_crest_150.dds",
    "Color": "",
    "isEntitlement": "0",
    "isEnabled": "1",
    "Faction": "Any",
    "Notes": "",
    "Intent": ""
  },
  {
    "Index": "178",
    "OldIndex": "150",
    "isForeground": "1",
    "DisplayName": "@ui_crestforeground_151",
    "EntitlementId": "",
    "Image": "lyshineui/images/crests/foregrounds/icon_crest_151.dds",
    "Color": "",
    "isEntitlement": "0",
    "isEnabled": "1",
    "Faction": "Any",
    "Notes": "",
    "Intent": ""
  },
  {
    "Index": "179",
    "OldIndex": "151",
    "isForeground": "1",
    "DisplayName": "@ui_crestforeground_152",
    "EntitlementId": "",
    "Image": "lyshineui/images/crests/foregrounds/icon_crest_152.dds",
    "Color": "",
    "isEntitlement": "0",
    "isEnabled": "1",
    "Faction": "Any",
    "Notes": "",
    "Intent": ""
  },
  {
    "Index": "180",
    "OldIndex": "152",
    "isForeground": "1",
    "DisplayName": "@ui_crestforeground_153",
    "EntitlementId": "",
    "Image": "lyshineui/images/crests/foregrounds/icon_crest_153.dds",
    "Color": "",
    "isEntitlement": "0",
    "isEnabled": "1",
    "Faction": "Any",
    "Notes": "",
    "Intent": ""
  },
  {
    "Index": "181",
    "OldIndex": "153",
    "isForeground": "1",
    "DisplayName": "@ui_crestforeground_154",
    "EntitlementId": "",
    "Image": "lyshineui/images/crests/foregrounds/icon_crest_154.dds",
    "Color": "",
    "isEntitlement": "0",
    "isEnabled": "1",
    "Faction": "Any",
    "Notes": "",
    "Intent": ""
  },
  {
    "Index": "183",
    "OldIndex": "155",
    "isForeground": "1",
    "DisplayName": "@ui_crestforeground_156",
    "EntitlementId": "",
    "Image": "lyshineui/images/crests/foregrounds/icon_crest_156.dds",
    "Color": "",
    "isEntitlement": "0",
    "isEnabled": "1",
    "Faction": "Any",
    "Notes": "",
    "Intent": ""
  },
  {
    "Index": "185",
    "OldIndex": "157",
    "isForeground": "1",
    "DisplayName": "@ui_crestforeground_158",
    "EntitlementId": "",
    "Image": "lyshineui/images/crests/foregrounds/icon_crest_158.dds",
    "Color": "",
    "isEntitlement": "0",
    "isEnabled": "1",
    "Faction": "Any",
    "Notes": "",
    "Intent": ""
  },
  {
    "Index": "186",
    "OldIndex": "158",
    "isForeground": "1",
    "DisplayName": "@ui_crestforeground_159",
    "EntitlementId": "",
    "Image": "lyshineui/images/crests/foregrounds/icon_crest_159.dds",
    "Color": "",
    "isEntitlement": "0",
    "isEnabled": "1",
    "Faction": "Any",
    "Notes": "",
    "Intent": ""
  },
  {
    "Index": "188",
    "OldIndex": "160",
    "isForeground": "1",
    "DisplayName": "@ui_crestforeground_161",
    "EntitlementId": "",
    "Image": "lyshineui/images/crests/foregrounds/icon_crest_161.dds",
    "Color": "",
    "isEntitlement": "0",
    "isEnabled": "1",
    "Faction": "Any",
    "Notes": "",
    "Intent": ""
  },
  {
    "Index": "190",
    "OldIndex": "162",
    "isForeground": "1",
    "DisplayName": "@ui_crestforeground_163",
    "EntitlementId": "",
    "Image": "lyshineui/images/crests/foregrounds/icon_crest_163.dds",
    "Color": "",
    "isEntitlement": "0",
    "isEnabled": "1",
    "Faction": "Any",
    "Notes": "",
    "Intent": ""
  },
  {
    "Index": "191",
    "OldIndex": "163",
    "isForeground": "1",
    "DisplayName": "@ui_crestforeground_164",
    "EntitlementId": "",
    "Image": "lyshineui/images/crests/foregrounds/icon_crest_164.dds",
    "Color": "",
    "isEntitlement": "0",
    "isEnabled": "1",
    "Faction": "Any",
    "Notes": "",
    "Intent": ""
  },
  {
    "Index": "192",
    "OldIndex": "164",
    "isForeground": "1",
    "DisplayName": "@ui_crestforeground_165",
    "EntitlementId": "",
    "Image": "lyshineui/images/crests/foregrounds/icon_crest_165.dds",
    "Color": "",
    "isEntitlement": "0",
    "isEnabled": "1",
    "Faction": "Any",
    "Notes": "",
    "Intent": ""
  },
  {
    "Index": "193",
    "OldIndex": "165",
    "isForeground": "1",
    "DisplayName": "@ui_crestforeground_166",
    "EntitlementId": "",
    "Image": "lyshineui/images/crests/foregrounds/icon_crest_166.dds",
    "Color": "",
    "isEntitlement": "0",
    "isEnabled": "1",
    "Faction": "Any",
    "Notes": "",
    "Intent": ""
  },
  {
    "Index": "194",
    "OldIndex": "166",
    "isForeground": "1",
    "DisplayName": "@ui_crestforeground_167",
    "EntitlementId": "",
    "Image": "lyshineui/images/crests/foregrounds/icon_crest_167.dds",
    "Color": "",
    "isEntitlement": "0",
    "isEnabled": "1",
    "Faction": "Any",
    "Notes": "",
    "Intent": ""
  },
  {
    "Index": "195",
    "OldIndex": "167",
    "isForeground": "1",
    "DisplayName": "@ui_crestforeground_168",
    "EntitlementId": "",
    "Image": "lyshineui/images/crests/foregrounds/icon_crest_168.dds",
    "Color": "",
    "isEntitlement": "0",
    "isEnabled": "1",
    "Faction": "Any",
    "Notes": "",
    "Intent": ""
  },
  {
    "Index": "196",
    "OldIndex": "168",
    "isForeground": "1",
    "DisplayName": "@ui_crestforeground_169",
    "EntitlementId": "",
    "Image": "lyshineui/images/crests/foregrounds/icon_crest_169.dds",
    "Color": "",
    "isEntitlement": "0",
    "isEnabled": "1",
    "Faction": "Any",
    "Notes": "",
    "Intent": ""
  },
  {
    "Index": "200",
    "OldIndex": "172",
    "isForeground": "1",
    "DisplayName": "@ui_crestforeground_173",
    "EntitlementId": "",
    "Image": "lyshineui/images/crests/foregrounds/icon_crest_173.dds",
    "Color": "",
    "isEntitlement": "0",
    "isEnabled": "1",
    "Faction": "Any",
    "Notes": "",
    "Intent": ""
  },
  {
    "Index": "201",
    "OldIndex": "173",
    "isForeground": "1",
    "DisplayName": "@ui_crestforeground_174",
    "EntitlementId": "",
    "Image": "lyshineui/images/crests/foregrounds/icon_crest_174.dds",
    "Color": "",
    "isEntitlement": "0",
    "isEnabled": "1",
    "Faction": "Any",
    "Notes": "",
    "Intent": ""
  },
  {
    "Index": "202",
    "OldIndex": "174",
    "isForeground": "1",
    "DisplayName": "@ui_crestforeground_175",
    "EntitlementId": "",
    "Image": "lyshineui/images/crests/foregrounds/icon_crest_175.dds",
    "Color": "",
    "isEntitlement": "0",
    "isEnabled": "1",
    "Faction": "Any",
    "Notes": "",
    "Intent": ""
  },
  {
    "Index": "203",
    "OldIndex": "175",
    "isForeground": "1",
    "DisplayName": "@ui_crestforeground_176",
    "EntitlementId": "",
    "Image": "lyshineui/images/crests/foregrounds/icon_crest_176.dds",
    "Color": "",
    "isEntitlement": "0",
    "isEnabled": "1",
    "Faction": "Any",
    "Notes": "",
    "Intent": ""
  },
  {
    "Index": "204",
    "OldIndex": "176",
    "isForeground": "1",
    "DisplayName": "@ui_crestforeground_177",
    "EntitlementId": "",
    "Image": "lyshineui/images/crests/foregrounds/icon_crest_177.dds",
    "Color": "",
    "isEntitlement": "0",
    "isEnabled": "1",
    "Faction": "Any",
    "Notes": "",
    "Intent": ""
  },
  {
    "Index": "205",
    "OldIndex": "177",
    "isForeground": "1",
    "DisplayName": "@ui_crestforeground_178",
    "EntitlementId": "icon_crest_178",
    "Image": "lyshineui/images/crests/foregrounds/icon_crest_178.dds",
    "Color": "",
    "isEntitlement": "1",
    "isEnabled": "1",
    "Faction": "Any",
    "Notes": "Kaboom",
    "Intent": "Smugglers"
  },
  {
    "Index": "206",
    "OldIndex": "178",
    "isForeground": "1",
    "DisplayName": "@ui_crestforeground_179",
    "EntitlementId": "icon_crest_179",
    "Image": "lyshineui/images/crests/foregrounds/icon_crest_179.dds",
    "Color": "",
    "isEntitlement": "1",
    "isEnabled": "1",
    "Faction": "Any",
    "Notes": "Merchant's Mark",
    "Intent": "Smugglers"
  },
  {
    "Index": "207",
    "OldIndex": "179",
    "isForeground": "1",
    "DisplayName": "@ui_crestforeground_180",
    "EntitlementId": "",
    "Image": "lyshineui/images/crests/foregrounds/icon_crest_180.dds",
    "Color": "",
    "isEntitlement": "0",
    "isEnabled": "1",
    "Faction": "Any",
    "Notes": "",
    "Intent": ""
  },
  {
    "Index": "208",
    "OldIndex": "180",
    "isForeground": "1",
    "DisplayName": "@ui_crestforeground_181",
    "EntitlementId": "",
    "Image": "lyshineui/images/crests/foregrounds/icon_crest_181.dds",
    "Color": "",
    "isEntitlement": "0",
    "isEnabled": "1",
    "Faction": "Any",
    "Notes": "",
    "Intent": ""
  },
  {
    "Index": "209",
    "OldIndex": "181",
    "isForeground": "1",
    "DisplayName": "@ui_crestforeground_182",
    "EntitlementId": "",
    "Image": "lyshineui/images/crests/foregrounds/icon_crest_182.dds",
    "Color": "",
    "isEntitlement": "0",
    "isEnabled": "1",
    "Faction": "Any",
    "Notes": "",
    "Intent": ""
  },
  {
    "Index": "210",
    "OldIndex": "182",
    "isForeground": "1",
    "DisplayName": "@ui_crestforeground_183",
    "EntitlementId": "",
    "Image": "lyshineui/images/crests/foregrounds/icon_crest_183.dds",
    "Color": "",
    "isEntitlement": "0",
    "isEnabled": "1",
    "Faction": "Any",
    "Notes": "",
    "Intent": ""
  },
  {
    "Index": "212",
    "OldIndex": "184",
    "isForeground": "1",
    "DisplayName": "@ui_crestforeground_185",
    "EntitlementId": "",
    "Image": "lyshineui/images/crests/foregrounds/icon_crest_185.dds",
    "Color": "",
    "isEntitlement": "0",
    "isEnabled": "1",
    "Faction": "Any",
    "Notes": "",
    "Intent": ""
  },
  {
    "Index": "213",
    "OldIndex": "185",
    "isForeground": "1",
    "DisplayName": "@ui_crestforeground_186",
    "EntitlementId": "",
    "Image": "lyshineui/images/crests/foregrounds/icon_crest_186.dds",
    "Color": "",
    "isEntitlement": "0",
    "isEnabled": "1",
    "Faction": "Any",
    "Notes": "",
    "Intent": ""
  },
  {
    "Index": "215",
    "OldIndex": "187",
    "isForeground": "1",
    "DisplayName": "@ui_crestforeground_188",
    "EntitlementId": "",
    "Image": "lyshineui/images/crests/foregrounds/icon_crest_188.dds",
    "Color": "",
    "isEntitlement": "0",
    "isEnabled": "1",
    "Faction": "Any",
    "Notes": "",
    "Intent": ""
  },
  {
    "Index": "216",
    "OldIndex": "188",
    "isForeground": "1",
    "DisplayName": "@ui_crestforeground_189",
    "EntitlementId": "",
    "Image": "lyshineui/images/crests/foregrounds/icon_crest_189.dds",
    "Color": "",
    "isEntitlement": "0",
    "isEnabled": "1",
    "Faction": "Any",
    "Notes": "",
    "Intent": ""
  },
  {
    "Index": "217",
    "OldIndex": "189",
    "isForeground": "1",
    "DisplayName": "@ui_crestforeground_190",
    "EntitlementId": "",
    "Image": "lyshineui/images/crests/foregrounds/icon_crest_190.dds",
    "Color": "",
    "isEntitlement": "0",
    "isEnabled": "1",
    "Faction": "Any",
    "Notes": "",
    "Intent": ""
  },
  {
    "Index": "219",
    "OldIndex": "191",
    "isForeground": "1",
    "DisplayName": "@ui_crestforeground_192",
    "EntitlementId": "",
    "Image": "lyshineui/images/crests/foregrounds/icon_crest_192.dds",
    "Color": "",
    "isEntitlement": "0",
    "isEnabled": "1",
    "Faction": "Any",
    "Notes": "",
    "Intent": ""
  },
  {
    "Index": "220",
    "OldIndex": "192",
    "isForeground": "1",
    "DisplayName": "@ui_crestforeground_193",
    "EntitlementId": "",
    "Image": "lyshineui/images/crests/foregrounds/icon_crest_193.dds",
    "Color": "",
    "isEntitlement": "0",
    "isEnabled": "1",
    "Faction": "Any",
    "Notes": "",
    "Intent": ""
  },
  {
    "Index": "221",
    "OldIndex": "193",
    "isForeground": "1",
    "DisplayName": "@ui_crestforeground_194",
    "EntitlementId": "",
    "Image": "lyshineui/images/crests/foregrounds/icon_crest_194.dds",
    "Color": "",
    "isEntitlement": "0",
    "isEnabled": "1",
    "Faction": "Any",
    "Notes": "",
    "Intent": ""
  },
  {
    "Index": "222",
    "OldIndex": "194",
    "isForeground": "1",
    "DisplayName": "@ui_crestforeground_195",
    "EntitlementId": "",
    "Image": "lyshineui/images/crests/foregrounds/icon_crest_195.dds",
    "Color": "",
    "isEntitlement": "0",
    "isEnabled": "1",
    "Faction": "Any",
    "Notes": "",
    "Intent": ""
  },
  {
    "Index": "223",
    "OldIndex": "195",
    "isForeground": "1",
    "DisplayName": "@ui_crestforeground_196",
    "EntitlementId": "",
    "Image": "lyshineui/images/crests/foregrounds/icon_crest_196.dds",
    "Color": "",
    "isEntitlement": "0",
    "isEnabled": "1",
    "Faction": "Any",
    "Notes": "",
    "Intent": ""
  },
  {
    "Index": "224",
    "OldIndex": "196",
    "isForeground": "1",
    "DisplayName": "@ui_crestforeground_197",
    "EntitlementId": "",
    "Image": "lyshineui/images/crests/foregrounds/icon_crest_197.dds",
    "Color": "",
    "isEntitlement": "0",
    "isEnabled": "1",
    "Faction": "Any",
    "Notes": "",
    "Intent": ""
  },
  {
    "Index": "225",
    "OldIndex": "197",
    "isForeground": "1",
    "DisplayName": "@ui_crestforeground_198",
    "EntitlementId": "",
    "Image": "lyshineui/images/crests/foregrounds/icon_crest_198.dds",
    "Color": "",
    "isEntitlement": "0",
    "isEnabled": "1",
    "Faction": "Any",
    "Notes": "",
    "Intent": ""
  },
  {
    "Index": "226",
    "OldIndex": "198",
    "isForeground": "1",
    "DisplayName": "@ui_crestforeground_199",
    "EntitlementId": "",
    "Image": "lyshineui/images/crests/foregrounds/icon_crest_199.dds",
    "Color": "",
    "isEntitlement": "0",
    "isEnabled": "1",
    "Faction": "Any",
    "Notes": "",
    "Intent": ""
  },
  {
    "Index": "236",
    "OldIndex": "0",
    "isForeground": "0",
    "DisplayName": "@ui_crestbackground_1V1",
    "EntitlementId": "",
    "Image": "lyshineui/images/crests/backgrounds/icon_shield_shape1v1.dds",
    "Color": "",
    "isEntitlement": "0",
    "isEnabled": "1",
    "Faction": "Any",
    "Notes": "",
    "Intent": ""
  },
  {
    "Index": "237",
    "OldIndex": "1",
    "isForeground": "0",
    "DisplayName": "@ui_crestbackground_1V2",
    "EntitlementId": "",
    "Image": "lyshineui/images/crests/backgrounds/icon_shield_shape1v2.dds",
    "Color": "",
    "isEntitlement": "0",
    "isEnabled": "1",
    "Faction": "Any",
    "Notes": "",
    "Intent": ""
  },
  {
    "Index": "238",
    "OldIndex": "2",
    "isForeground": "0",
    "DisplayName": "@ui_crestbackground_1V3",
    "EntitlementId": "",
    "Image": "lyshineui/images/crests/backgrounds/icon_shield_shape1v3.dds",
    "Color": "",
    "isEntitlement": "0",
    "isEnabled": "1",
    "Faction": "Any",
    "Notes": "",
    "Intent": ""
  },
  {
    "Index": "239",
    "OldIndex": "3",
    "isForeground": "0",
    "DisplayName": "@ui_crestbackground_1V4",
    "EntitlementId": "",
    "Image": "lyshineui/images/crests/backgrounds/icon_shield_shape1v4.dds",
    "Color": "",
    "isEntitlement": "0",
    "isEnabled": "1",
    "Faction": "Any",
    "Notes": "",
    "Intent": ""
  },
  {
    "Index": "240",
    "OldIndex": "4",
    "isForeground": "0",
    "DisplayName": "@ui_crestbackground_1V5",
    "EntitlementId": "",
    "Image": "lyshineui/images/crests/backgrounds/icon_shield_shape1v5.dds",
    "Color": "",
    "isEntitlement": "0",
    "isEnabled": "1",
    "Faction": "Any",
    "Notes": "",
    "Intent": ""
  },
  {
    "Index": "241",
    "OldIndex": "5",
    "isForeground": "0",
    "DisplayName": "@ui_crestbackground_1V6",
    "EntitlementId": "",
    "Image": "lyshineui/images/crests/backgrounds/icon_shield_shape1v6.dds",
    "Color": "",
    "isEntitlement": "0",
    "isEnabled": "1",
    "Faction": "Any",
    "Notes": "",
    "Intent": ""
  },
  {
    "Index": "242",
    "OldIndex": "6",
    "isForeground": "0",
    "DisplayName": "@ui_crestbackground_2V1",
    "EntitlementId": "",
    "Image": "lyshineui/images/crests/backgrounds/icon_shield_shape2v1.dds",
    "Color": "",
    "isEntitlement": "0",
    "isEnabled": "1",
    "Faction": "Any",
    "Notes": "",
    "Intent": ""
  },
  {
    "Index": "243",
    "OldIndex": "7",
    "isForeground": "0",
    "DisplayName": "@ui_crestbackground_2V2",
    "EntitlementId": "",
    "Image": "lyshineui/images/crests/backgrounds/icon_shield_shape2v2.dds",
    "Color": "",
    "isEntitlement": "0",
    "isEnabled": "1",
    "Faction": "Any",
    "Notes": "",
    "Intent": ""
  },
  {
    "Index": "244",
    "OldIndex": "8",
    "isForeground": "0",
    "DisplayName": "@ui_crestbackground_2V3",
    "EntitlementId": "",
    "Image": "lyshineui/images/crests/backgrounds/icon_shield_shape2v3.dds",
    "Color": "",
    "isEntitlement": "0",
    "isEnabled": "1",
    "Faction": "Any",
    "Notes": "",
    "Intent": ""
  },
  {
    "Index": "245",
    "OldIndex": "9",
    "isForeground": "0",
    "DisplayName": "@ui_crestbackground_2V4",
    "EntitlementId": "",
    "Image": "lyshineui/images/crests/backgrounds/icon_shield_shape2v4.dds",
    "Color": "",
    "isEntitlement": "0",
    "isEnabled": "1",
    "Faction": "Any",
    "Notes": "",
    "Intent": ""
  },
  {
    "Index": "246",
    "OldIndex": "10",
    "isForeground": "0",
    "DisplayName": "@ui_crestbackground_2V5",
    "EntitlementId": "",
    "Image": "lyshineui/images/crests/backgrounds/icon_shield_shape2v5.dds",
    "Color": "",
    "isEntitlement": "0",
    "isEnabled": "1",
    "Faction": "Any",
    "Notes": "",
    "Intent": ""
  },
  {
    "Index": "247",
    "OldIndex": "11",
    "isForeground": "0",
    "DisplayName": "@ui_crestbackground_2V6",
    "EntitlementId": "",
    "Image": "lyshineui/images/crests/backgrounds/icon_shield_shape2v6.dds",
    "Color": "",
    "isEntitlement": "0",
    "isEnabled": "1",
    "Faction": "Any",
    "Notes": "",
    "Intent": ""
  },
  {
    "Index": "248",
    "OldIndex": "12",
    "isForeground": "0",
    "DisplayName": "@ui_crestbackground_3V1",
    "EntitlementId": "",
    "Image": "lyshineui/images/crests/backgrounds/icon_shield_shape3v1.dds",
    "Color": "",
    "isEntitlement": "0",
    "isEnabled": "1",
    "Faction": "Any",
    "Notes": "",
    "Intent": ""
  },
  {
    "Index": "249",
    "OldIndex": "13",
    "isForeground": "0",
    "DisplayName": "@ui_crestbackground_3V2",
    "EntitlementId": "",
    "Image": "lyshineui/images/crests/backgrounds/icon_shield_shape3v2.dds",
    "Color": "",
    "isEntitlement": "0",
    "isEnabled": "1",
    "Faction": "Any",
    "Notes": "",
    "Intent": ""
  },
  {
    "Index": "250",
    "OldIndex": "14",
    "isForeground": "0",
    "DisplayName": "@ui_crestbackground_3V3",
    "EntitlementId": "",
    "Image": "lyshineui/images/crests/backgrounds/icon_shield_shape3v3.dds",
    "Color": "",
    "isEntitlement": "0",
    "isEnabled": "1",
    "Faction": "Any",
    "Notes": "",
    "Intent": ""
  },
  {
    "Index": "251",
    "OldIndex": "15",
    "isForeground": "0",
    "DisplayName": "@ui_crestbackground_3V4",
    "EntitlementId": "",
    "Image": "lyshineui/images/crests/backgrounds/icon_shield_shape3v4.dds",
    "Color": "",
    "isEntitlement": "0",
    "isEnabled": "1",
    "Faction": "Any",
    "Notes": "",
    "Intent": ""
  },
  {
    "Index": "252",
    "OldIndex": "16",
    "isForeground": "0",
    "DisplayName": "@ui_crestbackground_3V5",
    "EntitlementId": "",
    "Image": "lyshineui/images/crests/backgrounds/icon_shield_shape3v5.dds",
    "Color": "",
    "isEntitlement": "0",
    "isEnabled": "1",
    "Faction": "Any",
    "Notes": "",
    "Intent": ""
  },
  {
    "Index": "253",
    "OldIndex": "17",
    "isForeground": "0",
    "DisplayName": "@ui_crestbackground_3V6",
    "EntitlementId": "",
    "Image": "lyshineui/images/crests/backgrounds/icon_shield_shape3v6.dds",
    "Color": "",
    "isEntitlement": "0",
    "isEnabled": "1",
    "Faction": "Any",
    "Notes": "",
    "Intent": ""
  }
]