[
  {
    "ItemSkinID": "testWeapon",
    "IndexID": "0",
    "IsEntitlement": "0",
    "FromItemIDs": "",
    "NeedsOneClasses": "",
    "RequiredClasses": "",
    "ExcludedClasses": "",
    "ToItemID": "",
    "Outfit": "",
    "IsEnabled": "0"
  },
  {
    "ItemSkinID": "testArmor",
    "IndexID": "1",
    "IsEntitlement": "0",
    "FromItemIDs": "",
    "NeedsOneClasses": "",
    "RequiredClasses": "",
    "ExcludedClasses": "",
    "ToItemID": "",
    "Outfit": "",
    "IsEnabled": "0"
  },
  {
    "ItemSkinID": "testArmor2",
    "IndexID": "2",
    "IsEntitlement": "0",
    "FromItemIDs": "",
    "NeedsOneClasses": "",
    "RequiredClasses": "",
    "ExcludedClasses": "",
    "ToItemID": "",
    "Outfit": "",
    "IsEnabled": "0"
  },
  {
    "ItemSkinID": "testWeapon2",
    "IndexID": "3",
    "IsEntitlement": "0",
    "FromItemIDs": "",
    "NeedsOneClasses": "",
    "RequiredClasses": "",
    "ExcludedClasses": "",
    "ToItemID": "",
    "Outfit": "",
    "IsEnabled": "0"
  },
  {
    "ItemSkinID": "itemSkin1",
    "IndexID": "4",
    "IsEntitlement": "0",
    "FromItemIDs": "",
    "NeedsOneClasses": "",
    "RequiredClasses": "",
    "ExcludedClasses": "",
    "ToItemID": "",
    "Outfit": "",
    "IsEnabled": "0"
  },
  {
    "ItemSkinID": "itemSkin2",
    "IndexID": "5",
    "IsEntitlement": "0",
    "FromItemIDs": "",
    "NeedsOneClasses": "",
    "RequiredClasses": "",
    "ExcludedClasses": "",
    "ToItemID": "",
    "Outfit": "",
    "IsEnabled": "0"
  },
  {
    "ItemSkinID": "CoolShirt",
    "IndexID": "6",
    "IsEntitlement": "0",
    "FromItemIDs": "",
    "NeedsOneClasses": "",
    "RequiredClasses": "",
    "ExcludedClasses": "",
    "ToItemID": "",
    "Outfit": "",
    "IsEnabled": "0"
  },
  {
    "ItemSkinID": "RunicJackalHead",
    "IndexID": "29",
    "IsEntitlement": "1",
    "FromItemIDs": "",
    "NeedsOneClasses": "EquippableHead",
    "RequiredClasses": "",
    "ExcludedClasses": "",
    "ToItemID": "RunicJackalHead",
    "Outfit": "RunicJackal",
    "IsEnabled": "1"
  },
  {
    "ItemSkinID": "RunicJackalChest",
    "IndexID": "30",
    "IsEntitlement": "1",
    "FromItemIDs": "",
    "NeedsOneClasses": "EquippableChest",
    "RequiredClasses": "",
    "ExcludedClasses": "",
    "ToItemID": "RunicJackalChest",
    "Outfit": "RunicJackal",
    "IsEnabled": "1"
  },
  {
    "ItemSkinID": "RunicJackalHands",
    "IndexID": "31",
    "IsEntitlement": "1",
    "FromItemIDs": "",
    "NeedsOneClasses": "EquippableHands",
    "RequiredClasses": "",
    "ExcludedClasses": "",
    "ToItemID": "RunicJackalHands",
    "Outfit": "RunicJackal",
    "IsEnabled": "1"
  },
  {
    "ItemSkinID": "RunicJackalLegs",
    "IndexID": "32",
    "IsEntitlement": "1",
    "FromItemIDs": "",
    "NeedsOneClasses": "EquippableLegs",
    "RequiredClasses": "",
    "ExcludedClasses": "",
    "ToItemID": "RunicJackalLegs",
    "Outfit": "RunicJackal",
    "IsEnabled": "1"
  },
  {
    "ItemSkinID": "RunicJackalFeet",
    "IndexID": "33",
    "IsEntitlement": "1",
    "FromItemIDs": "",
    "NeedsOneClasses": "EquippableFeet",
    "RequiredClasses": "",
    "ExcludedClasses": "",
    "ToItemID": "RunicJackalFeet",
    "Outfit": "RunicJackal",
    "IsEnabled": "1"
  },
  {
    "ItemSkinID": "CrescentFang",
    "IndexID": "42",
    "IsEntitlement": "1",
    "FromItemIDs": "",
    "NeedsOneClasses": "EquippableMainHand",
    "RequiredClasses": "Hatchet",
    "ExcludedClasses": "",
    "ToItemID": "CrescentFang",
    "Outfit": "",
    "IsEnabled": "1"
  },
  {
    "ItemSkinID": "Skin_AnglesDemon_WarHammer",
    "IndexID": "89",
    "IsEntitlement": "1",
    "FromItemIDs": "",
    "NeedsOneClasses": "EquippableTwoHand",
    "RequiredClasses": "2HHammer",
    "ExcludedClasses": "",
    "ToItemID": "Skin_AnglesDemon_WarHammer",
    "Outfit": "",
    "IsEnabled": "1"
  },
  {
    "ItemSkinID": "Skin_MediumHead_Angel",
    "IndexID": "99",
    "IsEntitlement": "1",
    "FromItemIDs": "",
    "NeedsOneClasses": "EquippableHead",
    "RequiredClasses": "",
    "ExcludedClasses": "",
    "ToItemID": "Skin_MediumHead_Angel",
    "Outfit": "MediumAngel",
    "IsEnabled": "1"
  },
  {
    "ItemSkinID": "Skin_MediumChest_Angel",
    "IndexID": "100",
    "IsEntitlement": "1",
    "FromItemIDs": "",
    "NeedsOneClasses": "EquippableChest",
    "RequiredClasses": "",
    "ExcludedClasses": "",
    "ToItemID": "Skin_MediumChest_Angel",
    "Outfit": "MediumAngel",
    "IsEnabled": "1"
  },
  {
    "ItemSkinID": "Skin_MediumHands_Angel",
    "IndexID": "101",
    "IsEntitlement": "1",
    "FromItemIDs": "",
    "NeedsOneClasses": "EquippableHands",
    "RequiredClasses": "",
    "ExcludedClasses": "",
    "ToItemID": "Skin_MediumHands_Angel",
    "Outfit": "MediumAngel",
    "IsEnabled": "1"
  },
  {
    "ItemSkinID": "Skin_MediumLegs_Angel",
    "IndexID": "102",
    "IsEntitlement": "1",
    "FromItemIDs": "",
    "NeedsOneClasses": "EquippableLegs",
    "RequiredClasses": "",
    "ExcludedClasses": "",
    "ToItemID": "Skin_MediumLegs_Angel",
    "Outfit": "MediumAngel",
    "IsEnabled": "1"
  },
  {
    "ItemSkinID": "Skin_MediumFeet_Angel",
    "IndexID": "103",
    "IsEntitlement": "1",
    "FromItemIDs": "",
    "NeedsOneClasses": "EquippableFeet",
    "RequiredClasses": "",
    "ExcludedClasses": "",
    "ToItemID": "Skin_MediumFeet_Angel",
    "Outfit": "MediumAngel",
    "IsEnabled": "1"
  },
  {
    "ItemSkinID": "Skin_Head_HideHelmet",
    "IndexID": "139",
    "IsEntitlement": "0",
    "FromItemIDs": "",
    "NeedsOneClasses": "EquippableHead",
    "RequiredClasses": "",
    "ExcludedClasses": "",
    "ToItemID": "Skin_Head_HideHelmet",
    "Outfit": "",
    "IsEnabled": "1"
  }
]