[
  {
    "TerritoryID": "9001",
    "NameLocalizationKey": "@ui_area_monarchsbluff_1",
    "IsPOI": "1",
    "IsDiscoverable": "",
    "IsChartable": "1",
    "DefaultAchievement": "",
    "LootTags": "",
    "DiscoveredAchievement": "",
    "ChartedAchievement": "monarchsbluff1_9001_charted",
    "POITag": "monarchsbluff1",
    "AudioGroup": "Music_Territory",
    "AudioState": "MonarchsBluffs",
    "POILevel": "2",
    "CanPlaceCamp": "1",
    "IsArea": "1",
    "PoiDiscoveryXpModifier": "0"
  },
  {
    "TerritoryID": "9002",
    "NameLocalizationKey": "@ui_area_monarchsbluff_2",
    "IsPOI": "1",
    "IsDiscoverable": "",
    "IsChartable": "1",
    "DefaultAchievement": "",
    "LootTags": "",
    "DiscoveredAchievement": "",
    "ChartedAchievement": "monarchsbluff2_9002_charted",
    "POITag": "monarchsbluff2",
    "AudioGroup": "Music_Territory",
    "AudioState": "MonarchsBluffs",
    "POILevel": "2",
    "CanPlaceCamp": "1",
    "IsArea": "1",
    "PoiDiscoveryXpModifier": "0"
  },
  {
    "TerritoryID": "9003",
    "NameLocalizationKey": "@ui_area_monarchsbluff_3",
    "IsPOI": "1",
    "IsDiscoverable": "",
    "IsChartable": "1",
    "DefaultAchievement": "",
    "LootTags": "",
    "DiscoveredAchievement": "",
    "ChartedAchievement": "monarchsbluff3_9003_charted",
    "POITag": "monarchsbluff3",
    "AudioGroup": "Music_Territory",
    "AudioState": "MonarchsBluffs",
    "POILevel": "2",
    "CanPlaceCamp": "1",
    "IsArea": "1",
    "PoiDiscoveryXpModifier": "0"
  },
  {
    "TerritoryID": "9004",
    "NameLocalizationKey": "@ui_area_monarchsbluff_4",
    "IsPOI": "1",
    "IsDiscoverable": "",
    "IsChartable": "1",
    "DefaultAchievement": "",
    "LootTags": "",
    "DiscoveredAchievement": "",
    "ChartedAchievement": "monarchsbluff4_9004_charted",
    "POITag": "monarchsbluff4",
    "AudioGroup": "Music_Territory",
    "AudioState": "MonarchsBluffs",
    "POILevel": "2",
    "CanPlaceCamp": "1",
    "IsArea": "1",
    "PoiDiscoveryXpModifier": "0"
  },
  {
    "TerritoryID": "9005",
    "NameLocalizationKey": "@ui_area_monarchsbluff_5",
    "IsPOI": "1",
    "IsDiscoverable": "",
    "IsChartable": "1",
    "DefaultAchievement": "",
    "LootTags": "",
    "DiscoveredAchievement": "",
    "ChartedAchievement": "monarchsbluff5_9005_charted",
    "POITag": "monarchsbluff5",
    "AudioGroup": "Music_Territory",
    "AudioState": "MonarchsBluffs",
    "POILevel": "2",
    "CanPlaceCamp": "1",
    "IsArea": "1",
    "PoiDiscoveryXpModifier": "0"
  },
  {
    "TerritoryID": "9006",
    "NameLocalizationKey": "@ui_area_monarchsbluff_6",
    "IsPOI": "1",
    "IsDiscoverable": "",
    "IsChartable": "1",
    "DefaultAchievement": "",
    "LootTags": "",
    "DiscoveredAchievement": "",
    "ChartedAchievement": "monarchsbluff6_9006_charted",
    "POITag": "monarchsbluff6",
    "AudioGroup": "Music_Territory",
    "AudioState": "MonarchsBluffs",
    "POILevel": "2",
    "CanPlaceCamp": "1",
    "IsArea": "1",
    "PoiDiscoveryXpModifier": "0"
  },
  {
    "TerritoryID": "9007",
    "NameLocalizationKey": "@ui_area_monarchsbluff_7",
    "IsPOI": "1",
    "IsDiscoverable": "",
    "IsChartable": "1",
    "DefaultAchievement": "",
    "LootTags": "",
    "DiscoveredAchievement": "",
    "ChartedAchievement": "monarchsbluff7_9007_charted",
    "POITag": "monarchsbluff7",
    "AudioGroup": "Music_Territory",
    "AudioState": "MonarchsBluffs",
    "POILevel": "2",
    "CanPlaceCamp": "1",
    "IsArea": "1",
    "PoiDiscoveryXpModifier": "0"
  },
  {
    "TerritoryID": "9008",
    "NameLocalizationKey": "@ui_area_monarchsbluff_8",
    "IsPOI": "1",
    "IsDiscoverable": "",
    "IsChartable": "1",
    "DefaultAchievement": "",
    "LootTags": "",
    "DiscoveredAchievement": "",
    "ChartedAchievement": "monarchsbluff8_9008_charted",
    "POITag": "monarchsbluff8",
    "AudioGroup": "Music_Territory",
    "AudioState": "MonarchsBluffs",
    "POILevel": "2",
    "CanPlaceCamp": "1",
    "IsArea": "1",
    "PoiDiscoveryXpModifier": "0"
  },
  {
    "TerritoryID": "9009",
    "NameLocalizationKey": "@ui_area_monarchsbluff_9",
    "IsPOI": "1",
    "IsDiscoverable": "",
    "IsChartable": "1",
    "DefaultAchievement": "",
    "LootTags": "",
    "DiscoveredAchievement": "",
    "ChartedAchievement": "starterbeach_9009_charted",
    "POITag": "starterbeach",
    "AudioGroup": "Music_Territory",
    "AudioState": "MonarchsBluffs",
    "POILevel": "2",
    "CanPlaceCamp": "1",
    "IsArea": "1",
    "PoiDiscoveryXpModifier": "0"
  },
  {
    "TerritoryID": "9010",
    "NameLocalizationKey": "@ui_area_monarchsbluff_10",
    "IsPOI": "1",
    "IsDiscoverable": "",
    "IsChartable": "1",
    "DefaultAchievement": "",
    "LootTags": "",
    "DiscoveredAchievement": "",
    "ChartedAchievement": "monarchsbluff10_9010_charted",
    "POITag": "monarchsbluff10",
    "AudioGroup": "Music_Territory",
    "AudioState": "MonarchsBluffs",
    "POILevel": "2",
    "CanPlaceCamp": "1",
    "IsArea": "1",
    "PoiDiscoveryXpModifier": "0"
  },
  {
    "TerritoryID": "9011",
    "NameLocalizationKey": "@ui_area_southwindsward_1",
    "IsPOI": "1",
    "IsDiscoverable": "",
    "IsChartable": "1",
    "DefaultAchievement": "",
    "LootTags": "",
    "DiscoveredAchievement": "",
    "ChartedAchievement": "starterbeach_9011_charted",
    "POITag": "starterbeach",
    "AudioGroup": "Music_Territory",
    "AudioState": "South Windsward",
    "POILevel": "2",
    "CanPlaceCamp": "1",
    "IsArea": "1",
    "PoiDiscoveryXpModifier": "0"
  },
  {
    "TerritoryID": "9012",
    "NameLocalizationKey": "@ui_area_southwindsward_2",
    "IsPOI": "1",
    "IsDiscoverable": "",
    "IsChartable": "1",
    "DefaultAchievement": "",
    "LootTags": "",
    "DiscoveredAchievement": "",
    "ChartedAchievement": "southwindsward2_9012_charted",
    "POITag": "southwindsward2",
    "AudioGroup": "Music_Territory",
    "AudioState": "South Windsward",
    "POILevel": "2",
    "CanPlaceCamp": "1",
    "IsArea": "1",
    "PoiDiscoveryXpModifier": "0"
  },
  {
    "TerritoryID": "9013",
    "NameLocalizationKey": "@ui_area_southwindsward_3",
    "IsPOI": "1",
    "IsDiscoverable": "",
    "IsChartable": "1",
    "DefaultAchievement": "",
    "LootTags": "",
    "DiscoveredAchievement": "",
    "ChartedAchievement": "southwindsward3_9013_charted",
    "POITag": "southwindsward3",
    "AudioGroup": "Music_Territory",
    "AudioState": "South Windsward",
    "POILevel": "2",
    "CanPlaceCamp": "1",
    "IsArea": "1",
    "PoiDiscoveryXpModifier": "0"
  },
  {
    "TerritoryID": "9014",
    "NameLocalizationKey": "@ui_area_southwindsward_4",
    "IsPOI": "1",
    "IsDiscoverable": "",
    "IsChartable": "1",
    "DefaultAchievement": "",
    "LootTags": "",
    "DiscoveredAchievement": "",
    "ChartedAchievement": "southwindsward4_9014_charted",
    "POITag": "southwindsward4",
    "AudioGroup": "Music_Territory",
    "AudioState": "South Windsward",
    "POILevel": "2",
    "CanPlaceCamp": "1",
    "IsArea": "1",
    "PoiDiscoveryXpModifier": "0"
  },
  {
    "TerritoryID": "9015",
    "NameLocalizationKey": "@ui_area_southwindsward_5",
    "IsPOI": "1",
    "IsDiscoverable": "",
    "IsChartable": "1",
    "DefaultAchievement": "",
    "LootTags": "",
    "DiscoveredAchievement": "",
    "ChartedAchievement": "southwindsward5_9015_charted",
    "POITag": "southwindsward5",
    "AudioGroup": "Music_Territory",
    "AudioState": "South Windsward",
    "POILevel": "2",
    "CanPlaceCamp": "1",
    "IsArea": "1",
    "PoiDiscoveryXpModifier": "0"
  },
  {
    "TerritoryID": "9016",
    "NameLocalizationKey": "@ui_area_southwindsward_6",
    "IsPOI": "1",
    "IsDiscoverable": "",
    "IsChartable": "1",
    "DefaultAchievement": "",
    "LootTags": "",
    "DiscoveredAchievement": "",
    "ChartedAchievement": "southwindsward6_9016_charted",
    "POITag": "southwindsward6",
    "AudioGroup": "Music_Territory",
    "AudioState": "South Windsward",
    "POILevel": "2",
    "CanPlaceCamp": "1",
    "IsArea": "1",
    "PoiDiscoveryXpModifier": "0"
  },
  {
    "TerritoryID": "9017",
    "NameLocalizationKey": "@ui_area_southwindsward_7",
    "IsPOI": "1",
    "IsDiscoverable": "",
    "IsChartable": "1",
    "DefaultAchievement": "",
    "LootTags": "",
    "DiscoveredAchievement": "",
    "ChartedAchievement": "southwindsward7_9017_charted",
    "POITag": "southwindsward7",
    "AudioGroup": "Music_Territory",
    "AudioState": "South Windsward",
    "POILevel": "2",
    "CanPlaceCamp": "1",
    "IsArea": "1",
    "PoiDiscoveryXpModifier": "0"
  },
  {
    "TerritoryID": "9018",
    "NameLocalizationKey": "@ui_area_southwindsward_8",
    "IsPOI": "1",
    "IsDiscoverable": "",
    "IsChartable": "1",
    "DefaultAchievement": "",
    "LootTags": "",
    "DiscoveredAchievement": "",
    "ChartedAchievement": "southwindsward8_9018_charted",
    "POITag": "southwindsward8",
    "AudioGroup": "Music_Territory",
    "AudioState": "South Windsward",
    "POILevel": "2",
    "CanPlaceCamp": "1",
    "IsArea": "1",
    "PoiDiscoveryXpModifier": "0"
  },
  {
    "TerritoryID": "9019",
    "NameLocalizationKey": "@ui_area_southwindsward_9",
    "IsPOI": "1",
    "IsDiscoverable": "",
    "IsChartable": "1",
    "DefaultAchievement": "",
    "LootTags": "",
    "DiscoveredAchievement": "",
    "ChartedAchievement": "southwindsward9_9019_charted",
    "POITag": "southwindsward9",
    "AudioGroup": "Music_Territory",
    "AudioState": "South Windsward",
    "POILevel": "2",
    "CanPlaceCamp": "1",
    "IsArea": "1",
    "PoiDiscoveryXpModifier": "0"
  },
  {
    "TerritoryID": "9021",
    "NameLocalizationKey": "@ui_area_northwindsward_1",
    "IsPOI": "1",
    "IsDiscoverable": "",
    "IsChartable": "1",
    "DefaultAchievement": "",
    "LootTags": "",
    "DiscoveredAchievement": "",
    "ChartedAchievement": "starterbeach_9021_charted",
    "POITag": "starterbeach",
    "AudioGroup": "Music_Territory",
    "AudioState": "North Windsward",
    "POILevel": "2",
    "CanPlaceCamp": "1",
    "IsArea": "1",
    "PoiDiscoveryXpModifier": "0"
  },
  {
    "TerritoryID": "9022",
    "NameLocalizationKey": "@ui_area_northwindsward_2",
    "IsPOI": "1",
    "IsDiscoverable": "",
    "IsChartable": "1",
    "DefaultAchievement": "",
    "LootTags": "",
    "DiscoveredAchievement": "",
    "ChartedAchievement": "northwindsward2_9022_charted",
    "POITag": "northwindsward2",
    "AudioGroup": "Music_Territory",
    "AudioState": "North Windsward",
    "POILevel": "2",
    "CanPlaceCamp": "1",
    "IsArea": "1",
    "PoiDiscoveryXpModifier": "0"
  },
  {
    "TerritoryID": "9023",
    "NameLocalizationKey": "@ui_area_northwindsward_3",
    "IsPOI": "1",
    "IsDiscoverable": "",
    "IsChartable": "1",
    "DefaultAchievement": "",
    "LootTags": "",
    "DiscoveredAchievement": "",
    "ChartedAchievement": "northwindsward3_9023_charted",
    "POITag": "northwindsward3",
    "AudioGroup": "Music_Territory",
    "AudioState": "North Windsward",
    "POILevel": "2",
    "CanPlaceCamp": "1",
    "IsArea": "1",
    "PoiDiscoveryXpModifier": "0"
  },
  {
    "TerritoryID": "9024",
    "NameLocalizationKey": "@ui_area_northwindsward_4",
    "IsPOI": "1",
    "IsDiscoverable": "",
    "IsChartable": "1",
    "DefaultAchievement": "",
    "LootTags": "",
    "DiscoveredAchievement": "",
    "ChartedAchievement": "northwindsward4_9024_charted",
    "POITag": "northwindsward4",
    "AudioGroup": "Music_Territory",
    "AudioState": "North Windsward",
    "POILevel": "2",
    "CanPlaceCamp": "1",
    "IsArea": "1",
    "PoiDiscoveryXpModifier": "0"
  },
  {
    "TerritoryID": "9025",
    "NameLocalizationKey": "@ui_area_northwindsward_5",
    "IsPOI": "1",
    "IsDiscoverable": "",
    "IsChartable": "1",
    "DefaultAchievement": "",
    "LootTags": "",
    "DiscoveredAchievement": "",
    "ChartedAchievement": "northwindsward5_9025_charted",
    "POITag": "northwindsward5",
    "AudioGroup": "Music_Territory",
    "AudioState": "North Windsward",
    "POILevel": "2",
    "CanPlaceCamp": "1",
    "IsArea": "1",
    "PoiDiscoveryXpModifier": "0"
  },
  {
    "TerritoryID": "9026",
    "NameLocalizationKey": "@ui_area_northwindsward_6",
    "IsPOI": "1",
    "IsDiscoverable": "",
    "IsChartable": "1",
    "DefaultAchievement": "",
    "LootTags": "",
    "DiscoveredAchievement": "",
    "ChartedAchievement": "northwindsward6_9026_charted",
    "POITag": "northwindsward6",
    "AudioGroup": "Music_Territory",
    "AudioState": "North Windsward",
    "POILevel": "2",
    "CanPlaceCamp": "1",
    "IsArea": "1",
    "PoiDiscoveryXpModifier": "0"
  },
  {
    "TerritoryID": "9027",
    "NameLocalizationKey": "@ui_area_northwindsward_7",
    "IsPOI": "1",
    "IsDiscoverable": "",
    "IsChartable": "1",
    "DefaultAchievement": "",
    "LootTags": "",
    "DiscoveredAchievement": "",
    "ChartedAchievement": "northwindsward7_9027_charted",
    "POITag": "northwindsward7",
    "AudioGroup": "Music_Territory",
    "AudioState": "North Windsward",
    "POILevel": "2",
    "CanPlaceCamp": "1",
    "IsArea": "1",
    "PoiDiscoveryXpModifier": "0"
  },
  {
    "TerritoryID": "9028",
    "NameLocalizationKey": "@ui_area_northwindsward_8",
    "IsPOI": "1",
    "IsDiscoverable": "",
    "IsChartable": "1",
    "DefaultAchievement": "",
    "LootTags": "",
    "DiscoveredAchievement": "",
    "ChartedAchievement": "northwindsward8_9028_charted",
    "POITag": "northwindsward8",
    "AudioGroup": "Music_Territory",
    "AudioState": "North Windsward",
    "POILevel": "2",
    "CanPlaceCamp": "1",
    "IsArea": "1",
    "PoiDiscoveryXpModifier": "0"
  },
  {
    "TerritoryID": "9029",
    "NameLocalizationKey": "@ui_area_northwindsward_9",
    "IsPOI": "1",
    "IsDiscoverable": "",
    "IsChartable": "1",
    "DefaultAchievement": "",
    "LootTags": "",
    "DiscoveredAchievement": "",
    "ChartedAchievement": "northwindsward9_9029_charted",
    "POITag": "northwindsward9",
    "AudioGroup": "Music_Territory",
    "AudioState": "North Windsward",
    "POILevel": "2",
    "CanPlaceCamp": "1",
    "IsArea": "1",
    "PoiDiscoveryXpModifier": "0"
  },
  {
    "TerritoryID": "9030",
    "NameLocalizationKey": "@ui_area_northwindsward_10",
    "IsPOI": "1",
    "IsDiscoverable": "",
    "IsChartable": "1",
    "DefaultAchievement": "",
    "LootTags": "",
    "DiscoveredAchievement": "",
    "ChartedAchievement": "northwindsward10_9030_charted",
    "POITag": "northwindsward10",
    "AudioGroup": "Music_Territory",
    "AudioState": "North Windsward",
    "POILevel": "2",
    "CanPlaceCamp": "1",
    "IsArea": "1",
    "PoiDiscoveryXpModifier": "0"
  },
  {
    "TerritoryID": "9031",
    "NameLocalizationKey": "@ui_area_northwindsward_11",
    "IsPOI": "1",
    "IsDiscoverable": "",
    "IsChartable": "1",
    "DefaultAchievement": "",
    "LootTags": "",
    "DiscoveredAchievement": "",
    "ChartedAchievement": "northwindsward11_9031_charted",
    "POITag": "northwindsward11",
    "AudioGroup": "Music_Territory",
    "AudioState": "North Windsward",
    "POILevel": "2",
    "CanPlaceCamp": "1",
    "IsArea": "1",
    "PoiDiscoveryXpModifier": "0"
  },
  {
    "TerritoryID": "9041",
    "NameLocalizationKey": "@ui_area_brightwood_1",
    "IsPOI": "1",
    "IsDiscoverable": "",
    "IsChartable": "1",
    "DefaultAchievement": "",
    "LootTags": "",
    "DiscoveredAchievement": "",
    "ChartedAchievement": "brightwood1_9041_charted",
    "POITag": "brightwood1",
    "AudioGroup": "Music_Territory",
    "AudioState": "Brightwoods",
    "POILevel": "2",
    "CanPlaceCamp": "1",
    "IsArea": "1",
    "PoiDiscoveryXpModifier": "0"
  },
  {
    "TerritoryID": "9042",
    "NameLocalizationKey": "@ui_area_brightwood_2",
    "IsPOI": "1",
    "IsDiscoverable": "",
    "IsChartable": "1",
    "DefaultAchievement": "",
    "LootTags": "",
    "DiscoveredAchievement": "",
    "ChartedAchievement": "brightwood2_9042_charted",
    "POITag": "brightwood2",
    "AudioGroup": "Music_Territory",
    "AudioState": "Brightwoods",
    "POILevel": "2",
    "CanPlaceCamp": "1",
    "IsArea": "1",
    "PoiDiscoveryXpModifier": "0"
  },
  {
    "TerritoryID": "9043",
    "NameLocalizationKey": "@ui_area_brightwood_3",
    "IsPOI": "1",
    "IsDiscoverable": "",
    "IsChartable": "1",
    "DefaultAchievement": "",
    "LootTags": "",
    "DiscoveredAchievement": "",
    "ChartedAchievement": "brightwood3_9043_charted",
    "POITag": "brightwood3",
    "AudioGroup": "Music_Territory",
    "AudioState": "Brightwoods",
    "POILevel": "2",
    "CanPlaceCamp": "1",
    "IsArea": "1",
    "PoiDiscoveryXpModifier": "0"
  },
  {
    "TerritoryID": "9044",
    "NameLocalizationKey": "@ui_area_brightwood_4",
    "IsPOI": "1",
    "IsDiscoverable": "",
    "IsChartable": "1",
    "DefaultAchievement": "",
    "LootTags": "",
    "DiscoveredAchievement": "",
    "ChartedAchievement": "brightwood4_9044_charted",
    "POITag": "brightwood4",
    "AudioGroup": "Music_Territory",
    "AudioState": "Brightwoods",
    "POILevel": "2",
    "CanPlaceCamp": "1",
    "IsArea": "1",
    "PoiDiscoveryXpModifier": "0"
  },
  {
    "TerritoryID": "9045",
    "NameLocalizationKey": "@ui_area_brightwood_5",
    "IsPOI": "1",
    "IsDiscoverable": "",
    "IsChartable": "1",
    "DefaultAchievement": "",
    "LootTags": "",
    "DiscoveredAchievement": "",
    "ChartedAchievement": "brightwood5_9045_charted",
    "POITag": "brightwood5",
    "AudioGroup": "Music_Territory",
    "AudioState": "Brightwoods",
    "POILevel": "2",
    "CanPlaceCamp": "1",
    "IsArea": "1",
    "PoiDiscoveryXpModifier": "0"
  },
  {
    "TerritoryID": "9046",
    "NameLocalizationKey": "@ui_area_brightwood_6",
    "IsPOI": "1",
    "IsDiscoverable": "",
    "IsChartable": "1",
    "DefaultAchievement": "",
    "LootTags": "",
    "DiscoveredAchievement": "",
    "ChartedAchievement": "brightwood6_9046_charted",
    "POITag": "brightwood6",
    "AudioGroup": "Music_Territory",
    "AudioState": "Brightwoods",
    "POILevel": "2",
    "CanPlaceCamp": "1",
    "IsArea": "1",
    "PoiDiscoveryXpModifier": "0"
  },
  {
    "TerritoryID": "9047",
    "NameLocalizationKey": "@ui_area_brightwood_7",
    "IsPOI": "1",
    "IsDiscoverable": "",
    "IsChartable": "1",
    "DefaultAchievement": "",
    "LootTags": "",
    "DiscoveredAchievement": "",
    "ChartedAchievement": "brightwood7_9047_charted",
    "POITag": "brightwood7",
    "AudioGroup": "Music_Territory",
    "AudioState": "Brightwoods",
    "POILevel": "2",
    "CanPlaceCamp": "1",
    "IsArea": "1",
    "PoiDiscoveryXpModifier": "0"
  },
  {
    "TerritoryID": "9048",
    "NameLocalizationKey": "@ui_area_brightwood_8",
    "IsPOI": "1",
    "IsDiscoverable": "",
    "IsChartable": "1",
    "DefaultAchievement": "",
    "LootTags": "",
    "DiscoveredAchievement": "",
    "ChartedAchievement": "brightwood8_9048_charted",
    "POITag": "brightwood8",
    "AudioGroup": "Music_Territory",
    "AudioState": "Brightwoods",
    "POILevel": "2",
    "CanPlaceCamp": "1",
    "IsArea": "1",
    "PoiDiscoveryXpModifier": "0"
  },
  {
    "TerritoryID": "9051",
    "NameLocalizationKey": "@ui_area_greatcleave_1",
    "IsPOI": "1",
    "IsDiscoverable": "",
    "IsChartable": "1",
    "DefaultAchievement": "",
    "LootTags": "",
    "DiscoveredAchievement": "",
    "ChartedAchievement": "greatcleave1_9051_charted",
    "POITag": "greatcleave1",
    "AudioGroup": "Music_Territory",
    "AudioState": "Great Cleave",
    "POILevel": "2",
    "CanPlaceCamp": "1",
    "IsArea": "1",
    "PoiDiscoveryXpModifier": "0"
  },
  {
    "TerritoryID": "9052",
    "NameLocalizationKey": "@ui_area_greatcleave_2",
    "IsPOI": "1",
    "IsDiscoverable": "",
    "IsChartable": "1",
    "DefaultAchievement": "",
    "LootTags": "",
    "DiscoveredAchievement": "",
    "ChartedAchievement": "greatcleave2_9052_charted",
    "POITag": "greatcleave2",
    "AudioGroup": "Music_Territory",
    "AudioState": "Great Cleave",
    "POILevel": "2",
    "CanPlaceCamp": "1",
    "IsArea": "1",
    "PoiDiscoveryXpModifier": "0"
  },
  {
    "TerritoryID": "9053",
    "NameLocalizationKey": "@ui_area_greatcleave_3",
    "IsPOI": "1",
    "IsDiscoverable": "",
    "IsChartable": "1",
    "DefaultAchievement": "",
    "LootTags": "",
    "DiscoveredAchievement": "",
    "ChartedAchievement": "greatcleave3_9053_charted",
    "POITag": "greatcleave3",
    "AudioGroup": "Music_Territory",
    "AudioState": "Great Cleave",
    "POILevel": "2",
    "CanPlaceCamp": "1",
    "IsArea": "1",
    "PoiDiscoveryXpModifier": "0"
  },
  {
    "TerritoryID": "9054",
    "NameLocalizationKey": "@ui_area_greatcleave_4",
    "IsPOI": "1",
    "IsDiscoverable": "",
    "IsChartable": "1",
    "DefaultAchievement": "",
    "LootTags": "",
    "DiscoveredAchievement": "",
    "ChartedAchievement": "greatcleave4_9054_charted",
    "POITag": "greatcleave4",
    "AudioGroup": "Music_Territory",
    "AudioState": "Great Cleave",
    "POILevel": "2",
    "CanPlaceCamp": "1",
    "IsArea": "1",
    "PoiDiscoveryXpModifier": "0"
  },
  {
    "TerritoryID": "9055",
    "NameLocalizationKey": "@ui_area_greatcleave_5",
    "IsPOI": "1",
    "IsDiscoverable": "",
    "IsChartable": "1",
    "DefaultAchievement": "",
    "LootTags": "",
    "DiscoveredAchievement": "",
    "ChartedAchievement": "greatcleave5_9055_charted",
    "POITag": "greatcleave5",
    "AudioGroup": "Music_Territory",
    "AudioState": "Great Cleave",
    "POILevel": "2",
    "CanPlaceCamp": "1",
    "IsArea": "1",
    "PoiDiscoveryXpModifier": "0"
  },
  {
    "TerritoryID": "9056",
    "NameLocalizationKey": "@ui_area_greatcleave_6",
    "IsPOI": "1",
    "IsDiscoverable": "",
    "IsChartable": "1",
    "DefaultAchievement": "",
    "LootTags": "",
    "DiscoveredAchievement": "",
    "ChartedAchievement": "greatcleave6_9056_charted",
    "POITag": "greatcleave6",
    "AudioGroup": "Music_Territory",
    "AudioState": "Great Cleave",
    "POILevel": "2",
    "CanPlaceCamp": "1",
    "IsArea": "1",
    "PoiDiscoveryXpModifier": "0"
  },
  {
    "TerritoryID": "9057",
    "NameLocalizationKey": "@ui_area_greatcleave_7",
    "IsPOI": "1",
    "IsDiscoverable": "",
    "IsChartable": "1",
    "DefaultAchievement": "",
    "LootTags": "",
    "DiscoveredAchievement": "",
    "ChartedAchievement": "greatcleave7_9057_charted",
    "POITag": "greatcleave7",
    "AudioGroup": "Music_Territory",
    "AudioState": "Great Cleave",
    "POILevel": "2",
    "CanPlaceCamp": "1",
    "IsArea": "1",
    "PoiDiscoveryXpModifier": "0"
  },
  {
    "TerritoryID": "9058",
    "NameLocalizationKey": "@ui_area_greatcleave_8",
    "IsPOI": "1",
    "IsDiscoverable": "",
    "IsChartable": "1",
    "DefaultAchievement": "",
    "LootTags": "",
    "DiscoveredAchievement": "",
    "ChartedAchievement": "greatcleave8_9058_charted",
    "POITag": "greatcleave8",
    "AudioGroup": "Music_Territory",
    "AudioState": "Great Cleave",
    "POILevel": "2",
    "CanPlaceCamp": "1",
    "IsArea": "1",
    "PoiDiscoveryXpModifier": "0"
  },
  {
    "TerritoryID": "9059",
    "NameLocalizationKey": "@ui_area_greatcleave_9",
    "IsPOI": "1",
    "IsDiscoverable": "",
    "IsChartable": "1",
    "DefaultAchievement": "",
    "LootTags": "",
    "DiscoveredAchievement": "",
    "ChartedAchievement": "greatcleave9_9059_charted",
    "POITag": "greatcleave9",
    "AudioGroup": "Music_Territory",
    "AudioState": "Great Cleave",
    "POILevel": "2",
    "CanPlaceCamp": "1",
    "IsArea": "1",
    "PoiDiscoveryXpModifier": "0"
  },
  {
    "TerritoryID": "9060",
    "NameLocalizationKey": "@ui_area_greatcleave_10",
    "IsPOI": "1",
    "IsDiscoverable": "",
    "IsChartable": "1",
    "DefaultAchievement": "",
    "LootTags": "",
    "DiscoveredAchievement": "",
    "ChartedAchievement": "greatcleave10_9060_charted",
    "POITag": "greatcleave10",
    "AudioGroup": "Music_Territory",
    "AudioState": "Great Cleave",
    "POILevel": "2",
    "CanPlaceCamp": "1",
    "IsArea": "1",
    "PoiDiscoveryXpModifier": "0"
  },
  {
    "TerritoryID": "9061",
    "NameLocalizationKey": "@ui_area_greatcleave_11",
    "IsPOI": "1",
    "IsDiscoverable": "",
    "IsChartable": "1",
    "DefaultAchievement": "",
    "LootTags": "",
    "DiscoveredAchievement": "",
    "ChartedAchievement": "greatcleave11_9061_charted",
    "POITag": "greatcleave11",
    "AudioGroup": "Music_Territory",
    "AudioState": "Great Cleave",
    "POILevel": "2",
    "CanPlaceCamp": "1",
    "IsArea": "1",
    "PoiDiscoveryXpModifier": "0"
  },
  {
    "TerritoryID": "9071",
    "NameLocalizationKey": "@ui_area_shatteredmountain_1",
    "IsPOI": "1",
    "IsDiscoverable": "",
    "IsChartable": "1",
    "DefaultAchievement": "",
    "LootTags": "",
    "DiscoveredAchievement": "",
    "ChartedAchievement": "shatteredmountain1_9071_charted",
    "POITag": "shatteredmountain1",
    "AudioGroup": "Music_Territory",
    "AudioState": "Shattered Mountain",
    "POILevel": "2",
    "CanPlaceCamp": "1",
    "IsArea": "1",
    "PoiDiscoveryXpModifier": "0"
  },
  {
    "TerritoryID": "9072",
    "NameLocalizationKey": "@ui_area_shatteredmountain_2",
    "IsPOI": "1",
    "IsDiscoverable": "",
    "IsChartable": "1",
    "DefaultAchievement": "",
    "LootTags": "",
    "DiscoveredAchievement": "",
    "ChartedAchievement": "shatteredmountain2_9072_charted",
    "POITag": "shatteredmountain2",
    "AudioGroup": "Music_Territory",
    "AudioState": "Shattered Mountain",
    "POILevel": "2",
    "CanPlaceCamp": "1",
    "IsArea": "1",
    "PoiDiscoveryXpModifier": "0"
  },
  {
    "TerritoryID": "9073",
    "NameLocalizationKey": "@ui_area_shatteredmountain_3",
    "IsPOI": "1",
    "IsDiscoverable": "",
    "IsChartable": "1",
    "DefaultAchievement": "",
    "LootTags": "",
    "DiscoveredAchievement": "",
    "ChartedAchievement": "shatteredmountain3_9073_charted",
    "POITag": "shatteredmountain3",
    "AudioGroup": "Music_Territory",
    "AudioState": "Shattered Mountain",
    "POILevel": "2",
    "CanPlaceCamp": "1",
    "IsArea": "1",
    "PoiDiscoveryXpModifier": "0"
  },
  {
    "TerritoryID": "9074",
    "NameLocalizationKey": "@ui_area_shatteredmountain_4",
    "IsPOI": "1",
    "IsDiscoverable": "",
    "IsChartable": "1",
    "DefaultAchievement": "",
    "LootTags": "",
    "DiscoveredAchievement": "",
    "ChartedAchievement": "shatteredmountain4_9074_charted",
    "POITag": "shatteredmountain4",
    "AudioGroup": "Music_Territory",
    "AudioState": "Shattered Mountain",
    "POILevel": "2",
    "CanPlaceCamp": "1",
    "IsArea": "1",
    "PoiDiscoveryXpModifier": "0"
  },
  {
    "TerritoryID": "9075",
    "NameLocalizationKey": "@ui_area_shatteredmountain_5",
    "IsPOI": "1",
    "IsDiscoverable": "",
    "IsChartable": "1",
    "DefaultAchievement": "",
    "LootTags": "",
    "DiscoveredAchievement": "",
    "ChartedAchievement": "shatteredmountain5_9075_charted",
    "POITag": "shatteredmountain5",
    "AudioGroup": "Music_Territory",
    "AudioState": "Shattered Mountain",
    "POILevel": "2",
    "CanPlaceCamp": "1",
    "IsArea": "1",
    "PoiDiscoveryXpModifier": "0"
  },
  {
    "TerritoryID": "9076",
    "NameLocalizationKey": "@ui_area_shatteredmountain_6",
    "IsPOI": "1",
    "IsDiscoverable": "",
    "IsChartable": "1",
    "DefaultAchievement": "",
    "LootTags": "",
    "DiscoveredAchievement": "",
    "ChartedAchievement": "shatteredmountain6_9076_charted",
    "POITag": "shatteredmountain6",
    "AudioGroup": "Music_Territory",
    "AudioState": "Shattered Mountain",
    "POILevel": "2",
    "CanPlaceCamp": "1",
    "IsArea": "1",
    "PoiDiscoveryXpModifier": "0"
  },
  {
    "TerritoryID": "9077",
    "NameLocalizationKey": "@ui_area_shatteredmountain_7",
    "IsPOI": "1",
    "IsDiscoverable": "",
    "IsChartable": "1",
    "DefaultAchievement": "",
    "LootTags": "",
    "DiscoveredAchievement": "",
    "ChartedAchievement": "shatteredmountain7_9077_charted",
    "POITag": "shatteredmountain7",
    "AudioGroup": "Music_Territory",
    "AudioState": "Shattered Mountain",
    "POILevel": "2",
    "CanPlaceCamp": "1",
    "IsArea": "1",
    "PoiDiscoveryXpModifier": "0"
  },
  {
    "TerritoryID": "9078",
    "NameLocalizationKey": "@ui_area_shatteredmountain_8",
    "IsPOI": "1",
    "IsDiscoverable": "",
    "IsChartable": "1",
    "DefaultAchievement": "",
    "LootTags": "",
    "DiscoveredAchievement": "",
    "ChartedAchievement": "shatteredmountain8_9078_charted",
    "POITag": "shatteredmountain8",
    "AudioGroup": "Music_Territory",
    "AudioState": "Shattered Mountain",
    "POILevel": "2",
    "CanPlaceCamp": "1",
    "IsArea": "1",
    "PoiDiscoveryXpModifier": "0"
  },
  {
    "TerritoryID": "9079",
    "NameLocalizationKey": "@ui_area_shatteredmountain_9",
    "IsPOI": "1",
    "IsDiscoverable": "",
    "IsChartable": "1",
    "DefaultAchievement": "",
    "LootTags": "",
    "DiscoveredAchievement": "",
    "ChartedAchievement": "shatteredmountain9_9079_charted",
    "POITag": "shatteredmountain9",
    "AudioGroup": "Music_Territory",
    "AudioState": "Shattered Mountain",
    "POILevel": "2",
    "CanPlaceCamp": "1",
    "IsArea": "1",
    "PoiDiscoveryXpModifier": "0"
  },
  {
    "TerritoryID": "9080",
    "NameLocalizationKey": "@ui_area_firstlight_1",
    "IsPOI": "1",
    "IsDiscoverable": "",
    "IsChartable": "1",
    "DefaultAchievement": "",
    "LootTags": "",
    "DiscoveredAchievement": "",
    "ChartedAchievement": "starterbeach_9080_charted",
    "POITag": "starterbeach",
    "AudioGroup": "Music_Territory",
    "AudioState": "First Light",
    "POILevel": "2",
    "CanPlaceCamp": "1",
    "IsArea": "1",
    "PoiDiscoveryXpModifier": "0"
  },
  {
    "TerritoryID": "9081",
    "NameLocalizationKey": "@ui_area_firstlight_2",
    "IsPOI": "1",
    "IsDiscoverable": "",
    "IsChartable": "1",
    "DefaultAchievement": "",
    "LootTags": "",
    "DiscoveredAchievement": "",
    "ChartedAchievement": "firstlight2_9081_charted",
    "POITag": "firstlight2",
    "AudioGroup": "Music_Territory",
    "AudioState": "First Light",
    "POILevel": "2",
    "CanPlaceCamp": "1",
    "IsArea": "1",
    "PoiDiscoveryXpModifier": "0"
  },
  {
    "TerritoryID": "9082",
    "NameLocalizationKey": "@ui_area_firstlight_3",
    "IsPOI": "1",
    "IsDiscoverable": "",
    "IsChartable": "1",
    "DefaultAchievement": "",
    "LootTags": "",
    "DiscoveredAchievement": "",
    "ChartedAchievement": "firstlight3_9082_charted",
    "POITag": "firstlight3",
    "AudioGroup": "Music_Territory",
    "AudioState": "First Light",
    "POILevel": "2",
    "CanPlaceCamp": "1",
    "IsArea": "1",
    "PoiDiscoveryXpModifier": "0"
  },
  {
    "TerritoryID": "9083",
    "NameLocalizationKey": "@ui_area_firstlight_4",
    "IsPOI": "1",
    "IsDiscoverable": "",
    "IsChartable": "1",
    "DefaultAchievement": "",
    "LootTags": "",
    "DiscoveredAchievement": "",
    "ChartedAchievement": "firstlight4_9083_charted",
    "POITag": "firstlight4",
    "AudioGroup": "Music_Territory",
    "AudioState": "First Light",
    "POILevel": "2",
    "CanPlaceCamp": "1",
    "IsArea": "1",
    "PoiDiscoveryXpModifier": "0"
  },
  {
    "TerritoryID": "9084",
    "NameLocalizationKey": "@ui_area_firstlight_5",
    "IsPOI": "1",
    "IsDiscoverable": "",
    "IsChartable": "1",
    "DefaultAchievement": "",
    "LootTags": "",
    "DiscoveredAchievement": "",
    "ChartedAchievement": "firstlight5_9084_charted",
    "POITag": "firstlight5",
    "AudioGroup": "Music_Territory",
    "AudioState": "First Light",
    "POILevel": "2",
    "CanPlaceCamp": "1",
    "IsArea": "1",
    "PoiDiscoveryXpModifier": "0"
  },
  {
    "TerritoryID": "9085",
    "NameLocalizationKey": "@ui_area_firstlight_6",
    "IsPOI": "1",
    "IsDiscoverable": "",
    "IsChartable": "1",
    "DefaultAchievement": "",
    "LootTags": "",
    "DiscoveredAchievement": "",
    "ChartedAchievement": "firstlight6_9085_charted",
    "POITag": "firstlight6",
    "AudioGroup": "Music_Territory",
    "AudioState": "First Light",
    "POILevel": "2",
    "CanPlaceCamp": "1",
    "IsArea": "1",
    "PoiDiscoveryXpModifier": "0"
  },
  {
    "TerritoryID": "9086",
    "NameLocalizationKey": "@ui_area_firstlight_7",
    "IsPOI": "1",
    "IsDiscoverable": "",
    "IsChartable": "1",
    "DefaultAchievement": "",
    "LootTags": "",
    "DiscoveredAchievement": "",
    "ChartedAchievement": "firstlight7_9086_charted",
    "POITag": "firstlight7",
    "AudioGroup": "Music_Territory",
    "AudioState": "First Light",
    "POILevel": "2",
    "CanPlaceCamp": "1",
    "IsArea": "1",
    "PoiDiscoveryXpModifier": "0"
  },
  {
    "TerritoryID": "9087",
    "NameLocalizationKey": "@ui_area_firstlight_8",
    "IsPOI": "1",
    "IsDiscoverable": "",
    "IsChartable": "1",
    "DefaultAchievement": "",
    "LootTags": "",
    "DiscoveredAchievement": "",
    "ChartedAchievement": "firstlight8_9087_charted",
    "POITag": "firstlight8",
    "AudioGroup": "Music_Territory",
    "AudioState": "First Light",
    "POILevel": "2",
    "CanPlaceCamp": "1",
    "IsArea": "1",
    "PoiDiscoveryXpModifier": "0"
  },
  {
    "TerritoryID": "9088",
    "NameLocalizationKey": "@ui_area_firstlight_9",
    "IsPOI": "1",
    "IsDiscoverable": "",
    "IsChartable": "1",
    "DefaultAchievement": "",
    "LootTags": "",
    "DiscoveredAchievement": "",
    "ChartedAchievement": "firstlight9_9088_charted",
    "POITag": "firstlight9",
    "AudioGroup": "Music_Territory",
    "AudioState": "First Light",
    "POILevel": "2",
    "CanPlaceCamp": "1",
    "IsArea": "1",
    "PoiDiscoveryXpModifier": "0"
  },
  {
    "TerritoryID": "9089",
    "NameLocalizationKey": "@ui_area_firstlight_10",
    "IsPOI": "1",
    "IsDiscoverable": "",
    "IsChartable": "1",
    "DefaultAchievement": "",
    "LootTags": "",
    "DiscoveredAchievement": "",
    "ChartedAchievement": "firstlight10_9089_charted",
    "POITag": "firstlight10",
    "AudioGroup": "Music_Territory",
    "AudioState": "First Light",
    "POILevel": "2",
    "CanPlaceCamp": "1",
    "IsArea": "1",
    "PoiDiscoveryXpModifier": "0"
  },
  {
    "TerritoryID": "9090",
    "NameLocalizationKey": "@ui_area_firstlight_11",
    "IsPOI": "1",
    "IsDiscoverable": "",
    "IsChartable": "1",
    "DefaultAchievement": "",
    "LootTags": "",
    "DiscoveredAchievement": "",
    "ChartedAchievement": "firstlight11_9090_charted",
    "POITag": "firstlight11",
    "AudioGroup": "Music_Territory",
    "AudioState": "First Light",
    "POILevel": "2",
    "CanPlaceCamp": "1",
    "IsArea": "1",
    "PoiDiscoveryXpModifier": "0"
  },
  {
    "TerritoryID": "9091",
    "NameLocalizationKey": "@ui_area_ancientcrater_1",
    "IsPOI": "1",
    "IsDiscoverable": "",
    "IsChartable": "1",
    "DefaultAchievement": "",
    "LootTags": "",
    "DiscoveredAchievement": "",
    "ChartedAchievement": "ancientcrater1_9091_charted",
    "POITag": "ancientcrater1",
    "AudioGroup": "Music_Territory",
    "AudioState": "Ancient Crater",
    "POILevel": "2",
    "CanPlaceCamp": "1",
    "IsArea": "1",
    "PoiDiscoveryXpModifier": "0"
  },
  {
    "TerritoryID": "9092",
    "NameLocalizationKey": "@ui_area_ancientcrater_2",
    "IsPOI": "1",
    "IsDiscoverable": "",
    "IsChartable": "1",
    "DefaultAchievement": "",
    "LootTags": "",
    "DiscoveredAchievement": "",
    "ChartedAchievement": "ancientcrater2_9092_charted",
    "POITag": "ancientcrater2",
    "AudioGroup": "Music_Territory",
    "AudioState": "Ancient Crater",
    "POILevel": "2",
    "CanPlaceCamp": "1",
    "IsArea": "1",
    "PoiDiscoveryXpModifier": "0"
  },
  {
    "TerritoryID": "9093",
    "NameLocalizationKey": "@ui_area_ancientcrater_3",
    "IsPOI": "1",
    "IsDiscoverable": "",
    "IsChartable": "1",
    "DefaultAchievement": "",
    "LootTags": "",
    "DiscoveredAchievement": "",
    "ChartedAchievement": "ancientcrater3_9093_charted",
    "POITag": "ancientcrater3",
    "AudioGroup": "Music_Territory",
    "AudioState": "Ancient Crater",
    "POILevel": "2",
    "CanPlaceCamp": "1",
    "IsArea": "1",
    "PoiDiscoveryXpModifier": "0"
  },
  {
    "TerritoryID": "9094",
    "NameLocalizationKey": "@ui_area_ancientcrater_4",
    "IsPOI": "1",
    "IsDiscoverable": "",
    "IsChartable": "1",
    "DefaultAchievement": "",
    "LootTags": "",
    "DiscoveredAchievement": "",
    "ChartedAchievement": "ancientcrater4_9094_charted",
    "POITag": "ancientcrater4",
    "AudioGroup": "Music_Territory",
    "AudioState": "Ancient Crater",
    "POILevel": "2",
    "CanPlaceCamp": "1",
    "IsArea": "1",
    "PoiDiscoveryXpModifier": "0"
  },
  {
    "TerritoryID": "9095",
    "NameLocalizationKey": "@ui_area_ancientcrater_5",
    "IsPOI": "1",
    "IsDiscoverable": "",
    "IsChartable": "1",
    "DefaultAchievement": "",
    "LootTags": "",
    "DiscoveredAchievement": "",
    "ChartedAchievement": "ancientcrater5_9095_charted",
    "POITag": "ancientcrater5",
    "AudioGroup": "Music_Territory",
    "AudioState": "Ancient Crater",
    "POILevel": "2",
    "CanPlaceCamp": "1",
    "IsArea": "1",
    "PoiDiscoveryXpModifier": "0"
  },
  {
    "TerritoryID": "9096",
    "NameLocalizationKey": "@ui_area_ancientcrater_6",
    "IsPOI": "1",
    "IsDiscoverable": "",
    "IsChartable": "1",
    "DefaultAchievement": "",
    "LootTags": "",
    "DiscoveredAchievement": "",
    "ChartedAchievement": "ancientcrater6_9096_charted",
    "POITag": "ancientcrater6",
    "AudioGroup": "Music_Territory",
    "AudioState": "Ancient Crater",
    "POILevel": "2",
    "CanPlaceCamp": "1",
    "IsArea": "1",
    "PoiDiscoveryXpModifier": "0"
  },
  {
    "TerritoryID": "9097",
    "NameLocalizationKey": "@ui_area_ancientcrater_7",
    "IsPOI": "1",
    "IsDiscoverable": "",
    "IsChartable": "1",
    "DefaultAchievement": "",
    "LootTags": "",
    "DiscoveredAchievement": "",
    "ChartedAchievement": "ancientcrater7_9097_charted",
    "POITag": "ancientcrater7",
    "AudioGroup": "Music_Territory",
    "AudioState": "Ancient Crater",
    "POILevel": "2",
    "CanPlaceCamp": "1",
    "IsArea": "1",
    "PoiDiscoveryXpModifier": "0"
  },
  {
    "TerritoryID": "9098",
    "NameLocalizationKey": "@ui_area_ancientcrater_8",
    "IsPOI": "1",
    "IsDiscoverable": "",
    "IsChartable": "1",
    "DefaultAchievement": "",
    "LootTags": "",
    "DiscoveredAchievement": "",
    "ChartedAchievement": "ancientcrater8_9098_charted",
    "POITag": "ancientcrater8",
    "AudioGroup": "Music_Territory",
    "AudioState": "Ancient Crater",
    "POILevel": "2",
    "CanPlaceCamp": "1",
    "IsArea": "1",
    "PoiDiscoveryXpModifier": "0"
  },
  {
    "TerritoryID": "9099",
    "NameLocalizationKey": "@ui_area_ancientcrater_9",
    "IsPOI": "1",
    "IsDiscoverable": "",
    "IsChartable": "1",
    "DefaultAchievement": "",
    "LootTags": "",
    "DiscoveredAchievement": "",
    "ChartedAchievement": "ancientcrater9_9099_charted",
    "POITag": "ancientcrater9",
    "AudioGroup": "Music_Territory",
    "AudioState": "Ancient Crater",
    "POILevel": "2",
    "CanPlaceCamp": "1",
    "IsArea": "1",
    "PoiDiscoveryXpModifier": "0"
  },
  {
    "TerritoryID": "9100",
    "NameLocalizationKey": "@ui_area_ancientcrater_10",
    "IsPOI": "1",
    "IsDiscoverable": "",
    "IsChartable": "1",
    "DefaultAchievement": "",
    "LootTags": "",
    "DiscoveredAchievement": "",
    "ChartedAchievement": "ancientcrater10_9100_charted",
    "POITag": "ancientcrater10",
    "AudioGroup": "Music_Territory",
    "AudioState": "Ancient Crater",
    "POILevel": "2",
    "CanPlaceCamp": "1",
    "IsArea": "1",
    "PoiDiscoveryXpModifier": "0"
  },
  {
    "TerritoryID": "9101",
    "NameLocalizationKey": "@ui_area_ancientcrater_11",
    "IsPOI": "1",
    "IsDiscoverable": "",
    "IsChartable": "1",
    "DefaultAchievement": "",
    "LootTags": "",
    "DiscoveredAchievement": "",
    "ChartedAchievement": "ancientcrater11_9101_charted",
    "POITag": "ancientcrater11",
    "AudioGroup": "Music_Territory",
    "AudioState": "Ancient Crater",
    "POILevel": "2",
    "CanPlaceCamp": "1",
    "IsArea": "1",
    "PoiDiscoveryXpModifier": "0"
  },
  {
    "TerritoryID": "9102",
    "NameLocalizationKey": "@ui_area_ancientcrater_12",
    "IsPOI": "1",
    "IsDiscoverable": "",
    "IsChartable": "1",
    "DefaultAchievement": "",
    "LootTags": "",
    "DiscoveredAchievement": "",
    "ChartedAchievement": "ancientcrater12_9102_charted",
    "POITag": "ancientcrater12",
    "AudioGroup": "Music_Territory",
    "AudioState": "Ancient Crater",
    "POILevel": "2",
    "CanPlaceCamp": "1",
    "IsArea": "1",
    "PoiDiscoveryXpModifier": "0"
  },
  {
    "TerritoryID": "9103",
    "NameLocalizationKey": "@ui_area_ancientcrater_13",
    "IsPOI": "1",
    "IsDiscoverable": "",
    "IsChartable": "1",
    "DefaultAchievement": "",
    "LootTags": "",
    "DiscoveredAchievement": "",
    "ChartedAchievement": "ancientcrater13_9103_charted",
    "POITag": "ancientcrater13",
    "AudioGroup": "Music_Territory",
    "AudioState": "Ancient Crater",
    "POILevel": "2",
    "CanPlaceCamp": "1",
    "IsArea": "1",
    "PoiDiscoveryXpModifier": "0"
  },
  {
    "TerritoryID": "9104",
    "NameLocalizationKey": "@ui_area_ancientcrater_14",
    "IsPOI": "1",
    "IsDiscoverable": "",
    "IsChartable": "1",
    "DefaultAchievement": "",
    "LootTags": "",
    "DiscoveredAchievement": "",
    "ChartedAchievement": "ancientcrater14_9104_charted",
    "POITag": "ancientcrater14",
    "AudioGroup": "Music_Territory",
    "AudioState": "Ancient Crater",
    "POILevel": "2",
    "CanPlaceCamp": "1",
    "IsArea": "1",
    "PoiDiscoveryXpModifier": "0"
  },
  {
    "TerritoryID": "9105",
    "NameLocalizationKey": "@ui_area_ancientcrater_15",
    "IsPOI": "1",
    "IsDiscoverable": "",
    "IsChartable": "1",
    "DefaultAchievement": "",
    "LootTags": "",
    "DiscoveredAchievement": "",
    "ChartedAchievement": "ancientcrater15_9105_charted",
    "POITag": "ancientcrater15",
    "AudioGroup": "Music_Territory",
    "AudioState": "Ancient Crater",
    "POILevel": "2",
    "CanPlaceCamp": "1",
    "IsArea": "1",
    "PoiDiscoveryXpModifier": "0"
  },
  {
    "TerritoryID": "9106",
    "NameLocalizationKey": "@ui_area_ancientcrater_16",
    "IsPOI": "1",
    "IsDiscoverable": "",
    "IsChartable": "1",
    "DefaultAchievement": "",
    "LootTags": "",
    "DiscoveredAchievement": "",
    "ChartedAchievement": "ancientcrater16_9106_charted",
    "POITag": "ancientcrater16",
    "AudioGroup": "Music_Territory",
    "AudioState": "Ancient Crater",
    "POILevel": "2",
    "CanPlaceCamp": "1",
    "IsArea": "1",
    "PoiDiscoveryXpModifier": "0"
  },
  {
    "TerritoryID": "9107",
    "NameLocalizationKey": "@ui_area_ancientcrater_17",
    "IsPOI": "1",
    "IsDiscoverable": "",
    "IsChartable": "1",
    "DefaultAchievement": "",
    "LootTags": "",
    "DiscoveredAchievement": "",
    "ChartedAchievement": "ancientcrater17_9107_charted",
    "POITag": "ancientcrater17",
    "AudioGroup": "Music_Territory",
    "AudioState": "Ancient Crater",
    "POILevel": "2",
    "CanPlaceCamp": "1",
    "IsArea": "1",
    "PoiDiscoveryXpModifier": "0"
  },
  {
    "TerritoryID": "9111",
    "NameLocalizationKey": "@ui_area_windswardshores_1",
    "IsPOI": "1",
    "IsDiscoverable": "",
    "IsChartable": "1",
    "DefaultAchievement": "",
    "LootTags": "",
    "DiscoveredAchievement": "",
    "ChartedAchievement": "windswardshores1_9111_charted",
    "POITag": "windswardshores1",
    "AudioGroup": "Music_Territory",
    "AudioState": "Windsward Shores",
    "POILevel": "2",
    "CanPlaceCamp": "1",
    "IsArea": "1",
    "PoiDiscoveryXpModifier": "0"
  },
  {
    "TerritoryID": "9112",
    "NameLocalizationKey": "@ui_area_windswardshores_2",
    "IsPOI": "1",
    "IsDiscoverable": "",
    "IsChartable": "1",
    "DefaultAchievement": "",
    "LootTags": "",
    "DiscoveredAchievement": "",
    "ChartedAchievement": "windswardshores2_9112_charted",
    "POITag": "windswardshores2",
    "AudioGroup": "Music_Territory",
    "AudioState": "Windsward Shores",
    "POILevel": "2",
    "CanPlaceCamp": "1",
    "IsArea": "1",
    "PoiDiscoveryXpModifier": "0"
  },
  {
    "TerritoryID": "9113",
    "NameLocalizationKey": "@ui_area_windswardshores_3",
    "IsPOI": "1",
    "IsDiscoverable": "",
    "IsChartable": "1",
    "DefaultAchievement": "",
    "LootTags": "",
    "DiscoveredAchievement": "",
    "ChartedAchievement": "windswardshores3_9113_charted",
    "POITag": "windswardshores3",
    "AudioGroup": "Music_Territory",
    "AudioState": "Windsward Shores",
    "POILevel": "2",
    "CanPlaceCamp": "1",
    "IsArea": "1",
    "PoiDiscoveryXpModifier": "0"
  },
  {
    "TerritoryID": "9114",
    "NameLocalizationKey": "@ui_area_windswardshores_4",
    "IsPOI": "1",
    "IsDiscoverable": "",
    "IsChartable": "1",
    "DefaultAchievement": "",
    "LootTags": "",
    "DiscoveredAchievement": "",
    "ChartedAchievement": "windswardshores4_9114_charted",
    "POITag": "windswardshores4",
    "AudioGroup": "Music_Territory",
    "AudioState": "Windsward Shores",
    "POILevel": "2",
    "CanPlaceCamp": "1",
    "IsArea": "1",
    "PoiDiscoveryXpModifier": "0"
  },
  {
    "TerritoryID": "9115",
    "NameLocalizationKey": "@ui_area_windswardshores_5",
    "IsPOI": "1",
    "IsDiscoverable": "",
    "IsChartable": "1",
    "DefaultAchievement": "",
    "LootTags": "",
    "DiscoveredAchievement": "",
    "ChartedAchievement": "windswardshores5_9115_charted",
    "POITag": "windswardshores5",
    "AudioGroup": "Music_Territory",
    "AudioState": "Windsward Shores",
    "POILevel": "2",
    "CanPlaceCamp": "1",
    "IsArea": "1",
    "PoiDiscoveryXpModifier": "0"
  },
  {
    "TerritoryID": "9116",
    "NameLocalizationKey": "@ui_area_windswardshores_6",
    "IsPOI": "1",
    "IsDiscoverable": "",
    "IsChartable": "1",
    "DefaultAchievement": "",
    "LootTags": "",
    "DiscoveredAchievement": "",
    "ChartedAchievement": "windswardshores6_9116_charted",
    "POITag": "windswardshores6",
    "AudioGroup": "Music_Territory",
    "AudioState": "Windsward Shores",
    "POILevel": "2",
    "CanPlaceCamp": "1",
    "IsArea": "1",
    "PoiDiscoveryXpModifier": "0"
  },
  {
    "TerritoryID": "9117",
    "NameLocalizationKey": "@ui_area_windswardshores_7",
    "IsPOI": "1",
    "IsDiscoverable": "",
    "IsChartable": "1",
    "DefaultAchievement": "",
    "LootTags": "",
    "DiscoveredAchievement": "",
    "ChartedAchievement": "windswardshores7_9117_charted",
    "POITag": "windswardshores7",
    "AudioGroup": "Music_Territory",
    "AudioState": "Windsward Shores",
    "POILevel": "2",
    "CanPlaceCamp": "1",
    "IsArea": "1",
    "PoiDiscoveryXpModifier": "0"
  },
  {
    "TerritoryID": "9118",
    "NameLocalizationKey": "@ui_area_windswardshores_8",
    "IsPOI": "1",
    "IsDiscoverable": "",
    "IsChartable": "1",
    "DefaultAchievement": "",
    "LootTags": "",
    "DiscoveredAchievement": "",
    "ChartedAchievement": "windswardshores8_9118_charted",
    "POITag": "windswardshores8",
    "AudioGroup": "Music_Territory",
    "AudioState": "Windsward Shores",
    "POILevel": "2",
    "CanPlaceCamp": "1",
    "IsArea": "1",
    "PoiDiscoveryXpModifier": "0"
  },
  {
    "TerritoryID": "9119",
    "NameLocalizationKey": "@ui_area_windswardshores_9",
    "IsPOI": "1",
    "IsDiscoverable": "",
    "IsChartable": "1",
    "DefaultAchievement": "",
    "LootTags": "",
    "DiscoveredAchievement": "",
    "ChartedAchievement": "windswardshores9_9119_charted",
    "POITag": "windswardshores9",
    "AudioGroup": "Music_Territory",
    "AudioState": "Windsward Shores",
    "POILevel": "2",
    "CanPlaceCamp": "1",
    "IsArea": "1",
    "PoiDiscoveryXpModifier": "0"
  },
  {
    "TerritoryID": "9121",
    "NameLocalizationKey": "@ui_area_eastconsolation_1",
    "IsPOI": "1",
    "IsDiscoverable": "",
    "IsChartable": "1",
    "DefaultAchievement": "",
    "LootTags": "",
    "DiscoveredAchievement": "",
    "ChartedAchievement": "eastconsolation1_9121_charted",
    "POITag": "eastconsolation1",
    "AudioGroup": "Music_Territory",
    "AudioState": "East Consolation",
    "POILevel": "2",
    "CanPlaceCamp": "1",
    "IsArea": "1",
    "PoiDiscoveryXpModifier": "0"
  },
  {
    "TerritoryID": "9122",
    "NameLocalizationKey": "@ui_area_eastconsolation_2",
    "IsPOI": "1",
    "IsDiscoverable": "",
    "IsChartable": "1",
    "DefaultAchievement": "",
    "LootTags": "",
    "DiscoveredAchievement": "",
    "ChartedAchievement": "eastconsolation2_9122_charted",
    "POITag": "eastconsolation2",
    "AudioGroup": "Music_Territory",
    "AudioState": "East Consolation",
    "POILevel": "2",
    "CanPlaceCamp": "1",
    "IsArea": "1",
    "PoiDiscoveryXpModifier": "0"
  },
  {
    "TerritoryID": "9123",
    "NameLocalizationKey": "@ui_area_eastconsolation_3",
    "IsPOI": "1",
    "IsDiscoverable": "",
    "IsChartable": "1",
    "DefaultAchievement": "",
    "LootTags": "",
    "DiscoveredAchievement": "",
    "ChartedAchievement": "eastconsolation3_9123_charted",
    "POITag": "eastconsolation3",
    "AudioGroup": "Music_Territory",
    "AudioState": "East Consolation",
    "POILevel": "2",
    "CanPlaceCamp": "1",
    "IsArea": "1",
    "PoiDiscoveryXpModifier": "0"
  },
  {
    "TerritoryID": "9124",
    "NameLocalizationKey": "@ui_area_eastconsolation_4",
    "IsPOI": "1",
    "IsDiscoverable": "",
    "IsChartable": "1",
    "DefaultAchievement": "",
    "LootTags": "",
    "DiscoveredAchievement": "",
    "ChartedAchievement": "eastconsolation4_9124_charted",
    "POITag": "eastconsolation4",
    "AudioGroup": "Music_Territory",
    "AudioState": "East Consolation",
    "POILevel": "2",
    "CanPlaceCamp": "1",
    "IsArea": "1",
    "PoiDiscoveryXpModifier": "0"
  },
  {
    "TerritoryID": "9125",
    "NameLocalizationKey": "@ui_area_eastconsolation_5",
    "IsPOI": "1",
    "IsDiscoverable": "",
    "IsChartable": "1",
    "DefaultAchievement": "",
    "LootTags": "",
    "DiscoveredAchievement": "",
    "ChartedAchievement": "eastconsolation5_9125_charted",
    "POITag": "eastconsolation5",
    "AudioGroup": "Music_Territory",
    "AudioState": "East Consolation",
    "POILevel": "2",
    "CanPlaceCamp": "1",
    "IsArea": "1",
    "PoiDiscoveryXpModifier": "0"
  },
  {
    "TerritoryID": "9131",
    "NameLocalizationKey": "@ui_area_morrowtide_1",
    "IsPOI": "1",
    "IsDiscoverable": "",
    "IsChartable": "1",
    "DefaultAchievement": "",
    "LootTags": "",
    "DiscoveredAchievement": "",
    "ChartedAchievement": "morrowtide1_9131_charted",
    "POITag": "morrowtide1",
    "AudioGroup": "Music_Territory",
    "AudioState": "Morrowtide",
    "POILevel": "2",
    "CanPlaceCamp": "1",
    "IsArea": "1",
    "PoiDiscoveryXpModifier": "0"
  },
  {
    "TerritoryID": "9132",
    "NameLocalizationKey": "@ui_area_morrowtide_2",
    "IsPOI": "1",
    "IsDiscoverable": "",
    "IsChartable": "1",
    "DefaultAchievement": "",
    "LootTags": "",
    "DiscoveredAchievement": "",
    "ChartedAchievement": "morrowtide2_9132_charted",
    "POITag": "morrowtide2",
    "AudioGroup": "Music_Territory",
    "AudioState": "Morrowtide",
    "POILevel": "2",
    "CanPlaceCamp": "1",
    "IsArea": "1",
    "PoiDiscoveryXpModifier": "0"
  },
  {
    "TerritoryID": "9133",
    "NameLocalizationKey": "@ui_area_morrowtide_3",
    "IsPOI": "1",
    "IsDiscoverable": "",
    "IsChartable": "1",
    "DefaultAchievement": "",
    "LootTags": "",
    "DiscoveredAchievement": "",
    "ChartedAchievement": "morrowtide3_9133_charted",
    "POITag": "morrowtide3",
    "AudioGroup": "Music_Territory",
    "AudioState": "Morrowtide",
    "POILevel": "2",
    "CanPlaceCamp": "1",
    "IsArea": "1",
    "PoiDiscoveryXpModifier": "0"
  },
  {
    "TerritoryID": "9134",
    "NameLocalizationKey": "@ui_area_morrowtide_4",
    "IsPOI": "1",
    "IsDiscoverable": "",
    "IsChartable": "1",
    "DefaultAchievement": "",
    "LootTags": "",
    "DiscoveredAchievement": "",
    "ChartedAchievement": "morrowtide4_9134_charted",
    "POITag": "morrowtide4",
    "AudioGroup": "Music_Territory",
    "AudioState": "Morrowtide",
    "POILevel": "2",
    "CanPlaceCamp": "1",
    "IsArea": "1",
    "PoiDiscoveryXpModifier": "0"
  },
  {
    "TerritoryID": "9135",
    "NameLocalizationKey": "@ui_area_morrowtide_5",
    "IsPOI": "1",
    "IsDiscoverable": "",
    "IsChartable": "1",
    "DefaultAchievement": "",
    "LootTags": "",
    "DiscoveredAchievement": "",
    "ChartedAchievement": "morrowtide5_9135_charted",
    "POITag": "morrowtide5",
    "AudioGroup": "Music_Territory",
    "AudioState": "Morrowtide",
    "POILevel": "2",
    "CanPlaceCamp": "1",
    "IsArea": "1",
    "PoiDiscoveryXpModifier": "0"
  },
  {
    "TerritoryID": "9136",
    "NameLocalizationKey": "@ui_area_morrowtide_6",
    "IsPOI": "1",
    "IsDiscoverable": "",
    "IsChartable": "1",
    "DefaultAchievement": "",
    "LootTags": "",
    "DiscoveredAchievement": "",
    "ChartedAchievement": "morrowtide6_9136_charted",
    "POITag": "morrowtide6",
    "AudioGroup": "Music_Territory",
    "AudioState": "Morrowtide",
    "POILevel": "2",
    "CanPlaceCamp": "1",
    "IsArea": "1",
    "PoiDiscoveryXpModifier": "0"
  },
  {
    "TerritoryID": "9137",
    "NameLocalizationKey": "@ui_area_morrowtide_7",
    "IsPOI": "1",
    "IsDiscoverable": "",
    "IsChartable": "1",
    "DefaultAchievement": "",
    "LootTags": "",
    "DiscoveredAchievement": "",
    "ChartedAchievement": "morrowtide7_9137_charted",
    "POITag": "morrowtide7",
    "AudioGroup": "Music_Territory",
    "AudioState": "Morrowtide",
    "POILevel": "2",
    "CanPlaceCamp": "1",
    "IsArea": "1",
    "PoiDiscoveryXpModifier": "0"
  },
  {
    "TerritoryID": "9138",
    "NameLocalizationKey": "@ui_area_morrowtide_8",
    "IsPOI": "1",
    "IsDiscoverable": "",
    "IsChartable": "1",
    "DefaultAchievement": "",
    "LootTags": "",
    "DiscoveredAchievement": "",
    "ChartedAchievement": "morrowtide8_9138_charted",
    "POITag": "morrowtide8",
    "AudioGroup": "Music_Territory",
    "AudioState": "Morrowtide",
    "POILevel": "2",
    "CanPlaceCamp": "1",
    "IsArea": "1",
    "PoiDiscoveryXpModifier": "0"
  },
  {
    "TerritoryID": "9139",
    "NameLocalizationKey": "@ui_area_morrowtide_9",
    "IsPOI": "1",
    "IsDiscoverable": "",
    "IsChartable": "1",
    "DefaultAchievement": "",
    "LootTags": "",
    "DiscoveredAchievement": "",
    "ChartedAchievement": "morrowtide9_9139_charted",
    "POITag": "morrowtide9",
    "AudioGroup": "Music_Territory",
    "AudioState": "Morrowtide",
    "POILevel": "2",
    "CanPlaceCamp": "1",
    "IsArea": "1",
    "PoiDiscoveryXpModifier": "0"
  },
  {
    "TerritoryID": "9140",
    "NameLocalizationKey": "@ui_area_morrowtide_10",
    "IsPOI": "1",
    "IsDiscoverable": "",
    "IsChartable": "1",
    "DefaultAchievement": "",
    "LootTags": "",
    "DiscoveredAchievement": "",
    "ChartedAchievement": "morrowtide10_9140_charted",
    "POITag": "morrowtide10",
    "AudioGroup": "Music_Territory",
    "AudioState": "Morrowtide",
    "POILevel": "2",
    "CanPlaceCamp": "1",
    "IsArea": "1",
    "PoiDiscoveryXpModifier": "0"
  },
  {
    "TerritoryID": "9141",
    "NameLocalizationKey": "@ui_area_morrowtide_11",
    "IsPOI": "1",
    "IsDiscoverable": "",
    "IsChartable": "1",
    "DefaultAchievement": "",
    "LootTags": "",
    "DiscoveredAchievement": "",
    "ChartedAchievement": "morrowtide11_9141_charted",
    "POITag": "morrowtide11",
    "AudioGroup": "Music_Territory",
    "AudioState": "Morrowtide",
    "POILevel": "2",
    "CanPlaceCamp": "1",
    "IsArea": "1",
    "PoiDiscoveryXpModifier": "0"
  },
  {
    "TerritoryID": "9142",
    "NameLocalizationKey": "@ui_area_morrowtide_12",
    "IsPOI": "1",
    "IsDiscoverable": "",
    "IsChartable": "1",
    "DefaultAchievement": "",
    "LootTags": "",
    "DiscoveredAchievement": "",
    "ChartedAchievement": "morrowtide12_9142_charted",
    "POITag": "morrowtide12",
    "AudioGroup": "Music_Territory",
    "AudioState": "Morrowtide",
    "POILevel": "2",
    "CanPlaceCamp": "1",
    "IsArea": "1",
    "PoiDiscoveryXpModifier": "0"
  },
  {
    "TerritoryID": "9151",
    "NameLocalizationKey": "@ui_area_weaversfen_1",
    "IsPOI": "1",
    "IsDiscoverable": "",
    "IsChartable": "1",
    "DefaultAchievement": "",
    "LootTags": "",
    "DiscoveredAchievement": "",
    "ChartedAchievement": "weaversfen1_9151_charted",
    "POITag": "weaversfen1",
    "AudioGroup": "Music_Territory",
    "AudioState": "Weavers Fen",
    "POILevel": "2",
    "CanPlaceCamp": "1",
    "IsArea": "1",
    "PoiDiscoveryXpModifier": "0"
  },
  {
    "TerritoryID": "9152",
    "NameLocalizationKey": "@ui_area_weaversfen_2",
    "IsPOI": "1",
    "IsDiscoverable": "",
    "IsChartable": "1",
    "DefaultAchievement": "",
    "LootTags": "",
    "DiscoveredAchievement": "",
    "ChartedAchievement": "weaversfen2_9152_charted",
    "POITag": "weaversfen2",
    "AudioGroup": "Music_Territory",
    "AudioState": "Weavers Fen",
    "POILevel": "2",
    "CanPlaceCamp": "1",
    "IsArea": "1",
    "PoiDiscoveryXpModifier": "0"
  },
  {
    "TerritoryID": "9153",
    "NameLocalizationKey": "@ui_area_weaversfen_3",
    "IsPOI": "1",
    "IsDiscoverable": "",
    "IsChartable": "1",
    "DefaultAchievement": "",
    "LootTags": "",
    "DiscoveredAchievement": "",
    "ChartedAchievement": "weaversfen3_9153_charted",
    "POITag": "weaversfen3",
    "AudioGroup": "Music_Territory",
    "AudioState": "Weavers Fen",
    "POILevel": "2",
    "CanPlaceCamp": "1",
    "IsArea": "1",
    "PoiDiscoveryXpModifier": "0"
  },
  {
    "TerritoryID": "9154",
    "NameLocalizationKey": "@ui_area_weaversfen_4",
    "IsPOI": "1",
    "IsDiscoverable": "",
    "IsChartable": "1",
    "DefaultAchievement": "",
    "LootTags": "",
    "DiscoveredAchievement": "",
    "ChartedAchievement": "weaversfen4_9154_charted",
    "POITag": "weaversfen4",
    "AudioGroup": "Music_Territory",
    "AudioState": "Weavers Fen",
    "POILevel": "2",
    "CanPlaceCamp": "1",
    "IsArea": "1",
    "PoiDiscoveryXpModifier": "0"
  },
  {
    "TerritoryID": "9155",
    "NameLocalizationKey": "@ui_area_weaversfen_5",
    "IsPOI": "1",
    "IsDiscoverable": "",
    "IsChartable": "1",
    "DefaultAchievement": "",
    "LootTags": "",
    "DiscoveredAchievement": "",
    "ChartedAchievement": "weaversfen5_9155_charted",
    "POITag": "weaversfen5",
    "AudioGroup": "Music_Territory",
    "AudioState": "Weavers Fen",
    "POILevel": "2",
    "CanPlaceCamp": "1",
    "IsArea": "1",
    "PoiDiscoveryXpModifier": "0"
  },
  {
    "TerritoryID": "9156",
    "NameLocalizationKey": "@ui_area_weaversfen_6",
    "IsPOI": "1",
    "IsDiscoverable": "",
    "IsChartable": "1",
    "DefaultAchievement": "",
    "LootTags": "",
    "DiscoveredAchievement": "",
    "ChartedAchievement": "weaversfen6_9156_charted",
    "POITag": "weaversfen6",
    "AudioGroup": "Music_Territory",
    "AudioState": "Weavers Fen",
    "POILevel": "2",
    "CanPlaceCamp": "1",
    "IsArea": "1",
    "PoiDiscoveryXpModifier": "0"
  },
  {
    "TerritoryID": "9157",
    "NameLocalizationKey": "@ui_area_weaversfen_7",
    "IsPOI": "1",
    "IsDiscoverable": "",
    "IsChartable": "1",
    "DefaultAchievement": "",
    "LootTags": "",
    "DiscoveredAchievement": "",
    "ChartedAchievement": "weaversfen7_9157_charted",
    "POITag": "weaversfen7",
    "AudioGroup": "Music_Territory",
    "AudioState": "Weavers Fen",
    "POILevel": "2",
    "CanPlaceCamp": "1",
    "IsArea": "1",
    "PoiDiscoveryXpModifier": "0"
  },
  {
    "TerritoryID": "9158",
    "NameLocalizationKey": "@ui_area_weaversfen_8",
    "IsPOI": "1",
    "IsDiscoverable": "",
    "IsChartable": "1",
    "DefaultAchievement": "",
    "LootTags": "",
    "DiscoveredAchievement": "",
    "ChartedAchievement": "weaversfen8_9158_charted",
    "POITag": "weaversfen8",
    "AudioGroup": "Music_Territory",
    "AudioState": "Weavers Fen",
    "POILevel": "2",
    "CanPlaceCamp": "1",
    "IsArea": "1",
    "PoiDiscoveryXpModifier": "0"
  },
  {
    "TerritoryID": "9159",
    "NameLocalizationKey": "@ui_area_reekwater_1",
    "IsPOI": "1",
    "IsDiscoverable": "",
    "IsChartable": "1",
    "DefaultAchievement": "",
    "LootTags": "",
    "DiscoveredAchievement": "",
    "ChartedAchievement": "reekwater1_9159_charted",
    "POITag": "reekwater1",
    "AudioGroup": "Music_Territory",
    "AudioState": "Reekwater",
    "POILevel": "2",
    "CanPlaceCamp": "1",
    "IsArea": "1",
    "PoiDiscoveryXpModifier": "0"
  },
  {
    "TerritoryID": "9160",
    "NameLocalizationKey": "@ui_area_reekwater_2",
    "IsPOI": "1",
    "IsDiscoverable": "",
    "IsChartable": "1",
    "DefaultAchievement": "",
    "LootTags": "",
    "DiscoveredAchievement": "",
    "ChartedAchievement": "reekwater2_9160_charted",
    "POITag": "reekwater2",
    "AudioGroup": "Music_Territory",
    "AudioState": "Reekwater",
    "POILevel": "2",
    "CanPlaceCamp": "1",
    "IsArea": "1",
    "PoiDiscoveryXpModifier": "0"
  },
  {
    "TerritoryID": "9161",
    "NameLocalizationKey": "@ui_area_reekwater_3",
    "IsPOI": "1",
    "IsDiscoverable": "",
    "IsChartable": "1",
    "DefaultAchievement": "",
    "LootTags": "",
    "DiscoveredAchievement": "",
    "ChartedAchievement": "reekwater3_9161_charted",
    "POITag": "reekwater3",
    "AudioGroup": "Music_Territory",
    "AudioState": "Reekwater",
    "POILevel": "2",
    "CanPlaceCamp": "1",
    "IsArea": "1",
    "PoiDiscoveryXpModifier": "0"
  },
  {
    "TerritoryID": "9162",
    "NameLocalizationKey": "@ui_area_reekwater_4",
    "IsPOI": "1",
    "IsDiscoverable": "",
    "IsChartable": "1",
    "DefaultAchievement": "",
    "LootTags": "",
    "DiscoveredAchievement": "",
    "ChartedAchievement": "reekwater4_9162_charted",
    "POITag": "reekwater4",
    "AudioGroup": "Music_Territory",
    "AudioState": "Reekwater",
    "POILevel": "2",
    "CanPlaceCamp": "1",
    "IsArea": "1",
    "PoiDiscoveryXpModifier": "0"
  },
  {
    "TerritoryID": "9163",
    "NameLocalizationKey": "@ui_area_reekwater_5",
    "IsPOI": "1",
    "IsDiscoverable": "",
    "IsChartable": "1",
    "DefaultAchievement": "",
    "LootTags": "",
    "DiscoveredAchievement": "",
    "ChartedAchievement": "reekwater5_9163_charted",
    "POITag": "reekwater5",
    "AudioGroup": "Music_Territory",
    "AudioState": "Reekwater",
    "POILevel": "2",
    "CanPlaceCamp": "1",
    "IsArea": "1",
    "PoiDiscoveryXpModifier": "0"
  },
  {
    "TerritoryID": "9164",
    "NameLocalizationKey": "@ui_area_reekwater_6",
    "IsPOI": "1",
    "IsDiscoverable": "",
    "IsChartable": "1",
    "DefaultAchievement": "",
    "LootTags": "",
    "DiscoveredAchievement": "",
    "ChartedAchievement": "reekwater6_9164_charted",
    "POITag": "reekwater6",
    "AudioGroup": "Music_Territory",
    "AudioState": "Reekwater",
    "POILevel": "2",
    "CanPlaceCamp": "1",
    "IsArea": "1",
    "PoiDiscoveryXpModifier": "0"
  },
  {
    "TerritoryID": "9165",
    "NameLocalizationKey": "@ui_area_reekwater_7",
    "IsPOI": "1",
    "IsDiscoverable": "",
    "IsChartable": "1",
    "DefaultAchievement": "",
    "LootTags": "",
    "DiscoveredAchievement": "",
    "ChartedAchievement": "reekwater7_9165_charted",
    "POITag": "reekwater7",
    "AudioGroup": "Music_Territory",
    "AudioState": "Reekwater",
    "POILevel": "2",
    "CanPlaceCamp": "1",
    "IsArea": "1",
    "PoiDiscoveryXpModifier": "0"
  },
  {
    "TerritoryID": "9166",
    "NameLocalizationKey": "@ui_area_reekwater_8",
    "IsPOI": "1",
    "IsDiscoverable": "",
    "IsChartable": "1",
    "DefaultAchievement": "",
    "LootTags": "",
    "DiscoveredAchievement": "",
    "ChartedAchievement": "reekwater8_9166_charted",
    "POITag": "reekwater8",
    "AudioGroup": "Music_Territory",
    "AudioState": "Reekwater",
    "POILevel": "2",
    "CanPlaceCamp": "1",
    "IsArea": "1",
    "PoiDiscoveryXpModifier": "0"
  },
  {
    "TerritoryID": "9167",
    "NameLocalizationKey": "@ui_area_reekwater_9",
    "IsPOI": "1",
    "IsDiscoverable": "",
    "IsChartable": "1",
    "DefaultAchievement": "",
    "LootTags": "",
    "DiscoveredAchievement": "",
    "ChartedAchievement": "reekwater9_9167_charted",
    "POITag": "reekwater9",
    "AudioGroup": "Music_Territory",
    "AudioState": "Reekwater",
    "POILevel": "2",
    "CanPlaceCamp": "1",
    "IsArea": "1",
    "PoiDiscoveryXpModifier": "0"
  },
  {
    "TerritoryID": "9168",
    "NameLocalizationKey": "@ui_area_reekwater_10",
    "IsPOI": "1",
    "IsDiscoverable": "",
    "IsChartable": "1",
    "DefaultAchievement": "",
    "LootTags": "",
    "DiscoveredAchievement": "",
    "ChartedAchievement": "reekwater10_9168_charted",
    "POITag": "reekwater10",
    "AudioGroup": "Music_Territory",
    "AudioState": "Reekwater",
    "POILevel": "2",
    "CanPlaceCamp": "1",
    "IsArea": "1",
    "PoiDiscoveryXpModifier": "0"
  },
  {
    "TerritoryID": "9169",
    "NameLocalizationKey": "@ui_area_reekwater_11",
    "IsPOI": "1",
    "IsDiscoverable": "",
    "IsChartable": "1",
    "DefaultAchievement": "",
    "LootTags": "",
    "DiscoveredAchievement": "",
    "ChartedAchievement": "reekwater11_9169_charted",
    "POITag": "reekwater11",
    "AudioGroup": "Music_Territory",
    "AudioState": "Reekwater",
    "POILevel": "2",
    "CanPlaceCamp": "1",
    "IsArea": "1",
    "PoiDiscoveryXpModifier": "0"
  },
  {
    "TerritoryID": "9170",
    "NameLocalizationKey": "@ui_area_brightwood_9",
    "IsPOI": "1",
    "IsDiscoverable": "",
    "IsChartable": "1",
    "DefaultAchievement": "",
    "LootTags": "",
    "DiscoveredAchievement": "",
    "ChartedAchievement": "brightwood9_9170_charted",
    "POITag": "brightwood9",
    "AudioGroup": "Music_Territory",
    "AudioState": "Brightwoods",
    "POILevel": "2",
    "CanPlaceCamp": "1",
    "IsArea": "1",
    "PoiDiscoveryXpModifier": "0"
  },
  {
    "TerritoryID": "9171",
    "NameLocalizationKey": "@ui_area_brimstonesands_1",
    "IsPOI": "1",
    "IsDiscoverable": "",
    "IsChartable": "1",
    "DefaultAchievement": "",
    "LootTags": "",
    "DiscoveredAchievement": "",
    "ChartedAchievement": "brimstonesands1_9171_charted",
    "POITag": "brimstonesands1",
    "AudioGroup": "Music_Territory",
    "AudioState": "Brimstone Sands",
    "POILevel": "2",
    "CanPlaceCamp": "1",
    "IsArea": "1",
    "PoiDiscoveryXpModifier": "0"
  },
  {
    "TerritoryID": "9172",
    "NameLocalizationKey": "@ui_area_brimstonesands_2",
    "IsPOI": "1",
    "IsDiscoverable": "",
    "IsChartable": "1",
    "DefaultAchievement": "",
    "LootTags": "",
    "DiscoveredAchievement": "",
    "ChartedAchievement": "brimstonesands2_9172_charted",
    "POITag": "brimstonesands2",
    "AudioGroup": "Music_Territory",
    "AudioState": "Brimstone Sands",
    "POILevel": "2",
    "CanPlaceCamp": "1",
    "IsArea": "1",
    "PoiDiscoveryXpModifier": "0"
  },
  {
    "TerritoryID": "9173",
    "NameLocalizationKey": "@ui_area_brimstonesands_3",
    "IsPOI": "1",
    "IsDiscoverable": "",
    "IsChartable": "1",
    "DefaultAchievement": "",
    "LootTags": "",
    "DiscoveredAchievement": "",
    "ChartedAchievement": "brimstonesands3_9173_charted",
    "POITag": "brimstonesands3",
    "AudioGroup": "Music_Territory",
    "AudioState": "Brimstone Sands",
    "POILevel": "2",
    "CanPlaceCamp": "1",
    "IsArea": "1",
    "PoiDiscoveryXpModifier": "0"
  },
  {
    "TerritoryID": "9174",
    "NameLocalizationKey": "@ui_area_brimstonesands_4",
    "IsPOI": "1",
    "IsDiscoverable": "",
    "IsChartable": "1",
    "DefaultAchievement": "",
    "LootTags": "",
    "DiscoveredAchievement": "",
    "ChartedAchievement": "brimstonesands4_9174_charted",
    "POITag": "brimstonesands4",
    "AudioGroup": "Music_Territory",
    "AudioState": "Brimstone Sands",
    "POILevel": "2",
    "CanPlaceCamp": "1",
    "IsArea": "1",
    "PoiDiscoveryXpModifier": "0"
  },
  {
    "TerritoryID": "9175",
    "NameLocalizationKey": "@ui_area_brimstonesands_5",
    "IsPOI": "1",
    "IsDiscoverable": "",
    "IsChartable": "1",
    "DefaultAchievement": "",
    "LootTags": "",
    "DiscoveredAchievement": "",
    "ChartedAchievement": "brimstonesands5_9175_charted",
    "POITag": "brimstonesands5",
    "AudioGroup": "Music_Territory",
    "AudioState": "Brimstone Sands",
    "POILevel": "2",
    "CanPlaceCamp": "1",
    "IsArea": "1",
    "PoiDiscoveryXpModifier": "0"
  },
  {
    "TerritoryID": "9176",
    "NameLocalizationKey": "@ui_area_brimstonesands_6",
    "IsPOI": "1",
    "IsDiscoverable": "",
    "IsChartable": "1",
    "DefaultAchievement": "",
    "LootTags": "",
    "DiscoveredAchievement": "",
    "ChartedAchievement": "brimstonesands6_9176_charted",
    "POITag": "brimstonesands6",
    "AudioGroup": "Music_Territory",
    "AudioState": "Brimstone Sands",
    "POILevel": "2",
    "CanPlaceCamp": "1",
    "IsArea": "1",
    "PoiDiscoveryXpModifier": "0"
  },
  {
    "TerritoryID": "9177",
    "NameLocalizationKey": "@ui_area_brimstonesands_7",
    "IsPOI": "1",
    "IsDiscoverable": "",
    "IsChartable": "1",
    "DefaultAchievement": "",
    "LootTags": "",
    "DiscoveredAchievement": "",
    "ChartedAchievement": "brimstonesands7_9177_charted",
    "POITag": "brimstonesands7",
    "AudioGroup": "Music_Territory",
    "AudioState": "Brimstone Sands",
    "POILevel": "2",
    "CanPlaceCamp": "1",
    "IsArea": "1",
    "PoiDiscoveryXpModifier": "0"
  },
  {
    "TerritoryID": "9178",
    "NameLocalizationKey": "@ui_area_brimstonesands_8",
    "IsPOI": "1",
    "IsDiscoverable": "",
    "IsChartable": "1",
    "DefaultAchievement": "",
    "LootTags": "",
    "DiscoveredAchievement": "",
    "ChartedAchievement": "brimstonesands8_9178_charted",
    "POITag": "brimstonesands8",
    "AudioGroup": "Music_Territory",
    "AudioState": "Brimstone Sands",
    "POILevel": "2",
    "CanPlaceCamp": "1",
    "IsArea": "1",
    "PoiDiscoveryXpModifier": "0"
  },
  {
    "TerritoryID": "9179",
    "NameLocalizationKey": "@ui_area_brimstonesands_9",
    "IsPOI": "1",
    "IsDiscoverable": "",
    "IsChartable": "1",
    "DefaultAchievement": "",
    "LootTags": "",
    "DiscoveredAchievement": "",
    "ChartedAchievement": "brimstonesands9_9179_charted",
    "POITag": "brimstonesands9",
    "AudioGroup": "Music_Territory",
    "AudioState": "Brimstone Sands",
    "POILevel": "2",
    "CanPlaceCamp": "1",
    "IsArea": "1",
    "PoiDiscoveryXpModifier": "0"
  },
  {
    "TerritoryID": "9180",
    "NameLocalizationKey": "@ui_area_brimstonesands_10",
    "IsPOI": "1",
    "IsDiscoverable": "",
    "IsChartable": "1",
    "DefaultAchievement": "",
    "LootTags": "",
    "DiscoveredAchievement": "",
    "ChartedAchievement": "brimstonesands10_9180_charted",
    "POITag": "brimstonesands10",
    "AudioGroup": "Music_Territory",
    "AudioState": "Brimstone Sands",
    "POILevel": "2",
    "CanPlaceCamp": "1",
    "IsArea": "1",
    "PoiDiscoveryXpModifier": "0"
  },
  {
    "TerritoryID": "9181",
    "NameLocalizationKey": "@ui_area_ebonscalereach_1",
    "IsPOI": "1",
    "IsDiscoverable": "",
    "IsChartable": "1",
    "DefaultAchievement": "",
    "LootTags": "",
    "DiscoveredAchievement": "",
    "ChartedAchievement": "ebonscalereach1_9181_charted",
    "POITag": "ebonscalereach1",
    "AudioGroup": "Music_Territory",
    "AudioState": "Ebonscale Reach",
    "POILevel": "2",
    "CanPlaceCamp": "1",
    "IsArea": "1",
    "PoiDiscoveryXpModifier": "0"
  },
  {
    "TerritoryID": "9182",
    "NameLocalizationKey": "@ui_area_ebonscalereach_2",
    "IsPOI": "1",
    "IsDiscoverable": "",
    "IsChartable": "1",
    "DefaultAchievement": "",
    "LootTags": "",
    "DiscoveredAchievement": "",
    "ChartedAchievement": "ebonscalereach2_9182_charted",
    "POITag": "ebonscalereach2",
    "AudioGroup": "Music_Territory",
    "AudioState": "Ebonscale Reach",
    "POILevel": "2",
    "CanPlaceCamp": "1",
    "IsArea": "1",
    "PoiDiscoveryXpModifier": "0"
  },
  {
    "TerritoryID": "9183",
    "NameLocalizationKey": "@ui_area_ebonscalereach_3",
    "IsPOI": "1",
    "IsDiscoverable": "",
    "IsChartable": "1",
    "DefaultAchievement": "",
    "LootTags": "",
    "DiscoveredAchievement": "",
    "ChartedAchievement": "ebonscalereach3_9183_charted",
    "POITag": "ebonscalereach3",
    "AudioGroup": "Music_Territory",
    "AudioState": "Ebonscale Reach",
    "POILevel": "2",
    "CanPlaceCamp": "1",
    "IsArea": "1",
    "PoiDiscoveryXpModifier": "0"
  },
  {
    "TerritoryID": "9184",
    "NameLocalizationKey": "@ui_area_ebonscalereach_4",
    "IsPOI": "1",
    "IsDiscoverable": "",
    "IsChartable": "1",
    "DefaultAchievement": "",
    "LootTags": "",
    "DiscoveredAchievement": "",
    "ChartedAchievement": "ebonscalereach4_9184_charted",
    "POITag": "ebonscalereach4",
    "AudioGroup": "Music_Territory",
    "AudioState": "Ebonscale Reach",
    "POILevel": "2",
    "CanPlaceCamp": "1",
    "IsArea": "1",
    "PoiDiscoveryXpModifier": "0"
  },
  {
    "TerritoryID": "9185",
    "NameLocalizationKey": "@ui_area_ebonscalereach_5",
    "IsPOI": "1",
    "IsDiscoverable": "",
    "IsChartable": "1",
    "DefaultAchievement": "",
    "LootTags": "",
    "DiscoveredAchievement": "",
    "ChartedAchievement": "ebonscalereach5_9185_charted",
    "POITag": "ebonscalereach5",
    "AudioGroup": "Music_Territory",
    "AudioState": "Ebonscale Reach",
    "POILevel": "2",
    "CanPlaceCamp": "1",
    "IsArea": "1",
    "PoiDiscoveryXpModifier": "0"
  },
  {
    "TerritoryID": "9186",
    "NameLocalizationKey": "@ui_area_ebonscalereach_6",
    "IsPOI": "1",
    "IsDiscoverable": "",
    "IsChartable": "1",
    "DefaultAchievement": "",
    "LootTags": "",
    "DiscoveredAchievement": "",
    "ChartedAchievement": "ebonscalereach6_9186_charted",
    "POITag": "ebonscalereach6",
    "AudioGroup": "Music_Territory",
    "AudioState": "Ebonscale Reach",
    "POILevel": "2",
    "CanPlaceCamp": "1",
    "IsArea": "1",
    "PoiDiscoveryXpModifier": "0"
  },
  {
    "TerritoryID": "9187",
    "NameLocalizationKey": "@ui_area_ebonscalereach_7",
    "IsPOI": "1",
    "IsDiscoverable": "",
    "IsChartable": "1",
    "DefaultAchievement": "",
    "LootTags": "",
    "DiscoveredAchievement": "",
    "ChartedAchievement": "ebonscalereach7_9187_charted",
    "POITag": "ebonscalereach7",
    "AudioGroup": "Music_Territory",
    "AudioState": "Ebonscale Reach",
    "POILevel": "2",
    "CanPlaceCamp": "1",
    "IsArea": "1",
    "PoiDiscoveryXpModifier": "0"
  },
  {
    "TerritoryID": "9188",
    "NameLocalizationKey": "@ui_area_ebonscalereach_8",
    "IsPOI": "1",
    "IsDiscoverable": "",
    "IsChartable": "1",
    "DefaultAchievement": "",
    "LootTags": "",
    "DiscoveredAchievement": "",
    "ChartedAchievement": "ebonscalereach8_9188_charted",
    "POITag": "ebonscalereach8",
    "AudioGroup": "Music_Territory",
    "AudioState": "Ebonscale Reach",
    "POILevel": "2",
    "CanPlaceCamp": "1",
    "IsArea": "1",
    "PoiDiscoveryXpModifier": "0"
  }
]