[
  {
    "DamageID": "Fall",
    "WeaponCategory": "Fall",
    "IgnoreInvulnerable": "1",
    "NoReaction": "1",
    "IsRanged": "",
    "SurfaceImpactEffect": "Bullet",
    "AttackType": "",
    "DamageType": "Falling",
    "Affliction": "",
    "AddAffliction": "",
    "AfflictionPercent": "",
    "Affixes": "",
    "StatusEffect": "",
    "EffectOnlyOnDamage": "",
    "DeflectDamageID": "",
    "CanCrit": "0",
    "DmgCoef": "1",
    "DmgCoefHead": "0",
    "DmgCoefCrit": "",
    "PowerLevel": "2",
    "BlockPowerLevel": "2",
    "CritPowerLevel": "2",
    "HitStun": "0",
    "BlockHitStun": "0",
    "CritHitStun": "0",
    "ImpactDistanceX": "0",
    "ImpactDistanceY": "0",
    "ImpactDistanceZ": "0",
    "ImpactDecayRate": "0",
    "BlockImpactDistanceX": "0",
    "BlockImpactDistanceY": "0",
    "BlockImpactDistanceZ": "0",
    "BlockImpactDecayRate": "0",
    "CritImpactDistanceX": "0",
    "CritImpactDistanceY": "0",
    "CritImpactDistanceZ": "0",
    "CritImpactDecayRate": "0",
    "AddDmg": "0",
    "StaggerDmgModifier": "0",
    "CritStaggerDmgModifier": "",
    "StaggerResistModifier": "0",
    "TargetCameraShakeID": "Small",
    "BlockTargetCameraShakeID": "Small",
    "CritTargetCameraShakeID": "Small",
    "ImpactRating": "0",
    "BlockStaminaDmgMod": "1",
    "BlockAbsorptionModifier": "1",
    "StunBreakoutIncrement": "1",
    "UseAttackerPosForReaction": ""
  },
  {
    "DamageID": "Reaction_Breakout",
    "WeaponCategory": "Fall",
    "IgnoreInvulnerable": "1",
    "NoReaction": "1",
    "IsRanged": "",
    "SurfaceImpactEffect": "Bullet",
    "AttackType": "",
    "DamageType": "Falling",
    "Affliction": "",
    "AddAffliction": "",
    "AfflictionPercent": "",
    "Affixes": "",
    "StatusEffect": "",
    "EffectOnlyOnDamage": "",
    "DeflectDamageID": "",
    "CanCrit": "0",
    "DmgCoef": "0",
    "DmgCoefHead": "0",
    "DmgCoefCrit": "",
    "PowerLevel": "0",
    "BlockPowerLevel": "0",
    "CritPowerLevel": "0",
    "HitStun": "0",
    "BlockHitStun": "0",
    "CritHitStun": "0",
    "ImpactDistanceX": "0",
    "ImpactDistanceY": "0",
    "ImpactDistanceZ": "0",
    "ImpactDecayRate": "0",
    "BlockImpactDistanceX": "0",
    "BlockImpactDistanceY": "0",
    "BlockImpactDistanceZ": "0",
    "BlockImpactDecayRate": "0",
    "CritImpactDistanceX": "0",
    "CritImpactDistanceY": "0",
    "CritImpactDistanceZ": "0",
    "CritImpactDecayRate": "0",
    "AddDmg": "0",
    "StaggerDmgModifier": "0",
    "CritStaggerDmgModifier": "",
    "StaggerResistModifier": "10",
    "TargetCameraShakeID": "Small",
    "BlockTargetCameraShakeID": "Small",
    "CritTargetCameraShakeID": "Small",
    "ImpactRating": "1",
    "BlockStaminaDmgMod": "",
    "BlockAbsorptionModifier": "",
    "StunBreakoutIncrement": "1",
    "UseAttackerPosForReaction": ""
  },
  {
    "DamageID": "Elite_GRIT",
    "WeaponCategory": "Sword+Fire",
    "IgnoreInvulnerable": "0",
    "NoReaction": "0",
    "IsRanged": "",
    "SurfaceImpactEffect": "Bullet",
    "AttackType": "",
    "DamageType": "Standard",
    "Affliction": "",
    "AddAffliction": "",
    "AfflictionPercent": "",
    "Affixes": "",
    "StatusEffect": "",
    "EffectOnlyOnDamage": "",
    "DeflectDamageID": "Deflect_Default",
    "CanCrit": "0",
    "DmgCoef": "0",
    "DmgCoefHead": "0",
    "DmgCoefCrit": "",
    "PowerLevel": "1",
    "BlockPowerLevel": "1",
    "CritPowerLevel": "1",
    "HitStun": "20",
    "BlockHitStun": "15",
    "CritHitStun": "20",
    "ImpactDistanceX": "0",
    "ImpactDistanceY": "0",
    "ImpactDistanceZ": "0",
    "ImpactDecayRate": "0.8",
    "BlockImpactDistanceX": "0",
    "BlockImpactDistanceY": "0.75",
    "BlockImpactDistanceZ": "0",
    "BlockImpactDecayRate": "0.8",
    "CritImpactDistanceX": "0",
    "CritImpactDistanceY": "0",
    "CritImpactDistanceZ": "0",
    "CritImpactDecayRate": "0.8",
    "AddDmg": "0",
    "StaggerDmgModifier": "1.95",
    "CritStaggerDmgModifier": "",
    "StaggerResistModifier": "10",
    "TargetCameraShakeID": "Small",
    "BlockTargetCameraShakeID": "Small",
    "CritTargetCameraShakeID": "Small",
    "ImpactRating": "0",
    "BlockStaminaDmgMod": "1",
    "BlockAbsorptionModifier": "1",
    "StunBreakoutIncrement": "1",
    "UseAttackerPosForReaction": ""
  },
  {
    "DamageID": "Attack_Force_Grab",
    "WeaponCategory": "CorruptedMagic",
    "IgnoreInvulnerable": "0",
    "NoReaction": "0",
    "IsRanged": "",
    "SurfaceImpactEffect": "Bullet",
    "AttackType": "Magic",
    "DamageType": "Corruption",
    "Affliction": "",
    "AddAffliction": "",
    "AfflictionPercent": "",
    "Affixes": "",
    "StatusEffect": "",
    "EffectOnlyOnDamage": "",
    "DeflectDamageID": "Deflect_Default",
    "CanCrit": "0",
    "DmgCoef": "0",
    "DmgCoefHead": "1",
    "DmgCoefCrit": "",
    "PowerLevel": "3",
    "BlockPowerLevel": "3",
    "CritPowerLevel": "3",
    "HitStun": "34",
    "BlockHitStun": "30",
    "CritHitStun": "34",
    "ImpactDistanceX": "0",
    "ImpactDistanceY": "-1",
    "ImpactDistanceZ": "-2",
    "ImpactDecayRate": "0.7",
    "BlockImpactDistanceX": "0",
    "BlockImpactDistanceY": "-1",
    "BlockImpactDistanceZ": "-2",
    "BlockImpactDecayRate": "0.7",
    "CritImpactDistanceX": "0",
    "CritImpactDistanceY": "-1",
    "CritImpactDistanceZ": "-2",
    "CritImpactDecayRate": "0.7",
    "AddDmg": "0",
    "StaggerDmgModifier": "0",
    "CritStaggerDmgModifier": "",
    "StaggerResistModifier": "0",
    "TargetCameraShakeID": "Large",
    "BlockTargetCameraShakeID": "Large",
    "CritTargetCameraShakeID": "Large",
    "ImpactRating": "4",
    "BlockStaminaDmgMod": "0",
    "BlockAbsorptionModifier": "0",
    "StunBreakoutIncrement": "0",
    "UseAttackerPosForReaction": "1"
  },
  {
    "DamageID": "Attack_Force_Grab_Attach",
    "WeaponCategory": "CorruptedMagic",
    "IgnoreInvulnerable": "0",
    "NoReaction": "1",
    "IsRanged": "",
    "SurfaceImpactEffect": "Bullet",
    "AttackType": "Magic",
    "DamageType": "Corruption",
    "Affliction": "",
    "AddAffliction": "",
    "AfflictionPercent": "",
    "Affixes": "",
    "StatusEffect": "AI_Thorpe_Force_Grab_Tracker",
    "EffectOnlyOnDamage": "0",
    "DeflectDamageID": "Deflect_Default",
    "CanCrit": "0",
    "DmgCoef": "0",
    "DmgCoefHead": "1",
    "DmgCoefCrit": "",
    "PowerLevel": "0",
    "BlockPowerLevel": "0",
    "CritPowerLevel": "0",
    "HitStun": "0",
    "BlockHitStun": "0",
    "CritHitStun": "0",
    "ImpactDistanceX": "0",
    "ImpactDistanceY": "0",
    "ImpactDistanceZ": "0",
    "ImpactDecayRate": "0",
    "BlockImpactDistanceX": "0",
    "BlockImpactDistanceY": "0",
    "BlockImpactDistanceZ": "0",
    "BlockImpactDecayRate": "0",
    "CritImpactDistanceX": "0",
    "CritImpactDistanceY": "0",
    "CritImpactDistanceZ": "0",
    "CritImpactDecayRate": "0",
    "AddDmg": "0",
    "StaggerDmgModifier": "0",
    "CritStaggerDmgModifier": "",
    "StaggerResistModifier": "0",
    "TargetCameraShakeID": "Small",
    "BlockTargetCameraShakeID": "Small",
    "CritTargetCameraShakeID": "Small",
    "ImpactRating": "0",
    "BlockStaminaDmgMod": "0",
    "BlockAbsorptionModifier": "0",
    "StunBreakoutIncrement": "0",
    "UseAttackerPosForReaction": ""
  },
  {
    "DamageID": "Attack_Darkness_Calls",
    "WeaponCategory": "CorruptedMagic",
    "IgnoreInvulnerable": "0",
    "NoReaction": "0",
    "IsRanged": "",
    "SurfaceImpactEffect": "Bullet",
    "AttackType": "Magic",
    "DamageType": "Corruption",
    "Affliction": "",
    "AddAffliction": "",
    "AfflictionPercent": "",
    "Affixes": "",
    "StatusEffect": "",
    "EffectOnlyOnDamage": "",
    "DeflectDamageID": "Deflect_Default",
    "CanCrit": "0",
    "DmgCoef": "0.25",
    "DmgCoefHead": "1",
    "DmgCoefCrit": "",
    "PowerLevel": "2",
    "BlockPowerLevel": "2",
    "CritPowerLevel": "2",
    "HitStun": "27",
    "BlockHitStun": "21",
    "CritHitStun": "27",
    "ImpactDistanceX": "0",
    "ImpactDistanceY": "-2",
    "ImpactDistanceZ": "0",
    "ImpactDecayRate": "0.7",
    "BlockImpactDistanceX": "0",
    "BlockImpactDistanceY": "-1.7",
    "BlockImpactDistanceZ": "0",
    "BlockImpactDecayRate": "0.7",
    "CritImpactDistanceX": "0",
    "CritImpactDistanceY": "-2",
    "CritImpactDistanceZ": "0",
    "CritImpactDecayRate": "0.7",
    "AddDmg": "0",
    "StaggerDmgModifier": "0",
    "CritStaggerDmgModifier": "",
    "StaggerResistModifier": "0",
    "TargetCameraShakeID": "Large",
    "BlockTargetCameraShakeID": "Large",
    "CritTargetCameraShakeID": "Large",
    "ImpactRating": "3",
    "BlockStaminaDmgMod": "0.6",
    "BlockAbsorptionModifier": "0",
    "StunBreakoutIncrement": "0",
    "UseAttackerPosForReaction": ""
  },
  {
    "DamageID": "Attack_Darkness_Calls_Affliction",
    "WeaponCategory": "CorruptedMagic",
    "IgnoreInvulnerable": "0",
    "NoReaction": "1",
    "IsRanged": "",
    "SurfaceImpactEffect": "Bullet",
    "AttackType": "Magic",
    "DamageType": "Corruption",
    "Affliction": "",
    "AddAffliction": "",
    "AfflictionPercent": "",
    "Affixes": "",
    "StatusEffect": "AI_Thorpe_Darkness_Calls_Corruption",
    "EffectOnlyOnDamage": "0",
    "DeflectDamageID": "Deflect_Default",
    "CanCrit": "0",
    "DmgCoef": "0",
    "DmgCoefHead": "1",
    "DmgCoefCrit": "",
    "PowerLevel": "0",
    "BlockPowerLevel": "0",
    "CritPowerLevel": "0",
    "HitStun": "0",
    "BlockHitStun": "0",
    "CritHitStun": "0",
    "ImpactDistanceX": "0",
    "ImpactDistanceY": "0",
    "ImpactDistanceZ": "0",
    "ImpactDecayRate": "0",
    "BlockImpactDistanceX": "0",
    "BlockImpactDistanceY": "0",
    "BlockImpactDistanceZ": "0",
    "BlockImpactDecayRate": "0",
    "CritImpactDistanceX": "0",
    "CritImpactDistanceY": "0",
    "CritImpactDistanceZ": "0",
    "CritImpactDecayRate": "0",
    "AddDmg": "0",
    "StaggerDmgModifier": "0",
    "CritStaggerDmgModifier": "",
    "StaggerResistModifier": "0",
    "TargetCameraShakeID": "Small",
    "BlockTargetCameraShakeID": "Small",
    "CritTargetCameraShakeID": "Small",
    "ImpactRating": "0",
    "BlockStaminaDmgMod": "0",
    "BlockAbsorptionModifier": "0",
    "StunBreakoutIncrement": "0",
    "UseAttackerPosForReaction": ""
  },
  {
    "DamageID": "Attack_Flame_Wall",
    "WeaponCategory": "Fire",
    "IgnoreInvulnerable": "0",
    "NoReaction": "1",
    "IsRanged": "",
    "SurfaceImpactEffect": "Bullet",
    "AttackType": "Magic",
    "DamageType": "Fire",
    "Affliction": "",
    "AddAffliction": "",
    "AfflictionPercent": "",
    "Affixes": "",
    "StatusEffect": "AI_Thorpe_Burn",
    "EffectOnlyOnDamage": "0",
    "DeflectDamageID": "Deflect_Default",
    "CanCrit": "0",
    "DmgCoef": "0.3",
    "DmgCoefHead": "1",
    "DmgCoefCrit": "",
    "PowerLevel": "0",
    "BlockPowerLevel": "0",
    "CritPowerLevel": "0",
    "HitStun": "0",
    "BlockHitStun": "0",
    "CritHitStun": "0",
    "ImpactDistanceX": "0",
    "ImpactDistanceY": "0",
    "ImpactDistanceZ": "0",
    "ImpactDecayRate": "0",
    "BlockImpactDistanceX": "0",
    "BlockImpactDistanceY": "0",
    "BlockImpactDistanceZ": "0",
    "BlockImpactDecayRate": "0",
    "CritImpactDistanceX": "0",
    "CritImpactDistanceY": "0",
    "CritImpactDistanceZ": "0",
    "CritImpactDecayRate": "0",
    "AddDmg": "0",
    "StaggerDmgModifier": "0",
    "CritStaggerDmgModifier": "",
    "StaggerResistModifier": "0",
    "TargetCameraShakeID": "Small",
    "BlockTargetCameraShakeID": "Small",
    "CritTargetCameraShakeID": "Small",
    "ImpactRating": "0",
    "BlockStaminaDmgMod": "0",
    "BlockAbsorptionModifier": "0",
    "StunBreakoutIncrement": "0",
    "UseAttackerPosForReaction": ""
  },
  {
    "DamageID": "Attack_Core_Explosion",
    "WeaponCategory": "CorruptedMagic",
    "IgnoreInvulnerable": "0",
    "NoReaction": "0",
    "IsRanged": "",
    "SurfaceImpactEffect": "Bullet",
    "AttackType": "Magic",
    "DamageType": "Corruption",
    "Affliction": "",
    "AddAffliction": "",
    "AfflictionPercent": "",
    "Affixes": "",
    "StatusEffect": "",
    "EffectOnlyOnDamage": "",
    "DeflectDamageID": "Deflect_Default",
    "CanCrit": "0",
    "DmgCoef": "0.8",
    "DmgCoefHead": "1",
    "DmgCoefCrit": "",
    "PowerLevel": "4",
    "BlockPowerLevel": "4",
    "CritPowerLevel": "4",
    "HitStun": "40",
    "BlockHitStun": "48",
    "CritHitStun": "40",
    "ImpactDistanceX": "0",
    "ImpactDistanceY": "6.5",
    "ImpactDistanceZ": "0",
    "ImpactDecayRate": "0.75",
    "BlockImpactDistanceX": "0",
    "BlockImpactDistanceY": "5",
    "BlockImpactDistanceZ": "0",
    "BlockImpactDecayRate": "0.75",
    "CritImpactDistanceX": "0",
    "CritImpactDistanceY": "6.5",
    "CritImpactDistanceZ": "0",
    "CritImpactDecayRate": "0.75",
    "AddDmg": "0",
    "StaggerDmgModifier": "0",
    "CritStaggerDmgModifier": "",
    "StaggerResistModifier": "0",
    "TargetCameraShakeID": "Large",
    "BlockTargetCameraShakeID": "Large",
    "CritTargetCameraShakeID": "Large",
    "ImpactRating": "3",
    "BlockStaminaDmgMod": "1.65",
    "BlockAbsorptionModifier": "0",
    "StunBreakoutIncrement": "0",
    "UseAttackerPosForReaction": ""
  },
  {
    "DamageID": "Attack_Core_Stab",
    "WeaponCategory": "Sword+Fire",
    "IgnoreInvulnerable": "0",
    "NoReaction": "0",
    "IsRanged": "",
    "SurfaceImpactEffect": "Bullet",
    "AttackType": "Heavy",
    "DamageType": "Thrust",
    "Affliction": "",
    "AddAffliction": "",
    "AfflictionPercent": "",
    "Affixes": "",
    "StatusEffect": "AI_Thorpe_Burn",
    "EffectOnlyOnDamage": "1",
    "DeflectDamageID": "Deflect_Default",
    "CanCrit": "0",
    "DmgCoef": "0.9",
    "DmgCoefHead": "1",
    "DmgCoefCrit": "",
    "PowerLevel": "5",
    "BlockPowerLevel": "5",
    "CritPowerLevel": "5",
    "HitStun": "40",
    "BlockHitStun": "48",
    "CritHitStun": "40",
    "ImpactDistanceX": "0",
    "ImpactDistanceY": "0.3",
    "ImpactDistanceZ": "0",
    "ImpactDecayRate": "0.75",
    "BlockImpactDistanceX": "0",
    "BlockImpactDistanceY": "0.6",
    "BlockImpactDistanceZ": "0",
    "BlockImpactDecayRate": "0.75",
    "CritImpactDistanceX": "0",
    "CritImpactDistanceY": "0.3",
    "CritImpactDistanceZ": "0",
    "CritImpactDecayRate": "0.75",
    "AddDmg": "0",
    "StaggerDmgModifier": "0",
    "CritStaggerDmgModifier": "",
    "StaggerResistModifier": "0",
    "TargetCameraShakeID": "Large",
    "BlockTargetCameraShakeID": "Large",
    "CritTargetCameraShakeID": "Large",
    "ImpactRating": "3",
    "BlockStaminaDmgMod": "0.65",
    "BlockAbsorptionModifier": "0",
    "StunBreakoutIncrement": "0",
    "UseAttackerPosForReaction": ""
  },
  {
    "DamageID": "Attack_Hunger_Of_The_Void",
    "WeaponCategory": "CorruptedMagic",
    "IgnoreInvulnerable": "0",
    "NoReaction": "1",
    "IsRanged": "",
    "SurfaceImpactEffect": "Bullet",
    "AttackType": "Magic",
    "DamageType": "Corruption",
    "Affliction": "",
    "AddAffliction": "",
    "AfflictionPercent": "",
    "Affixes": "",
    "StatusEffect": "AI_Thorpe_Hunger_Of_The_Void_Corruption",
    "EffectOnlyOnDamage": "0",
    "DeflectDamageID": "Deflect_Default",
    "CanCrit": "0",
    "DmgCoef": "1.2",
    "DmgCoefHead": "1",
    "DmgCoefCrit": "",
    "PowerLevel": "0",
    "BlockPowerLevel": "0",
    "CritPowerLevel": "0",
    "HitStun": "0",
    "BlockHitStun": "0",
    "CritHitStun": "0",
    "ImpactDistanceX": "0",
    "ImpactDistanceY": "0",
    "ImpactDistanceZ": "0",
    "ImpactDecayRate": "0.8",
    "BlockImpactDistanceX": "0",
    "BlockImpactDistanceY": "0",
    "BlockImpactDistanceZ": "0",
    "BlockImpactDecayRate": "0.8",
    "CritImpactDistanceX": "0",
    "CritImpactDistanceY": "0",
    "CritImpactDistanceZ": "0",
    "CritImpactDecayRate": "0.8",
    "AddDmg": "0",
    "StaggerDmgModifier": "0",
    "CritStaggerDmgModifier": "",
    "StaggerResistModifier": "0",
    "TargetCameraShakeID": "Small",
    "BlockTargetCameraShakeID": "Small",
    "CritTargetCameraShakeID": "Small",
    "ImpactRating": "0",
    "BlockStaminaDmgMod": "0",
    "BlockAbsorptionModifier": "0",
    "StunBreakoutIncrement": "0",
    "UseAttackerPosForReaction": ""
  },
  {
    "DamageID": "Attack_SwipeL_01",
    "WeaponCategory": "Sword+Fire",
    "IgnoreInvulnerable": "0",
    "NoReaction": "0",
    "IsRanged": "",
    "SurfaceImpactEffect": "Bullet",
    "AttackType": "Light",
    "DamageType": "Slash",
    "Affliction": "",
    "AddAffliction": "",
    "AfflictionPercent": "",
    "Affixes": "AI_FireDMG_25",
    "StatusEffect": "",
    "EffectOnlyOnDamage": "",
    "DeflectDamageID": "Deflect_Default",
    "CanCrit": "0",
    "DmgCoef": "0.85",
    "DmgCoefHead": "1",
    "DmgCoefCrit": "",
    "PowerLevel": "0",
    "BlockPowerLevel": "1",
    "CritPowerLevel": "0",
    "HitStun": "10",
    "BlockHitStun": "12",
    "CritHitStun": "10",
    "ImpactDistanceX": "0",
    "ImpactDistanceY": "0.9",
    "ImpactDistanceZ": "0",
    "ImpactDecayRate": "0.8",
    "BlockImpactDistanceX": "0",
    "BlockImpactDistanceY": "1.1499999999999999",
    "BlockImpactDistanceZ": "0",
    "BlockImpactDecayRate": "0.8",
    "CritImpactDistanceX": "0",
    "CritImpactDistanceY": "0.9",
    "CritImpactDistanceZ": "0",
    "CritImpactDecayRate": "0.8",
    "AddDmg": "0",
    "StaggerDmgModifier": "0",
    "CritStaggerDmgModifier": "",
    "StaggerResistModifier": "0",
    "TargetCameraShakeID": "Small",
    "BlockTargetCameraShakeID": "Small",
    "CritTargetCameraShakeID": "Small",
    "ImpactRating": "1",
    "BlockStaminaDmgMod": "0.35",
    "BlockAbsorptionModifier": "1",
    "StunBreakoutIncrement": "1",
    "UseAttackerPosForReaction": ""
  },
  {
    "DamageID": "Attack_SwipeL_02",
    "WeaponCategory": "Sword+Fire",
    "IgnoreInvulnerable": "0",
    "NoReaction": "0",
    "IsRanged": "",
    "SurfaceImpactEffect": "Bullet",
    "AttackType": "Light",
    "DamageType": "Slash",
    "Affliction": "",
    "AddAffliction": "",
    "AfflictionPercent": "",
    "Affixes": "AI_FireDMG_25",
    "StatusEffect": "",
    "EffectOnlyOnDamage": "",
    "DeflectDamageID": "Deflect_Default",
    "CanCrit": "0",
    "DmgCoef": "0.95",
    "DmgCoefHead": "1",
    "DmgCoefCrit": "",
    "PowerLevel": "0",
    "BlockPowerLevel": "1",
    "CritPowerLevel": "0",
    "HitStun": "12",
    "BlockHitStun": "15",
    "CritHitStun": "12",
    "ImpactDistanceX": "0",
    "ImpactDistanceY": "1.1000000000000001",
    "ImpactDistanceZ": "0",
    "ImpactDecayRate": "0.8",
    "BlockImpactDistanceX": "0",
    "BlockImpactDistanceY": "1.2",
    "BlockImpactDistanceZ": "0",
    "BlockImpactDecayRate": "0.8",
    "CritImpactDistanceX": "0",
    "CritImpactDistanceY": "1.1000000000000001",
    "CritImpactDistanceZ": "0",
    "CritImpactDecayRate": "0.8",
    "AddDmg": "0",
    "StaggerDmgModifier": "0",
    "CritStaggerDmgModifier": "",
    "StaggerResistModifier": "0",
    "TargetCameraShakeID": "Small",
    "BlockTargetCameraShakeID": "Small",
    "CritTargetCameraShakeID": "Small",
    "ImpactRating": "1",
    "BlockStaminaDmgMod": "0.45",
    "BlockAbsorptionModifier": "1",
    "StunBreakoutIncrement": "1",
    "UseAttackerPosForReaction": ""
  },
  {
    "DamageID": "Attack_SwipeR_01",
    "WeaponCategory": "Sword+Fire",
    "IgnoreInvulnerable": "0",
    "NoReaction": "0",
    "IsRanged": "",
    "SurfaceImpactEffect": "Bullet",
    "AttackType": "Light",
    "DamageType": "Slash",
    "Affliction": "",
    "AddAffliction": "",
    "AfflictionPercent": "",
    "Affixes": "AI_FireDMG_25",
    "StatusEffect": "",
    "EffectOnlyOnDamage": "",
    "DeflectDamageID": "Deflect_Default",
    "CanCrit": "0",
    "DmgCoef": "1",
    "DmgCoefHead": "1",
    "DmgCoefCrit": "",
    "PowerLevel": "0",
    "BlockPowerLevel": "1",
    "CritPowerLevel": "0",
    "HitStun": "11",
    "BlockHitStun": "12",
    "CritHitStun": "11",
    "ImpactDistanceX": "0",
    "ImpactDistanceY": "1",
    "ImpactDistanceZ": "0",
    "ImpactDecayRate": "0.8",
    "BlockImpactDistanceX": "0",
    "BlockImpactDistanceY": "1.1000000000000001",
    "BlockImpactDistanceZ": "0",
    "BlockImpactDecayRate": "0.8",
    "CritImpactDistanceX": "0",
    "CritImpactDistanceY": "1",
    "CritImpactDistanceZ": "0",
    "CritImpactDecayRate": "0.8",
    "AddDmg": "0",
    "StaggerDmgModifier": "0",
    "CritStaggerDmgModifier": "",
    "StaggerResistModifier": "0",
    "TargetCameraShakeID": "Small",
    "BlockTargetCameraShakeID": "Small",
    "CritTargetCameraShakeID": "Small",
    "ImpactRating": "1",
    "BlockStaminaDmgMod": "0.4",
    "BlockAbsorptionModifier": "1",
    "StunBreakoutIncrement": "1",
    "UseAttackerPosForReaction": ""
  },
  {
    "DamageID": "Attack_SwipeR_02",
    "WeaponCategory": "Sword+Fire",
    "IgnoreInvulnerable": "0",
    "NoReaction": "0",
    "IsRanged": "",
    "SurfaceImpactEffect": "Bullet",
    "AttackType": "Light",
    "DamageType": "Slash",
    "Affliction": "",
    "AddAffliction": "",
    "AfflictionPercent": "",
    "Affixes": "AI_FireDMG_25",
    "StatusEffect": "",
    "EffectOnlyOnDamage": "",
    "DeflectDamageID": "Deflect_Default",
    "CanCrit": "0",
    "DmgCoef": "1.1000000000000001",
    "DmgCoefHead": "1",
    "DmgCoefCrit": "",
    "PowerLevel": "0",
    "BlockPowerLevel": "1",
    "CritPowerLevel": "0",
    "HitStun": "13",
    "BlockHitStun": "14",
    "CritHitStun": "13",
    "ImpactDistanceX": "0",
    "ImpactDistanceY": "1.1499999999999999",
    "ImpactDistanceZ": "0",
    "ImpactDecayRate": "0.8",
    "BlockImpactDistanceX": "0",
    "BlockImpactDistanceY": "1.1499999999999999",
    "BlockImpactDistanceZ": "0",
    "BlockImpactDecayRate": "0.8",
    "CritImpactDistanceX": "0",
    "CritImpactDistanceY": "1.1499999999999999",
    "CritImpactDistanceZ": "0",
    "CritImpactDecayRate": "0.8",
    "AddDmg": "0",
    "StaggerDmgModifier": "0",
    "CritStaggerDmgModifier": "",
    "StaggerResistModifier": "0",
    "TargetCameraShakeID": "Small",
    "BlockTargetCameraShakeID": "Small",
    "CritTargetCameraShakeID": "Small",
    "ImpactRating": "1",
    "BlockStaminaDmgMod": "0.5",
    "BlockAbsorptionModifier": "1",
    "StunBreakoutIncrement": "1",
    "UseAttackerPosForReaction": ""
  },
  {
    "DamageID": "Attack_Stab_01",
    "WeaponCategory": "Sword+Fire",
    "IgnoreInvulnerable": "0",
    "NoReaction": "0",
    "IsRanged": "",
    "SurfaceImpactEffect": "Bullet",
    "AttackType": "Light",
    "DamageType": "Thrust",
    "Affliction": "",
    "AddAffliction": "",
    "AfflictionPercent": "",
    "Affixes": "AI_FireDMG_25",
    "StatusEffect": "",
    "EffectOnlyOnDamage": "",
    "DeflectDamageID": "Deflect_Default",
    "CanCrit": "0",
    "DmgCoef": "1.05",
    "DmgCoefHead": "1",
    "DmgCoefCrit": "",
    "PowerLevel": "0",
    "BlockPowerLevel": "2",
    "CritPowerLevel": "0",
    "HitStun": "14",
    "BlockHitStun": "21",
    "CritHitStun": "14",
    "ImpactDistanceX": "0",
    "ImpactDistanceY": "1.45",
    "ImpactDistanceZ": "0",
    "ImpactDecayRate": "0.8",
    "BlockImpactDistanceX": "0",
    "BlockImpactDistanceY": "1.4",
    "BlockImpactDistanceZ": "0",
    "BlockImpactDecayRate": "0.8",
    "CritImpactDistanceX": "0",
    "CritImpactDistanceY": "1.45",
    "CritImpactDistanceZ": "0",
    "CritImpactDecayRate": "0.8",
    "AddDmg": "0",
    "StaggerDmgModifier": "0",
    "CritStaggerDmgModifier": "",
    "StaggerResistModifier": "0",
    "TargetCameraShakeID": "Small",
    "BlockTargetCameraShakeID": "Small",
    "CritTargetCameraShakeID": "Small",
    "ImpactRating": "1",
    "BlockStaminaDmgMod": "0.6",
    "BlockAbsorptionModifier": "1",
    "StunBreakoutIncrement": "1",
    "UseAttackerPosForReaction": ""
  },
  {
    "DamageID": "Attack_Stab_02",
    "WeaponCategory": "Sword+Fire",
    "IgnoreInvulnerable": "0",
    "NoReaction": "0",
    "IsRanged": "",
    "SurfaceImpactEffect": "Bullet",
    "AttackType": "Light",
    "DamageType": "Thrust",
    "Affliction": "",
    "AddAffliction": "",
    "AfflictionPercent": "",
    "Affixes": "AI_FireDMG_25",
    "StatusEffect": "",
    "EffectOnlyOnDamage": "",
    "DeflectDamageID": "Deflect_Default",
    "CanCrit": "0",
    "DmgCoef": "1.1499999999999999",
    "DmgCoefHead": "1",
    "DmgCoefCrit": "",
    "PowerLevel": "0",
    "BlockPowerLevel": "2",
    "CritPowerLevel": "0",
    "HitStun": "15",
    "BlockHitStun": "25",
    "CritHitStun": "15",
    "ImpactDistanceX": "0",
    "ImpactDistanceY": "1.65",
    "ImpactDistanceZ": "0",
    "ImpactDecayRate": "0.8",
    "BlockImpactDistanceX": "0",
    "BlockImpactDistanceY": "1.5",
    "BlockImpactDistanceZ": "0",
    "BlockImpactDecayRate": "0.8",
    "CritImpactDistanceX": "0",
    "CritImpactDistanceY": "1.65",
    "CritImpactDistanceZ": "0",
    "CritImpactDecayRate": "0.8",
    "AddDmg": "0",
    "StaggerDmgModifier": "0",
    "CritStaggerDmgModifier": "",
    "StaggerResistModifier": "0",
    "TargetCameraShakeID": "Small",
    "BlockTargetCameraShakeID": "Small",
    "CritTargetCameraShakeID": "Small",
    "ImpactRating": "2",
    "BlockStaminaDmgMod": "0.65",
    "BlockAbsorptionModifier": "1",
    "StunBreakoutIncrement": "1",
    "UseAttackerPosForReaction": ""
  },
  {
    "DamageID": "Attack_Double_Spin_Combo",
    "WeaponCategory": "Sword+Fire",
    "IgnoreInvulnerable": "0",
    "NoReaction": "0",
    "IsRanged": "",
    "SurfaceImpactEffect": "Bullet",
    "AttackType": "Light",
    "DamageType": "Slash",
    "Affliction": "",
    "AddAffliction": "",
    "AfflictionPercent": "",
    "Affixes": "AI_FireDMG_50",
    "StatusEffect": "",
    "EffectOnlyOnDamage": "",
    "DeflectDamageID": "Deflect_Default",
    "CanCrit": "0",
    "DmgCoef": "1",
    "DmgCoefHead": "1",
    "DmgCoefCrit": "",
    "PowerLevel": "1",
    "BlockPowerLevel": "1",
    "CritPowerLevel": "1",
    "HitStun": "13",
    "BlockHitStun": "18",
    "CritHitStun": "13",
    "ImpactDistanceX": "0",
    "ImpactDistanceY": "1.1000000000000001",
    "ImpactDistanceZ": "0",
    "ImpactDecayRate": "0.8",
    "BlockImpactDistanceX": "0",
    "BlockImpactDistanceY": "0.9",
    "BlockImpactDistanceZ": "0",
    "BlockImpactDecayRate": "0.8",
    "CritImpactDistanceX": "0",
    "CritImpactDistanceY": "1.1000000000000001",
    "CritImpactDistanceZ": "0",
    "CritImpactDecayRate": "0.8",
    "AddDmg": "0",
    "StaggerDmgModifier": "0",
    "CritStaggerDmgModifier": "",
    "StaggerResistModifier": "0",
    "TargetCameraShakeID": "Small",
    "BlockTargetCameraShakeID": "Small",
    "CritTargetCameraShakeID": "Small",
    "ImpactRating": "1",
    "BlockStaminaDmgMod": "0.4",
    "BlockAbsorptionModifier": "1",
    "StunBreakoutIncrement": "1",
    "UseAttackerPosForReaction": ""
  },
  {
    "DamageID": "Attack_Double_Spin_Finisher",
    "WeaponCategory": "Sword+Fire",
    "IgnoreInvulnerable": "0",
    "NoReaction": "0",
    "IsRanged": "",
    "SurfaceImpactEffect": "Bullet",
    "AttackType": "Heavy",
    "DamageType": "Slash",
    "Affliction": "",
    "AddAffliction": "",
    "AfflictionPercent": "",
    "Affixes": "AI_FireDMG_75",
    "StatusEffect": "AI_Thorpe_Burn",
    "EffectOnlyOnDamage": "1",
    "DeflectDamageID": "Deflect_Default",
    "CanCrit": "0",
    "DmgCoef": "1.3",
    "DmgCoefHead": "1",
    "DmgCoefCrit": "",
    "PowerLevel": "2",
    "BlockPowerLevel": "2",
    "CritPowerLevel": "2",
    "HitStun": "22",
    "BlockHitStun": "28",
    "CritHitStun": "22",
    "ImpactDistanceX": "0",
    "ImpactDistanceY": "1.8",
    "ImpactDistanceZ": "0",
    "ImpactDecayRate": "0.8",
    "BlockImpactDistanceX": "0",
    "BlockImpactDistanceY": "1.55",
    "BlockImpactDistanceZ": "0",
    "BlockImpactDecayRate": "0.75",
    "CritImpactDistanceX": "0",
    "CritImpactDistanceY": "1.8",
    "CritImpactDistanceZ": "0",
    "CritImpactDecayRate": "0.8",
    "AddDmg": "0",
    "StaggerDmgModifier": "0",
    "CritStaggerDmgModifier": "",
    "StaggerResistModifier": "0",
    "TargetCameraShakeID": "Small",
    "BlockTargetCameraShakeID": "Small",
    "CritTargetCameraShakeID": "Small",
    "ImpactRating": "2",
    "BlockStaminaDmgMod": "0.75",
    "BlockAbsorptionModifier": "1",
    "StunBreakoutIncrement": "1",
    "UseAttackerPosForReaction": ""
  },
  {
    "DamageID": "Attack_Overhead_Slash",
    "WeaponCategory": "Sword+Fire",
    "IgnoreInvulnerable": "0",
    "NoReaction": "0",
    "IsRanged": "",
    "SurfaceImpactEffect": "Bullet",
    "AttackType": "Heavy",
    "DamageType": "Slash",
    "Affliction": "",
    "AddAffliction": "",
    "AfflictionPercent": "",
    "Affixes": "AI_FireDMG_25",
    "StatusEffect": "",
    "EffectOnlyOnDamage": "",
    "DeflectDamageID": "Deflect_Default",
    "CanCrit": "0",
    "DmgCoef": "1.1499999999999999",
    "DmgCoefHead": "1",
    "DmgCoefCrit": "",
    "PowerLevel": "5",
    "BlockPowerLevel": "3",
    "CritPowerLevel": "5",
    "HitStun": "24",
    "BlockHitStun": "32",
    "CritHitStun": "24",
    "ImpactDistanceX": "0",
    "ImpactDistanceY": "1.1000000000000001",
    "ImpactDistanceZ": "0",
    "ImpactDecayRate": "0.8",
    "BlockImpactDistanceX": "0",
    "BlockImpactDistanceY": "1.2",
    "BlockImpactDistanceZ": "0",
    "BlockImpactDecayRate": "0.8",
    "CritImpactDistanceX": "0",
    "CritImpactDistanceY": "0.9",
    "CritImpactDistanceZ": "0",
    "CritImpactDecayRate": "0.8",
    "AddDmg": "0",
    "StaggerDmgModifier": "0",
    "CritStaggerDmgModifier": "",
    "StaggerResistModifier": "0",
    "TargetCameraShakeID": "Small",
    "BlockTargetCameraShakeID": "Small",
    "CritTargetCameraShakeID": "Large",
    "ImpactRating": "2",
    "BlockStaminaDmgMod": "0.7",
    "BlockAbsorptionModifier": "1",
    "StunBreakoutIncrement": "1",
    "UseAttackerPosForReaction": ""
  },
  {
    "DamageID": "Attack_Overhead_Slash_Fire",
    "WeaponCategory": "Sword+Fire",
    "IgnoreInvulnerable": "0",
    "NoReaction": "0",
    "IsRanged": "",
    "SurfaceImpactEffect": "Bullet",
    "AttackType": "Heavy",
    "DamageType": "Fire",
    "Affliction": "",
    "AddAffliction": "",
    "AfflictionPercent": "",
    "Affixes": "",
    "StatusEffect": "AI_Thorpe_Burn",
    "EffectOnlyOnDamage": "1",
    "DeflectDamageID": "Deflect_Default",
    "CanCrit": "0",
    "DmgCoef": "1.3",
    "DmgCoefHead": "1",
    "DmgCoefCrit": "",
    "PowerLevel": "2",
    "BlockPowerLevel": "3",
    "CritPowerLevel": "2",
    "HitStun": "27",
    "BlockHitStun": "30",
    "CritHitStun": "27",
    "ImpactDistanceX": "0",
    "ImpactDistanceY": "2.2000000000000002",
    "ImpactDistanceZ": "0",
    "ImpactDecayRate": "0.8",
    "BlockImpactDistanceX": "0",
    "BlockImpactDistanceY": "2.35",
    "BlockImpactDistanceZ": "0",
    "BlockImpactDecayRate": "0.8",
    "CritImpactDistanceX": "0",
    "CritImpactDistanceY": "2.2000000000000002",
    "CritImpactDistanceZ": "0",
    "CritImpactDecayRate": "0.8",
    "AddDmg": "0",
    "StaggerDmgModifier": "0",
    "CritStaggerDmgModifier": "",
    "StaggerResistModifier": "0",
    "TargetCameraShakeID": "Large",
    "BlockTargetCameraShakeID": "Large",
    "CritTargetCameraShakeID": "Large",
    "ImpactRating": "2",
    "BlockStaminaDmgMod": "0.85",
    "BlockAbsorptionModifier": "1",
    "StunBreakoutIncrement": "1",
    "UseAttackerPosForReaction": ""
  },
  {
    "DamageID": "Attack_Flip_Overhead_Slash",
    "WeaponCategory": "Sword+Fire",
    "IgnoreInvulnerable": "0",
    "NoReaction": "0",
    "IsRanged": "",
    "SurfaceImpactEffect": "Bullet",
    "AttackType": "Heavy",
    "DamageType": "Slash",
    "Affliction": "",
    "AddAffliction": "",
    "AfflictionPercent": "",
    "Affixes": "AI_FireDMG_75",
    "StatusEffect": "",
    "EffectOnlyOnDamage": "",
    "DeflectDamageID": "Deflect_Default",
    "CanCrit": "0",
    "DmgCoef": "1.25",
    "DmgCoefHead": "1",
    "DmgCoefCrit": "",
    "PowerLevel": "2",
    "BlockPowerLevel": "3",
    "CritPowerLevel": "2",
    "HitStun": "25",
    "BlockHitStun": "34",
    "CritHitStun": "25",
    "ImpactDistanceX": "0",
    "ImpactDistanceY": "1.2",
    "ImpactDistanceZ": "0",
    "ImpactDecayRate": "0.75",
    "BlockImpactDistanceX": "0",
    "BlockImpactDistanceY": "1",
    "BlockImpactDistanceZ": "0",
    "BlockImpactDecayRate": "0.75",
    "CritImpactDistanceX": "0",
    "CritImpactDistanceY": "1.2",
    "CritImpactDistanceZ": "0",
    "CritImpactDecayRate": "0.75",
    "AddDmg": "0",
    "StaggerDmgModifier": "0",
    "CritStaggerDmgModifier": "",
    "StaggerResistModifier": "0",
    "TargetCameraShakeID": "Small",
    "BlockTargetCameraShakeID": "Small",
    "CritTargetCameraShakeID": "Small",
    "ImpactRating": "2",
    "BlockStaminaDmgMod": "0.7",
    "BlockAbsorptionModifier": "1",
    "StunBreakoutIncrement": "1",
    "UseAttackerPosForReaction": ""
  },
  {
    "DamageID": "Attack_Flip_Overhead_Fire",
    "WeaponCategory": "Sword+Fire",
    "IgnoreInvulnerable": "0",
    "NoReaction": "0",
    "IsRanged": "",
    "SurfaceImpactEffect": "Bullet",
    "AttackType": "Heavy",
    "DamageType": "Fire",
    "Affliction": "",
    "AddAffliction": "",
    "AfflictionPercent": "",
    "Affixes": "",
    "StatusEffect": "AI_Thorpe_Burn",
    "EffectOnlyOnDamage": "1",
    "DeflectDamageID": "Deflect_Default",
    "CanCrit": "0",
    "DmgCoef": "1.5",
    "DmgCoefHead": "1",
    "DmgCoefCrit": "",
    "PowerLevel": "3",
    "BlockPowerLevel": "4",
    "CritPowerLevel": "3",
    "HitStun": "32",
    "BlockHitStun": "40",
    "CritHitStun": "32",
    "ImpactDistanceX": "0",
    "ImpactDistanceY": "2.2999999999999998",
    "ImpactDistanceZ": "0",
    "ImpactDecayRate": "0.75",
    "BlockImpactDistanceX": "0",
    "BlockImpactDistanceY": "2.6",
    "BlockImpactDistanceZ": "0",
    "BlockImpactDecayRate": "0.75",
    "CritImpactDistanceX": "0",
    "CritImpactDistanceY": "2.2999999999999998",
    "CritImpactDistanceZ": "0",
    "CritImpactDecayRate": "0.75",
    "AddDmg": "0",
    "StaggerDmgModifier": "0",
    "CritStaggerDmgModifier": "",
    "StaggerResistModifier": "0",
    "TargetCameraShakeID": "Large",
    "BlockTargetCameraShakeID": "Large",
    "CritTargetCameraShakeID": "Large",
    "ImpactRating": "3",
    "BlockStaminaDmgMod": "1",
    "BlockAbsorptionModifier": "1",
    "StunBreakoutIncrement": "1",
    "UseAttackerPosForReaction": ""
  },
  {
    "DamageID": "Attack_Flurry_Combo",
    "WeaponCategory": "Sword+Fire",
    "IgnoreInvulnerable": "0",
    "NoReaction": "0",
    "IsRanged": "",
    "SurfaceImpactEffect": "Bullet",
    "AttackType": "Light",
    "DamageType": "Slash",
    "Affliction": "",
    "AddAffliction": "",
    "AfflictionPercent": "",
    "Affixes": "AI_FireDMG_25",
    "StatusEffect": "",
    "EffectOnlyOnDamage": "",
    "DeflectDamageID": "Deflect_Default",
    "CanCrit": "0",
    "DmgCoef": "0.75",
    "DmgCoefHead": "1",
    "DmgCoefCrit": "",
    "PowerLevel": "0",
    "BlockPowerLevel": "1",
    "CritPowerLevel": "0",
    "HitStun": "15",
    "BlockHitStun": "12",
    "CritHitStun": "15",
    "ImpactDistanceX": "0",
    "ImpactDistanceY": "0.9",
    "ImpactDistanceZ": "0",
    "ImpactDecayRate": "0.8",
    "BlockImpactDistanceX": "0",
    "BlockImpactDistanceY": "1.1499999999999999",
    "BlockImpactDistanceZ": "0",
    "BlockImpactDecayRate": "0.8",
    "CritImpactDistanceX": "0",
    "CritImpactDistanceY": "0.9",
    "CritImpactDistanceZ": "0",
    "CritImpactDecayRate": "0.8",
    "AddDmg": "0",
    "StaggerDmgModifier": "0",
    "CritStaggerDmgModifier": "",
    "StaggerResistModifier": "0",
    "TargetCameraShakeID": "Small",
    "BlockTargetCameraShakeID": "Small",
    "CritTargetCameraShakeID": "Small",
    "ImpactRating": "1",
    "BlockStaminaDmgMod": "0.45",
    "BlockAbsorptionModifier": "1",
    "StunBreakoutIncrement": "1",
    "UseAttackerPosForReaction": ""
  },
  {
    "DamageID": "Attack_Flurry_Finisher",
    "WeaponCategory": "Sword+Fire",
    "IgnoreInvulnerable": "0",
    "NoReaction": "0",
    "IsRanged": "",
    "SurfaceImpactEffect": "Bullet",
    "AttackType": "Light",
    "DamageType": "Slash",
    "Affliction": "",
    "AddAffliction": "",
    "AfflictionPercent": "",
    "Affixes": "AI_FireDMG_50",
    "StatusEffect": "",
    "EffectOnlyOnDamage": "",
    "DeflectDamageID": "Deflect_Default",
    "CanCrit": "0",
    "DmgCoef": "1.1499999999999999",
    "DmgCoefHead": "1",
    "DmgCoefCrit": "",
    "PowerLevel": "2",
    "BlockPowerLevel": "1",
    "CritPowerLevel": "2",
    "HitStun": "22",
    "BlockHitStun": "18",
    "CritHitStun": "22",
    "ImpactDistanceX": "0",
    "ImpactDistanceY": "1.25",
    "ImpactDistanceZ": "0",
    "ImpactDecayRate": "0.8",
    "BlockImpactDistanceX": "0",
    "BlockImpactDistanceY": "1.4",
    "BlockImpactDistanceZ": "0",
    "BlockImpactDecayRate": "0.8",
    "CritImpactDistanceX": "0",
    "CritImpactDistanceY": "1.25",
    "CritImpactDistanceZ": "0",
    "CritImpactDecayRate": "0.8",
    "AddDmg": "0",
    "StaggerDmgModifier": "0",
    "CritStaggerDmgModifier": "",
    "StaggerResistModifier": "0",
    "TargetCameraShakeID": "Small",
    "BlockTargetCameraShakeID": "Small",
    "CritTargetCameraShakeID": "Small",
    "ImpactRating": "2",
    "BlockStaminaDmgMod": "0.55000000000000004",
    "BlockAbsorptionModifier": "1",
    "StunBreakoutIncrement": "1",
    "UseAttackerPosForReaction": ""
  },
  {
    "DamageID": "Attack_Upwards_Slash",
    "WeaponCategory": "Sword+Fire",
    "IgnoreInvulnerable": "0",
    "NoReaction": "0",
    "IsRanged": "",
    "SurfaceImpactEffect": "Bullet",
    "AttackType": "Heavy",
    "DamageType": "Slash",
    "Affliction": "",
    "AddAffliction": "",
    "AfflictionPercent": "",
    "Affixes": "AI_FireDMG_75",
    "StatusEffect": "AI_Thorpe_Burn",
    "EffectOnlyOnDamage": "1",
    "DeflectDamageID": "Deflect_Default",
    "CanCrit": "0",
    "DmgCoef": "2.2000000000000002",
    "DmgCoefHead": "1",
    "DmgCoefCrit": "",
    "PowerLevel": "4",
    "BlockPowerLevel": "4",
    "CritPowerLevel": "4",
    "HitStun": "44",
    "BlockHitStun": "40",
    "CritHitStun": "44",
    "ImpactDistanceX": "0",
    "ImpactDistanceY": "5.5",
    "ImpactDistanceZ": "0",
    "ImpactDecayRate": "0.6",
    "BlockImpactDistanceX": "0",
    "BlockImpactDistanceY": "4.25",
    "BlockImpactDistanceZ": "0",
    "BlockImpactDecayRate": "0.65",
    "CritImpactDistanceX": "0",
    "CritImpactDistanceY": "5.5",
    "CritImpactDistanceZ": "0",
    "CritImpactDecayRate": "0.6",
    "AddDmg": "0",
    "StaggerDmgModifier": "0",
    "CritStaggerDmgModifier": "",
    "StaggerResistModifier": "0",
    "TargetCameraShakeID": "Large",
    "BlockTargetCameraShakeID": "Large",
    "CritTargetCameraShakeID": "Large",
    "ImpactRating": "4",
    "BlockStaminaDmgMod": "1.5",
    "BlockAbsorptionModifier": "1",
    "StunBreakoutIncrement": "1",
    "UseAttackerPosForReaction": ""
  },
  {
    "DamageID": "Attack_Upwards_Slash_Short",
    "WeaponCategory": "Sword+Fire",
    "IgnoreInvulnerable": "0",
    "NoReaction": "0",
    "IsRanged": "",
    "SurfaceImpactEffect": "Bullet",
    "AttackType": "Heavy",
    "DamageType": "Slash",
    "Affliction": "",
    "AddAffliction": "",
    "AfflictionPercent": "",
    "Affixes": "AI_FireDMG_75",
    "StatusEffect": "AI_Thorpe_Burn",
    "EffectOnlyOnDamage": "1",
    "DeflectDamageID": "Deflect_Default",
    "CanCrit": "0",
    "DmgCoef": "1.9",
    "DmgCoefHead": "1",
    "DmgCoefCrit": "",
    "PowerLevel": "3",
    "BlockPowerLevel": "4",
    "CritPowerLevel": "3",
    "HitStun": "36",
    "BlockHitStun": "40",
    "CritHitStun": "36",
    "ImpactDistanceX": "0",
    "ImpactDistanceY": "0.8",
    "ImpactDistanceZ": "0",
    "ImpactDecayRate": "0.75",
    "BlockImpactDistanceX": "0",
    "BlockImpactDistanceY": "1",
    "BlockImpactDistanceZ": "0",
    "BlockImpactDecayRate": "0.75",
    "CritImpactDistanceX": "0",
    "CritImpactDistanceY": "0.8",
    "CritImpactDistanceZ": "0",
    "CritImpactDecayRate": "0.75",
    "AddDmg": "0",
    "StaggerDmgModifier": "0",
    "CritStaggerDmgModifier": "",
    "StaggerResistModifier": "0",
    "TargetCameraShakeID": "Large",
    "BlockTargetCameraShakeID": "Large",
    "CritTargetCameraShakeID": "Large",
    "ImpactRating": "4",
    "BlockStaminaDmgMod": "1.35",
    "BlockAbsorptionModifier": "1",
    "StunBreakoutIncrement": "1",
    "UseAttackerPosForReaction": ""
  },
  {
    "DamageID": "Attack_Shoulder_Charge",
    "WeaponCategory": "Unarmed",
    "IgnoreInvulnerable": "0",
    "NoReaction": "0",
    "IsRanged": "",
    "SurfaceImpactEffect": "Bullet",
    "AttackType": "Heavy",
    "DamageType": "Strike",
    "Affliction": "",
    "AddAffliction": "",
    "AfflictionPercent": "",
    "Affixes": "AI_FireDMG_75",
    "StatusEffect": "",
    "EffectOnlyOnDamage": "",
    "DeflectDamageID": "Deflect_Default",
    "CanCrit": "0",
    "DmgCoef": "0.4",
    "DmgCoefHead": "1",
    "DmgCoefCrit": "",
    "PowerLevel": "2",
    "BlockPowerLevel": "3",
    "CritPowerLevel": "2",
    "HitStun": "26",
    "BlockHitStun": "34",
    "CritHitStun": "26",
    "ImpactDistanceX": "-1.1000000000000001",
    "ImpactDistanceY": "1.9",
    "ImpactDistanceZ": "0",
    "ImpactDecayRate": "0.8",
    "BlockImpactDistanceX": "-1",
    "BlockImpactDistanceY": "1.8",
    "BlockImpactDistanceZ": "0",
    "BlockImpactDecayRate": "0.8",
    "CritImpactDistanceX": "-1.3",
    "CritImpactDistanceY": "1.9",
    "CritImpactDistanceZ": "0",
    "CritImpactDecayRate": "0.8",
    "AddDmg": "0",
    "StaggerDmgModifier": "0",
    "CritStaggerDmgModifier": "",
    "StaggerResistModifier": "0",
    "TargetCameraShakeID": "Small",
    "BlockTargetCameraShakeID": "Small",
    "CritTargetCameraShakeID": "Small",
    "ImpactRating": "2",
    "BlockStaminaDmgMod": "0.9",
    "BlockAbsorptionModifier": "1",
    "StunBreakoutIncrement": "1",
    "UseAttackerPosForReaction": ""
  }
]