[
  {
    "ActivityCrc": "Duel",
    "ActivityType": "1",
    "DurationSec": "10",
    "Teams": "2",
    "MinLevel": "10",
    "MaxLevel": "",
    "FactionType": "",
    "MinDistance": "",
    "MaxDistance": "10",
    "InSanctuary": "0",
    "InGameMode": "0",
    "InWar": "0",
    "InArena": "0"
  },
  {
    "ActivityCrc": "Trade",
    "ActivityType": "2",
    "DurationSec": "10",
    "Teams": "",
    "MinLevel": "",
    "MaxLevel": "",
    "FactionType": "",
    "MinDistance": "",
    "MaxDistance": "10",
    "InSanctuary": "",
    "InGameMode": "",
    "InWar": "",
    "InArena": ""
  }
]