[
  {
    "Level Number": "0",
    "XPToLevel": "0",
    "XPAlarmThreshold1": "0",
    "XPAlarmThreshold2": "0",
    "PlayTimeAlarmThresholdMins1": "0",
    "PlayTimeAlarmThresholdMins2": "0",
    "AttributePoints": "0",
    "Health": "0",
    "TradeSkillPoints": "0",
    "AttributeRespecCost": "0",
    "CanFreeAttributeRespec": "0",
    "LootTagValue": "0",
    "DefStandard": "0",
    "DefSlash": "0",
    "DefStrike": "0",
    "DefMagic": "0",
    "DefFire": "0",
    "DefLightning": "0",
    "DefCorruption": "0",
    "ResFrost": "0",
    "ResPoison": "0",
    "ResBleed": "0",
    "ResDisease": "0",
    "ResCurse": "0",
    "RecipeLevel": "1",
    "RollBonus": "0",
    "MinGearScoreBonus": "0",
    "MaxGearScoreBonus": "0",
    "RespawnCooldownMod": "0",
    "EffectId": "CampRegenL0",
    "BlueprintId": "CampT1",
    "IsMilestone": "",
    "Tooltip": "",
    "MaxEquippableGearScore": "100",
    "IgnoreItemRarity": "0",
    "GSLimitT1": "100-100",
    "GSLimitT2": "100-100",
    "GSLimitT3": "100-100",
    "GSLimitT4": "100-100",
    "GSLimitT5": "100-100",
    "GSBonusCritter": "",
    "GSBonusSolo": "",
    "GSBonusSolo-": "",
    "GSBonusSolo+": "",
    "GSBonusGroup": "",
    "GSBonusGroup-": "",
    "GSBonusGroup+": "",
    "GSBonusBoss": "",
    "HouseTrophySlots": "2"
  },
  {
    "Level Number": "1",
    "XPToLevel": "150",
    "XPAlarmThreshold1": "0",
    "XPAlarmThreshold2": "0",
    "PlayTimeAlarmThresholdMins1": "0",
    "PlayTimeAlarmThresholdMins2": "0",
    "AttributePoints": "2",
    "Health": "50",
    "TradeSkillPoints": "1",
    "AttributeRespecCost": "0",
    "CanFreeAttributeRespec": "0",
    "LootTagValue": "1",
    "DefStandard": "0",
    "DefSlash": "0",
    "DefStrike": "0",
    "DefMagic": "0",
    "DefFire": "0",
    "DefLightning": "0",
    "DefCorruption": "0",
    "ResFrost": "0",
    "ResPoison": "0",
    "ResBleed": "0",
    "ResDisease": "0",
    "ResCurse": "0",
    "RecipeLevel": "2",
    "RollBonus": "0",
    "MinGearScoreBonus": "0",
    "MaxGearScoreBonus": "0",
    "RespawnCooldownMod": "0",
    "EffectId": "CampRegenL0",
    "BlueprintId": "CampT1",
    "IsMilestone": "0",
    "Tooltip": "",
    "MaxEquippableGearScore": "125",
    "IgnoreItemRarity": "0",
    "GSLimitT1": "100-105",
    "GSLimitT2": "100-105",
    "GSLimitT3": "100-105",
    "GSLimitT4": "100-105",
    "GSLimitT5": "100-105",
    "GSBonusCritter": "",
    "GSBonusSolo": "",
    "GSBonusSolo-": "",
    "GSBonusSolo+": "",
    "GSBonusGroup": "",
    "GSBonusGroup-": "",
    "GSBonusGroup+": "",
    "GSBonusBoss": "",
    "HouseTrophySlots": "2"
  },
  {
    "Level Number": "2",
    "XPToLevel": "490",
    "XPAlarmThreshold1": "0",
    "XPAlarmThreshold2": "0",
    "PlayTimeAlarmThresholdMins1": "0",
    "PlayTimeAlarmThresholdMins2": "0",
    "AttributePoints": "2",
    "Health": "100",
    "TradeSkillPoints": "1",
    "AttributeRespecCost": "0",
    "CanFreeAttributeRespec": "0",
    "LootTagValue": "2",
    "DefStandard": "0",
    "DefSlash": "0",
    "DefStrike": "0",
    "DefMagic": "0",
    "DefFire": "0",
    "DefLightning": "0",
    "DefCorruption": "0",
    "ResFrost": "0",
    "ResPoison": "0",
    "ResBleed": "0",
    "ResDisease": "0",
    "ResCurse": "0",
    "RecipeLevel": "3",
    "RollBonus": "0",
    "MinGearScoreBonus": "0",
    "MaxGearScoreBonus": "0",
    "RespawnCooldownMod": "0",
    "EffectId": "CampRegenL0",
    "BlueprintId": "CampT1",
    "IsMilestone": "0",
    "Tooltip": "",
    "MaxEquippableGearScore": "150",
    "IgnoreItemRarity": "0",
    "GSLimitT1": "100-115",
    "GSLimitT2": "100-115",
    "GSLimitT3": "100-115",
    "GSLimitT4": "100-115",
    "GSLimitT5": "100-115",
    "GSBonusCritter": "",
    "GSBonusSolo": "",
    "GSBonusSolo-": "",
    "GSBonusSolo+": "",
    "GSBonusGroup": "",
    "GSBonusGroup-": "",
    "GSBonusGroup+": "",
    "GSBonusBoss": "",
    "HouseTrophySlots": "2"
  },
  {
    "Level Number": "3",
    "XPToLevel": "1120",
    "XPAlarmThreshold1": "0",
    "XPAlarmThreshold2": "0",
    "PlayTimeAlarmThresholdMins1": "0",
    "PlayTimeAlarmThresholdMins2": "0",
    "AttributePoints": "2",
    "Health": "150",
    "TradeSkillPoints": "1",
    "AttributeRespecCost": "0",
    "CanFreeAttributeRespec": "0",
    "LootTagValue": "3",
    "DefStandard": "0",
    "DefSlash": "0",
    "DefStrike": "0",
    "DefMagic": "0",
    "DefFire": "0",
    "DefLightning": "0",
    "DefCorruption": "0",
    "ResFrost": "0",
    "ResPoison": "0",
    "ResBleed": "0",
    "ResDisease": "0",
    "ResCurse": "0",
    "RecipeLevel": "4",
    "RollBonus": "0",
    "MinGearScoreBonus": "0",
    "MaxGearScoreBonus": "0",
    "RespawnCooldownMod": "0",
    "EffectId": "CampRegenL0",
    "BlueprintId": "CampT1",
    "IsMilestone": "0",
    "Tooltip": "",
    "MaxEquippableGearScore": "175",
    "IgnoreItemRarity": "0",
    "GSLimitT1": "100-130",
    "GSLimitT2": "100-130",
    "GSLimitT3": "100-130",
    "GSLimitT4": "100-130",
    "GSLimitT5": "100-130",
    "GSBonusCritter": "",
    "GSBonusSolo": "",
    "GSBonusSolo-": "",
    "GSBonusSolo+": "",
    "GSBonusGroup": "",
    "GSBonusGroup-": "",
    "GSBonusGroup+": "",
    "GSBonusBoss": "",
    "HouseTrophySlots": "2"
  },
  {
    "Level Number": "4",
    "XPToLevel": "2060",
    "XPAlarmThreshold1": "0",
    "XPAlarmThreshold2": "0",
    "PlayTimeAlarmThresholdMins1": "0",
    "PlayTimeAlarmThresholdMins2": "0",
    "AttributePoints": "2",
    "Health": "200",
    "TradeSkillPoints": "1",
    "AttributeRespecCost": "0",
    "CanFreeAttributeRespec": "0",
    "LootTagValue": "4",
    "DefStandard": "0",
    "DefSlash": "0",
    "DefStrike": "0",
    "DefMagic": "0",
    "DefFire": "0",
    "DefLightning": "0",
    "DefCorruption": "0",
    "ResFrost": "0",
    "ResPoison": "0",
    "ResBleed": "0",
    "ResDisease": "0",
    "ResCurse": "0",
    "RecipeLevel": "5",
    "RollBonus": "0",
    "MinGearScoreBonus": "0",
    "MaxGearScoreBonus": "0",
    "RespawnCooldownMod": "0",
    "EffectId": "CampRegenL0",
    "BlueprintId": "CampT1",
    "IsMilestone": "0",
    "Tooltip": "",
    "MaxEquippableGearScore": "200",
    "IgnoreItemRarity": "0",
    "GSLimitT1": "100-145",
    "GSLimitT2": "100-145",
    "GSLimitT3": "100-145",
    "GSLimitT4": "100-145",
    "GSLimitT5": "100-145",
    "GSBonusCritter": "",
    "GSBonusSolo": "",
    "GSBonusSolo-": "",
    "GSBonusSolo+": "",
    "GSBonusGroup": "",
    "GSBonusGroup-": "",
    "GSBonusGroup+": "",
    "GSBonusBoss": "",
    "HouseTrophySlots": "2"
  },
  {
    "Level Number": "5",
    "XPToLevel": "3230",
    "XPAlarmThreshold1": "0",
    "XPAlarmThreshold2": "0",
    "PlayTimeAlarmThresholdMins1": "0",
    "PlayTimeAlarmThresholdMins2": "0",
    "AttributePoints": "2",
    "Health": "250",
    "TradeSkillPoints": "1",
    "AttributeRespecCost": "0",
    "CanFreeAttributeRespec": "0",
    "LootTagValue": "5",
    "DefStandard": "0",
    "DefSlash": "0",
    "DefStrike": "0",
    "DefMagic": "0",
    "DefFire": "0",
    "DefLightning": "0",
    "DefCorruption": "0",
    "ResFrost": "0",
    "ResPoison": "0",
    "ResBleed": "0",
    "ResDisease": "0",
    "ResCurse": "0",
    "RecipeLevel": "6",
    "RollBonus": "0",
    "MinGearScoreBonus": "0",
    "MaxGearScoreBonus": "0",
    "RespawnCooldownMod": "0",
    "EffectId": "CampRegenL0",
    "BlueprintId": "CampT1",
    "IsMilestone": "0",
    "Tooltip": "",
    "MaxEquippableGearScore": "210",
    "IgnoreItemRarity": "0",
    "GSLimitT1": "150-160",
    "GSLimitT2": "150-160",
    "GSLimitT3": "150-160",
    "GSLimitT4": "150-160",
    "GSLimitT5": "150-160",
    "GSBonusCritter": "",
    "GSBonusSolo": "",
    "GSBonusSolo-": "",
    "GSBonusSolo+": "",
    "GSBonusGroup": "",
    "GSBonusGroup-": "",
    "GSBonusGroup+": "",
    "GSBonusBoss": "",
    "HouseTrophySlots": "2"
  },
  {
    "Level Number": "6",
    "XPToLevel": "4620",
    "XPAlarmThreshold1": "0",
    "XPAlarmThreshold2": "0",
    "PlayTimeAlarmThresholdMins1": "0",
    "PlayTimeAlarmThresholdMins2": "0",
    "AttributePoints": "2",
    "Health": "300",
    "TradeSkillPoints": "1",
    "AttributeRespecCost": "0",
    "CanFreeAttributeRespec": "0",
    "LootTagValue": "6",
    "DefStandard": "0",
    "DefSlash": "0",
    "DefStrike": "0",
    "DefMagic": "0",
    "DefFire": "0",
    "DefLightning": "0",
    "DefCorruption": "0",
    "ResFrost": "0",
    "ResPoison": "0",
    "ResBleed": "0",
    "ResDisease": "0",
    "ResCurse": "0",
    "RecipeLevel": "7",
    "RollBonus": "0",
    "MinGearScoreBonus": "0",
    "MaxGearScoreBonus": "0",
    "RespawnCooldownMod": "0",
    "EffectId": "CampRegenL0",
    "BlueprintId": "CampT1",
    "IsMilestone": "0",
    "Tooltip": "",
    "MaxEquippableGearScore": "220",
    "IgnoreItemRarity": "0",
    "GSLimitT1": "150-175",
    "GSLimitT2": "150-175",
    "GSLimitT3": "150-175",
    "GSLimitT4": "150-175",
    "GSLimitT5": "150-175",
    "GSBonusCritter": "",
    "GSBonusSolo": "",
    "GSBonusSolo-": "",
    "GSBonusSolo+": "",
    "GSBonusGroup": "",
    "GSBonusGroup-": "",
    "GSBonusGroup+": "",
    "GSBonusBoss": "",
    "HouseTrophySlots": "2"
  },
  {
    "Level Number": "7",
    "XPToLevel": "6550",
    "XPAlarmThreshold1": "0",
    "XPAlarmThreshold2": "0",
    "PlayTimeAlarmThresholdMins1": "0",
    "PlayTimeAlarmThresholdMins2": "0",
    "AttributePoints": "2",
    "Health": "350",
    "TradeSkillPoints": "1",
    "AttributeRespecCost": "0",
    "CanFreeAttributeRespec": "0",
    "LootTagValue": "7",
    "DefStandard": "0",
    "DefSlash": "0",
    "DefStrike": "0",
    "DefMagic": "0",
    "DefFire": "0",
    "DefLightning": "0",
    "DefCorruption": "0",
    "ResFrost": "0",
    "ResPoison": "0",
    "ResBleed": "0",
    "ResDisease": "0",
    "ResCurse": "0",
    "RecipeLevel": "8",
    "RollBonus": "0",
    "MinGearScoreBonus": "0",
    "MaxGearScoreBonus": "0",
    "RespawnCooldownMod": "0",
    "EffectId": "CampRegenL0",
    "BlueprintId": "CampT1",
    "IsMilestone": "0",
    "Tooltip": "",
    "MaxEquippableGearScore": "230",
    "IgnoreItemRarity": "0",
    "GSLimitT1": "150-190",
    "GSLimitT2": "150-190",
    "GSLimitT3": "150-190",
    "GSLimitT4": "150-190",
    "GSLimitT5": "150-190",
    "GSBonusCritter": "",
    "GSBonusSolo": "",
    "GSBonusSolo-": "",
    "GSBonusSolo+": "",
    "GSBonusGroup": "",
    "GSBonusGroup-": "",
    "GSBonusGroup+": "",
    "GSBonusBoss": "",
    "HouseTrophySlots": "2"
  },
  {
    "Level Number": "8",
    "XPToLevel": "9020",
    "XPAlarmThreshold1": "0",
    "XPAlarmThreshold2": "0",
    "PlayTimeAlarmThresholdMins1": "0",
    "PlayTimeAlarmThresholdMins2": "0",
    "AttributePoints": "2",
    "Health": "400",
    "TradeSkillPoints": "1",
    "AttributeRespecCost": "0",
    "CanFreeAttributeRespec": "0",
    "LootTagValue": "8",
    "DefStandard": "0",
    "DefSlash": "0",
    "DefStrike": "0",
    "DefMagic": "0",
    "DefFire": "0",
    "DefLightning": "0",
    "DefCorruption": "0",
    "ResFrost": "0",
    "ResPoison": "0",
    "ResBleed": "0",
    "ResDisease": "0",
    "ResCurse": "0",
    "RecipeLevel": "9",
    "RollBonus": "0",
    "MinGearScoreBonus": "0",
    "MaxGearScoreBonus": "0",
    "RespawnCooldownMod": "0",
    "EffectId": "CampRegenL0",
    "BlueprintId": "CampT1",
    "IsMilestone": "0",
    "Tooltip": "",
    "MaxEquippableGearScore": "240",
    "IgnoreItemRarity": "0",
    "GSLimitT1": "150-190",
    "GSLimitT2": "150-205",
    "GSLimitT3": "150-205",
    "GSLimitT4": "150-205",
    "GSLimitT5": "150-205",
    "GSBonusCritter": "",
    "GSBonusSolo": "",
    "GSBonusSolo-": "",
    "GSBonusSolo+": "",
    "GSBonusGroup": "",
    "GSBonusGroup-": "",
    "GSBonusGroup+": "",
    "GSBonusBoss": "",
    "HouseTrophySlots": "2"
  },
  {
    "Level Number": "9",
    "XPToLevel": "12000",
    "XPAlarmThreshold1": "0",
    "XPAlarmThreshold2": "0",
    "PlayTimeAlarmThresholdMins1": "0",
    "PlayTimeAlarmThresholdMins2": "0",
    "AttributePoints": "2",
    "Health": "450",
    "TradeSkillPoints": "1",
    "AttributeRespecCost": "0",
    "CanFreeAttributeRespec": "0",
    "LootTagValue": "9",
    "DefStandard": "0",
    "DefSlash": "0",
    "DefStrike": "0",
    "DefMagic": "0",
    "DefFire": "0",
    "DefLightning": "0",
    "DefCorruption": "0",
    "ResFrost": "0",
    "ResPoison": "0",
    "ResBleed": "0",
    "ResDisease": "0",
    "ResCurse": "0",
    "RecipeLevel": "10",
    "RollBonus": "0",
    "MinGearScoreBonus": "0",
    "MaxGearScoreBonus": "0",
    "RespawnCooldownMod": "0",
    "EffectId": "CampRegenL0",
    "BlueprintId": "CampT1",
    "IsMilestone": "0",
    "Tooltip": "",
    "MaxEquippableGearScore": "245",
    "IgnoreItemRarity": "0",
    "GSLimitT1": "150-190",
    "GSLimitT2": "200-210",
    "GSLimitT3": "200-210",
    "GSLimitT4": "200-210",
    "GSLimitT5": "200-210",
    "GSBonusCritter": "",
    "GSBonusSolo": "",
    "GSBonusSolo-": "",
    "GSBonusSolo+": "",
    "GSBonusGroup": "",
    "GSBonusGroup-": "",
    "GSBonusGroup+": "",
    "GSBonusBoss": "",
    "HouseTrophySlots": "2"
  },
  {
    "Level Number": "10",
    "XPToLevel": "14550",
    "XPAlarmThreshold1": "0",
    "XPAlarmThreshold2": "0",
    "PlayTimeAlarmThresholdMins1": "0",
    "PlayTimeAlarmThresholdMins2": "0",
    "AttributePoints": "2",
    "Health": "500",
    "TradeSkillPoints": "1",
    "AttributeRespecCost": "0",
    "CanFreeAttributeRespec": "0",
    "LootTagValue": "10",
    "DefStandard": "0",
    "DefSlash": "0",
    "DefStrike": "0",
    "DefMagic": "0",
    "DefFire": "0",
    "DefLightning": "0",
    "DefCorruption": "0",
    "ResFrost": "0",
    "ResPoison": "0",
    "ResBleed": "0",
    "ResDisease": "0",
    "ResCurse": "0",
    "RecipeLevel": "11",
    "RollBonus": "0",
    "MinGearScoreBonus": "0",
    "MaxGearScoreBonus": "0",
    "RespawnCooldownMod": "0",
    "EffectId": "CampRegenL0",
    "BlueprintId": "CampT1",
    "IsMilestone": "0",
    "Tooltip": "",
    "MaxEquippableGearScore": "250",
    "IgnoreItemRarity": "0",
    "GSLimitT1": "150-190",
    "GSLimitT2": "205-220",
    "GSLimitT3": "205-220",
    "GSLimitT4": "205-220",
    "GSLimitT5": "205-220",
    "GSBonusCritter": "",
    "GSBonusSolo": "",
    "GSBonusSolo-": "",
    "GSBonusSolo+": "",
    "GSBonusGroup": "",
    "GSBonusGroup-": "",
    "GSBonusGroup+": "",
    "GSBonusBoss": "",
    "HouseTrophySlots": "2"
  },
  {
    "Level Number": "11",
    "XPToLevel": "19120",
    "XPAlarmThreshold1": "0",
    "XPAlarmThreshold2": "0",
    "PlayTimeAlarmThresholdMins1": "0",
    "PlayTimeAlarmThresholdMins2": "0",
    "AttributePoints": "2",
    "Health": "550",
    "TradeSkillPoints": "1",
    "AttributeRespecCost": "0",
    "CanFreeAttributeRespec": "0",
    "LootTagValue": "11",
    "DefStandard": "0",
    "DefSlash": "0",
    "DefStrike": "0",
    "DefMagic": "0",
    "DefFire": "0",
    "DefLightning": "0",
    "DefCorruption": "0",
    "ResFrost": "0",
    "ResPoison": "0",
    "ResBleed": "0",
    "ResDisease": "0",
    "ResCurse": "0",
    "RecipeLevel": "12",
    "RollBonus": "0",
    "MinGearScoreBonus": "0",
    "MaxGearScoreBonus": "0",
    "RespawnCooldownMod": "0",
    "EffectId": "CampRegenL0",
    "BlueprintId": "CampT1",
    "IsMilestone": "0",
    "Tooltip": "",
    "MaxEquippableGearScore": "255",
    "IgnoreItemRarity": "0",
    "GSLimitT1": "150-190",
    "GSLimitT2": "210-230",
    "GSLimitT3": "210-230",
    "GSLimitT4": "210-230",
    "GSLimitT5": "210-230",
    "GSBonusCritter": "",
    "GSBonusSolo": "",
    "GSBonusSolo-": "",
    "GSBonusSolo+": "",
    "GSBonusGroup": "",
    "GSBonusGroup-": "",
    "GSBonusGroup+": "",
    "GSBonusBoss": "",
    "HouseTrophySlots": "2"
  },
  {
    "Level Number": "12",
    "XPToLevel": "24980",
    "XPAlarmThreshold1": "0",
    "XPAlarmThreshold2": "0",
    "PlayTimeAlarmThresholdMins1": "0",
    "PlayTimeAlarmThresholdMins2": "0",
    "AttributePoints": "2",
    "Health": "600",
    "TradeSkillPoints": "1",
    "AttributeRespecCost": "0",
    "CanFreeAttributeRespec": "0",
    "LootTagValue": "12",
    "DefStandard": "0",
    "DefSlash": "0",
    "DefStrike": "0",
    "DefMagic": "0",
    "DefFire": "0",
    "DefLightning": "0",
    "DefCorruption": "0",
    "ResFrost": "0",
    "ResPoison": "0",
    "ResBleed": "0",
    "ResDisease": "0",
    "ResCurse": "0",
    "RecipeLevel": "13",
    "RollBonus": "0",
    "MinGearScoreBonus": "0",
    "MaxGearScoreBonus": "0",
    "RespawnCooldownMod": "0",
    "EffectId": "CampRegenL0",
    "BlueprintId": "CampT1",
    "IsMilestone": "0",
    "Tooltip": "",
    "MaxEquippableGearScore": "260",
    "IgnoreItemRarity": "0",
    "GSLimitT1": "150-190",
    "GSLimitT2": "215-240",
    "GSLimitT3": "215-240",
    "GSLimitT4": "215-240",
    "GSLimitT5": "215-240",
    "GSBonusCritter": "",
    "GSBonusSolo": "",
    "GSBonusSolo-": "",
    "GSBonusSolo+": "",
    "GSBonusGroup": "",
    "GSBonusGroup-": "",
    "GSBonusGroup+": "",
    "GSBonusBoss": "",
    "HouseTrophySlots": "2"
  },
  {
    "Level Number": "13",
    "XPToLevel": "31030",
    "XPAlarmThreshold1": "0",
    "XPAlarmThreshold2": "0",
    "PlayTimeAlarmThresholdMins1": "0",
    "PlayTimeAlarmThresholdMins2": "0",
    "AttributePoints": "3",
    "Health": "650",
    "TradeSkillPoints": "1",
    "AttributeRespecCost": "0",
    "CanFreeAttributeRespec": "0",
    "LootTagValue": "13",
    "DefStandard": "0",
    "DefSlash": "0",
    "DefStrike": "0",
    "DefMagic": "0",
    "DefFire": "0",
    "DefLightning": "0",
    "DefCorruption": "0",
    "ResFrost": "0",
    "ResPoison": "0",
    "ResBleed": "0",
    "ResDisease": "0",
    "ResCurse": "0",
    "RecipeLevel": "14",
    "RollBonus": "0",
    "MinGearScoreBonus": "0",
    "MaxGearScoreBonus": "0",
    "RespawnCooldownMod": "0",
    "EffectId": "CampRegenL0",
    "BlueprintId": "CampT1",
    "IsMilestone": "0",
    "Tooltip": "",
    "MaxEquippableGearScore": "265",
    "IgnoreItemRarity": "0",
    "GSLimitT1": "150-190",
    "GSLimitT2": "220-250",
    "GSLimitT3": "220-250",
    "GSLimitT4": "220-250",
    "GSLimitT5": "220-250",
    "GSBonusCritter": "",
    "GSBonusSolo": "",
    "GSBonusSolo-": "",
    "GSBonusSolo+": "",
    "GSBonusGroup": "",
    "GSBonusGroup-": "",
    "GSBonusGroup+": "",
    "GSBonusBoss": "",
    "HouseTrophySlots": "2"
  },
  {
    "Level Number": "14",
    "XPToLevel": "38330",
    "XPAlarmThreshold1": "0",
    "XPAlarmThreshold2": "0",
    "PlayTimeAlarmThresholdMins1": "0",
    "PlayTimeAlarmThresholdMins2": "0",
    "AttributePoints": "3",
    "Health": "700",
    "TradeSkillPoints": "1",
    "AttributeRespecCost": "0",
    "CanFreeAttributeRespec": "0",
    "LootTagValue": "14",
    "DefStandard": "0",
    "DefSlash": "0",
    "DefStrike": "0",
    "DefMagic": "0",
    "DefFire": "0",
    "DefLightning": "0",
    "DefCorruption": "0",
    "ResFrost": "0",
    "ResPoison": "0",
    "ResBleed": "0",
    "ResDisease": "0",
    "ResCurse": "0",
    "RecipeLevel": "15",
    "RollBonus": "0",
    "MinGearScoreBonus": "0",
    "MaxGearScoreBonus": "0",
    "RespawnCooldownMod": "0",
    "EffectId": "CampRegenL0",
    "BlueprintId": "CampT2",
    "IsMilestone": "0",
    "Tooltip": "",
    "MaxEquippableGearScore": "270",
    "IgnoreItemRarity": "0",
    "GSLimitT1": "150-190",
    "GSLimitT2": "225-260",
    "GSLimitT3": "225-260",
    "GSLimitT4": "225-260",
    "GSLimitT5": "225-260",
    "GSBonusCritter": "",
    "GSBonusSolo": "",
    "GSBonusSolo-": "",
    "GSBonusSolo+": "",
    "GSBonusGroup": "",
    "GSBonusGroup-": "",
    "GSBonusGroup+": "",
    "GSBonusBoss": "",
    "HouseTrophySlots": "2"
  },
  {
    "Level Number": "15",
    "XPToLevel": "46990",
    "XPAlarmThreshold1": "0",
    "XPAlarmThreshold2": "0",
    "PlayTimeAlarmThresholdMins1": "0",
    "PlayTimeAlarmThresholdMins2": "0",
    "AttributePoints": "3",
    "Health": "750",
    "TradeSkillPoints": "1",
    "AttributeRespecCost": "0",
    "CanFreeAttributeRespec": "0",
    "LootTagValue": "15",
    "DefStandard": "0",
    "DefSlash": "0",
    "DefStrike": "0",
    "DefMagic": "0",
    "DefFire": "0",
    "DefLightning": "0",
    "DefCorruption": "0",
    "ResFrost": "0",
    "ResPoison": "0",
    "ResBleed": "0",
    "ResDisease": "0",
    "ResCurse": "0",
    "RecipeLevel": "16",
    "RollBonus": "0",
    "MinGearScoreBonus": "0",
    "MaxGearScoreBonus": "0",
    "RespawnCooldownMod": "0",
    "EffectId": "CampRegenL0",
    "BlueprintId": "CampT2",
    "IsMilestone": "0",
    "Tooltip": "",
    "MaxEquippableGearScore": "275",
    "IgnoreItemRarity": "0",
    "GSLimitT1": "150-190",
    "GSLimitT2": "230-270",
    "GSLimitT3": "230-270",
    "GSLimitT4": "230-270",
    "GSLimitT5": "230-270",
    "GSBonusCritter": "",
    "GSBonusSolo": "",
    "GSBonusSolo-": "",
    "GSBonusSolo+": "",
    "GSBonusGroup": "",
    "GSBonusGroup-": "",
    "GSBonusGroup+": "",
    "GSBonusBoss": "",
    "HouseTrophySlots": "2"
  },
  {
    "Level Number": "16",
    "XPToLevel": "57460",
    "XPAlarmThreshold1": "0",
    "XPAlarmThreshold2": "0",
    "PlayTimeAlarmThresholdMins1": "0",
    "PlayTimeAlarmThresholdMins2": "0",
    "AttributePoints": "3",
    "Health": "800",
    "TradeSkillPoints": "1",
    "AttributeRespecCost": "0",
    "CanFreeAttributeRespec": "0",
    "LootTagValue": "16",
    "DefStandard": "0",
    "DefSlash": "0",
    "DefStrike": "0",
    "DefMagic": "0",
    "DefFire": "0",
    "DefLightning": "0",
    "DefCorruption": "0",
    "ResFrost": "0",
    "ResPoison": "0",
    "ResBleed": "0",
    "ResDisease": "0",
    "ResCurse": "0",
    "RecipeLevel": "17",
    "RollBonus": "0",
    "MinGearScoreBonus": "0",
    "MaxGearScoreBonus": "0",
    "RespawnCooldownMod": "0",
    "EffectId": "CampRegenL0",
    "BlueprintId": "CampT2",
    "IsMilestone": "0",
    "Tooltip": "",
    "MaxEquippableGearScore": "280",
    "IgnoreItemRarity": "0",
    "GSLimitT1": "150-190",
    "GSLimitT2": "235-280",
    "GSLimitT3": "235-280",
    "GSLimitT4": "235-280",
    "GSLimitT5": "235-280",
    "GSBonusCritter": "",
    "GSBonusSolo": "",
    "GSBonusSolo-": "",
    "GSBonusSolo+": "",
    "GSBonusGroup": "",
    "GSBonusGroup-": "",
    "GSBonusGroup+": "",
    "GSBonusBoss": "",
    "HouseTrophySlots": "2"
  },
  {
    "Level Number": "17",
    "XPToLevel": "69750",
    "XPAlarmThreshold1": "0",
    "XPAlarmThreshold2": "0",
    "PlayTimeAlarmThresholdMins1": "0",
    "PlayTimeAlarmThresholdMins2": "0",
    "AttributePoints": "3",
    "Health": "850",
    "TradeSkillPoints": "1",
    "AttributeRespecCost": "0",
    "CanFreeAttributeRespec": "0",
    "LootTagValue": "17",
    "DefStandard": "0",
    "DefSlash": "0",
    "DefStrike": "0",
    "DefMagic": "0",
    "DefFire": "0",
    "DefLightning": "0",
    "DefCorruption": "0",
    "ResFrost": "0",
    "ResPoison": "0",
    "ResBleed": "0",
    "ResDisease": "0",
    "ResCurse": "0",
    "RecipeLevel": "18",
    "RollBonus": "0",
    "MinGearScoreBonus": "0",
    "MaxGearScoreBonus": "0",
    "RespawnCooldownMod": "0",
    "EffectId": "CampRegenL0",
    "BlueprintId": "CampT2",
    "IsMilestone": "0",
    "Tooltip": "",
    "MaxEquippableGearScore": "285",
    "IgnoreItemRarity": "0",
    "GSLimitT1": "150-190",
    "GSLimitT2": "240-290",
    "GSLimitT3": "240-290",
    "GSLimitT4": "240-290",
    "GSLimitT5": "240-290",
    "GSBonusCritter": "",
    "GSBonusSolo": "",
    "GSBonusSolo-": "",
    "GSBonusSolo+": "",
    "GSBonusGroup": "",
    "GSBonusGroup-": "",
    "GSBonusGroup+": "",
    "GSBonusBoss": "",
    "HouseTrophySlots": "2"
  },
  {
    "Level Number": "18",
    "XPToLevel": "83990",
    "XPAlarmThreshold1": "0",
    "XPAlarmThreshold2": "0",
    "PlayTimeAlarmThresholdMins1": "0",
    "PlayTimeAlarmThresholdMins2": "0",
    "AttributePoints": "3",
    "Health": "900",
    "TradeSkillPoints": "1",
    "AttributeRespecCost": "0",
    "CanFreeAttributeRespec": "0",
    "LootTagValue": "18",
    "DefStandard": "0",
    "DefSlash": "0",
    "DefStrike": "0",
    "DefMagic": "0",
    "DefFire": "0",
    "DefLightning": "0",
    "DefCorruption": "0",
    "ResFrost": "0",
    "ResPoison": "0",
    "ResBleed": "0",
    "ResDisease": "0",
    "ResCurse": "0",
    "RecipeLevel": "19",
    "RollBonus": "0",
    "MinGearScoreBonus": "0",
    "MaxGearScoreBonus": "0",
    "RespawnCooldownMod": "0",
    "EffectId": "CampRegenL0",
    "BlueprintId": "CampT2",
    "IsMilestone": "0",
    "Tooltip": "",
    "MaxEquippableGearScore": "299",
    "IgnoreItemRarity": "0",
    "GSLimitT1": "150-190",
    "GSLimitT2": "250-295",
    "GSLimitT3": "250-295",
    "GSLimitT4": "250-295",
    "GSLimitT5": "250-295",
    "GSBonusCritter": "",
    "GSBonusSolo": "",
    "GSBonusSolo-": "",
    "GSBonusSolo+": "",
    "GSBonusGroup": "",
    "GSBonusGroup-": "",
    "GSBonusGroup+": "",
    "GSBonusBoss": "",
    "HouseTrophySlots": "2"
  },
  {
    "Level Number": "19",
    "XPToLevel": "100290",
    "XPAlarmThreshold1": "0",
    "XPAlarmThreshold2": "0",
    "PlayTimeAlarmThresholdMins1": "0",
    "PlayTimeAlarmThresholdMins2": "0",
    "AttributePoints": "3",
    "Health": "950",
    "TradeSkillPoints": "1",
    "AttributeRespecCost": "2000",
    "CanFreeAttributeRespec": "0",
    "LootTagValue": "19",
    "DefStandard": "0",
    "DefSlash": "0",
    "DefStrike": "0",
    "DefMagic": "0",
    "DefFire": "0",
    "DefLightning": "0",
    "DefCorruption": "0",
    "ResFrost": "0",
    "ResPoison": "0",
    "ResBleed": "0",
    "ResDisease": "0",
    "ResCurse": "0",
    "RecipeLevel": "20",
    "RollBonus": "0",
    "MinGearScoreBonus": "0",
    "MaxGearScoreBonus": "0",
    "RespawnCooldownMod": "0",
    "EffectId": "CampRegenL0",
    "BlueprintId": "CampT3",
    "IsMilestone": "0",
    "Tooltip": "",
    "MaxEquippableGearScore": "305",
    "IgnoreItemRarity": "0",
    "GSLimitT1": "150-190",
    "GSLimitT2": "250-295",
    "GSLimitT3": "300-310",
    "GSLimitT4": "300-310",
    "GSLimitT5": "300-310",
    "GSBonusCritter": "",
    "GSBonusSolo": "",
    "GSBonusSolo-": "",
    "GSBonusSolo+": "",
    "GSBonusGroup": "",
    "GSBonusGroup-": "",
    "GSBonusGroup+": "",
    "GSBonusBoss": "",
    "HouseTrophySlots": "2"
  },
  {
    "Level Number": "20",
    "XPToLevel": "118770",
    "XPAlarmThreshold1": "0",
    "XPAlarmThreshold2": "0",
    "PlayTimeAlarmThresholdMins1": "0",
    "PlayTimeAlarmThresholdMins2": "0",
    "AttributePoints": "3",
    "Health": "1000",
    "TradeSkillPoints": "1",
    "AttributeRespecCost": "3200",
    "CanFreeAttributeRespec": "0",
    "LootTagValue": "20",
    "DefStandard": "0",
    "DefSlash": "0",
    "DefStrike": "0",
    "DefMagic": "0",
    "DefFire": "0",
    "DefLightning": "0",
    "DefCorruption": "0",
    "ResFrost": "0",
    "ResPoison": "0",
    "ResBleed": "0",
    "ResDisease": "0",
    "ResCurse": "0",
    "RecipeLevel": "21",
    "RollBonus": "0",
    "MinGearScoreBonus": "0",
    "MaxGearScoreBonus": "0",
    "RespawnCooldownMod": "0",
    "EffectId": "CampRegenL0",
    "BlueprintId": "CampT3",
    "IsMilestone": "0",
    "Tooltip": "",
    "MaxEquippableGearScore": "310",
    "IgnoreItemRarity": "0",
    "GSLimitT1": "150-190",
    "GSLimitT2": "250-295",
    "GSLimitT3": "300-315",
    "GSLimitT4": "300-315",
    "GSLimitT5": "300-315",
    "GSBonusCritter": "",
    "GSBonusSolo": "",
    "GSBonusSolo-": "",
    "GSBonusSolo+": "",
    "GSBonusGroup": "",
    "GSBonusGroup-": "",
    "GSBonusGroup+": "",
    "GSBonusBoss": "",
    "HouseTrophySlots": "3"
  },
  {
    "Level Number": "21",
    "XPToLevel": "139760",
    "XPAlarmThreshold1": "0",
    "XPAlarmThreshold2": "0",
    "PlayTimeAlarmThresholdMins1": "0",
    "PlayTimeAlarmThresholdMins2": "0",
    "AttributePoints": "3",
    "Health": "1050",
    "TradeSkillPoints": "1",
    "AttributeRespecCost": "4400",
    "CanFreeAttributeRespec": "0",
    "LootTagValue": "21",
    "DefStandard": "0",
    "DefSlash": "0",
    "DefStrike": "0",
    "DefMagic": "0",
    "DefFire": "0",
    "DefLightning": "0",
    "DefCorruption": "0",
    "ResFrost": "0",
    "ResPoison": "0",
    "ResBleed": "0",
    "ResDisease": "0",
    "ResCurse": "0",
    "RecipeLevel": "22",
    "RollBonus": "0",
    "MinGearScoreBonus": "0",
    "MaxGearScoreBonus": "0",
    "RespawnCooldownMod": "0",
    "EffectId": "CampRegenL0",
    "BlueprintId": "CampT3",
    "IsMilestone": "0",
    "Tooltip": "",
    "MaxEquippableGearScore": "315",
    "IgnoreItemRarity": "0",
    "GSLimitT1": "150-190",
    "GSLimitT2": "250-295",
    "GSLimitT3": "305-320",
    "GSLimitT4": "305-320",
    "GSLimitT5": "305-320",
    "GSBonusCritter": "",
    "GSBonusSolo": "",
    "GSBonusSolo-": "",
    "GSBonusSolo+": "",
    "GSBonusGroup": "",
    "GSBonusGroup-": "",
    "GSBonusGroup+": "",
    "GSBonusBoss": "",
    "HouseTrophySlots": "3"
  },
  {
    "Level Number": "22",
    "XPToLevel": "163380",
    "XPAlarmThreshold1": "0",
    "XPAlarmThreshold2": "0",
    "PlayTimeAlarmThresholdMins1": "0",
    "PlayTimeAlarmThresholdMins2": "0",
    "AttributePoints": "3",
    "Health": "1100",
    "TradeSkillPoints": "1",
    "AttributeRespecCost": "5600",
    "CanFreeAttributeRespec": "0",
    "LootTagValue": "22",
    "DefStandard": "0",
    "DefSlash": "0",
    "DefStrike": "0",
    "DefMagic": "0",
    "DefFire": "0",
    "DefLightning": "0",
    "DefCorruption": "0",
    "ResFrost": "0",
    "ResPoison": "0",
    "ResBleed": "0",
    "ResDisease": "0",
    "ResCurse": "0",
    "RecipeLevel": "23",
    "RollBonus": "0",
    "MinGearScoreBonus": "0",
    "MaxGearScoreBonus": "0",
    "RespawnCooldownMod": "0",
    "EffectId": "CampRegenL0",
    "BlueprintId": "CampT3",
    "IsMilestone": "0",
    "Tooltip": "",
    "MaxEquippableGearScore": "320",
    "IgnoreItemRarity": "0",
    "GSLimitT1": "150-190",
    "GSLimitT2": "250-295",
    "GSLimitT3": "305-325",
    "GSLimitT4": "305-325",
    "GSLimitT5": "305-325",
    "GSBonusCritter": "",
    "GSBonusSolo": "",
    "GSBonusSolo-": "",
    "GSBonusSolo+": "",
    "GSBonusGroup": "",
    "GSBonusGroup-": "",
    "GSBonusGroup+": "",
    "GSBonusBoss": "",
    "HouseTrophySlots": "3"
  },
  {
    "Level Number": "23",
    "XPToLevel": "190360",
    "XPAlarmThreshold1": "0",
    "XPAlarmThreshold2": "0",
    "PlayTimeAlarmThresholdMins1": "0",
    "PlayTimeAlarmThresholdMins2": "0",
    "AttributePoints": "3",
    "Health": "1150",
    "TradeSkillPoints": "1",
    "AttributeRespecCost": "6800",
    "CanFreeAttributeRespec": "0",
    "LootTagValue": "23",
    "DefStandard": "0",
    "DefSlash": "0",
    "DefStrike": "0",
    "DefMagic": "0",
    "DefFire": "0",
    "DefLightning": "0",
    "DefCorruption": "0",
    "ResFrost": "0",
    "ResPoison": "0",
    "ResBleed": "0",
    "ResDisease": "0",
    "ResCurse": "0",
    "RecipeLevel": "24",
    "RollBonus": "0",
    "MinGearScoreBonus": "0",
    "MaxGearScoreBonus": "0",
    "RespawnCooldownMod": "0",
    "EffectId": "CampRegenL0",
    "BlueprintId": "CampT3",
    "IsMilestone": "0",
    "Tooltip": "",
    "MaxEquippableGearScore": "325",
    "IgnoreItemRarity": "0",
    "GSLimitT1": "150-190",
    "GSLimitT2": "250-295",
    "GSLimitT3": "310-330",
    "GSLimitT4": "310-330",
    "GSLimitT5": "310-330",
    "GSBonusCritter": "",
    "GSBonusSolo": "",
    "GSBonusSolo-": "",
    "GSBonusSolo+": "",
    "GSBonusGroup": "",
    "GSBonusGroup-": "",
    "GSBonusGroup+": "",
    "GSBonusBoss": "",
    "HouseTrophySlots": "3"
  },
  {
    "Level Number": "24",
    "XPToLevel": "220670",
    "XPAlarmThreshold1": "0",
    "XPAlarmThreshold2": "0",
    "PlayTimeAlarmThresholdMins1": "0",
    "PlayTimeAlarmThresholdMins2": "0",
    "AttributePoints": "3",
    "Health": "1200",
    "TradeSkillPoints": "1",
    "AttributeRespecCost": "8000",
    "CanFreeAttributeRespec": "0",
    "LootTagValue": "24",
    "DefStandard": "0",
    "DefSlash": "0",
    "DefStrike": "0",
    "DefMagic": "0",
    "DefFire": "0",
    "DefLightning": "0",
    "DefCorruption": "0",
    "ResFrost": "0",
    "ResPoison": "0",
    "ResBleed": "0",
    "ResDisease": "0",
    "ResCurse": "0",
    "RecipeLevel": "25",
    "RollBonus": "0",
    "MinGearScoreBonus": "0",
    "MaxGearScoreBonus": "0",
    "RespawnCooldownMod": "0",
    "EffectId": "CampRegenL0",
    "BlueprintId": "CampT3",
    "IsMilestone": "0",
    "Tooltip": "",
    "MaxEquippableGearScore": "330",
    "IgnoreItemRarity": "0",
    "GSLimitT1": "150-190",
    "GSLimitT2": "250-295",
    "GSLimitT3": "310-335",
    "GSLimitT4": "310-335",
    "GSLimitT5": "310-335",
    "GSBonusCritter": "",
    "GSBonusSolo": "",
    "GSBonusSolo-": "",
    "GSBonusSolo+": "",
    "GSBonusGroup": "",
    "GSBonusGroup-": "",
    "GSBonusGroup+": "",
    "GSBonusBoss": "",
    "HouseTrophySlots": "3"
  },
  {
    "Level Number": "25",
    "XPToLevel": "253540",
    "XPAlarmThreshold1": "0",
    "XPAlarmThreshold2": "0",
    "PlayTimeAlarmThresholdMins1": "0",
    "PlayTimeAlarmThresholdMins2": "0",
    "AttributePoints": "3",
    "Health": "1250",
    "TradeSkillPoints": "1",
    "AttributeRespecCost": "9200",
    "CanFreeAttributeRespec": "0",
    "LootTagValue": "25",
    "DefStandard": "0",
    "DefSlash": "0",
    "DefStrike": "0",
    "DefMagic": "0",
    "DefFire": "0",
    "DefLightning": "0",
    "DefCorruption": "0",
    "ResFrost": "0",
    "ResPoison": "0",
    "ResBleed": "0",
    "ResDisease": "0",
    "ResCurse": "0",
    "RecipeLevel": "26",
    "RollBonus": "0",
    "MinGearScoreBonus": "0",
    "MaxGearScoreBonus": "0",
    "RespawnCooldownMod": "0",
    "EffectId": "CampRegenL0",
    "BlueprintId": "CampT3",
    "IsMilestone": "0",
    "Tooltip": "",
    "MaxEquippableGearScore": "335",
    "IgnoreItemRarity": "0",
    "GSLimitT1": "150-190",
    "GSLimitT2": "250-295",
    "GSLimitT3": "315-340",
    "GSLimitT4": "315-340",
    "GSLimitT5": "315-340",
    "GSBonusCritter": "",
    "GSBonusSolo": "",
    "GSBonusSolo-": "",
    "GSBonusSolo+": "",
    "GSBonusGroup": "",
    "GSBonusGroup-": "",
    "GSBonusGroup+": "",
    "GSBonusBoss": "",
    "HouseTrophySlots": "3"
  },
  {
    "Level Number": "26",
    "XPToLevel": "289430",
    "XPAlarmThreshold1": "0",
    "XPAlarmThreshold2": "0",
    "PlayTimeAlarmThresholdMins1": "0",
    "PlayTimeAlarmThresholdMins2": "0",
    "AttributePoints": "3",
    "Health": "1300",
    "TradeSkillPoints": "1",
    "AttributeRespecCost": "10400",
    "CanFreeAttributeRespec": "0",
    "LootTagValue": "26",
    "DefStandard": "0",
    "DefSlash": "0",
    "DefStrike": "0",
    "DefMagic": "0",
    "DefFire": "0",
    "DefLightning": "0",
    "DefCorruption": "0",
    "ResFrost": "0",
    "ResPoison": "0",
    "ResBleed": "0",
    "ResDisease": "0",
    "ResCurse": "0",
    "RecipeLevel": "27",
    "RollBonus": "0",
    "MinGearScoreBonus": "0",
    "MaxGearScoreBonus": "0",
    "RespawnCooldownMod": "0",
    "EffectId": "CampRegenL0",
    "BlueprintId": "CampT3",
    "IsMilestone": "0",
    "Tooltip": "",
    "MaxEquippableGearScore": "340",
    "IgnoreItemRarity": "0",
    "GSLimitT1": "150-190",
    "GSLimitT2": "250-295",
    "GSLimitT3": "315-345",
    "GSLimitT4": "315-345",
    "GSLimitT5": "315-345",
    "GSBonusCritter": "",
    "GSBonusSolo": "",
    "GSBonusSolo-": "",
    "GSBonusSolo+": "",
    "GSBonusGroup": "",
    "GSBonusGroup-": "",
    "GSBonusGroup+": "",
    "GSBonusBoss": "",
    "HouseTrophySlots": "3"
  },
  {
    "Level Number": "27",
    "XPToLevel": "328240",
    "XPAlarmThreshold1": "0",
    "XPAlarmThreshold2": "0",
    "PlayTimeAlarmThresholdMins1": "0",
    "PlayTimeAlarmThresholdMins2": "0",
    "AttributePoints": "3",
    "Health": "1350",
    "TradeSkillPoints": "1",
    "AttributeRespecCost": "11600",
    "CanFreeAttributeRespec": "0",
    "LootTagValue": "27",
    "DefStandard": "0",
    "DefSlash": "0",
    "DefStrike": "0",
    "DefMagic": "0",
    "DefFire": "0",
    "DefLightning": "0",
    "DefCorruption": "0",
    "ResFrost": "0",
    "ResPoison": "0",
    "ResBleed": "0",
    "ResDisease": "0",
    "ResCurse": "0",
    "RecipeLevel": "28",
    "RollBonus": "0",
    "MinGearScoreBonus": "0",
    "MaxGearScoreBonus": "0",
    "RespawnCooldownMod": "0",
    "EffectId": "CampRegenL0",
    "BlueprintId": "CampT3",
    "IsMilestone": "0",
    "Tooltip": "",
    "MaxEquippableGearScore": "345",
    "IgnoreItemRarity": "0",
    "GSLimitT1": "150-190",
    "GSLimitT2": "250-295",
    "GSLimitT3": "320-355",
    "GSLimitT4": "320-355",
    "GSLimitT5": "320-355",
    "GSBonusCritter": "",
    "GSBonusSolo": "",
    "GSBonusSolo-": "",
    "GSBonusSolo+": "",
    "GSBonusGroup": "",
    "GSBonusGroup-": "",
    "GSBonusGroup+": "",
    "GSBonusBoss": "",
    "HouseTrophySlots": "3"
  },
  {
    "Level Number": "28",
    "XPToLevel": "369020",
    "XPAlarmThreshold1": "0",
    "XPAlarmThreshold2": "0",
    "PlayTimeAlarmThresholdMins1": "0",
    "PlayTimeAlarmThresholdMins2": "0",
    "AttributePoints": "3",
    "Health": "1400",
    "TradeSkillPoints": "1",
    "AttributeRespecCost": "12800",
    "CanFreeAttributeRespec": "0",
    "LootTagValue": "28",
    "DefStandard": "0",
    "DefSlash": "0",
    "DefStrike": "0",
    "DefMagic": "0",
    "DefFire": "0",
    "DefLightning": "0",
    "DefCorruption": "0",
    "ResFrost": "0",
    "ResPoison": "0",
    "ResBleed": "0",
    "ResDisease": "0",
    "ResCurse": "0",
    "RecipeLevel": "29",
    "RollBonus": "0",
    "MinGearScoreBonus": "0",
    "MaxGearScoreBonus": "0",
    "RespawnCooldownMod": "0",
    "EffectId": "CampRegenL0",
    "BlueprintId": "CampT3",
    "IsMilestone": "0",
    "Tooltip": "",
    "MaxEquippableGearScore": "350",
    "IgnoreItemRarity": "0",
    "GSLimitT1": "150-190",
    "GSLimitT2": "250-295",
    "GSLimitT3": "320-360",
    "GSLimitT4": "320-360",
    "GSLimitT5": "320-360",
    "GSBonusCritter": "",
    "GSBonusSolo": "",
    "GSBonusSolo-": "",
    "GSBonusSolo+": "",
    "GSBonusGroup": "",
    "GSBonusGroup-": "",
    "GSBonusGroup+": "",
    "GSBonusBoss": "",
    "HouseTrophySlots": "3"
  },
  {
    "Level Number": "29",
    "XPToLevel": "411590",
    "XPAlarmThreshold1": "0",
    "XPAlarmThreshold2": "0",
    "PlayTimeAlarmThresholdMins1": "0",
    "PlayTimeAlarmThresholdMins2": "0",
    "AttributePoints": "3",
    "Health": "1450",
    "TradeSkillPoints": "1",
    "AttributeRespecCost": "14000",
    "CanFreeAttributeRespec": "0",
    "LootTagValue": "29",
    "DefStandard": "0",
    "DefSlash": "0",
    "DefStrike": "0",
    "DefMagic": "0",
    "DefFire": "0",
    "DefLightning": "0",
    "DefCorruption": "0",
    "ResFrost": "0",
    "ResPoison": "0",
    "ResBleed": "0",
    "ResDisease": "0",
    "ResCurse": "0",
    "RecipeLevel": "30",
    "RollBonus": "0",
    "MinGearScoreBonus": "0",
    "MaxGearScoreBonus": "0",
    "RespawnCooldownMod": "0",
    "EffectId": "CampRegenL0",
    "BlueprintId": "CampT3",
    "IsMilestone": "0",
    "Tooltip": "",
    "MaxEquippableGearScore": "355",
    "IgnoreItemRarity": "0",
    "GSLimitT1": "150-190",
    "GSLimitT2": "250-295",
    "GSLimitT3": "325-365",
    "GSLimitT4": "325-365",
    "GSLimitT5": "325-365",
    "GSBonusCritter": "",
    "GSBonusSolo": "",
    "GSBonusSolo-": "",
    "GSBonusSolo+": "",
    "GSBonusGroup": "",
    "GSBonusGroup-": "",
    "GSBonusGroup+": "",
    "GSBonusBoss": "",
    "HouseTrophySlots": "3"
  },
  {
    "Level Number": "30",
    "XPToLevel": "455810",
    "XPAlarmThreshold1": "0",
    "XPAlarmThreshold2": "0",
    "PlayTimeAlarmThresholdMins1": "1631",
    "PlayTimeAlarmThresholdMins2": "1087",
    "AttributePoints": "3",
    "Health": "1500",
    "TradeSkillPoints": "1",
    "AttributeRespecCost": "15200",
    "CanFreeAttributeRespec": "0",
    "LootTagValue": "30",
    "DefStandard": "0",
    "DefSlash": "0",
    "DefStrike": "0",
    "DefMagic": "0",
    "DefFire": "0",
    "DefLightning": "0",
    "DefCorruption": "0",
    "ResFrost": "0",
    "ResPoison": "0",
    "ResBleed": "0",
    "ResDisease": "0",
    "ResCurse": "0",
    "RecipeLevel": "31",
    "RollBonus": "0",
    "MinGearScoreBonus": "0",
    "MaxGearScoreBonus": "0",
    "RespawnCooldownMod": "0",
    "EffectId": "CampRegenL0",
    "BlueprintId": "CampT3",
    "IsMilestone": "0",
    "Tooltip": "",
    "MaxEquippableGearScore": "360",
    "IgnoreItemRarity": "0",
    "GSLimitT1": "150-190",
    "GSLimitT2": "250-295",
    "GSLimitT3": "325-370",
    "GSLimitT4": "325-370",
    "GSLimitT5": "325-370",
    "GSBonusCritter": "",
    "GSBonusSolo": "",
    "GSBonusSolo-": "",
    "GSBonusSolo+": "",
    "GSBonusGroup": "",
    "GSBonusGroup-": "",
    "GSBonusGroup+": "",
    "GSBonusBoss": "",
    "HouseTrophySlots": "4"
  },
  {
    "Level Number": "31",
    "XPToLevel": "501800",
    "XPAlarmThreshold1": "0",
    "XPAlarmThreshold2": "0",
    "PlayTimeAlarmThresholdMins1": "1737",
    "PlayTimeAlarmThresholdMins2": "1158",
    "AttributePoints": "3",
    "Health": "1550",
    "TradeSkillPoints": "1",
    "AttributeRespecCost": "16400",
    "CanFreeAttributeRespec": "0",
    "LootTagValue": "31",
    "DefStandard": "0",
    "DefSlash": "0",
    "DefStrike": "0",
    "DefMagic": "0",
    "DefFire": "0",
    "DefLightning": "0",
    "DefCorruption": "0",
    "ResFrost": "0",
    "ResPoison": "0",
    "ResBleed": "0",
    "ResDisease": "0",
    "ResCurse": "0",
    "RecipeLevel": "32",
    "RollBonus": "0",
    "MinGearScoreBonus": "0",
    "MaxGearScoreBonus": "0",
    "RespawnCooldownMod": "0",
    "EffectId": "CampRegenL0",
    "BlueprintId": "CampT3",
    "IsMilestone": "0",
    "Tooltip": "",
    "MaxEquippableGearScore": "365",
    "IgnoreItemRarity": "0",
    "GSLimitT1": "150-190",
    "GSLimitT2": "250-295",
    "GSLimitT3": "330-375",
    "GSLimitT4": "330-375",
    "GSLimitT5": "330-375",
    "GSBonusCritter": "",
    "GSBonusSolo": "",
    "GSBonusSolo-": "",
    "GSBonusSolo+": "",
    "GSBonusGroup": "",
    "GSBonusGroup-": "",
    "GSBonusGroup+": "",
    "GSBonusBoss": "",
    "HouseTrophySlots": "4"
  },
  {
    "Level Number": "32",
    "XPToLevel": "549470",
    "XPAlarmThreshold1": "0",
    "XPAlarmThreshold2": "0",
    "PlayTimeAlarmThresholdMins1": "1832",
    "PlayTimeAlarmThresholdMins2": "1222",
    "AttributePoints": "3",
    "Health": "1600",
    "TradeSkillPoints": "1",
    "AttributeRespecCost": "17600",
    "CanFreeAttributeRespec": "0",
    "LootTagValue": "32",
    "DefStandard": "0",
    "DefSlash": "0",
    "DefStrike": "0",
    "DefMagic": "0",
    "DefFire": "0",
    "DefLightning": "0",
    "DefCorruption": "0",
    "ResFrost": "0",
    "ResPoison": "0",
    "ResBleed": "0",
    "ResDisease": "0",
    "ResCurse": "0",
    "RecipeLevel": "33",
    "RollBonus": "0",
    "MinGearScoreBonus": "0",
    "MaxGearScoreBonus": "0",
    "RespawnCooldownMod": "0",
    "EffectId": "CampRegenL0",
    "BlueprintId": "CampT3",
    "IsMilestone": "0",
    "Tooltip": "",
    "MaxEquippableGearScore": "370",
    "IgnoreItemRarity": "0",
    "GSLimitT1": "150-190",
    "GSLimitT2": "250-295",
    "GSLimitT3": "330-380",
    "GSLimitT4": "330-380",
    "GSLimitT5": "330-380",
    "GSBonusCritter": "",
    "GSBonusSolo": "",
    "GSBonusSolo-": "",
    "GSBonusSolo+": "",
    "GSBonusGroup": "",
    "GSBonusGroup-": "",
    "GSBonusGroup+": "",
    "GSBonusBoss": "",
    "HouseTrophySlots": "4"
  },
  {
    "Level Number": "33",
    "XPToLevel": "598770",
    "XPAlarmThreshold1": "0",
    "XPAlarmThreshold2": "0",
    "PlayTimeAlarmThresholdMins1": "1938",
    "PlayTimeAlarmThresholdMins2": "1292",
    "AttributePoints": "3",
    "Health": "1650",
    "TradeSkillPoints": "1",
    "AttributeRespecCost": "18800",
    "CanFreeAttributeRespec": "0",
    "LootTagValue": "33",
    "DefStandard": "0",
    "DefSlash": "0",
    "DefStrike": "0",
    "DefMagic": "0",
    "DefFire": "0",
    "DefLightning": "0",
    "DefCorruption": "0",
    "ResFrost": "0",
    "ResPoison": "0",
    "ResBleed": "0",
    "ResDisease": "0",
    "ResCurse": "0",
    "RecipeLevel": "34",
    "RollBonus": "0",
    "MinGearScoreBonus": "0",
    "MaxGearScoreBonus": "0",
    "RespawnCooldownMod": "0",
    "EffectId": "CampRegenL0",
    "BlueprintId": "CampT3",
    "IsMilestone": "0",
    "Tooltip": "",
    "MaxEquippableGearScore": "375",
    "IgnoreItemRarity": "0",
    "GSLimitT1": "150-190",
    "GSLimitT2": "250-295",
    "GSLimitT3": "335-385",
    "GSLimitT4": "335-385",
    "GSLimitT5": "335-385",
    "GSBonusCritter": "",
    "GSBonusSolo": "",
    "GSBonusSolo-": "",
    "GSBonusSolo+": "",
    "GSBonusGroup": "",
    "GSBonusGroup-": "",
    "GSBonusGroup+": "",
    "GSBonusBoss": "",
    "HouseTrophySlots": "4"
  },
  {
    "Level Number": "34",
    "XPToLevel": "649610",
    "XPAlarmThreshold1": "0",
    "XPAlarmThreshold2": "0",
    "PlayTimeAlarmThresholdMins1": "2024",
    "PlayTimeAlarmThresholdMins2": "1349",
    "AttributePoints": "3",
    "Health": "1700",
    "TradeSkillPoints": "1",
    "AttributeRespecCost": "20000",
    "CanFreeAttributeRespec": "0",
    "LootTagValue": "34",
    "DefStandard": "0",
    "DefSlash": "0",
    "DefStrike": "0",
    "DefMagic": "0",
    "DefFire": "0",
    "DefLightning": "0",
    "DefCorruption": "0",
    "ResFrost": "0",
    "ResPoison": "0",
    "ResBleed": "0",
    "ResDisease": "0",
    "ResCurse": "0",
    "RecipeLevel": "35",
    "RollBonus": "0",
    "MinGearScoreBonus": "0",
    "MaxGearScoreBonus": "0",
    "RespawnCooldownMod": "0",
    "EffectId": "CampRegenL0",
    "BlueprintId": "CampT4",
    "IsMilestone": "0",
    "Tooltip": "",
    "MaxEquippableGearScore": "380",
    "IgnoreItemRarity": "0",
    "GSLimitT1": "150-190",
    "GSLimitT2": "250-295",
    "GSLimitT3": "335-390",
    "GSLimitT4": "335-390",
    "GSLimitT5": "335-390",
    "GSBonusCritter": "",
    "GSBonusSolo": "",
    "GSBonusSolo-": "",
    "GSBonusSolo+": "",
    "GSBonusGroup": "",
    "GSBonusGroup-": "",
    "GSBonusGroup+": "",
    "GSBonusBoss": "",
    "HouseTrophySlots": "4"
  },
  {
    "Level Number": "35",
    "XPToLevel": "701920",
    "XPAlarmThreshold1": "0",
    "XPAlarmThreshold2": "0",
    "PlayTimeAlarmThresholdMins1": "2120",
    "PlayTimeAlarmThresholdMins2": "1413",
    "AttributePoints": "3",
    "Health": "1750",
    "TradeSkillPoints": "1",
    "AttributeRespecCost": "21200",
    "CanFreeAttributeRespec": "0",
    "LootTagValue": "35",
    "DefStandard": "0",
    "DefSlash": "0",
    "DefStrike": "0",
    "DefMagic": "0",
    "DefFire": "0",
    "DefLightning": "0",
    "DefCorruption": "0",
    "ResFrost": "0",
    "ResPoison": "0",
    "ResBleed": "0",
    "ResDisease": "0",
    "ResCurse": "0",
    "RecipeLevel": "36",
    "RollBonus": "0",
    "MinGearScoreBonus": "0",
    "MaxGearScoreBonus": "0",
    "RespawnCooldownMod": "0",
    "EffectId": "CampRegenL0",
    "BlueprintId": "CampT4",
    "IsMilestone": "0",
    "Tooltip": "",
    "MaxEquippableGearScore": "385",
    "IgnoreItemRarity": "0",
    "GSLimitT1": "150-190",
    "GSLimitT2": "250-295",
    "GSLimitT3": "340-395",
    "GSLimitT4": "340-395",
    "GSLimitT5": "340-395",
    "GSBonusCritter": "",
    "GSBonusSolo": "",
    "GSBonusSolo-": "",
    "GSBonusSolo+": "",
    "GSBonusGroup": "",
    "GSBonusGroup-": "",
    "GSBonusGroup+": "",
    "GSBonusBoss": "",
    "HouseTrophySlots": "4"
  },
  {
    "Level Number": "36",
    "XPToLevel": "755810",
    "XPAlarmThreshold1": "0",
    "XPAlarmThreshold2": "0",
    "PlayTimeAlarmThresholdMins1": "2204",
    "PlayTimeAlarmThresholdMins2": "1470",
    "AttributePoints": "3",
    "Health": "1800",
    "TradeSkillPoints": "1",
    "AttributeRespecCost": "22400",
    "CanFreeAttributeRespec": "0",
    "LootTagValue": "36",
    "DefStandard": "0",
    "DefSlash": "0",
    "DefStrike": "0",
    "DefMagic": "0",
    "DefFire": "0",
    "DefLightning": "0",
    "DefCorruption": "0",
    "ResFrost": "0",
    "ResPoison": "0",
    "ResBleed": "0",
    "ResDisease": "0",
    "ResCurse": "0",
    "RecipeLevel": "37",
    "RollBonus": "0",
    "MinGearScoreBonus": "0",
    "MaxGearScoreBonus": "0",
    "RespawnCooldownMod": "0",
    "EffectId": "CampRegenL0",
    "BlueprintId": "CampT4",
    "IsMilestone": "0",
    "Tooltip": "",
    "MaxEquippableGearScore": "390",
    "IgnoreItemRarity": "0",
    "GSLimitT1": "150-190",
    "GSLimitT2": "250-295",
    "GSLimitT3": "340-395",
    "GSLimitT4": "340-395",
    "GSLimitT5": "340-395",
    "GSBonusCritter": "",
    "GSBonusSolo": "",
    "GSBonusSolo-": "",
    "GSBonusSolo+": "",
    "GSBonusGroup": "",
    "GSBonusGroup-": "",
    "GSBonusGroup+": "",
    "GSBonusBoss": "",
    "HouseTrophySlots": "4"
  },
  {
    "Level Number": "37",
    "XPToLevel": "811200",
    "XPAlarmThreshold1": "0",
    "XPAlarmThreshold2": "0",
    "PlayTimeAlarmThresholdMins1": "2315",
    "PlayTimeAlarmThresholdMins2": "1543",
    "AttributePoints": "3",
    "Health": "1850",
    "TradeSkillPoints": "1",
    "AttributeRespecCost": "23600",
    "CanFreeAttributeRespec": "0",
    "LootTagValue": "37",
    "DefStandard": "0",
    "DefSlash": "0",
    "DefStrike": "0",
    "DefMagic": "0",
    "DefFire": "0",
    "DefLightning": "0",
    "DefCorruption": "0",
    "ResFrost": "0",
    "ResPoison": "0",
    "ResBleed": "0",
    "ResDisease": "0",
    "ResCurse": "0",
    "RecipeLevel": "38",
    "RollBonus": "0",
    "MinGearScoreBonus": "0",
    "MaxGearScoreBonus": "0",
    "RespawnCooldownMod": "0",
    "EffectId": "CampRegenL0",
    "BlueprintId": "CampT4",
    "IsMilestone": "0",
    "Tooltip": "",
    "MaxEquippableGearScore": "395",
    "IgnoreItemRarity": "0",
    "GSLimitT1": "150-190",
    "GSLimitT2": "250-295",
    "GSLimitT3": "345-395",
    "GSLimitT4": "345-395",
    "GSLimitT5": "345-395",
    "GSBonusCritter": "",
    "GSBonusSolo": "",
    "GSBonusSolo-": "",
    "GSBonusSolo+": "",
    "GSBonusGroup": "",
    "GSBonusGroup-": "",
    "GSBonusGroup+": "",
    "GSBonusBoss": "",
    "HouseTrophySlots": "4"
  },
  {
    "Level Number": "38",
    "XPToLevel": "868010",
    "XPAlarmThreshold1": "0",
    "XPAlarmThreshold2": "0",
    "PlayTimeAlarmThresholdMins1": "2385",
    "PlayTimeAlarmThresholdMins2": "1590",
    "AttributePoints": "3",
    "Health": "1900",
    "TradeSkillPoints": "1",
    "AttributeRespecCost": "24800",
    "CanFreeAttributeRespec": "0",
    "LootTagValue": "38",
    "DefStandard": "0",
    "DefSlash": "0",
    "DefStrike": "0",
    "DefMagic": "0",
    "DefFire": "0",
    "DefLightning": "0",
    "DefCorruption": "0",
    "ResFrost": "0",
    "ResPoison": "0",
    "ResBleed": "0",
    "ResDisease": "0",
    "ResCurse": "0",
    "RecipeLevel": "39",
    "RollBonus": "0",
    "MinGearScoreBonus": "0",
    "MaxGearScoreBonus": "0",
    "RespawnCooldownMod": "0",
    "EffectId": "CampRegenL0",
    "BlueprintId": "CampT4",
    "IsMilestone": "0",
    "Tooltip": "",
    "MaxEquippableGearScore": "399",
    "IgnoreItemRarity": "0",
    "GSLimitT1": "150-190",
    "GSLimitT2": "250-295",
    "GSLimitT3": "345-395",
    "GSLimitT4": "345-395",
    "GSLimitT5": "345-395",
    "GSBonusCritter": "",
    "GSBonusSolo": "",
    "GSBonusSolo-": "",
    "GSBonusSolo+": "",
    "GSBonusGroup": "",
    "GSBonusGroup-": "",
    "GSBonusGroup+": "",
    "GSBonusBoss": "",
    "HouseTrophySlots": "4"
  },
  {
    "Level Number": "39",
    "XPToLevel": "926150",
    "XPAlarmThreshold1": "0",
    "XPAlarmThreshold2": "0",
    "PlayTimeAlarmThresholdMins1": "2456",
    "PlayTimeAlarmThresholdMins2": "1637",
    "AttributePoints": "3",
    "Health": "1950",
    "TradeSkillPoints": "1",
    "AttributeRespecCost": "26000",
    "CanFreeAttributeRespec": "0",
    "LootTagValue": "39",
    "DefStandard": "0",
    "DefSlash": "0",
    "DefStrike": "0",
    "DefMagic": "0",
    "DefFire": "0",
    "DefLightning": "0",
    "DefCorruption": "0",
    "ResFrost": "0",
    "ResPoison": "0",
    "ResBleed": "0",
    "ResDisease": "0",
    "ResCurse": "0",
    "RecipeLevel": "40",
    "RollBonus": "0",
    "MinGearScoreBonus": "0",
    "MaxGearScoreBonus": "0",
    "RespawnCooldownMod": "0",
    "EffectId": "CampRegenL0",
    "BlueprintId": "CampT4",
    "IsMilestone": "0",
    "Tooltip": "",
    "MaxEquippableGearScore": "405",
    "IgnoreItemRarity": "0",
    "GSLimitT1": "150-190",
    "GSLimitT2": "250-295",
    "GSLimitT3": "350-395",
    "GSLimitT4": "400-410",
    "GSLimitT5": "400-410",
    "GSBonusCritter": "",
    "GSBonusSolo": "",
    "GSBonusSolo-": "",
    "GSBonusSolo+": "",
    "GSBonusGroup": "",
    "GSBonusGroup-": "",
    "GSBonusGroup+": "",
    "GSBonusBoss": "",
    "HouseTrophySlots": "4"
  },
  {
    "Level Number": "40",
    "XPToLevel": "985540",
    "XPAlarmThreshold1": "0",
    "XPAlarmThreshold2": "0",
    "PlayTimeAlarmThresholdMins1": "2549",
    "PlayTimeAlarmThresholdMins2": "1700",
    "AttributePoints": "4",
    "Health": "2000",
    "TradeSkillPoints": "1",
    "AttributeRespecCost": "27200",
    "CanFreeAttributeRespec": "0",
    "LootTagValue": "40",
    "DefStandard": "0",
    "DefSlash": "0",
    "DefStrike": "0",
    "DefMagic": "0",
    "DefFire": "0",
    "DefLightning": "0",
    "DefCorruption": "0",
    "ResFrost": "0",
    "ResPoison": "0",
    "ResBleed": "0",
    "ResDisease": "0",
    "ResCurse": "0",
    "RecipeLevel": "41",
    "RollBonus": "0",
    "MinGearScoreBonus": "0",
    "MaxGearScoreBonus": "0",
    "RespawnCooldownMod": "0",
    "EffectId": "CampRegenL0",
    "BlueprintId": "CampT4",
    "IsMilestone": "0",
    "Tooltip": "",
    "MaxEquippableGearScore": "410",
    "IgnoreItemRarity": "0",
    "GSLimitT1": "150-190",
    "GSLimitT2": "250-295",
    "GSLimitT3": "350-395",
    "GSLimitT4": "400-415",
    "GSLimitT5": "400-415",
    "GSBonusCritter": "",
    "GSBonusSolo": "",
    "GSBonusSolo-": "",
    "GSBonusSolo+": "",
    "GSBonusGroup": "",
    "GSBonusGroup-": "",
    "GSBonusGroup+": "",
    "GSBonusBoss": "",
    "HouseTrophySlots": "4"
  },
  {
    "Level Number": "41",
    "XPToLevel": "1046270",
    "XPAlarmThreshold1": "0",
    "XPAlarmThreshold2": "0",
    "PlayTimeAlarmThresholdMins1": "2649",
    "PlayTimeAlarmThresholdMins2": "1766",
    "AttributePoints": "4",
    "Health": "2050",
    "TradeSkillPoints": "1",
    "AttributeRespecCost": "28400",
    "CanFreeAttributeRespec": "0",
    "LootTagValue": "41",
    "DefStandard": "0",
    "DefSlash": "0",
    "DefStrike": "0",
    "DefMagic": "0",
    "DefFire": "0",
    "DefLightning": "0",
    "DefCorruption": "0",
    "ResFrost": "0",
    "ResPoison": "0",
    "ResBleed": "0",
    "ResDisease": "0",
    "ResCurse": "0",
    "RecipeLevel": "42",
    "RollBonus": "0",
    "MinGearScoreBonus": "0",
    "MaxGearScoreBonus": "0",
    "RespawnCooldownMod": "0",
    "EffectId": "CampRegenL0",
    "BlueprintId": "CampT4",
    "IsMilestone": "0",
    "Tooltip": "",
    "MaxEquippableGearScore": "415",
    "IgnoreItemRarity": "0",
    "GSLimitT1": "150-190",
    "GSLimitT2": "250-295",
    "GSLimitT3": "350-395",
    "GSLimitT4": "405-420",
    "GSLimitT5": "405-420",
    "GSBonusCritter": "",
    "GSBonusSolo": "",
    "GSBonusSolo-": "",
    "GSBonusSolo+": "",
    "GSBonusGroup": "",
    "GSBonusGroup-": "",
    "GSBonusGroup+": "",
    "GSBonusBoss": "",
    "HouseTrophySlots": "4"
  },
  {
    "Level Number": "42",
    "XPToLevel": "1109500",
    "XPAlarmThreshold1": "0",
    "XPAlarmThreshold2": "0",
    "PlayTimeAlarmThresholdMins1": "2720",
    "PlayTimeAlarmThresholdMins2": "1813",
    "AttributePoints": "4",
    "Health": "2100",
    "TradeSkillPoints": "1",
    "AttributeRespecCost": "29600",
    "CanFreeAttributeRespec": "0",
    "LootTagValue": "42",
    "DefStandard": "0",
    "DefSlash": "0",
    "DefStrike": "0",
    "DefMagic": "0",
    "DefFire": "0",
    "DefLightning": "0",
    "DefCorruption": "0",
    "ResFrost": "0",
    "ResPoison": "0",
    "ResBleed": "0",
    "ResDisease": "0",
    "ResCurse": "0",
    "RecipeLevel": "43",
    "RollBonus": "0",
    "MinGearScoreBonus": "0",
    "MaxGearScoreBonus": "0",
    "RespawnCooldownMod": "0",
    "EffectId": "CampRegenL0",
    "BlueprintId": "CampT4",
    "IsMilestone": "0",
    "Tooltip": "",
    "MaxEquippableGearScore": "420",
    "IgnoreItemRarity": "0",
    "GSLimitT1": "150-190",
    "GSLimitT2": "250-295",
    "GSLimitT3": "350-395",
    "GSLimitT4": "405-425",
    "GSLimitT5": "405-425",
    "GSBonusCritter": "",
    "GSBonusSolo": "",
    "GSBonusSolo-": "",
    "GSBonusSolo+": "",
    "GSBonusGroup": "",
    "GSBonusGroup-": "",
    "GSBonusGroup+": "",
    "GSBonusBoss": "",
    "HouseTrophySlots": "4"
  },
  {
    "Level Number": "43",
    "XPToLevel": "1175820",
    "XPAlarmThreshold1": "0",
    "XPAlarmThreshold2": "0",
    "PlayTimeAlarmThresholdMins1": "2804",
    "PlayTimeAlarmThresholdMins2": "1870",
    "AttributePoints": "4",
    "Health": "2150",
    "TradeSkillPoints": "1",
    "AttributeRespecCost": "30800",
    "CanFreeAttributeRespec": "0",
    "LootTagValue": "43",
    "DefStandard": "0",
    "DefSlash": "0",
    "DefStrike": "0",
    "DefMagic": "0",
    "DefFire": "0",
    "DefLightning": "0",
    "DefCorruption": "0",
    "ResFrost": "0",
    "ResPoison": "0",
    "ResBleed": "0",
    "ResDisease": "0",
    "ResCurse": "0",
    "RecipeLevel": "44",
    "RollBonus": "0",
    "MinGearScoreBonus": "0",
    "MaxGearScoreBonus": "0",
    "RespawnCooldownMod": "0",
    "EffectId": "CampRegenL0",
    "BlueprintId": "CampT4",
    "IsMilestone": "0",
    "Tooltip": "",
    "MaxEquippableGearScore": "425",
    "IgnoreItemRarity": "0",
    "GSLimitT1": "150-190",
    "GSLimitT2": "250-295",
    "GSLimitT3": "350-395",
    "GSLimitT4": "410-430",
    "GSLimitT5": "410-430",
    "GSBonusCritter": "",
    "GSBonusSolo": "",
    "GSBonusSolo-": "",
    "GSBonusSolo+": "",
    "GSBonusGroup": "",
    "GSBonusGroup-": "",
    "GSBonusGroup+": "",
    "GSBonusBoss": "",
    "HouseTrophySlots": "4"
  },
  {
    "Level Number": "44",
    "XPToLevel": "1245260",
    "XPAlarmThreshold1": "0",
    "XPAlarmThreshold2": "0",
    "PlayTimeAlarmThresholdMins1": "2857",
    "PlayTimeAlarmThresholdMins2": "1905",
    "AttributePoints": "4",
    "Health": "2200",
    "TradeSkillPoints": "1",
    "AttributeRespecCost": "32000",
    "CanFreeAttributeRespec": "0",
    "LootTagValue": "44",
    "DefStandard": "0",
    "DefSlash": "0",
    "DefStrike": "0",
    "DefMagic": "0",
    "DefFire": "0",
    "DefLightning": "0",
    "DefCorruption": "0",
    "ResFrost": "0",
    "ResPoison": "0",
    "ResBleed": "0",
    "ResDisease": "0",
    "ResCurse": "0",
    "RecipeLevel": "45",
    "RollBonus": "0",
    "MinGearScoreBonus": "0",
    "MaxGearScoreBonus": "0",
    "RespawnCooldownMod": "0",
    "EffectId": "CampRegenL0",
    "BlueprintId": "CampT4",
    "IsMilestone": "0",
    "Tooltip": "",
    "MaxEquippableGearScore": "430",
    "IgnoreItemRarity": "0",
    "GSLimitT1": "150-190",
    "GSLimitT2": "250-295",
    "GSLimitT3": "350-395",
    "GSLimitT4": "410-435",
    "GSLimitT5": "410-435",
    "GSBonusCritter": "",
    "GSBonusSolo": "",
    "GSBonusSolo-": "",
    "GSBonusSolo+": "",
    "GSBonusGroup": "",
    "GSBonusGroup-": "",
    "GSBonusGroup+": "",
    "GSBonusBoss": "",
    "HouseTrophySlots": "4"
  },
  {
    "Level Number": "45",
    "XPToLevel": "1317840",
    "XPAlarmThreshold1": "0",
    "XPAlarmThreshold2": "0",
    "PlayTimeAlarmThresholdMins1": "2928",
    "PlayTimeAlarmThresholdMins2": "1952",
    "AttributePoints": "4",
    "Health": "2250",
    "TradeSkillPoints": "1",
    "AttributeRespecCost": "33200",
    "CanFreeAttributeRespec": "0",
    "LootTagValue": "45",
    "DefStandard": "0",
    "DefSlash": "0",
    "DefStrike": "0",
    "DefMagic": "0",
    "DefFire": "0",
    "DefLightning": "0",
    "DefCorruption": "0",
    "ResFrost": "0",
    "ResPoison": "0",
    "ResBleed": "0",
    "ResDisease": "0",
    "ResCurse": "0",
    "RecipeLevel": "46",
    "RollBonus": "0",
    "MinGearScoreBonus": "0",
    "MaxGearScoreBonus": "0",
    "RespawnCooldownMod": "0",
    "EffectId": "CampRegenL0",
    "BlueprintId": "CampT4",
    "IsMilestone": "0",
    "Tooltip": "",
    "MaxEquippableGearScore": "435",
    "IgnoreItemRarity": "0",
    "GSLimitT1": "150-190",
    "GSLimitT2": "250-295",
    "GSLimitT3": "350-395",
    "GSLimitT4": "415-440",
    "GSLimitT5": "415-440",
    "GSBonusCritter": "",
    "GSBonusSolo": "",
    "GSBonusSolo-": "",
    "GSBonusSolo+": "",
    "GSBonusGroup": "",
    "GSBonusGroup-": "",
    "GSBonusGroup+": "",
    "GSBonusBoss": "",
    "HouseTrophySlots": "4"
  },
  {
    "Level Number": "46",
    "XPToLevel": "1393760",
    "XPAlarmThreshold1": "0",
    "XPAlarmThreshold2": "0",
    "PlayTimeAlarmThresholdMins1": "2996",
    "PlayTimeAlarmThresholdMins2": "1997",
    "AttributePoints": "4",
    "Health": "2300",
    "TradeSkillPoints": "1",
    "AttributeRespecCost": "34400",
    "CanFreeAttributeRespec": "0",
    "LootTagValue": "46",
    "DefStandard": "0",
    "DefSlash": "0",
    "DefStrike": "0",
    "DefMagic": "0",
    "DefFire": "0",
    "DefLightning": "0",
    "DefCorruption": "0",
    "ResFrost": "0",
    "ResPoison": "0",
    "ResBleed": "0",
    "ResDisease": "0",
    "ResCurse": "0",
    "RecipeLevel": "47",
    "RollBonus": "0",
    "MinGearScoreBonus": "0",
    "MaxGearScoreBonus": "0",
    "RespawnCooldownMod": "0",
    "EffectId": "CampRegenL0",
    "BlueprintId": "CampT4",
    "IsMilestone": "0",
    "Tooltip": "",
    "MaxEquippableGearScore": "440",
    "IgnoreItemRarity": "0",
    "GSLimitT1": "150-190",
    "GSLimitT2": "250-295",
    "GSLimitT3": "350-395",
    "GSLimitT4": "415-445",
    "GSLimitT5": "415-445",
    "GSBonusCritter": "",
    "GSBonusSolo": "",
    "GSBonusSolo-": "",
    "GSBonusSolo+": "",
    "GSBonusGroup": "",
    "GSBonusGroup-": "",
    "GSBonusGroup+": "",
    "GSBonusBoss": "",
    "HouseTrophySlots": "4"
  },
  {
    "Level Number": "47",
    "XPToLevel": "1471640",
    "XPAlarmThreshold1": "0",
    "XPAlarmThreshold2": "0",
    "PlayTimeAlarmThresholdMins1": "3072",
    "PlayTimeAlarmThresholdMins2": "2048",
    "AttributePoints": "4",
    "Health": "2350",
    "TradeSkillPoints": "1",
    "AttributeRespecCost": "35600",
    "CanFreeAttributeRespec": "0",
    "LootTagValue": "47",
    "DefStandard": "0",
    "DefSlash": "0",
    "DefStrike": "0",
    "DefMagic": "0",
    "DefFire": "0",
    "DefLightning": "0",
    "DefCorruption": "0",
    "ResFrost": "0",
    "ResPoison": "0",
    "ResBleed": "0",
    "ResDisease": "0",
    "ResCurse": "0",
    "RecipeLevel": "48",
    "RollBonus": "0",
    "MinGearScoreBonus": "0",
    "MaxGearScoreBonus": "0",
    "RespawnCooldownMod": "0",
    "EffectId": "CampRegenL0",
    "BlueprintId": "CampT4",
    "IsMilestone": "0",
    "Tooltip": "",
    "MaxEquippableGearScore": "445",
    "IgnoreItemRarity": "0",
    "GSLimitT1": "150-190",
    "GSLimitT2": "250-295",
    "GSLimitT3": "350-395",
    "GSLimitT4": "420-455",
    "GSLimitT5": "420-455",
    "GSBonusCritter": "",
    "GSBonusSolo": "",
    "GSBonusSolo-": "",
    "GSBonusSolo+": "",
    "GSBonusGroup": "",
    "GSBonusGroup-": "",
    "GSBonusGroup+": "",
    "GSBonusBoss": "",
    "HouseTrophySlots": "4"
  },
  {
    "Level Number": "48",
    "XPToLevel": "1551410",
    "XPAlarmThreshold1": "0",
    "XPAlarmThreshold2": "0",
    "PlayTimeAlarmThresholdMins1": "3158",
    "PlayTimeAlarmThresholdMins2": "2105",
    "AttributePoints": "4",
    "Health": "2400",
    "TradeSkillPoints": "1",
    "AttributeRespecCost": "36800",
    "CanFreeAttributeRespec": "0",
    "LootTagValue": "48",
    "DefStandard": "0",
    "DefSlash": "0",
    "DefStrike": "0",
    "DefMagic": "0",
    "DefFire": "0",
    "DefLightning": "0",
    "DefCorruption": "0",
    "ResFrost": "0",
    "ResPoison": "0",
    "ResBleed": "0",
    "ResDisease": "0",
    "ResCurse": "0",
    "RecipeLevel": "49",
    "RollBonus": "0",
    "MinGearScoreBonus": "0",
    "MaxGearScoreBonus": "0",
    "RespawnCooldownMod": "0",
    "EffectId": "CampRegenL0",
    "BlueprintId": "CampT4",
    "IsMilestone": "0",
    "Tooltip": "",
    "MaxEquippableGearScore": "450",
    "IgnoreItemRarity": "0",
    "GSLimitT1": "150-190",
    "GSLimitT2": "250-295",
    "GSLimitT3": "350-395",
    "GSLimitT4": "420-460",
    "GSLimitT5": "420-460",
    "GSBonusCritter": "",
    "GSBonusSolo": "",
    "GSBonusSolo-": "",
    "GSBonusSolo+": "",
    "GSBonusGroup": "",
    "GSBonusGroup-": "",
    "GSBonusGroup+": "",
    "GSBonusBoss": "",
    "HouseTrophySlots": "4"
  },
  {
    "Level Number": "49",
    "XPToLevel": "1633030",
    "XPAlarmThreshold1": "0",
    "XPAlarmThreshold2": "0",
    "PlayTimeAlarmThresholdMins1": "3230",
    "PlayTimeAlarmThresholdMins2": "2153",
    "AttributePoints": "4",
    "Health": "2450",
    "TradeSkillPoints": "1",
    "AttributeRespecCost": "38000",
    "CanFreeAttributeRespec": "0",
    "LootTagValue": "49",
    "DefStandard": "0",
    "DefSlash": "0",
    "DefStrike": "0",
    "DefMagic": "0",
    "DefFire": "0",
    "DefLightning": "0",
    "DefCorruption": "0",
    "ResFrost": "0",
    "ResPoison": "0",
    "ResBleed": "0",
    "ResDisease": "0",
    "ResCurse": "0",
    "RecipeLevel": "50",
    "RollBonus": "0",
    "MinGearScoreBonus": "0",
    "MaxGearScoreBonus": "0",
    "RespawnCooldownMod": "0",
    "EffectId": "CampRegenL0",
    "BlueprintId": "CampT5",
    "IsMilestone": "0",
    "Tooltip": "",
    "MaxEquippableGearScore": "455",
    "IgnoreItemRarity": "0",
    "GSLimitT1": "150-190",
    "GSLimitT2": "250-295",
    "GSLimitT3": "350-395",
    "GSLimitT4": "425-465",
    "GSLimitT5": "425-465",
    "GSBonusCritter": "",
    "GSBonusSolo": "",
    "GSBonusSolo-": "",
    "GSBonusSolo+": "",
    "GSBonusGroup": "",
    "GSBonusGroup-": "",
    "GSBonusGroup+": "",
    "GSBonusBoss": "",
    "HouseTrophySlots": "4"
  },
  {
    "Level Number": "50",
    "XPToLevel": "1716420",
    "XPAlarmThreshold1": "0",
    "XPAlarmThreshold2": "0",
    "PlayTimeAlarmThresholdMins1": "3279",
    "PlayTimeAlarmThresholdMins2": "2186",
    "AttributePoints": "4",
    "Health": "2500",
    "TradeSkillPoints": "1",
    "AttributeRespecCost": "39200",
    "CanFreeAttributeRespec": "0",
    "LootTagValue": "50",
    "DefStandard": "0",
    "DefSlash": "0",
    "DefStrike": "0",
    "DefMagic": "0",
    "DefFire": "0",
    "DefLightning": "0",
    "DefCorruption": "0",
    "ResFrost": "0",
    "ResPoison": "0",
    "ResBleed": "0",
    "ResDisease": "0",
    "ResCurse": "0",
    "RecipeLevel": "51",
    "RollBonus": "0",
    "MinGearScoreBonus": "0",
    "MaxGearScoreBonus": "0",
    "RespawnCooldownMod": "0",
    "EffectId": "CampRegenL0",
    "BlueprintId": "CampT5",
    "IsMilestone": "0",
    "Tooltip": "",
    "MaxEquippableGearScore": "460",
    "IgnoreItemRarity": "0",
    "GSLimitT1": "150-190",
    "GSLimitT2": "250-295",
    "GSLimitT3": "350-395",
    "GSLimitT4": "425-470",
    "GSLimitT5": "425-470",
    "GSBonusCritter": "",
    "GSBonusSolo": "",
    "GSBonusSolo-": "",
    "GSBonusSolo+": "",
    "GSBonusGroup": "",
    "GSBonusGroup-": "",
    "GSBonusGroup+": "",
    "GSBonusBoss": "",
    "HouseTrophySlots": "5"
  },
  {
    "Level Number": "51",
    "XPToLevel": "1801740",
    "XPAlarmThreshold1": "0",
    "XPAlarmThreshold2": "0",
    "PlayTimeAlarmThresholdMins1": "3352",
    "PlayTimeAlarmThresholdMins2": "2235",
    "AttributePoints": "4",
    "Health": "2550",
    "TradeSkillPoints": "1",
    "AttributeRespecCost": "40400",
    "CanFreeAttributeRespec": "0",
    "LootTagValue": "51",
    "DefStandard": "0",
    "DefSlash": "0",
    "DefStrike": "0",
    "DefMagic": "0",
    "DefFire": "0",
    "DefLightning": "0",
    "DefCorruption": "0",
    "ResFrost": "0",
    "ResPoison": "0",
    "ResBleed": "0",
    "ResDisease": "0",
    "ResCurse": "0",
    "RecipeLevel": "52",
    "RollBonus": "0",
    "MinGearScoreBonus": "0",
    "MaxGearScoreBonus": "0",
    "RespawnCooldownMod": "0",
    "EffectId": "CampRegenL0",
    "BlueprintId": "CampT5",
    "IsMilestone": "0",
    "Tooltip": "",
    "MaxEquippableGearScore": "465",
    "IgnoreItemRarity": "0",
    "GSLimitT1": "150-190",
    "GSLimitT2": "250-295",
    "GSLimitT3": "350-395",
    "GSLimitT4": "430-475",
    "GSLimitT5": "430-475",
    "GSBonusCritter": "",
    "GSBonusSolo": "",
    "GSBonusSolo-": "",
    "GSBonusSolo+": "",
    "GSBonusGroup": "",
    "GSBonusGroup-": "",
    "GSBonusGroup+": "",
    "GSBonusBoss": "",
    "HouseTrophySlots": "5"
  },
  {
    "Level Number": "52",
    "XPToLevel": "1888890",
    "XPAlarmThreshold1": "0",
    "XPAlarmThreshold2": "0",
    "PlayTimeAlarmThresholdMins1": "3419",
    "PlayTimeAlarmThresholdMins2": "2280",
    "AttributePoints": "4",
    "Health": "2600",
    "TradeSkillPoints": "1",
    "AttributeRespecCost": "41600",
    "CanFreeAttributeRespec": "0",
    "LootTagValue": "52",
    "DefStandard": "0",
    "DefSlash": "0",
    "DefStrike": "0",
    "DefMagic": "0",
    "DefFire": "0",
    "DefLightning": "0",
    "DefCorruption": "0",
    "ResFrost": "0",
    "ResPoison": "0",
    "ResBleed": "0",
    "ResDisease": "0",
    "ResCurse": "0",
    "RecipeLevel": "53",
    "RollBonus": "0",
    "MinGearScoreBonus": "0",
    "MaxGearScoreBonus": "0",
    "RespawnCooldownMod": "0",
    "EffectId": "CampRegenL0",
    "BlueprintId": "CampT5",
    "IsMilestone": "0",
    "Tooltip": "",
    "MaxEquippableGearScore": "470",
    "IgnoreItemRarity": "0",
    "GSLimitT1": "150-190",
    "GSLimitT2": "250-295",
    "GSLimitT3": "350-395",
    "GSLimitT4": "430-485",
    "GSLimitT5": "430-485",
    "GSBonusCritter": "",
    "GSBonusSolo": "",
    "GSBonusSolo-": "",
    "GSBonusSolo+": "",
    "GSBonusGroup": "",
    "GSBonusGroup-": "",
    "GSBonusGroup+": "",
    "GSBonusBoss": "",
    "HouseTrophySlots": "5"
  },
  {
    "Level Number": "53",
    "XPToLevel": "1977850",
    "XPAlarmThreshold1": "0",
    "XPAlarmThreshold2": "0",
    "PlayTimeAlarmThresholdMins1": "3481",
    "PlayTimeAlarmThresholdMins2": "2321",
    "AttributePoints": "4",
    "Health": "2650",
    "TradeSkillPoints": "1",
    "AttributeRespecCost": "42800",
    "CanFreeAttributeRespec": "0",
    "LootTagValue": "53",
    "DefStandard": "0",
    "DefSlash": "0",
    "DefStrike": "0",
    "DefMagic": "0",
    "DefFire": "0",
    "DefLightning": "0",
    "DefCorruption": "0",
    "ResFrost": "0",
    "ResPoison": "0",
    "ResBleed": "0",
    "ResDisease": "0",
    "ResCurse": "0",
    "RecipeLevel": "54",
    "RollBonus": "0",
    "MinGearScoreBonus": "0",
    "MaxGearScoreBonus": "0",
    "RespawnCooldownMod": "0",
    "EffectId": "CampRegenL0",
    "BlueprintId": "CampT5",
    "IsMilestone": "0",
    "Tooltip": "",
    "MaxEquippableGearScore": "475",
    "IgnoreItemRarity": "0",
    "GSLimitT1": "150-190",
    "GSLimitT2": "250-295",
    "GSLimitT3": "350-395",
    "GSLimitT4": "435-490",
    "GSLimitT5": "435-490",
    "GSBonusCritter": "",
    "GSBonusSolo": "",
    "GSBonusSolo-": "",
    "GSBonusSolo+": "",
    "GSBonusGroup": "",
    "GSBonusGroup-": "",
    "GSBonusGroup+": "",
    "GSBonusBoss": "",
    "HouseTrophySlots": "5"
  },
  {
    "Level Number": "54",
    "XPToLevel": "2068550",
    "XPAlarmThreshold1": "0",
    "XPAlarmThreshold2": "0",
    "PlayTimeAlarmThresholdMins1": "3566",
    "PlayTimeAlarmThresholdMins2": "2378",
    "AttributePoints": "4",
    "Health": "2700",
    "TradeSkillPoints": "1",
    "AttributeRespecCost": "44000",
    "CanFreeAttributeRespec": "0",
    "LootTagValue": "54",
    "DefStandard": "0",
    "DefSlash": "0",
    "DefStrike": "0",
    "DefMagic": "0",
    "DefFire": "0",
    "DefLightning": "0",
    "DefCorruption": "0",
    "ResFrost": "0",
    "ResPoison": "0",
    "ResBleed": "0",
    "ResDisease": "0",
    "ResCurse": "0",
    "RecipeLevel": "55",
    "RollBonus": "0",
    "MinGearScoreBonus": "0",
    "MaxGearScoreBonus": "0",
    "RespawnCooldownMod": "0",
    "EffectId": "CampRegenL0",
    "BlueprintId": "CampT5",
    "IsMilestone": "0",
    "Tooltip": "",
    "MaxEquippableGearScore": "480",
    "IgnoreItemRarity": "0",
    "GSLimitT1": "150-190",
    "GSLimitT2": "250-295",
    "GSLimitT3": "350-395",
    "GSLimitT4": "435-495",
    "GSLimitT5": "435-495",
    "GSBonusCritter": "",
    "GSBonusSolo": "",
    "GSBonusSolo-": "",
    "GSBonusSolo+": "",
    "GSBonusGroup": "",
    "GSBonusGroup-": "",
    "GSBonusGroup+": "",
    "GSBonusBoss": "",
    "HouseTrophySlots": "5"
  },
  {
    "Level Number": "55",
    "XPToLevel": "2160930",
    "XPAlarmThreshold1": "0",
    "XPAlarmThreshold2": "0",
    "PlayTimeAlarmThresholdMins1": "3666",
    "PlayTimeAlarmThresholdMins2": "2444",
    "AttributePoints": "5",
    "Health": "2750",
    "TradeSkillPoints": "1",
    "AttributeRespecCost": "45200",
    "CanFreeAttributeRespec": "0",
    "LootTagValue": "55",
    "DefStandard": "0",
    "DefSlash": "0",
    "DefStrike": "0",
    "DefMagic": "0",
    "DefFire": "0",
    "DefLightning": "0",
    "DefCorruption": "0",
    "ResFrost": "0",
    "ResPoison": "0",
    "ResBleed": "0",
    "ResDisease": "0",
    "ResCurse": "0",
    "RecipeLevel": "56",
    "RollBonus": "0",
    "MinGearScoreBonus": "0",
    "MaxGearScoreBonus": "0",
    "RespawnCooldownMod": "0",
    "EffectId": "CampRegenL0",
    "BlueprintId": "CampT5",
    "IsMilestone": "0",
    "Tooltip": "",
    "MaxEquippableGearScore": "485",
    "IgnoreItemRarity": "0",
    "GSLimitT1": "150-190",
    "GSLimitT2": "250-295",
    "GSLimitT3": "350-395",
    "GSLimitT4": "440-495",
    "GSLimitT5": "440-495",
    "GSBonusCritter": "",
    "GSBonusSolo": "",
    "GSBonusSolo-": "",
    "GSBonusSolo+": "",
    "GSBonusGroup": "",
    "GSBonusGroup-": "",
    "GSBonusGroup+": "",
    "GSBonusBoss": "",
    "HouseTrophySlots": "5"
  },
  {
    "Level Number": "56",
    "XPToLevel": "2255790",
    "XPAlarmThreshold1": "0",
    "XPAlarmThreshold2": "0",
    "PlayTimeAlarmThresholdMins1": "3721",
    "PlayTimeAlarmThresholdMins2": "2481",
    "AttributePoints": "5",
    "Health": "2800",
    "TradeSkillPoints": "1",
    "AttributeRespecCost": "46400",
    "CanFreeAttributeRespec": "0",
    "LootTagValue": "56",
    "DefStandard": "0",
    "DefSlash": "0",
    "DefStrike": "0",
    "DefMagic": "0",
    "DefFire": "0",
    "DefLightning": "0",
    "DefCorruption": "0",
    "ResFrost": "0",
    "ResPoison": "0",
    "ResBleed": "0",
    "ResDisease": "0",
    "ResCurse": "0",
    "RecipeLevel": "57",
    "RollBonus": "0",
    "MinGearScoreBonus": "0",
    "MaxGearScoreBonus": "0",
    "RespawnCooldownMod": "0",
    "EffectId": "CampRegenL0",
    "BlueprintId": "CampT5",
    "IsMilestone": "0",
    "Tooltip": "",
    "MaxEquippableGearScore": "490",
    "IgnoreItemRarity": "0",
    "GSLimitT1": "150-190",
    "GSLimitT2": "250-295",
    "GSLimitT3": "350-395",
    "GSLimitT4": "440-495",
    "GSLimitT5": "440-495",
    "GSBonusCritter": "",
    "GSBonusSolo": "",
    "GSBonusSolo-": "",
    "GSBonusSolo+": "",
    "GSBonusGroup": "",
    "GSBonusGroup-": "",
    "GSBonusGroup+": "",
    "GSBonusBoss": "",
    "HouseTrophySlots": "5"
  },
  {
    "Level Number": "57",
    "XPToLevel": "2353070",
    "XPAlarmThreshold1": "0",
    "XPAlarmThreshold2": "0",
    "PlayTimeAlarmThresholdMins1": "3791",
    "PlayTimeAlarmThresholdMins2": "2528",
    "AttributePoints": "5",
    "Health": "2850",
    "TradeSkillPoints": "1",
    "AttributeRespecCost": "47600",
    "CanFreeAttributeRespec": "0",
    "LootTagValue": "57",
    "DefStandard": "0",
    "DefSlash": "0",
    "DefStrike": "0",
    "DefMagic": "0",
    "DefFire": "0",
    "DefLightning": "0",
    "DefCorruption": "0",
    "ResFrost": "0",
    "ResPoison": "0",
    "ResBleed": "0",
    "ResDisease": "0",
    "ResCurse": "0",
    "RecipeLevel": "58",
    "RollBonus": "0",
    "MinGearScoreBonus": "0",
    "MaxGearScoreBonus": "0",
    "RespawnCooldownMod": "0",
    "EffectId": "CampRegenL0",
    "BlueprintId": "CampT5",
    "IsMilestone": "0",
    "Tooltip": "",
    "MaxEquippableGearScore": "495",
    "IgnoreItemRarity": "0",
    "GSLimitT1": "150-190",
    "GSLimitT2": "250-295",
    "GSLimitT3": "350-395",
    "GSLimitT4": "445-495",
    "GSLimitT5": "445-495",
    "GSBonusCritter": "",
    "GSBonusSolo": "",
    "GSBonusSolo-": "",
    "GSBonusSolo+": "",
    "GSBonusGroup": "",
    "GSBonusGroup-": "",
    "GSBonusGroup+": "",
    "GSBonusBoss": "",
    "HouseTrophySlots": "5"
  },
  {
    "Level Number": "58",
    "XPToLevel": "2452700",
    "XPAlarmThreshold1": "0",
    "XPAlarmThreshold2": "0",
    "PlayTimeAlarmThresholdMins1": "3858",
    "PlayTimeAlarmThresholdMins2": "2572",
    "AttributePoints": "5",
    "Health": "2900",
    "TradeSkillPoints": "1",
    "AttributeRespecCost": "48800",
    "CanFreeAttributeRespec": "0",
    "LootTagValue": "58",
    "DefStandard": "0",
    "DefSlash": "0",
    "DefStrike": "0",
    "DefMagic": "0",
    "DefFire": "0",
    "DefLightning": "0",
    "DefCorruption": "0",
    "ResFrost": "0",
    "ResPoison": "0",
    "ResBleed": "0",
    "ResDisease": "0",
    "ResCurse": "0",
    "RecipeLevel": "59",
    "RollBonus": "0",
    "MinGearScoreBonus": "0",
    "MaxGearScoreBonus": "0",
    "RespawnCooldownMod": "0",
    "EffectId": "CampRegenL0",
    "BlueprintId": "CampT5",
    "IsMilestone": "0",
    "Tooltip": "",
    "MaxEquippableGearScore": "499",
    "IgnoreItemRarity": "0",
    "GSLimitT1": "150-190",
    "GSLimitT2": "250-295",
    "GSLimitT3": "350-395",
    "GSLimitT4": "445-495",
    "GSLimitT5": "445-495",
    "GSBonusCritter": "",
    "GSBonusSolo": "",
    "GSBonusSolo-": "",
    "GSBonusSolo+": "",
    "GSBonusGroup": "",
    "GSBonusGroup-": "",
    "GSBonusGroup+": "",
    "GSBonusBoss": "",
    "HouseTrophySlots": "5"
  },
  {
    "Level Number": "59",
    "XPToLevel": "2554590",
    "XPAlarmThreshold1": "0",
    "XPAlarmThreshold2": "0",
    "PlayTimeAlarmThresholdMins1": "3922",
    "PlayTimeAlarmThresholdMins2": "2615",
    "AttributePoints": "5",
    "Health": "2950",
    "TradeSkillPoints": "1",
    "AttributeRespecCost": "50000",
    "CanFreeAttributeRespec": "0",
    "LootTagValue": "59",
    "DefStandard": "0",
    "DefSlash": "0",
    "DefStrike": "0",
    "DefMagic": "0",
    "DefFire": "0",
    "DefLightning": "0",
    "DefCorruption": "0",
    "ResFrost": "0",
    "ResPoison": "0",
    "ResBleed": "0",
    "ResDisease": "0",
    "ResCurse": "0",
    "RecipeLevel": "60",
    "RollBonus": "0",
    "MinGearScoreBonus": "0",
    "MaxGearScoreBonus": "0",
    "RespawnCooldownMod": "0",
    "EffectId": "CampRegenL0",
    "BlueprintId": "CampT5",
    "IsMilestone": "0",
    "Tooltip": "",
    "MaxEquippableGearScore": "700",
    "IgnoreItemRarity": "1",
    "GSLimitT1": "150-190",
    "GSLimitT2": "250-295",
    "GSLimitT3": "350-395",
    "GSLimitT4": "450-495",
    "GSLimitT5": "500-510",
    "GSBonusCritter": "",
    "GSBonusSolo": "",
    "GSBonusSolo-": "",
    "GSBonusSolo+": "",
    "GSBonusGroup": "",
    "GSBonusGroup-": "",
    "GSBonusGroup+": "",
    "GSBonusBoss": "",
    "HouseTrophySlots": "5"
  }
]