[
  {
    "Level": "0",
    "DisplayName": "",
    "RequiredLevel": "0",
    "MaximumInfluence": "100",
    "InfluenceCost": "0",
    "CurrencyCost": "0",
    "SanityCheck": "",
    "GameEventId": "",
    "SpecializationPoint": "",
    "SkillBonus": "",
    "RecipeLevel": "0",
    "RollBonus": "0",
    "FishingMaxCastDistanceBonus": "0",
    "EntitlementId": "",
    "XpReward": "0"
  },
  {
    "Level": "1",
    "DisplayName": "",
    "RequiredLevel": "0",
    "MaximumInfluence": "200",
    "InfluenceCost": "100",
    "CurrencyCost": "0",
    "SanityCheck": "1",
    "GameEventId": "",
    "SpecializationPoint": "",
    "SkillBonus": "",
    "RecipeLevel": "0",
    "RollBonus": "0",
    "FishingMaxCastDistanceBonus": "0.05",
    "EntitlementId": "",
    "XpReward": "20"
  },
  {
    "Level": "2",
    "DisplayName": "",
    "RequiredLevel": "0",
    "MaximumInfluence": "300",
    "InfluenceCost": "200",
    "CurrencyCost": "0",
    "SanityCheck": "1",
    "GameEventId": "",
    "SpecializationPoint": "",
    "SkillBonus": "",
    "RecipeLevel": "0",
    "RollBonus": "0",
    "FishingMaxCastDistanceBonus": "0.1",
    "EntitlementId": "",
    "XpReward": "22"
  },
  {
    "Level": "3",
    "DisplayName": "",
    "RequiredLevel": "0",
    "MaximumInfluence": "400",
    "InfluenceCost": "300",
    "CurrencyCost": "0",
    "SanityCheck": "1",
    "GameEventId": "",
    "SpecializationPoint": "",
    "SkillBonus": "",
    "RecipeLevel": "0",
    "RollBonus": "0",
    "FishingMaxCastDistanceBonus": "0.15",
    "EntitlementId": "",
    "XpReward": "24"
  },
  {
    "Level": "4",
    "DisplayName": "",
    "RequiredLevel": "0",
    "MaximumInfluence": "500",
    "InfluenceCost": "400",
    "CurrencyCost": "0",
    "SanityCheck": "1",
    "GameEventId": "",
    "SpecializationPoint": "",
    "SkillBonus": "",
    "RecipeLevel": "0",
    "RollBonus": "0",
    "FishingMaxCastDistanceBonus": "0.2",
    "EntitlementId": "",
    "XpReward": "26"
  },
  {
    "Level": "5",
    "DisplayName": "",
    "RequiredLevel": "0",
    "MaximumInfluence": "600",
    "InfluenceCost": "500",
    "CurrencyCost": "0",
    "SanityCheck": "1",
    "GameEventId": "",
    "SpecializationPoint": "",
    "SkillBonus": "",
    "RecipeLevel": "0",
    "RollBonus": "0",
    "FishingMaxCastDistanceBonus": "0.25",
    "EntitlementId": "",
    "XpReward": "28"
  },
  {
    "Level": "6",
    "DisplayName": "",
    "RequiredLevel": "0",
    "MaximumInfluence": "700",
    "InfluenceCost": "600",
    "CurrencyCost": "0",
    "SanityCheck": "1",
    "GameEventId": "",
    "SpecializationPoint": "",
    "SkillBonus": "",
    "RecipeLevel": "0",
    "RollBonus": "0",
    "FishingMaxCastDistanceBonus": "0.3",
    "EntitlementId": "",
    "XpReward": "30"
  },
  {
    "Level": "7",
    "DisplayName": "",
    "RequiredLevel": "0",
    "MaximumInfluence": "800",
    "InfluenceCost": "700",
    "CurrencyCost": "0",
    "SanityCheck": "1",
    "GameEventId": "",
    "SpecializationPoint": "",
    "SkillBonus": "",
    "RecipeLevel": "0",
    "RollBonus": "0",
    "FishingMaxCastDistanceBonus": "0.35",
    "EntitlementId": "",
    "XpReward": "32"
  },
  {
    "Level": "8",
    "DisplayName": "",
    "RequiredLevel": "0",
    "MaximumInfluence": "900",
    "InfluenceCost": "800",
    "CurrencyCost": "0",
    "SanityCheck": "1",
    "GameEventId": "",
    "SpecializationPoint": "",
    "SkillBonus": "",
    "RecipeLevel": "0",
    "RollBonus": "0",
    "FishingMaxCastDistanceBonus": "0.4",
    "EntitlementId": "",
    "XpReward": "34"
  },
  {
    "Level": "9",
    "DisplayName": "",
    "RequiredLevel": "0",
    "MaximumInfluence": "1000",
    "InfluenceCost": "900",
    "CurrencyCost": "0",
    "SanityCheck": "1",
    "GameEventId": "",
    "SpecializationPoint": "",
    "SkillBonus": "",
    "RecipeLevel": "0",
    "RollBonus": "0",
    "FishingMaxCastDistanceBonus": "0.45",
    "EntitlementId": "",
    "XpReward": "36"
  },
  {
    "Level": "10",
    "DisplayName": "",
    "RequiredLevel": "0",
    "MaximumInfluence": "1050",
    "InfluenceCost": "1000",
    "CurrencyCost": "0",
    "SanityCheck": "1",
    "GameEventId": "",
    "SpecializationPoint": "",
    "SkillBonus": "",
    "RecipeLevel": "0",
    "RollBonus": "0",
    "FishingMaxCastDistanceBonus": "0.5",
    "EntitlementId": "",
    "XpReward": "38"
  },
  {
    "Level": "11",
    "DisplayName": "",
    "RequiredLevel": "0",
    "MaximumInfluence": "1025",
    "InfluenceCost": "1050",
    "CurrencyCost": "0",
    "SanityCheck": "1",
    "GameEventId": "",
    "SpecializationPoint": "",
    "SkillBonus": "",
    "RecipeLevel": "0",
    "RollBonus": "0",
    "FishingMaxCastDistanceBonus": "0.55000000000000004",
    "EntitlementId": "",
    "XpReward": "40"
  },
  {
    "Level": "12",
    "DisplayName": "",
    "RequiredLevel": "0",
    "MaximumInfluence": "1050",
    "InfluenceCost": "1025",
    "CurrencyCost": "0",
    "SanityCheck": "1",
    "GameEventId": "",
    "SpecializationPoint": "",
    "SkillBonus": "",
    "RecipeLevel": "0",
    "RollBonus": "0",
    "FishingMaxCastDistanceBonus": "0.6",
    "EntitlementId": "",
    "XpReward": "42"
  },
  {
    "Level": "13",
    "DisplayName": "",
    "RequiredLevel": "0",
    "MaximumInfluence": "1075",
    "InfluenceCost": "1050",
    "CurrencyCost": "0",
    "SanityCheck": "1",
    "GameEventId": "",
    "SpecializationPoint": "",
    "SkillBonus": "",
    "RecipeLevel": "0",
    "RollBonus": "0",
    "FishingMaxCastDistanceBonus": "0.65",
    "EntitlementId": "",
    "XpReward": "44"
  },
  {
    "Level": "14",
    "DisplayName": "",
    "RequiredLevel": "0",
    "MaximumInfluence": "1100",
    "InfluenceCost": "1075",
    "CurrencyCost": "0",
    "SanityCheck": "1",
    "GameEventId": "",
    "SpecializationPoint": "",
    "SkillBonus": "",
    "RecipeLevel": "0",
    "RollBonus": "0",
    "FishingMaxCastDistanceBonus": "0.7",
    "EntitlementId": "",
    "XpReward": "46"
  },
  {
    "Level": "15",
    "DisplayName": "",
    "RequiredLevel": "0",
    "MaximumInfluence": "1125",
    "InfluenceCost": "1100",
    "CurrencyCost": "0",
    "SanityCheck": "1",
    "GameEventId": "",
    "SpecializationPoint": "",
    "SkillBonus": "",
    "RecipeLevel": "0",
    "RollBonus": "0",
    "FishingMaxCastDistanceBonus": "0.75",
    "EntitlementId": "",
    "XpReward": "48"
  },
  {
    "Level": "16",
    "DisplayName": "",
    "RequiredLevel": "0",
    "MaximumInfluence": "1150",
    "InfluenceCost": "1125",
    "CurrencyCost": "0",
    "SanityCheck": "1",
    "GameEventId": "",
    "SpecializationPoint": "",
    "SkillBonus": "",
    "RecipeLevel": "0",
    "RollBonus": "0",
    "FishingMaxCastDistanceBonus": "0.8",
    "EntitlementId": "",
    "XpReward": "52"
  },
  {
    "Level": "17",
    "DisplayName": "",
    "RequiredLevel": "0",
    "MaximumInfluence": "1175",
    "InfluenceCost": "1150",
    "CurrencyCost": "0",
    "SanityCheck": "1",
    "GameEventId": "",
    "SpecializationPoint": "",
    "SkillBonus": "",
    "RecipeLevel": "0",
    "RollBonus": "0",
    "FishingMaxCastDistanceBonus": "0.85",
    "EntitlementId": "",
    "XpReward": "56"
  },
  {
    "Level": "18",
    "DisplayName": "",
    "RequiredLevel": "0",
    "MaximumInfluence": "1200",
    "InfluenceCost": "1175",
    "CurrencyCost": "0",
    "SanityCheck": "1",
    "GameEventId": "",
    "SpecializationPoint": "",
    "SkillBonus": "",
    "RecipeLevel": "0",
    "RollBonus": "0",
    "FishingMaxCastDistanceBonus": "0.9",
    "EntitlementId": "",
    "XpReward": "60"
  },
  {
    "Level": "19",
    "DisplayName": "",
    "RequiredLevel": "0",
    "MaximumInfluence": "1225",
    "InfluenceCost": "1200",
    "CurrencyCost": "0",
    "SanityCheck": "1",
    "GameEventId": "",
    "SpecializationPoint": "",
    "SkillBonus": "",
    "RecipeLevel": "0",
    "RollBonus": "0",
    "FishingMaxCastDistanceBonus": "0.95",
    "EntitlementId": "",
    "XpReward": "64"
  },
  {
    "Level": "20",
    "DisplayName": "",
    "RequiredLevel": "0",
    "MaximumInfluence": "1250",
    "InfluenceCost": "1225",
    "CurrencyCost": "0",
    "SanityCheck": "1",
    "GameEventId": "",
    "SpecializationPoint": "",
    "SkillBonus": "",
    "RecipeLevel": "0",
    "RollBonus": "0",
    "FishingMaxCastDistanceBonus": "1",
    "EntitlementId": "",
    "XpReward": "68"
  },
  {
    "Level": "21",
    "DisplayName": "",
    "RequiredLevel": "0",
    "MaximumInfluence": "1275",
    "InfluenceCost": "1250",
    "CurrencyCost": "0",
    "SanityCheck": "1",
    "GameEventId": "",
    "SpecializationPoint": "",
    "SkillBonus": "",
    "RecipeLevel": "0",
    "RollBonus": "0",
    "FishingMaxCastDistanceBonus": "1.05",
    "EntitlementId": "",
    "XpReward": "72"
  },
  {
    "Level": "22",
    "DisplayName": "",
    "RequiredLevel": "0",
    "MaximumInfluence": "1300",
    "InfluenceCost": "1275",
    "CurrencyCost": "0",
    "SanityCheck": "1",
    "GameEventId": "",
    "SpecializationPoint": "",
    "SkillBonus": "",
    "RecipeLevel": "0",
    "RollBonus": "0",
    "FishingMaxCastDistanceBonus": "1.1000000000000001",
    "EntitlementId": "",
    "XpReward": "76"
  },
  {
    "Level": "23",
    "DisplayName": "",
    "RequiredLevel": "0",
    "MaximumInfluence": "1325",
    "InfluenceCost": "1300",
    "CurrencyCost": "0",
    "SanityCheck": "1",
    "GameEventId": "",
    "SpecializationPoint": "",
    "SkillBonus": "",
    "RecipeLevel": "0",
    "RollBonus": "0",
    "FishingMaxCastDistanceBonus": "1.1499999999999999",
    "EntitlementId": "",
    "XpReward": "80"
  },
  {
    "Level": "24",
    "DisplayName": "",
    "RequiredLevel": "0",
    "MaximumInfluence": "1350",
    "InfluenceCost": "1325",
    "CurrencyCost": "0",
    "SanityCheck": "1",
    "GameEventId": "",
    "SpecializationPoint": "",
    "SkillBonus": "",
    "RecipeLevel": "0",
    "RollBonus": "0",
    "FishingMaxCastDistanceBonus": "1.2",
    "EntitlementId": "",
    "XpReward": "84"
  },
  {
    "Level": "25",
    "DisplayName": "",
    "RequiredLevel": "0",
    "MaximumInfluence": "1375",
    "InfluenceCost": "1350",
    "CurrencyCost": "0",
    "SanityCheck": "1",
    "GameEventId": "",
    "SpecializationPoint": "",
    "SkillBonus": "",
    "RecipeLevel": "0",
    "RollBonus": "0",
    "FishingMaxCastDistanceBonus": "1.25",
    "EntitlementId": "",
    "XpReward": "88"
  },
  {
    "Level": "26",
    "DisplayName": "",
    "RequiredLevel": "0",
    "MaximumInfluence": "1400",
    "InfluenceCost": "1375",
    "CurrencyCost": "0",
    "SanityCheck": "1",
    "GameEventId": "",
    "SpecializationPoint": "",
    "SkillBonus": "",
    "RecipeLevel": "0",
    "RollBonus": "0",
    "FishingMaxCastDistanceBonus": "1.3",
    "EntitlementId": "",
    "XpReward": "92"
  },
  {
    "Level": "27",
    "DisplayName": "",
    "RequiredLevel": "0",
    "MaximumInfluence": "1425",
    "InfluenceCost": "1400",
    "CurrencyCost": "0",
    "SanityCheck": "1",
    "GameEventId": "",
    "SpecializationPoint": "",
    "SkillBonus": "",
    "RecipeLevel": "0",
    "RollBonus": "0",
    "FishingMaxCastDistanceBonus": "1.35",
    "EntitlementId": "",
    "XpReward": "96"
  },
  {
    "Level": "28",
    "DisplayName": "",
    "RequiredLevel": "0",
    "MaximumInfluence": "1450",
    "InfluenceCost": "1425",
    "CurrencyCost": "0",
    "SanityCheck": "1",
    "GameEventId": "",
    "SpecializationPoint": "",
    "SkillBonus": "",
    "RecipeLevel": "0",
    "RollBonus": "0",
    "FishingMaxCastDistanceBonus": "1.4",
    "EntitlementId": "",
    "XpReward": "100"
  },
  {
    "Level": "29",
    "DisplayName": "",
    "RequiredLevel": "0",
    "MaximumInfluence": "1475",
    "InfluenceCost": "1450",
    "CurrencyCost": "0",
    "SanityCheck": "1",
    "GameEventId": "",
    "SpecializationPoint": "",
    "SkillBonus": "",
    "RecipeLevel": "0",
    "RollBonus": "0",
    "FishingMaxCastDistanceBonus": "1.45",
    "EntitlementId": "",
    "XpReward": "104"
  },
  {
    "Level": "30",
    "DisplayName": "",
    "RequiredLevel": "0",
    "MaximumInfluence": "1500",
    "InfluenceCost": "1475",
    "CurrencyCost": "0",
    "SanityCheck": "1",
    "GameEventId": "",
    "SpecializationPoint": "",
    "SkillBonus": "",
    "RecipeLevel": "0",
    "RollBonus": "0",
    "FishingMaxCastDistanceBonus": "1.5",
    "EntitlementId": "",
    "XpReward": "108"
  },
  {
    "Level": "31",
    "DisplayName": "",
    "RequiredLevel": "0",
    "MaximumInfluence": "1525",
    "InfluenceCost": "1500",
    "CurrencyCost": "0",
    "SanityCheck": "1",
    "GameEventId": "",
    "SpecializationPoint": "",
    "SkillBonus": "",
    "RecipeLevel": "0",
    "RollBonus": "0",
    "FishingMaxCastDistanceBonus": "1.55",
    "EntitlementId": "",
    "XpReward": "112"
  },
  {
    "Level": "32",
    "DisplayName": "",
    "RequiredLevel": "0",
    "MaximumInfluence": "1550",
    "InfluenceCost": "1525",
    "CurrencyCost": "0",
    "SanityCheck": "1",
    "GameEventId": "",
    "SpecializationPoint": "",
    "SkillBonus": "",
    "RecipeLevel": "0",
    "RollBonus": "0",
    "FishingMaxCastDistanceBonus": "1.6",
    "EntitlementId": "",
    "XpReward": "116"
  },
  {
    "Level": "33",
    "DisplayName": "",
    "RequiredLevel": "0",
    "MaximumInfluence": "1575",
    "InfluenceCost": "1550",
    "CurrencyCost": "0",
    "SanityCheck": "1",
    "GameEventId": "",
    "SpecializationPoint": "",
    "SkillBonus": "",
    "RecipeLevel": "0",
    "RollBonus": "0",
    "FishingMaxCastDistanceBonus": "1.65",
    "EntitlementId": "",
    "XpReward": "120"
  },
  {
    "Level": "34",
    "DisplayName": "",
    "RequiredLevel": "0",
    "MaximumInfluence": "1600",
    "InfluenceCost": "1575",
    "CurrencyCost": "0",
    "SanityCheck": "1",
    "GameEventId": "",
    "SpecializationPoint": "",
    "SkillBonus": "",
    "RecipeLevel": "0",
    "RollBonus": "0",
    "FishingMaxCastDistanceBonus": "1.7",
    "EntitlementId": "",
    "XpReward": "124"
  },
  {
    "Level": "35",
    "DisplayName": "",
    "RequiredLevel": "0",
    "MaximumInfluence": "1625",
    "InfluenceCost": "1600",
    "CurrencyCost": "0",
    "SanityCheck": "1",
    "GameEventId": "",
    "SpecializationPoint": "",
    "SkillBonus": "",
    "RecipeLevel": "0",
    "RollBonus": "0",
    "FishingMaxCastDistanceBonus": "1.75",
    "EntitlementId": "",
    "XpReward": "128"
  },
  {
    "Level": "36",
    "DisplayName": "",
    "RequiredLevel": "0",
    "MaximumInfluence": "1650",
    "InfluenceCost": "1625",
    "CurrencyCost": "0",
    "SanityCheck": "1",
    "GameEventId": "",
    "SpecializationPoint": "",
    "SkillBonus": "",
    "RecipeLevel": "0",
    "RollBonus": "0",
    "FishingMaxCastDistanceBonus": "1.8",
    "EntitlementId": "",
    "XpReward": "132"
  },
  {
    "Level": "37",
    "DisplayName": "",
    "RequiredLevel": "0",
    "MaximumInfluence": "1675",
    "InfluenceCost": "1650",
    "CurrencyCost": "0",
    "SanityCheck": "1",
    "GameEventId": "",
    "SpecializationPoint": "",
    "SkillBonus": "",
    "RecipeLevel": "0",
    "RollBonus": "0",
    "FishingMaxCastDistanceBonus": "1.85",
    "EntitlementId": "",
    "XpReward": "136"
  },
  {
    "Level": "38",
    "DisplayName": "",
    "RequiredLevel": "0",
    "MaximumInfluence": "1700",
    "InfluenceCost": "1675",
    "CurrencyCost": "0",
    "SanityCheck": "1",
    "GameEventId": "",
    "SpecializationPoint": "",
    "SkillBonus": "",
    "RecipeLevel": "0",
    "RollBonus": "0",
    "FishingMaxCastDistanceBonus": "1.9",
    "EntitlementId": "",
    "XpReward": "140"
  },
  {
    "Level": "39",
    "DisplayName": "",
    "RequiredLevel": "0",
    "MaximumInfluence": "1725",
    "InfluenceCost": "1700",
    "CurrencyCost": "0",
    "SanityCheck": "1",
    "GameEventId": "",
    "SpecializationPoint": "",
    "SkillBonus": "",
    "RecipeLevel": "0",
    "RollBonus": "0",
    "FishingMaxCastDistanceBonus": "1.95",
    "EntitlementId": "",
    "XpReward": "144"
  },
  {
    "Level": "40",
    "DisplayName": "",
    "RequiredLevel": "0",
    "MaximumInfluence": "1750",
    "InfluenceCost": "1725",
    "CurrencyCost": "0",
    "SanityCheck": "1",
    "GameEventId": "",
    "SpecializationPoint": "",
    "SkillBonus": "",
    "RecipeLevel": "0",
    "RollBonus": "0",
    "FishingMaxCastDistanceBonus": "2",
    "EntitlementId": "",
    "XpReward": "148"
  },
  {
    "Level": "41",
    "DisplayName": "",
    "RequiredLevel": "0",
    "MaximumInfluence": "1775",
    "InfluenceCost": "1750",
    "CurrencyCost": "0",
    "SanityCheck": "1",
    "GameEventId": "",
    "SpecializationPoint": "",
    "SkillBonus": "",
    "RecipeLevel": "0",
    "RollBonus": "0",
    "FishingMaxCastDistanceBonus": "2.0499999999999998",
    "EntitlementId": "",
    "XpReward": "154"
  },
  {
    "Level": "42",
    "DisplayName": "",
    "RequiredLevel": "0",
    "MaximumInfluence": "1800",
    "InfluenceCost": "1775",
    "CurrencyCost": "0",
    "SanityCheck": "1",
    "GameEventId": "",
    "SpecializationPoint": "",
    "SkillBonus": "",
    "RecipeLevel": "0",
    "RollBonus": "0",
    "FishingMaxCastDistanceBonus": "2.1",
    "EntitlementId": "",
    "XpReward": "160"
  },
  {
    "Level": "43",
    "DisplayName": "",
    "RequiredLevel": "0",
    "MaximumInfluence": "1825",
    "InfluenceCost": "1800",
    "CurrencyCost": "0",
    "SanityCheck": "1",
    "GameEventId": "",
    "SpecializationPoint": "",
    "SkillBonus": "",
    "RecipeLevel": "0",
    "RollBonus": "0",
    "FishingMaxCastDistanceBonus": "2.15",
    "EntitlementId": "",
    "XpReward": "166"
  },
  {
    "Level": "44",
    "DisplayName": "",
    "RequiredLevel": "0",
    "MaximumInfluence": "1850",
    "InfluenceCost": "1825",
    "CurrencyCost": "0",
    "SanityCheck": "1",
    "GameEventId": "",
    "SpecializationPoint": "",
    "SkillBonus": "",
    "RecipeLevel": "0",
    "RollBonus": "0",
    "FishingMaxCastDistanceBonus": "2.2000000000000002",
    "EntitlementId": "",
    "XpReward": "172"
  },
  {
    "Level": "45",
    "DisplayName": "",
    "RequiredLevel": "0",
    "MaximumInfluence": "1875",
    "InfluenceCost": "1850",
    "CurrencyCost": "0",
    "SanityCheck": "1",
    "GameEventId": "",
    "SpecializationPoint": "",
    "SkillBonus": "",
    "RecipeLevel": "0",
    "RollBonus": "0",
    "FishingMaxCastDistanceBonus": "2.25",
    "EntitlementId": "",
    "XpReward": "178"
  },
  {
    "Level": "46",
    "DisplayName": "",
    "RequiredLevel": "0",
    "MaximumInfluence": "1900",
    "InfluenceCost": "1875",
    "CurrencyCost": "0",
    "SanityCheck": "1",
    "GameEventId": "",
    "SpecializationPoint": "",
    "SkillBonus": "",
    "RecipeLevel": "0",
    "RollBonus": "0",
    "FishingMaxCastDistanceBonus": "2.2999999999999998",
    "EntitlementId": "",
    "XpReward": "184"
  },
  {
    "Level": "47",
    "DisplayName": "",
    "RequiredLevel": "0",
    "MaximumInfluence": "1925",
    "InfluenceCost": "1900",
    "CurrencyCost": "0",
    "SanityCheck": "1",
    "GameEventId": "",
    "SpecializationPoint": "",
    "SkillBonus": "",
    "RecipeLevel": "0",
    "RollBonus": "0",
    "FishingMaxCastDistanceBonus": "2.35",
    "EntitlementId": "",
    "XpReward": "190"
  },
  {
    "Level": "48",
    "DisplayName": "",
    "RequiredLevel": "0",
    "MaximumInfluence": "1950",
    "InfluenceCost": "1925",
    "CurrencyCost": "0",
    "SanityCheck": "1",
    "GameEventId": "",
    "SpecializationPoint": "",
    "SkillBonus": "",
    "RecipeLevel": "0",
    "RollBonus": "0",
    "FishingMaxCastDistanceBonus": "2.4",
    "EntitlementId": "",
    "XpReward": "196"
  },
  {
    "Level": "49",
    "DisplayName": "",
    "RequiredLevel": "0",
    "MaximumInfluence": "1975",
    "InfluenceCost": "1950",
    "CurrencyCost": "0",
    "SanityCheck": "1",
    "GameEventId": "",
    "SpecializationPoint": "",
    "SkillBonus": "",
    "RecipeLevel": "0",
    "RollBonus": "0",
    "FishingMaxCastDistanceBonus": "2.4500000000000002",
    "EntitlementId": "",
    "XpReward": "202"
  },
  {
    "Level": "50",
    "DisplayName": "",
    "RequiredLevel": "0",
    "MaximumInfluence": "2000",
    "InfluenceCost": "1975",
    "CurrencyCost": "0",
    "SanityCheck": "1",
    "GameEventId": "",
    "SpecializationPoint": "",
    "SkillBonus": "",
    "RecipeLevel": "0",
    "RollBonus": "0",
    "FishingMaxCastDistanceBonus": "2.5",
    "EntitlementId": "",
    "XpReward": "208"
  },
  {
    "Level": "51",
    "DisplayName": "",
    "RequiredLevel": "0",
    "MaximumInfluence": "2010",
    "InfluenceCost": "2000",
    "CurrencyCost": "0",
    "SanityCheck": "1",
    "GameEventId": "",
    "SpecializationPoint": "",
    "SkillBonus": "",
    "RecipeLevel": "0",
    "RollBonus": "0",
    "FishingMaxCastDistanceBonus": "2.5499999999999998",
    "EntitlementId": "",
    "XpReward": "216"
  },
  {
    "Level": "52",
    "DisplayName": "",
    "RequiredLevel": "0",
    "MaximumInfluence": "2020",
    "InfluenceCost": "2010",
    "CurrencyCost": "0",
    "SanityCheck": "1",
    "GameEventId": "",
    "SpecializationPoint": "",
    "SkillBonus": "",
    "RecipeLevel": "0",
    "RollBonus": "0",
    "FishingMaxCastDistanceBonus": "2.6",
    "EntitlementId": "",
    "XpReward": "224"
  },
  {
    "Level": "53",
    "DisplayName": "",
    "RequiredLevel": "0",
    "MaximumInfluence": "2030",
    "InfluenceCost": "2020",
    "CurrencyCost": "0",
    "SanityCheck": "1",
    "GameEventId": "",
    "SpecializationPoint": "",
    "SkillBonus": "",
    "RecipeLevel": "0",
    "RollBonus": "0",
    "FishingMaxCastDistanceBonus": "2.65",
    "EntitlementId": "",
    "XpReward": "232"
  },
  {
    "Level": "54",
    "DisplayName": "",
    "RequiredLevel": "0",
    "MaximumInfluence": "2040",
    "InfluenceCost": "2030",
    "CurrencyCost": "0",
    "SanityCheck": "1",
    "GameEventId": "",
    "SpecializationPoint": "",
    "SkillBonus": "",
    "RecipeLevel": "0",
    "RollBonus": "0",
    "FishingMaxCastDistanceBonus": "2.7",
    "EntitlementId": "",
    "XpReward": "240"
  },
  {
    "Level": "55",
    "DisplayName": "",
    "RequiredLevel": "0",
    "MaximumInfluence": "2050",
    "InfluenceCost": "2040",
    "CurrencyCost": "0",
    "SanityCheck": "1",
    "GameEventId": "",
    "SpecializationPoint": "",
    "SkillBonus": "",
    "RecipeLevel": "0",
    "RollBonus": "0",
    "FishingMaxCastDistanceBonus": "2.75",
    "EntitlementId": "",
    "XpReward": "248"
  },
  {
    "Level": "56",
    "DisplayName": "",
    "RequiredLevel": "0",
    "MaximumInfluence": "2060",
    "InfluenceCost": "2050",
    "CurrencyCost": "0",
    "SanityCheck": "1",
    "GameEventId": "",
    "SpecializationPoint": "",
    "SkillBonus": "",
    "RecipeLevel": "0",
    "RollBonus": "0",
    "FishingMaxCastDistanceBonus": "2.8",
    "EntitlementId": "",
    "XpReward": "256"
  },
  {
    "Level": "57",
    "DisplayName": "",
    "RequiredLevel": "0",
    "MaximumInfluence": "2070",
    "InfluenceCost": "2060",
    "CurrencyCost": "0",
    "SanityCheck": "1",
    "GameEventId": "",
    "SpecializationPoint": "",
    "SkillBonus": "",
    "RecipeLevel": "0",
    "RollBonus": "0",
    "FishingMaxCastDistanceBonus": "2.85",
    "EntitlementId": "",
    "XpReward": "264"
  },
  {
    "Level": "58",
    "DisplayName": "",
    "RequiredLevel": "0",
    "MaximumInfluence": "2080",
    "InfluenceCost": "2070",
    "CurrencyCost": "0",
    "SanityCheck": "1",
    "GameEventId": "",
    "SpecializationPoint": "",
    "SkillBonus": "",
    "RecipeLevel": "0",
    "RollBonus": "0",
    "FishingMaxCastDistanceBonus": "2.9",
    "EntitlementId": "",
    "XpReward": "272"
  },
  {
    "Level": "59",
    "DisplayName": "",
    "RequiredLevel": "0",
    "MaximumInfluence": "2090",
    "InfluenceCost": "2080",
    "CurrencyCost": "0",
    "SanityCheck": "1",
    "GameEventId": "",
    "SpecializationPoint": "",
    "SkillBonus": "",
    "RecipeLevel": "0",
    "RollBonus": "0",
    "FishingMaxCastDistanceBonus": "2.95",
    "EntitlementId": "",
    "XpReward": "280"
  },
  {
    "Level": "60",
    "DisplayName": "",
    "RequiredLevel": "0",
    "MaximumInfluence": "2100",
    "InfluenceCost": "2090",
    "CurrencyCost": "0",
    "SanityCheck": "1",
    "GameEventId": "",
    "SpecializationPoint": "",
    "SkillBonus": "",
    "RecipeLevel": "0",
    "RollBonus": "0",
    "FishingMaxCastDistanceBonus": "3",
    "EntitlementId": "",
    "XpReward": "288"
  },
  {
    "Level": "61",
    "DisplayName": "",
    "RequiredLevel": "0",
    "MaximumInfluence": "2110",
    "InfluenceCost": "2100",
    "CurrencyCost": "0",
    "SanityCheck": "1",
    "GameEventId": "",
    "SpecializationPoint": "",
    "SkillBonus": "",
    "RecipeLevel": "0",
    "RollBonus": "0",
    "FishingMaxCastDistanceBonus": "3.05",
    "EntitlementId": "",
    "XpReward": "296"
  },
  {
    "Level": "62",
    "DisplayName": "",
    "RequiredLevel": "0",
    "MaximumInfluence": "2120",
    "InfluenceCost": "2110",
    "CurrencyCost": "0",
    "SanityCheck": "1",
    "GameEventId": "",
    "SpecializationPoint": "",
    "SkillBonus": "",
    "RecipeLevel": "0",
    "RollBonus": "0",
    "FishingMaxCastDistanceBonus": "3.1",
    "EntitlementId": "",
    "XpReward": "304"
  },
  {
    "Level": "63",
    "DisplayName": "",
    "RequiredLevel": "0",
    "MaximumInfluence": "2130",
    "InfluenceCost": "2120",
    "CurrencyCost": "0",
    "SanityCheck": "1",
    "GameEventId": "",
    "SpecializationPoint": "",
    "SkillBonus": "",
    "RecipeLevel": "0",
    "RollBonus": "0",
    "FishingMaxCastDistanceBonus": "3.15",
    "EntitlementId": "",
    "XpReward": "312"
  },
  {
    "Level": "64",
    "DisplayName": "",
    "RequiredLevel": "0",
    "MaximumInfluence": "2140",
    "InfluenceCost": "2130",
    "CurrencyCost": "0",
    "SanityCheck": "1",
    "GameEventId": "",
    "SpecializationPoint": "",
    "SkillBonus": "",
    "RecipeLevel": "0",
    "RollBonus": "0",
    "FishingMaxCastDistanceBonus": "3.2",
    "EntitlementId": "",
    "XpReward": "320"
  },
  {
    "Level": "65",
    "DisplayName": "",
    "RequiredLevel": "0",
    "MaximumInfluence": "2150",
    "InfluenceCost": "2140",
    "CurrencyCost": "0",
    "SanityCheck": "1",
    "GameEventId": "",
    "SpecializationPoint": "",
    "SkillBonus": "",
    "RecipeLevel": "0",
    "RollBonus": "0",
    "FishingMaxCastDistanceBonus": "3.25",
    "EntitlementId": "",
    "XpReward": "328"
  },
  {
    "Level": "66",
    "DisplayName": "",
    "RequiredLevel": "0",
    "MaximumInfluence": "2160",
    "InfluenceCost": "2150",
    "CurrencyCost": "0",
    "SanityCheck": "1",
    "GameEventId": "",
    "SpecializationPoint": "",
    "SkillBonus": "",
    "RecipeLevel": "0",
    "RollBonus": "0",
    "FishingMaxCastDistanceBonus": "3.3",
    "EntitlementId": "",
    "XpReward": "336"
  },
  {
    "Level": "67",
    "DisplayName": "",
    "RequiredLevel": "0",
    "MaximumInfluence": "2170",
    "InfluenceCost": "2160",
    "CurrencyCost": "0",
    "SanityCheck": "1",
    "GameEventId": "",
    "SpecializationPoint": "",
    "SkillBonus": "",
    "RecipeLevel": "0",
    "RollBonus": "0",
    "FishingMaxCastDistanceBonus": "3.35",
    "EntitlementId": "",
    "XpReward": "344"
  },
  {
    "Level": "68",
    "DisplayName": "",
    "RequiredLevel": "0",
    "MaximumInfluence": "2180",
    "InfluenceCost": "2170",
    "CurrencyCost": "0",
    "SanityCheck": "1",
    "GameEventId": "",
    "SpecializationPoint": "",
    "SkillBonus": "",
    "RecipeLevel": "0",
    "RollBonus": "0",
    "FishingMaxCastDistanceBonus": "3.4",
    "EntitlementId": "",
    "XpReward": "352"
  },
  {
    "Level": "69",
    "DisplayName": "",
    "RequiredLevel": "0",
    "MaximumInfluence": "2190",
    "InfluenceCost": "2180",
    "CurrencyCost": "0",
    "SanityCheck": "1",
    "GameEventId": "",
    "SpecializationPoint": "",
    "SkillBonus": "",
    "RecipeLevel": "0",
    "RollBonus": "0",
    "FishingMaxCastDistanceBonus": "3.45",
    "EntitlementId": "",
    "XpReward": "360"
  },
  {
    "Level": "70",
    "DisplayName": "",
    "RequiredLevel": "0",
    "MaximumInfluence": "2200",
    "InfluenceCost": "2190",
    "CurrencyCost": "0",
    "SanityCheck": "1",
    "GameEventId": "",
    "SpecializationPoint": "",
    "SkillBonus": "",
    "RecipeLevel": "0",
    "RollBonus": "0",
    "FishingMaxCastDistanceBonus": "3.5",
    "EntitlementId": "",
    "XpReward": "368"
  },
  {
    "Level": "71",
    "DisplayName": "",
    "RequiredLevel": "0",
    "MaximumInfluence": "2210",
    "InfluenceCost": "2200",
    "CurrencyCost": "0",
    "SanityCheck": "1",
    "GameEventId": "",
    "SpecializationPoint": "",
    "SkillBonus": "",
    "RecipeLevel": "0",
    "RollBonus": "0",
    "FishingMaxCastDistanceBonus": "3.55",
    "EntitlementId": "",
    "XpReward": "376"
  },
  {
    "Level": "72",
    "DisplayName": "",
    "RequiredLevel": "0",
    "MaximumInfluence": "2220",
    "InfluenceCost": "2210",
    "CurrencyCost": "0",
    "SanityCheck": "1",
    "GameEventId": "",
    "SpecializationPoint": "",
    "SkillBonus": "",
    "RecipeLevel": "0",
    "RollBonus": "0",
    "FishingMaxCastDistanceBonus": "3.6",
    "EntitlementId": "",
    "XpReward": "384"
  },
  {
    "Level": "73",
    "DisplayName": "",
    "RequiredLevel": "0",
    "MaximumInfluence": "2230",
    "InfluenceCost": "2220",
    "CurrencyCost": "0",
    "SanityCheck": "1",
    "GameEventId": "",
    "SpecializationPoint": "",
    "SkillBonus": "",
    "RecipeLevel": "0",
    "RollBonus": "0",
    "FishingMaxCastDistanceBonus": "3.65",
    "EntitlementId": "",
    "XpReward": "392"
  },
  {
    "Level": "74",
    "DisplayName": "",
    "RequiredLevel": "0",
    "MaximumInfluence": "2240",
    "InfluenceCost": "2230",
    "CurrencyCost": "0",
    "SanityCheck": "1",
    "GameEventId": "",
    "SpecializationPoint": "",
    "SkillBonus": "",
    "RecipeLevel": "0",
    "RollBonus": "0",
    "FishingMaxCastDistanceBonus": "3.7",
    "EntitlementId": "",
    "XpReward": "400"
  },
  {
    "Level": "75",
    "DisplayName": "",
    "RequiredLevel": "0",
    "MaximumInfluence": "2250",
    "InfluenceCost": "2240",
    "CurrencyCost": "0",
    "SanityCheck": "1",
    "GameEventId": "",
    "SpecializationPoint": "",
    "SkillBonus": "",
    "RecipeLevel": "0",
    "RollBonus": "0",
    "FishingMaxCastDistanceBonus": "3.75",
    "EntitlementId": "",
    "XpReward": "408"
  },
  {
    "Level": "76",
    "DisplayName": "",
    "RequiredLevel": "0",
    "MaximumInfluence": "2260",
    "InfluenceCost": "2250",
    "CurrencyCost": "0",
    "SanityCheck": "1",
    "GameEventId": "",
    "SpecializationPoint": "",
    "SkillBonus": "",
    "RecipeLevel": "0",
    "RollBonus": "0",
    "FishingMaxCastDistanceBonus": "3.8",
    "EntitlementId": "",
    "XpReward": "418"
  },
  {
    "Level": "77",
    "DisplayName": "",
    "RequiredLevel": "0",
    "MaximumInfluence": "2270",
    "InfluenceCost": "2260",
    "CurrencyCost": "0",
    "SanityCheck": "1",
    "GameEventId": "",
    "SpecializationPoint": "",
    "SkillBonus": "",
    "RecipeLevel": "0",
    "RollBonus": "0",
    "FishingMaxCastDistanceBonus": "3.85",
    "EntitlementId": "",
    "XpReward": "428"
  },
  {
    "Level": "78",
    "DisplayName": "",
    "RequiredLevel": "0",
    "MaximumInfluence": "2280",
    "InfluenceCost": "2270",
    "CurrencyCost": "0",
    "SanityCheck": "1",
    "GameEventId": "",
    "SpecializationPoint": "",
    "SkillBonus": "",
    "RecipeLevel": "0",
    "RollBonus": "0",
    "FishingMaxCastDistanceBonus": "3.9",
    "EntitlementId": "",
    "XpReward": "438"
  },
  {
    "Level": "79",
    "DisplayName": "",
    "RequiredLevel": "0",
    "MaximumInfluence": "2290",
    "InfluenceCost": "2280",
    "CurrencyCost": "0",
    "SanityCheck": "1",
    "GameEventId": "",
    "SpecializationPoint": "",
    "SkillBonus": "",
    "RecipeLevel": "0",
    "RollBonus": "0",
    "FishingMaxCastDistanceBonus": "3.95",
    "EntitlementId": "",
    "XpReward": "448"
  },
  {
    "Level": "80",
    "DisplayName": "",
    "RequiredLevel": "0",
    "MaximumInfluence": "2300",
    "InfluenceCost": "2290",
    "CurrencyCost": "0",
    "SanityCheck": "1",
    "GameEventId": "",
    "SpecializationPoint": "",
    "SkillBonus": "",
    "RecipeLevel": "0",
    "RollBonus": "0",
    "FishingMaxCastDistanceBonus": "4",
    "EntitlementId": "",
    "XpReward": "458"
  },
  {
    "Level": "81",
    "DisplayName": "",
    "RequiredLevel": "0",
    "MaximumInfluence": "2310",
    "InfluenceCost": "2300",
    "CurrencyCost": "0",
    "SanityCheck": "1",
    "GameEventId": "",
    "SpecializationPoint": "",
    "SkillBonus": "",
    "RecipeLevel": "0",
    "RollBonus": "0",
    "FishingMaxCastDistanceBonus": "4.05",
    "EntitlementId": "",
    "XpReward": "468"
  },
  {
    "Level": "82",
    "DisplayName": "",
    "RequiredLevel": "0",
    "MaximumInfluence": "2320",
    "InfluenceCost": "2310",
    "CurrencyCost": "0",
    "SanityCheck": "1",
    "GameEventId": "",
    "SpecializationPoint": "",
    "SkillBonus": "",
    "RecipeLevel": "0",
    "RollBonus": "0",
    "FishingMaxCastDistanceBonus": "4.0999999999999996",
    "EntitlementId": "",
    "XpReward": "478"
  },
  {
    "Level": "83",
    "DisplayName": "",
    "RequiredLevel": "0",
    "MaximumInfluence": "2330",
    "InfluenceCost": "2320",
    "CurrencyCost": "0",
    "SanityCheck": "1",
    "GameEventId": "",
    "SpecializationPoint": "",
    "SkillBonus": "",
    "RecipeLevel": "0",
    "RollBonus": "0",
    "FishingMaxCastDistanceBonus": "4.1500000000000004",
    "EntitlementId": "",
    "XpReward": "488"
  },
  {
    "Level": "84",
    "DisplayName": "",
    "RequiredLevel": "0",
    "MaximumInfluence": "2340",
    "InfluenceCost": "2330",
    "CurrencyCost": "0",
    "SanityCheck": "1",
    "GameEventId": "",
    "SpecializationPoint": "",
    "SkillBonus": "",
    "RecipeLevel": "0",
    "RollBonus": "0",
    "FishingMaxCastDistanceBonus": "4.2",
    "EntitlementId": "",
    "XpReward": "498"
  },
  {
    "Level": "85",
    "DisplayName": "",
    "RequiredLevel": "0",
    "MaximumInfluence": "2350",
    "InfluenceCost": "2340",
    "CurrencyCost": "0",
    "SanityCheck": "1",
    "GameEventId": "",
    "SpecializationPoint": "",
    "SkillBonus": "",
    "RecipeLevel": "0",
    "RollBonus": "0",
    "FishingMaxCastDistanceBonus": "4.25",
    "EntitlementId": "",
    "XpReward": "508"
  },
  {
    "Level": "86",
    "DisplayName": "",
    "RequiredLevel": "0",
    "MaximumInfluence": "2360",
    "InfluenceCost": "2350",
    "CurrencyCost": "0",
    "SanityCheck": "1",
    "GameEventId": "",
    "SpecializationPoint": "",
    "SkillBonus": "",
    "RecipeLevel": "0",
    "RollBonus": "0",
    "FishingMaxCastDistanceBonus": "4.3",
    "EntitlementId": "",
    "XpReward": "518"
  },
  {
    "Level": "87",
    "DisplayName": "",
    "RequiredLevel": "0",
    "MaximumInfluence": "2370",
    "InfluenceCost": "2360",
    "CurrencyCost": "0",
    "SanityCheck": "1",
    "GameEventId": "",
    "SpecializationPoint": "",
    "SkillBonus": "",
    "RecipeLevel": "0",
    "RollBonus": "0",
    "FishingMaxCastDistanceBonus": "4.3499999999999996",
    "EntitlementId": "",
    "XpReward": "528"
  },
  {
    "Level": "88",
    "DisplayName": "",
    "RequiredLevel": "0",
    "MaximumInfluence": "2380",
    "InfluenceCost": "2370",
    "CurrencyCost": "0",
    "SanityCheck": "1",
    "GameEventId": "",
    "SpecializationPoint": "",
    "SkillBonus": "",
    "RecipeLevel": "0",
    "RollBonus": "0",
    "FishingMaxCastDistanceBonus": "4.4000000000000004",
    "EntitlementId": "",
    "XpReward": "538"
  },
  {
    "Level": "89",
    "DisplayName": "",
    "RequiredLevel": "0",
    "MaximumInfluence": "2390",
    "InfluenceCost": "2380",
    "CurrencyCost": "0",
    "SanityCheck": "1",
    "GameEventId": "",
    "SpecializationPoint": "",
    "SkillBonus": "",
    "RecipeLevel": "0",
    "RollBonus": "0",
    "FishingMaxCastDistanceBonus": "4.45",
    "EntitlementId": "",
    "XpReward": "548"
  },
  {
    "Level": "90",
    "DisplayName": "",
    "RequiredLevel": "0",
    "MaximumInfluence": "2400",
    "InfluenceCost": "2390",
    "CurrencyCost": "0",
    "SanityCheck": "1",
    "GameEventId": "",
    "SpecializationPoint": "",
    "SkillBonus": "",
    "RecipeLevel": "0",
    "RollBonus": "0",
    "FishingMaxCastDistanceBonus": "4.5",
    "EntitlementId": "",
    "XpReward": "558"
  },
  {
    "Level": "91",
    "DisplayName": "",
    "RequiredLevel": "0",
    "MaximumInfluence": "2410",
    "InfluenceCost": "2400",
    "CurrencyCost": "0",
    "SanityCheck": "1",
    "GameEventId": "",
    "SpecializationPoint": "",
    "SkillBonus": "",
    "RecipeLevel": "0",
    "RollBonus": "0",
    "FishingMaxCastDistanceBonus": "4.55",
    "EntitlementId": "",
    "XpReward": "568"
  },
  {
    "Level": "92",
    "DisplayName": "",
    "RequiredLevel": "0",
    "MaximumInfluence": "2420",
    "InfluenceCost": "2410",
    "CurrencyCost": "0",
    "SanityCheck": "1",
    "GameEventId": "",
    "SpecializationPoint": "",
    "SkillBonus": "",
    "RecipeLevel": "0",
    "RollBonus": "0",
    "FishingMaxCastDistanceBonus": "4.5999999999999996",
    "EntitlementId": "",
    "XpReward": "578"
  },
  {
    "Level": "93",
    "DisplayName": "",
    "RequiredLevel": "0",
    "MaximumInfluence": "2430",
    "InfluenceCost": "2420",
    "CurrencyCost": "0",
    "SanityCheck": "1",
    "GameEventId": "",
    "SpecializationPoint": "",
    "SkillBonus": "",
    "RecipeLevel": "0",
    "RollBonus": "0",
    "FishingMaxCastDistanceBonus": "4.6500000000000004",
    "EntitlementId": "",
    "XpReward": "588"
  },
  {
    "Level": "94",
    "DisplayName": "",
    "RequiredLevel": "0",
    "MaximumInfluence": "2440",
    "InfluenceCost": "2430",
    "CurrencyCost": "0",
    "SanityCheck": "1",
    "GameEventId": "",
    "SpecializationPoint": "",
    "SkillBonus": "",
    "RecipeLevel": "0",
    "RollBonus": "0",
    "FishingMaxCastDistanceBonus": "4.7",
    "EntitlementId": "",
    "XpReward": "598"
  },
  {
    "Level": "95",
    "DisplayName": "",
    "RequiredLevel": "0",
    "MaximumInfluence": "2450",
    "InfluenceCost": "2440",
    "CurrencyCost": "0",
    "SanityCheck": "1",
    "GameEventId": "",
    "SpecializationPoint": "",
    "SkillBonus": "",
    "RecipeLevel": "0",
    "RollBonus": "0",
    "FishingMaxCastDistanceBonus": "4.75",
    "EntitlementId": "",
    "XpReward": "608"
  },
  {
    "Level": "96",
    "DisplayName": "",
    "RequiredLevel": "0",
    "MaximumInfluence": "2460",
    "InfluenceCost": "2450",
    "CurrencyCost": "0",
    "SanityCheck": "1",
    "GameEventId": "",
    "SpecializationPoint": "",
    "SkillBonus": "",
    "RecipeLevel": "0",
    "RollBonus": "0",
    "FishingMaxCastDistanceBonus": "4.8",
    "EntitlementId": "",
    "XpReward": "618"
  },
  {
    "Level": "97",
    "DisplayName": "",
    "RequiredLevel": "0",
    "MaximumInfluence": "2470",
    "InfluenceCost": "2460",
    "CurrencyCost": "0",
    "SanityCheck": "1",
    "GameEventId": "",
    "SpecializationPoint": "",
    "SkillBonus": "",
    "RecipeLevel": "0",
    "RollBonus": "0",
    "FishingMaxCastDistanceBonus": "4.8499999999999996",
    "EntitlementId": "",
    "XpReward": "628"
  },
  {
    "Level": "98",
    "DisplayName": "",
    "RequiredLevel": "0",
    "MaximumInfluence": "2480",
    "InfluenceCost": "2470",
    "CurrencyCost": "0",
    "SanityCheck": "1",
    "GameEventId": "",
    "SpecializationPoint": "",
    "SkillBonus": "",
    "RecipeLevel": "0",
    "RollBonus": "0",
    "FishingMaxCastDistanceBonus": "4.9000000000000004",
    "EntitlementId": "",
    "XpReward": "638"
  },
  {
    "Level": "99",
    "DisplayName": "",
    "RequiredLevel": "0",
    "MaximumInfluence": "2490",
    "InfluenceCost": "2480",
    "CurrencyCost": "0",
    "SanityCheck": "1",
    "GameEventId": "",
    "SpecializationPoint": "",
    "SkillBonus": "",
    "RecipeLevel": "0",
    "RollBonus": "0",
    "FishingMaxCastDistanceBonus": "4.95",
    "EntitlementId": "",
    "XpReward": "648"
  },
  {
    "Level": "100",
    "DisplayName": "",
    "RequiredLevel": "0",
    "MaximumInfluence": "2500",
    "InfluenceCost": "2490",
    "CurrencyCost": "0",
    "SanityCheck": "1",
    "GameEventId": "",
    "SpecializationPoint": "",
    "SkillBonus": "",
    "RecipeLevel": "0",
    "RollBonus": "0",
    "FishingMaxCastDistanceBonus": "5",
    "EntitlementId": "",
    "XpReward": "658"
  },
  {
    "Level": "101",
    "DisplayName": "",
    "RequiredLevel": "0",
    "MaximumInfluence": "2505",
    "InfluenceCost": "2500",
    "CurrencyCost": "0",
    "SanityCheck": "1",
    "GameEventId": "",
    "SpecializationPoint": "",
    "SkillBonus": "",
    "RecipeLevel": "0",
    "RollBonus": "0",
    "FishingMaxCastDistanceBonus": "5.05",
    "EntitlementId": "",
    "XpReward": "670"
  },
  {
    "Level": "102",
    "DisplayName": "",
    "RequiredLevel": "0",
    "MaximumInfluence": "2510",
    "InfluenceCost": "2505",
    "CurrencyCost": "0",
    "SanityCheck": "1",
    "GameEventId": "",
    "SpecializationPoint": "",
    "SkillBonus": "",
    "RecipeLevel": "0",
    "RollBonus": "0",
    "FishingMaxCastDistanceBonus": "5.0999999999999996",
    "EntitlementId": "",
    "XpReward": "682"
  },
  {
    "Level": "103",
    "DisplayName": "",
    "RequiredLevel": "0",
    "MaximumInfluence": "2515",
    "InfluenceCost": "2510",
    "CurrencyCost": "0",
    "SanityCheck": "1",
    "GameEventId": "",
    "SpecializationPoint": "",
    "SkillBonus": "",
    "RecipeLevel": "0",
    "RollBonus": "0",
    "FishingMaxCastDistanceBonus": "5.15",
    "EntitlementId": "",
    "XpReward": "694"
  },
  {
    "Level": "104",
    "DisplayName": "",
    "RequiredLevel": "0",
    "MaximumInfluence": "2520",
    "InfluenceCost": "2515",
    "CurrencyCost": "0",
    "SanityCheck": "1",
    "GameEventId": "",
    "SpecializationPoint": "",
    "SkillBonus": "",
    "RecipeLevel": "0",
    "RollBonus": "0",
    "FishingMaxCastDistanceBonus": "5.2",
    "EntitlementId": "",
    "XpReward": "706"
  },
  {
    "Level": "105",
    "DisplayName": "",
    "RequiredLevel": "0",
    "MaximumInfluence": "2525",
    "InfluenceCost": "2520",
    "CurrencyCost": "0",
    "SanityCheck": "1",
    "GameEventId": "",
    "SpecializationPoint": "",
    "SkillBonus": "",
    "RecipeLevel": "0",
    "RollBonus": "0",
    "FishingMaxCastDistanceBonus": "5.25",
    "EntitlementId": "",
    "XpReward": "718"
  },
  {
    "Level": "106",
    "DisplayName": "",
    "RequiredLevel": "0",
    "MaximumInfluence": "2530",
    "InfluenceCost": "2525",
    "CurrencyCost": "0",
    "SanityCheck": "1",
    "GameEventId": "",
    "SpecializationPoint": "",
    "SkillBonus": "",
    "RecipeLevel": "0",
    "RollBonus": "0",
    "FishingMaxCastDistanceBonus": "5.3",
    "EntitlementId": "",
    "XpReward": "730"
  },
  {
    "Level": "107",
    "DisplayName": "",
    "RequiredLevel": "0",
    "MaximumInfluence": "2535",
    "InfluenceCost": "2530",
    "CurrencyCost": "0",
    "SanityCheck": "1",
    "GameEventId": "",
    "SpecializationPoint": "",
    "SkillBonus": "",
    "RecipeLevel": "0",
    "RollBonus": "0",
    "FishingMaxCastDistanceBonus": "5.35",
    "EntitlementId": "",
    "XpReward": "742"
  },
  {
    "Level": "108",
    "DisplayName": "",
    "RequiredLevel": "0",
    "MaximumInfluence": "2540",
    "InfluenceCost": "2535",
    "CurrencyCost": "0",
    "SanityCheck": "1",
    "GameEventId": "",
    "SpecializationPoint": "",
    "SkillBonus": "",
    "RecipeLevel": "0",
    "RollBonus": "0",
    "FishingMaxCastDistanceBonus": "5.4",
    "EntitlementId": "",
    "XpReward": "754"
  },
  {
    "Level": "109",
    "DisplayName": "",
    "RequiredLevel": "0",
    "MaximumInfluence": "2545",
    "InfluenceCost": "2540",
    "CurrencyCost": "0",
    "SanityCheck": "1",
    "GameEventId": "",
    "SpecializationPoint": "",
    "SkillBonus": "",
    "RecipeLevel": "0",
    "RollBonus": "0",
    "FishingMaxCastDistanceBonus": "5.45",
    "EntitlementId": "",
    "XpReward": "766"
  },
  {
    "Level": "110",
    "DisplayName": "",
    "RequiredLevel": "0",
    "MaximumInfluence": "2550",
    "InfluenceCost": "2545",
    "CurrencyCost": "0",
    "SanityCheck": "1",
    "GameEventId": "",
    "SpecializationPoint": "",
    "SkillBonus": "",
    "RecipeLevel": "0",
    "RollBonus": "0",
    "FishingMaxCastDistanceBonus": "5.5",
    "EntitlementId": "",
    "XpReward": "778"
  },
  {
    "Level": "111",
    "DisplayName": "",
    "RequiredLevel": "0",
    "MaximumInfluence": "2555",
    "InfluenceCost": "2550",
    "CurrencyCost": "0",
    "SanityCheck": "1",
    "GameEventId": "",
    "SpecializationPoint": "",
    "SkillBonus": "",
    "RecipeLevel": "0",
    "RollBonus": "0",
    "FishingMaxCastDistanceBonus": "5.55",
    "EntitlementId": "",
    "XpReward": "790"
  },
  {
    "Level": "112",
    "DisplayName": "",
    "RequiredLevel": "0",
    "MaximumInfluence": "2560",
    "InfluenceCost": "2555",
    "CurrencyCost": "0",
    "SanityCheck": "1",
    "GameEventId": "",
    "SpecializationPoint": "",
    "SkillBonus": "",
    "RecipeLevel": "0",
    "RollBonus": "0",
    "FishingMaxCastDistanceBonus": "5.6",
    "EntitlementId": "",
    "XpReward": "802"
  },
  {
    "Level": "113",
    "DisplayName": "",
    "RequiredLevel": "0",
    "MaximumInfluence": "2565",
    "InfluenceCost": "2560",
    "CurrencyCost": "0",
    "SanityCheck": "1",
    "GameEventId": "",
    "SpecializationPoint": "",
    "SkillBonus": "",
    "RecipeLevel": "0",
    "RollBonus": "0",
    "FishingMaxCastDistanceBonus": "5.65",
    "EntitlementId": "",
    "XpReward": "814"
  },
  {
    "Level": "114",
    "DisplayName": "",
    "RequiredLevel": "0",
    "MaximumInfluence": "2570",
    "InfluenceCost": "2565",
    "CurrencyCost": "0",
    "SanityCheck": "1",
    "GameEventId": "",
    "SpecializationPoint": "",
    "SkillBonus": "",
    "RecipeLevel": "0",
    "RollBonus": "0",
    "FishingMaxCastDistanceBonus": "5.7",
    "EntitlementId": "",
    "XpReward": "826"
  },
  {
    "Level": "115",
    "DisplayName": "",
    "RequiredLevel": "0",
    "MaximumInfluence": "2575",
    "InfluenceCost": "2570",
    "CurrencyCost": "0",
    "SanityCheck": "1",
    "GameEventId": "",
    "SpecializationPoint": "",
    "SkillBonus": "",
    "RecipeLevel": "0",
    "RollBonus": "0",
    "FishingMaxCastDistanceBonus": "5.75",
    "EntitlementId": "",
    "XpReward": "838"
  },
  {
    "Level": "116",
    "DisplayName": "",
    "RequiredLevel": "0",
    "MaximumInfluence": "2580",
    "InfluenceCost": "2575",
    "CurrencyCost": "0",
    "SanityCheck": "1",
    "GameEventId": "",
    "SpecializationPoint": "",
    "SkillBonus": "",
    "RecipeLevel": "0",
    "RollBonus": "0",
    "FishingMaxCastDistanceBonus": "5.8",
    "EntitlementId": "",
    "XpReward": "850"
  },
  {
    "Level": "117",
    "DisplayName": "",
    "RequiredLevel": "0",
    "MaximumInfluence": "2585",
    "InfluenceCost": "2580",
    "CurrencyCost": "0",
    "SanityCheck": "1",
    "GameEventId": "",
    "SpecializationPoint": "",
    "SkillBonus": "",
    "RecipeLevel": "0",
    "RollBonus": "0",
    "FishingMaxCastDistanceBonus": "5.85",
    "EntitlementId": "",
    "XpReward": "862"
  },
  {
    "Level": "118",
    "DisplayName": "",
    "RequiredLevel": "0",
    "MaximumInfluence": "2590",
    "InfluenceCost": "2585",
    "CurrencyCost": "0",
    "SanityCheck": "1",
    "GameEventId": "",
    "SpecializationPoint": "",
    "SkillBonus": "",
    "RecipeLevel": "0",
    "RollBonus": "0",
    "FishingMaxCastDistanceBonus": "5.9",
    "EntitlementId": "",
    "XpReward": "874"
  },
  {
    "Level": "119",
    "DisplayName": "",
    "RequiredLevel": "0",
    "MaximumInfluence": "2595",
    "InfluenceCost": "2590",
    "CurrencyCost": "0",
    "SanityCheck": "1",
    "GameEventId": "",
    "SpecializationPoint": "",
    "SkillBonus": "",
    "RecipeLevel": "0",
    "RollBonus": "0",
    "FishingMaxCastDistanceBonus": "5.95",
    "EntitlementId": "",
    "XpReward": "886"
  },
  {
    "Level": "120",
    "DisplayName": "",
    "RequiredLevel": "0",
    "MaximumInfluence": "2600",
    "InfluenceCost": "2595",
    "CurrencyCost": "0",
    "SanityCheck": "1",
    "GameEventId": "",
    "SpecializationPoint": "",
    "SkillBonus": "",
    "RecipeLevel": "0",
    "RollBonus": "0",
    "FishingMaxCastDistanceBonus": "6",
    "EntitlementId": "",
    "XpReward": "898"
  },
  {
    "Level": "121",
    "DisplayName": "",
    "RequiredLevel": "0",
    "MaximumInfluence": "2605",
    "InfluenceCost": "2600",
    "CurrencyCost": "0",
    "SanityCheck": "1",
    "GameEventId": "",
    "SpecializationPoint": "",
    "SkillBonus": "",
    "RecipeLevel": "0",
    "RollBonus": "0",
    "FishingMaxCastDistanceBonus": "6.05",
    "EntitlementId": "",
    "XpReward": "910"
  },
  {
    "Level": "122",
    "DisplayName": "",
    "RequiredLevel": "0",
    "MaximumInfluence": "2610",
    "InfluenceCost": "2605",
    "CurrencyCost": "0",
    "SanityCheck": "1",
    "GameEventId": "",
    "SpecializationPoint": "",
    "SkillBonus": "",
    "RecipeLevel": "0",
    "RollBonus": "0",
    "FishingMaxCastDistanceBonus": "6.1",
    "EntitlementId": "",
    "XpReward": "922"
  },
  {
    "Level": "123",
    "DisplayName": "",
    "RequiredLevel": "0",
    "MaximumInfluence": "2615",
    "InfluenceCost": "2610",
    "CurrencyCost": "0",
    "SanityCheck": "1",
    "GameEventId": "",
    "SpecializationPoint": "",
    "SkillBonus": "",
    "RecipeLevel": "0",
    "RollBonus": "0",
    "FishingMaxCastDistanceBonus": "6.15",
    "EntitlementId": "",
    "XpReward": "934"
  },
  {
    "Level": "124",
    "DisplayName": "",
    "RequiredLevel": "0",
    "MaximumInfluence": "2620",
    "InfluenceCost": "2615",
    "CurrencyCost": "0",
    "SanityCheck": "1",
    "GameEventId": "",
    "SpecializationPoint": "",
    "SkillBonus": "",
    "RecipeLevel": "0",
    "RollBonus": "0",
    "FishingMaxCastDistanceBonus": "6.2",
    "EntitlementId": "",
    "XpReward": "946"
  },
  {
    "Level": "125",
    "DisplayName": "",
    "RequiredLevel": "0",
    "MaximumInfluence": "2625",
    "InfluenceCost": "2620",
    "CurrencyCost": "0",
    "SanityCheck": "1",
    "GameEventId": "",
    "SpecializationPoint": "",
    "SkillBonus": "",
    "RecipeLevel": "0",
    "RollBonus": "0",
    "FishingMaxCastDistanceBonus": "6.25",
    "EntitlementId": "",
    "XpReward": "958"
  },
  {
    "Level": "126",
    "DisplayName": "",
    "RequiredLevel": "0",
    "MaximumInfluence": "2630",
    "InfluenceCost": "2625",
    "CurrencyCost": "0",
    "SanityCheck": "1",
    "GameEventId": "",
    "SpecializationPoint": "",
    "SkillBonus": "",
    "RecipeLevel": "0",
    "RollBonus": "0",
    "FishingMaxCastDistanceBonus": "6.3",
    "EntitlementId": "",
    "XpReward": "972"
  },
  {
    "Level": "127",
    "DisplayName": "",
    "RequiredLevel": "0",
    "MaximumInfluence": "2635",
    "InfluenceCost": "2630",
    "CurrencyCost": "0",
    "SanityCheck": "1",
    "GameEventId": "",
    "SpecializationPoint": "",
    "SkillBonus": "",
    "RecipeLevel": "0",
    "RollBonus": "0",
    "FishingMaxCastDistanceBonus": "6.35",
    "EntitlementId": "",
    "XpReward": "986"
  },
  {
    "Level": "128",
    "DisplayName": "",
    "RequiredLevel": "0",
    "MaximumInfluence": "2640",
    "InfluenceCost": "2635",
    "CurrencyCost": "0",
    "SanityCheck": "1",
    "GameEventId": "",
    "SpecializationPoint": "",
    "SkillBonus": "",
    "RecipeLevel": "0",
    "RollBonus": "0",
    "FishingMaxCastDistanceBonus": "6.4",
    "EntitlementId": "",
    "XpReward": "1000"
  },
  {
    "Level": "129",
    "DisplayName": "",
    "RequiredLevel": "0",
    "MaximumInfluence": "2645",
    "InfluenceCost": "2640",
    "CurrencyCost": "0",
    "SanityCheck": "1",
    "GameEventId": "",
    "SpecializationPoint": "",
    "SkillBonus": "",
    "RecipeLevel": "0",
    "RollBonus": "0",
    "FishingMaxCastDistanceBonus": "6.45",
    "EntitlementId": "",
    "XpReward": "1014"
  },
  {
    "Level": "130",
    "DisplayName": "",
    "RequiredLevel": "0",
    "MaximumInfluence": "2650",
    "InfluenceCost": "2645",
    "CurrencyCost": "0",
    "SanityCheck": "1",
    "GameEventId": "",
    "SpecializationPoint": "",
    "SkillBonus": "",
    "RecipeLevel": "0",
    "RollBonus": "0",
    "FishingMaxCastDistanceBonus": "6.5",
    "EntitlementId": "",
    "XpReward": "1028"
  },
  {
    "Level": "131",
    "DisplayName": "",
    "RequiredLevel": "0",
    "MaximumInfluence": "2655",
    "InfluenceCost": "2650",
    "CurrencyCost": "0",
    "SanityCheck": "1",
    "GameEventId": "",
    "SpecializationPoint": "",
    "SkillBonus": "",
    "RecipeLevel": "0",
    "RollBonus": "0",
    "FishingMaxCastDistanceBonus": "6.55",
    "EntitlementId": "",
    "XpReward": "1042"
  },
  {
    "Level": "132",
    "DisplayName": "",
    "RequiredLevel": "0",
    "MaximumInfluence": "2660",
    "InfluenceCost": "2655",
    "CurrencyCost": "0",
    "SanityCheck": "1",
    "GameEventId": "",
    "SpecializationPoint": "",
    "SkillBonus": "",
    "RecipeLevel": "0",
    "RollBonus": "0",
    "FishingMaxCastDistanceBonus": "6.6",
    "EntitlementId": "",
    "XpReward": "1056"
  },
  {
    "Level": "133",
    "DisplayName": "",
    "RequiredLevel": "0",
    "MaximumInfluence": "2665",
    "InfluenceCost": "2660",
    "CurrencyCost": "0",
    "SanityCheck": "1",
    "GameEventId": "",
    "SpecializationPoint": "",
    "SkillBonus": "",
    "RecipeLevel": "0",
    "RollBonus": "0",
    "FishingMaxCastDistanceBonus": "6.65",
    "EntitlementId": "",
    "XpReward": "1070"
  },
  {
    "Level": "134",
    "DisplayName": "",
    "RequiredLevel": "0",
    "MaximumInfluence": "2670",
    "InfluenceCost": "2665",
    "CurrencyCost": "0",
    "SanityCheck": "1",
    "GameEventId": "",
    "SpecializationPoint": "",
    "SkillBonus": "",
    "RecipeLevel": "0",
    "RollBonus": "0",
    "FishingMaxCastDistanceBonus": "6.7",
    "EntitlementId": "",
    "XpReward": "1084"
  },
  {
    "Level": "135",
    "DisplayName": "",
    "RequiredLevel": "0",
    "MaximumInfluence": "2675",
    "InfluenceCost": "2670",
    "CurrencyCost": "0",
    "SanityCheck": "1",
    "GameEventId": "",
    "SpecializationPoint": "",
    "SkillBonus": "",
    "RecipeLevel": "0",
    "RollBonus": "0",
    "FishingMaxCastDistanceBonus": "6.75",
    "EntitlementId": "",
    "XpReward": "1098"
  },
  {
    "Level": "136",
    "DisplayName": "",
    "RequiredLevel": "0",
    "MaximumInfluence": "2680",
    "InfluenceCost": "2675",
    "CurrencyCost": "0",
    "SanityCheck": "1",
    "GameEventId": "",
    "SpecializationPoint": "",
    "SkillBonus": "",
    "RecipeLevel": "0",
    "RollBonus": "0",
    "FishingMaxCastDistanceBonus": "6.8",
    "EntitlementId": "",
    "XpReward": "1112"
  },
  {
    "Level": "137",
    "DisplayName": "",
    "RequiredLevel": "0",
    "MaximumInfluence": "2685",
    "InfluenceCost": "2680",
    "CurrencyCost": "0",
    "SanityCheck": "1",
    "GameEventId": "",
    "SpecializationPoint": "",
    "SkillBonus": "",
    "RecipeLevel": "0",
    "RollBonus": "0",
    "FishingMaxCastDistanceBonus": "6.85",
    "EntitlementId": "",
    "XpReward": "1126"
  },
  {
    "Level": "138",
    "DisplayName": "",
    "RequiredLevel": "0",
    "MaximumInfluence": "2690",
    "InfluenceCost": "2685",
    "CurrencyCost": "0",
    "SanityCheck": "1",
    "GameEventId": "",
    "SpecializationPoint": "",
    "SkillBonus": "",
    "RecipeLevel": "0",
    "RollBonus": "0",
    "FishingMaxCastDistanceBonus": "6.9",
    "EntitlementId": "",
    "XpReward": "1140"
  },
  {
    "Level": "139",
    "DisplayName": "",
    "RequiredLevel": "0",
    "MaximumInfluence": "2695",
    "InfluenceCost": "2690",
    "CurrencyCost": "0",
    "SanityCheck": "1",
    "GameEventId": "",
    "SpecializationPoint": "",
    "SkillBonus": "",
    "RecipeLevel": "0",
    "RollBonus": "0",
    "FishingMaxCastDistanceBonus": "6.95",
    "EntitlementId": "",
    "XpReward": "1154"
  },
  {
    "Level": "140",
    "DisplayName": "",
    "RequiredLevel": "0",
    "MaximumInfluence": "2700",
    "InfluenceCost": "2695",
    "CurrencyCost": "0",
    "SanityCheck": "1",
    "GameEventId": "",
    "SpecializationPoint": "",
    "SkillBonus": "",
    "RecipeLevel": "0",
    "RollBonus": "0",
    "FishingMaxCastDistanceBonus": "7",
    "EntitlementId": "",
    "XpReward": "1168"
  },
  {
    "Level": "141",
    "DisplayName": "",
    "RequiredLevel": "0",
    "MaximumInfluence": "2705",
    "InfluenceCost": "2700",
    "CurrencyCost": "0",
    "SanityCheck": "1",
    "GameEventId": "",
    "SpecializationPoint": "",
    "SkillBonus": "",
    "RecipeLevel": "0",
    "RollBonus": "0",
    "FishingMaxCastDistanceBonus": "7.05",
    "EntitlementId": "",
    "XpReward": "1182"
  },
  {
    "Level": "142",
    "DisplayName": "",
    "RequiredLevel": "0",
    "MaximumInfluence": "2710",
    "InfluenceCost": "2705",
    "CurrencyCost": "0",
    "SanityCheck": "1",
    "GameEventId": "",
    "SpecializationPoint": "",
    "SkillBonus": "",
    "RecipeLevel": "0",
    "RollBonus": "0",
    "FishingMaxCastDistanceBonus": "7.1",
    "EntitlementId": "",
    "XpReward": "1196"
  },
  {
    "Level": "143",
    "DisplayName": "",
    "RequiredLevel": "0",
    "MaximumInfluence": "2715",
    "InfluenceCost": "2710",
    "CurrencyCost": "0",
    "SanityCheck": "1",
    "GameEventId": "",
    "SpecializationPoint": "",
    "SkillBonus": "",
    "RecipeLevel": "0",
    "RollBonus": "0",
    "FishingMaxCastDistanceBonus": "7.15",
    "EntitlementId": "",
    "XpReward": "1210"
  },
  {
    "Level": "144",
    "DisplayName": "",
    "RequiredLevel": "0",
    "MaximumInfluence": "2720",
    "InfluenceCost": "2715",
    "CurrencyCost": "0",
    "SanityCheck": "1",
    "GameEventId": "",
    "SpecializationPoint": "",
    "SkillBonus": "",
    "RecipeLevel": "0",
    "RollBonus": "0",
    "FishingMaxCastDistanceBonus": "7.2",
    "EntitlementId": "",
    "XpReward": "1224"
  },
  {
    "Level": "145",
    "DisplayName": "",
    "RequiredLevel": "0",
    "MaximumInfluence": "2725",
    "InfluenceCost": "2720",
    "CurrencyCost": "0",
    "SanityCheck": "1",
    "GameEventId": "",
    "SpecializationPoint": "",
    "SkillBonus": "",
    "RecipeLevel": "0",
    "RollBonus": "0",
    "FishingMaxCastDistanceBonus": "7.25",
    "EntitlementId": "",
    "XpReward": "1238"
  },
  {
    "Level": "146",
    "DisplayName": "",
    "RequiredLevel": "0",
    "MaximumInfluence": "2730",
    "InfluenceCost": "2725",
    "CurrencyCost": "0",
    "SanityCheck": "1",
    "GameEventId": "",
    "SpecializationPoint": "",
    "SkillBonus": "",
    "RecipeLevel": "0",
    "RollBonus": "0",
    "FishingMaxCastDistanceBonus": "7.3",
    "EntitlementId": "",
    "XpReward": "1252"
  },
  {
    "Level": "147",
    "DisplayName": "",
    "RequiredLevel": "0",
    "MaximumInfluence": "2735",
    "InfluenceCost": "2730",
    "CurrencyCost": "0",
    "SanityCheck": "1",
    "GameEventId": "",
    "SpecializationPoint": "",
    "SkillBonus": "",
    "RecipeLevel": "0",
    "RollBonus": "0",
    "FishingMaxCastDistanceBonus": "7.35",
    "EntitlementId": "",
    "XpReward": "1266"
  },
  {
    "Level": "148",
    "DisplayName": "",
    "RequiredLevel": "0",
    "MaximumInfluence": "2740",
    "InfluenceCost": "2735",
    "CurrencyCost": "0",
    "SanityCheck": "1",
    "GameEventId": "",
    "SpecializationPoint": "",
    "SkillBonus": "",
    "RecipeLevel": "0",
    "RollBonus": "0",
    "FishingMaxCastDistanceBonus": "7.4",
    "EntitlementId": "",
    "XpReward": "1280"
  },
  {
    "Level": "149",
    "DisplayName": "",
    "RequiredLevel": "0",
    "MaximumInfluence": "2745",
    "InfluenceCost": "2740",
    "CurrencyCost": "0",
    "SanityCheck": "1",
    "GameEventId": "",
    "SpecializationPoint": "",
    "SkillBonus": "",
    "RecipeLevel": "0",
    "RollBonus": "0",
    "FishingMaxCastDistanceBonus": "7.45",
    "EntitlementId": "",
    "XpReward": "1294"
  },
  {
    "Level": "150",
    "DisplayName": "",
    "RequiredLevel": "0",
    "MaximumInfluence": "2750",
    "InfluenceCost": "2745",
    "CurrencyCost": "0",
    "SanityCheck": "1",
    "GameEventId": "",
    "SpecializationPoint": "",
    "SkillBonus": "",
    "RecipeLevel": "0",
    "RollBonus": "0",
    "FishingMaxCastDistanceBonus": "7.5",
    "EntitlementId": "",
    "XpReward": "1308"
  },
  {
    "Level": "151",
    "DisplayName": "",
    "RequiredLevel": "0",
    "MaximumInfluence": "2755",
    "InfluenceCost": "2750",
    "CurrencyCost": "0",
    "SanityCheck": "1",
    "GameEventId": "",
    "SpecializationPoint": "",
    "SkillBonus": "",
    "RecipeLevel": "0",
    "RollBonus": "0",
    "FishingMaxCastDistanceBonus": "7.55",
    "EntitlementId": "",
    "XpReward": "1322"
  },
  {
    "Level": "152",
    "DisplayName": "",
    "RequiredLevel": "0",
    "MaximumInfluence": "2760",
    "InfluenceCost": "2755",
    "CurrencyCost": "0",
    "SanityCheck": "1",
    "GameEventId": "",
    "SpecializationPoint": "",
    "SkillBonus": "",
    "RecipeLevel": "0",
    "RollBonus": "0",
    "FishingMaxCastDistanceBonus": "7.6",
    "EntitlementId": "",
    "XpReward": "1336"
  },
  {
    "Level": "153",
    "DisplayName": "",
    "RequiredLevel": "0",
    "MaximumInfluence": "2765",
    "InfluenceCost": "2760",
    "CurrencyCost": "0",
    "SanityCheck": "1",
    "GameEventId": "",
    "SpecializationPoint": "",
    "SkillBonus": "",
    "RecipeLevel": "0",
    "RollBonus": "0",
    "FishingMaxCastDistanceBonus": "7.65",
    "EntitlementId": "",
    "XpReward": "1350"
  },
  {
    "Level": "154",
    "DisplayName": "",
    "RequiredLevel": "0",
    "MaximumInfluence": "2770",
    "InfluenceCost": "2765",
    "CurrencyCost": "0",
    "SanityCheck": "1",
    "GameEventId": "",
    "SpecializationPoint": "",
    "SkillBonus": "",
    "RecipeLevel": "0",
    "RollBonus": "0",
    "FishingMaxCastDistanceBonus": "7.7",
    "EntitlementId": "",
    "XpReward": "1364"
  },
  {
    "Level": "155",
    "DisplayName": "",
    "RequiredLevel": "0",
    "MaximumInfluence": "2775",
    "InfluenceCost": "2770",
    "CurrencyCost": "0",
    "SanityCheck": "1",
    "GameEventId": "",
    "SpecializationPoint": "",
    "SkillBonus": "",
    "RecipeLevel": "0",
    "RollBonus": "0",
    "FishingMaxCastDistanceBonus": "7.75",
    "EntitlementId": "",
    "XpReward": "1378"
  },
  {
    "Level": "156",
    "DisplayName": "",
    "RequiredLevel": "0",
    "MaximumInfluence": "2780",
    "InfluenceCost": "2775",
    "CurrencyCost": "0",
    "SanityCheck": "1",
    "GameEventId": "",
    "SpecializationPoint": "",
    "SkillBonus": "",
    "RecipeLevel": "0",
    "RollBonus": "0",
    "FishingMaxCastDistanceBonus": "7.8",
    "EntitlementId": "",
    "XpReward": "1392"
  },
  {
    "Level": "157",
    "DisplayName": "",
    "RequiredLevel": "0",
    "MaximumInfluence": "2785",
    "InfluenceCost": "2780",
    "CurrencyCost": "0",
    "SanityCheck": "1",
    "GameEventId": "",
    "SpecializationPoint": "",
    "SkillBonus": "",
    "RecipeLevel": "0",
    "RollBonus": "0",
    "FishingMaxCastDistanceBonus": "7.85",
    "EntitlementId": "",
    "XpReward": "1406"
  },
  {
    "Level": "158",
    "DisplayName": "",
    "RequiredLevel": "0",
    "MaximumInfluence": "2790",
    "InfluenceCost": "2785",
    "CurrencyCost": "0",
    "SanityCheck": "1",
    "GameEventId": "",
    "SpecializationPoint": "",
    "SkillBonus": "",
    "RecipeLevel": "0",
    "RollBonus": "0",
    "FishingMaxCastDistanceBonus": "7.9",
    "EntitlementId": "",
    "XpReward": "1420"
  },
  {
    "Level": "159",
    "DisplayName": "",
    "RequiredLevel": "0",
    "MaximumInfluence": "2795",
    "InfluenceCost": "2790",
    "CurrencyCost": "0",
    "SanityCheck": "1",
    "GameEventId": "",
    "SpecializationPoint": "",
    "SkillBonus": "",
    "RecipeLevel": "0",
    "RollBonus": "0",
    "FishingMaxCastDistanceBonus": "7.95",
    "EntitlementId": "",
    "XpReward": "1434"
  },
  {
    "Level": "160",
    "DisplayName": "",
    "RequiredLevel": "0",
    "MaximumInfluence": "2800",
    "InfluenceCost": "2795",
    "CurrencyCost": "0",
    "SanityCheck": "1",
    "GameEventId": "",
    "SpecializationPoint": "",
    "SkillBonus": "",
    "RecipeLevel": "0",
    "RollBonus": "0",
    "FishingMaxCastDistanceBonus": "8",
    "EntitlementId": "",
    "XpReward": "1448"
  },
  {
    "Level": "161",
    "DisplayName": "",
    "RequiredLevel": "0",
    "MaximumInfluence": "2805",
    "InfluenceCost": "2800",
    "CurrencyCost": "0",
    "SanityCheck": "1",
    "GameEventId": "",
    "SpecializationPoint": "",
    "SkillBonus": "",
    "RecipeLevel": "0",
    "RollBonus": "0",
    "FishingMaxCastDistanceBonus": "8.0500000000000007",
    "EntitlementId": "",
    "XpReward": "1464"
  },
  {
    "Level": "162",
    "DisplayName": "",
    "RequiredLevel": "0",
    "MaximumInfluence": "2810",
    "InfluenceCost": "2805",
    "CurrencyCost": "0",
    "SanityCheck": "1",
    "GameEventId": "",
    "SpecializationPoint": "",
    "SkillBonus": "",
    "RecipeLevel": "0",
    "RollBonus": "0",
    "FishingMaxCastDistanceBonus": "8.1",
    "EntitlementId": "",
    "XpReward": "1480"
  },
  {
    "Level": "163",
    "DisplayName": "",
    "RequiredLevel": "0",
    "MaximumInfluence": "2815",
    "InfluenceCost": "2810",
    "CurrencyCost": "0",
    "SanityCheck": "1",
    "GameEventId": "",
    "SpecializationPoint": "",
    "SkillBonus": "",
    "RecipeLevel": "0",
    "RollBonus": "0",
    "FishingMaxCastDistanceBonus": "8.15",
    "EntitlementId": "",
    "XpReward": "1496"
  },
  {
    "Level": "164",
    "DisplayName": "",
    "RequiredLevel": "0",
    "MaximumInfluence": "2820",
    "InfluenceCost": "2815",
    "CurrencyCost": "0",
    "SanityCheck": "1",
    "GameEventId": "",
    "SpecializationPoint": "",
    "SkillBonus": "",
    "RecipeLevel": "0",
    "RollBonus": "0",
    "FishingMaxCastDistanceBonus": "8.1999999999999993",
    "EntitlementId": "",
    "XpReward": "1512"
  },
  {
    "Level": "165",
    "DisplayName": "",
    "RequiredLevel": "0",
    "MaximumInfluence": "2825",
    "InfluenceCost": "2820",
    "CurrencyCost": "0",
    "SanityCheck": "1",
    "GameEventId": "",
    "SpecializationPoint": "",
    "SkillBonus": "",
    "RecipeLevel": "0",
    "RollBonus": "0",
    "FishingMaxCastDistanceBonus": "8.25",
    "EntitlementId": "",
    "XpReward": "1528"
  },
  {
    "Level": "166",
    "DisplayName": "",
    "RequiredLevel": "0",
    "MaximumInfluence": "2830",
    "InfluenceCost": "2825",
    "CurrencyCost": "0",
    "SanityCheck": "1",
    "GameEventId": "",
    "SpecializationPoint": "",
    "SkillBonus": "",
    "RecipeLevel": "0",
    "RollBonus": "0",
    "FishingMaxCastDistanceBonus": "8.3000000000000007",
    "EntitlementId": "",
    "XpReward": "1544"
  },
  {
    "Level": "167",
    "DisplayName": "",
    "RequiredLevel": "0",
    "MaximumInfluence": "2835",
    "InfluenceCost": "2830",
    "CurrencyCost": "0",
    "SanityCheck": "1",
    "GameEventId": "",
    "SpecializationPoint": "",
    "SkillBonus": "",
    "RecipeLevel": "0",
    "RollBonus": "0",
    "FishingMaxCastDistanceBonus": "8.35",
    "EntitlementId": "",
    "XpReward": "1560"
  },
  {
    "Level": "168",
    "DisplayName": "",
    "RequiredLevel": "0",
    "MaximumInfluence": "2840",
    "InfluenceCost": "2835",
    "CurrencyCost": "0",
    "SanityCheck": "1",
    "GameEventId": "",
    "SpecializationPoint": "",
    "SkillBonus": "",
    "RecipeLevel": "0",
    "RollBonus": "0",
    "FishingMaxCastDistanceBonus": "8.4",
    "EntitlementId": "",
    "XpReward": "1576"
  },
  {
    "Level": "169",
    "DisplayName": "",
    "RequiredLevel": "0",
    "MaximumInfluence": "2845",
    "InfluenceCost": "2840",
    "CurrencyCost": "0",
    "SanityCheck": "1",
    "GameEventId": "",
    "SpecializationPoint": "",
    "SkillBonus": "",
    "RecipeLevel": "0",
    "RollBonus": "0",
    "FishingMaxCastDistanceBonus": "8.4499999999999993",
    "EntitlementId": "",
    "XpReward": "1592"
  },
  {
    "Level": "170",
    "DisplayName": "",
    "RequiredLevel": "0",
    "MaximumInfluence": "2850",
    "InfluenceCost": "2845",
    "CurrencyCost": "0",
    "SanityCheck": "1",
    "GameEventId": "",
    "SpecializationPoint": "",
    "SkillBonus": "",
    "RecipeLevel": "0",
    "RollBonus": "0",
    "FishingMaxCastDistanceBonus": "8.5",
    "EntitlementId": "",
    "XpReward": "1608"
  },
  {
    "Level": "171",
    "DisplayName": "",
    "RequiredLevel": "0",
    "MaximumInfluence": "2855",
    "InfluenceCost": "2850",
    "CurrencyCost": "0",
    "SanityCheck": "1",
    "GameEventId": "",
    "SpecializationPoint": "",
    "SkillBonus": "",
    "RecipeLevel": "0",
    "RollBonus": "0",
    "FishingMaxCastDistanceBonus": "8.5500000000000007",
    "EntitlementId": "",
    "XpReward": "1624"
  },
  {
    "Level": "172",
    "DisplayName": "",
    "RequiredLevel": "0",
    "MaximumInfluence": "2860",
    "InfluenceCost": "2855",
    "CurrencyCost": "0",
    "SanityCheck": "1",
    "GameEventId": "",
    "SpecializationPoint": "",
    "SkillBonus": "",
    "RecipeLevel": "0",
    "RollBonus": "0",
    "FishingMaxCastDistanceBonus": "8.6",
    "EntitlementId": "",
    "XpReward": "1640"
  },
  {
    "Level": "173",
    "DisplayName": "",
    "RequiredLevel": "0",
    "MaximumInfluence": "2865",
    "InfluenceCost": "2860",
    "CurrencyCost": "0",
    "SanityCheck": "1",
    "GameEventId": "",
    "SpecializationPoint": "",
    "SkillBonus": "",
    "RecipeLevel": "0",
    "RollBonus": "0",
    "FishingMaxCastDistanceBonus": "8.65",
    "EntitlementId": "",
    "XpReward": "1656"
  },
  {
    "Level": "174",
    "DisplayName": "",
    "RequiredLevel": "0",
    "MaximumInfluence": "2870",
    "InfluenceCost": "2865",
    "CurrencyCost": "0",
    "SanityCheck": "1",
    "GameEventId": "",
    "SpecializationPoint": "",
    "SkillBonus": "",
    "RecipeLevel": "0",
    "RollBonus": "0",
    "FishingMaxCastDistanceBonus": "8.6999999999999993",
    "EntitlementId": "",
    "XpReward": "1672"
  },
  {
    "Level": "175",
    "DisplayName": "",
    "RequiredLevel": "0",
    "MaximumInfluence": "2875",
    "InfluenceCost": "2870",
    "CurrencyCost": "0",
    "SanityCheck": "1",
    "GameEventId": "",
    "SpecializationPoint": "",
    "SkillBonus": "",
    "RecipeLevel": "0",
    "RollBonus": "0",
    "FishingMaxCastDistanceBonus": "8.75",
    "EntitlementId": "",
    "XpReward": "1688"
  },
  {
    "Level": "176",
    "DisplayName": "",
    "RequiredLevel": "0",
    "MaximumInfluence": "2880",
    "InfluenceCost": "2875",
    "CurrencyCost": "0",
    "SanityCheck": "1",
    "GameEventId": "",
    "SpecializationPoint": "",
    "SkillBonus": "",
    "RecipeLevel": "0",
    "RollBonus": "0",
    "FishingMaxCastDistanceBonus": "8.8000000000000007",
    "EntitlementId": "",
    "XpReward": "1706"
  },
  {
    "Level": "177",
    "DisplayName": "",
    "RequiredLevel": "0",
    "MaximumInfluence": "2885",
    "InfluenceCost": "2880",
    "CurrencyCost": "0",
    "SanityCheck": "1",
    "GameEventId": "",
    "SpecializationPoint": "",
    "SkillBonus": "",
    "RecipeLevel": "0",
    "RollBonus": "0",
    "FishingMaxCastDistanceBonus": "8.85",
    "EntitlementId": "",
    "XpReward": "1724"
  },
  {
    "Level": "178",
    "DisplayName": "",
    "RequiredLevel": "0",
    "MaximumInfluence": "2890",
    "InfluenceCost": "2885",
    "CurrencyCost": "0",
    "SanityCheck": "1",
    "GameEventId": "",
    "SpecializationPoint": "",
    "SkillBonus": "",
    "RecipeLevel": "0",
    "RollBonus": "0",
    "FishingMaxCastDistanceBonus": "8.9",
    "EntitlementId": "",
    "XpReward": "1742"
  },
  {
    "Level": "179",
    "DisplayName": "",
    "RequiredLevel": "0",
    "MaximumInfluence": "2895",
    "InfluenceCost": "2890",
    "CurrencyCost": "0",
    "SanityCheck": "1",
    "GameEventId": "",
    "SpecializationPoint": "",
    "SkillBonus": "",
    "RecipeLevel": "0",
    "RollBonus": "0",
    "FishingMaxCastDistanceBonus": "8.9499999999999993",
    "EntitlementId": "",
    "XpReward": "1760"
  },
  {
    "Level": "180",
    "DisplayName": "",
    "RequiredLevel": "0",
    "MaximumInfluence": "2900",
    "InfluenceCost": "2895",
    "CurrencyCost": "0",
    "SanityCheck": "1",
    "GameEventId": "",
    "SpecializationPoint": "",
    "SkillBonus": "",
    "RecipeLevel": "0",
    "RollBonus": "0",
    "FishingMaxCastDistanceBonus": "9",
    "EntitlementId": "",
    "XpReward": "1778"
  },
  {
    "Level": "181",
    "DisplayName": "",
    "RequiredLevel": "0",
    "MaximumInfluence": "2905",
    "InfluenceCost": "2900",
    "CurrencyCost": "0",
    "SanityCheck": "1",
    "GameEventId": "",
    "SpecializationPoint": "",
    "SkillBonus": "",
    "RecipeLevel": "0",
    "RollBonus": "0",
    "FishingMaxCastDistanceBonus": "9.0500000000000007",
    "EntitlementId": "",
    "XpReward": "1796"
  },
  {
    "Level": "182",
    "DisplayName": "",
    "RequiredLevel": "0",
    "MaximumInfluence": "2910",
    "InfluenceCost": "2905",
    "CurrencyCost": "0",
    "SanityCheck": "1",
    "GameEventId": "",
    "SpecializationPoint": "",
    "SkillBonus": "",
    "RecipeLevel": "0",
    "RollBonus": "0",
    "FishingMaxCastDistanceBonus": "9.1",
    "EntitlementId": "",
    "XpReward": "1814"
  },
  {
    "Level": "183",
    "DisplayName": "",
    "RequiredLevel": "0",
    "MaximumInfluence": "2915",
    "InfluenceCost": "2910",
    "CurrencyCost": "0",
    "SanityCheck": "1",
    "GameEventId": "",
    "SpecializationPoint": "",
    "SkillBonus": "",
    "RecipeLevel": "0",
    "RollBonus": "0",
    "FishingMaxCastDistanceBonus": "9.15",
    "EntitlementId": "",
    "XpReward": "1832"
  },
  {
    "Level": "184",
    "DisplayName": "",
    "RequiredLevel": "0",
    "MaximumInfluence": "2920",
    "InfluenceCost": "2915",
    "CurrencyCost": "0",
    "SanityCheck": "1",
    "GameEventId": "",
    "SpecializationPoint": "",
    "SkillBonus": "",
    "RecipeLevel": "0",
    "RollBonus": "0",
    "FishingMaxCastDistanceBonus": "9.1999999999999993",
    "EntitlementId": "",
    "XpReward": "1850"
  },
  {
    "Level": "185",
    "DisplayName": "",
    "RequiredLevel": "0",
    "MaximumInfluence": "2925",
    "InfluenceCost": "2920",
    "CurrencyCost": "0",
    "SanityCheck": "1",
    "GameEventId": "",
    "SpecializationPoint": "",
    "SkillBonus": "",
    "RecipeLevel": "0",
    "RollBonus": "0",
    "FishingMaxCastDistanceBonus": "9.25",
    "EntitlementId": "",
    "XpReward": "1868"
  },
  {
    "Level": "186",
    "DisplayName": "",
    "RequiredLevel": "0",
    "MaximumInfluence": "2930",
    "InfluenceCost": "2925",
    "CurrencyCost": "0",
    "SanityCheck": "1",
    "GameEventId": "",
    "SpecializationPoint": "",
    "SkillBonus": "",
    "RecipeLevel": "0",
    "RollBonus": "0",
    "FishingMaxCastDistanceBonus": "9.3000000000000007",
    "EntitlementId": "",
    "XpReward": "1886"
  },
  {
    "Level": "187",
    "DisplayName": "",
    "RequiredLevel": "0",
    "MaximumInfluence": "2935",
    "InfluenceCost": "2930",
    "CurrencyCost": "0",
    "SanityCheck": "1",
    "GameEventId": "",
    "SpecializationPoint": "",
    "SkillBonus": "",
    "RecipeLevel": "0",
    "RollBonus": "0",
    "FishingMaxCastDistanceBonus": "9.35",
    "EntitlementId": "",
    "XpReward": "1904"
  },
  {
    "Level": "188",
    "DisplayName": "",
    "RequiredLevel": "0",
    "MaximumInfluence": "2940",
    "InfluenceCost": "2935",
    "CurrencyCost": "0",
    "SanityCheck": "1",
    "GameEventId": "",
    "SpecializationPoint": "",
    "SkillBonus": "",
    "RecipeLevel": "0",
    "RollBonus": "0",
    "FishingMaxCastDistanceBonus": "9.4",
    "EntitlementId": "",
    "XpReward": "1922"
  },
  {
    "Level": "189",
    "DisplayName": "",
    "RequiredLevel": "0",
    "MaximumInfluence": "2945",
    "InfluenceCost": "2940",
    "CurrencyCost": "0",
    "SanityCheck": "1",
    "GameEventId": "",
    "SpecializationPoint": "",
    "SkillBonus": "",
    "RecipeLevel": "0",
    "RollBonus": "0",
    "FishingMaxCastDistanceBonus": "9.4499999999999993",
    "EntitlementId": "",
    "XpReward": "1940"
  },
  {
    "Level": "190",
    "DisplayName": "",
    "RequiredLevel": "0",
    "MaximumInfluence": "2950",
    "InfluenceCost": "2945",
    "CurrencyCost": "0",
    "SanityCheck": "1",
    "GameEventId": "",
    "SpecializationPoint": "",
    "SkillBonus": "",
    "RecipeLevel": "0",
    "RollBonus": "0",
    "FishingMaxCastDistanceBonus": "9.5",
    "EntitlementId": "",
    "XpReward": "1958"
  },
  {
    "Level": "191",
    "DisplayName": "",
    "RequiredLevel": "0",
    "MaximumInfluence": "2955",
    "InfluenceCost": "2950",
    "CurrencyCost": "0",
    "SanityCheck": "1",
    "GameEventId": "",
    "SpecializationPoint": "",
    "SkillBonus": "",
    "RecipeLevel": "0",
    "RollBonus": "0",
    "FishingMaxCastDistanceBonus": "9.5500000000000007",
    "EntitlementId": "",
    "XpReward": "1978"
  },
  {
    "Level": "192",
    "DisplayName": "",
    "RequiredLevel": "0",
    "MaximumInfluence": "2960",
    "InfluenceCost": "2955",
    "CurrencyCost": "0",
    "SanityCheck": "1",
    "GameEventId": "",
    "SpecializationPoint": "",
    "SkillBonus": "",
    "RecipeLevel": "0",
    "RollBonus": "0",
    "FishingMaxCastDistanceBonus": "9.6",
    "EntitlementId": "",
    "XpReward": "1998"
  },
  {
    "Level": "193",
    "DisplayName": "",
    "RequiredLevel": "0",
    "MaximumInfluence": "2965",
    "InfluenceCost": "2960",
    "CurrencyCost": "0",
    "SanityCheck": "1",
    "GameEventId": "",
    "SpecializationPoint": "",
    "SkillBonus": "",
    "RecipeLevel": "0",
    "RollBonus": "0",
    "FishingMaxCastDistanceBonus": "9.65",
    "EntitlementId": "",
    "XpReward": "2018"
  },
  {
    "Level": "194",
    "DisplayName": "",
    "RequiredLevel": "0",
    "MaximumInfluence": "2970",
    "InfluenceCost": "2965",
    "CurrencyCost": "0",
    "SanityCheck": "1",
    "GameEventId": "",
    "SpecializationPoint": "",
    "SkillBonus": "",
    "RecipeLevel": "0",
    "RollBonus": "0",
    "FishingMaxCastDistanceBonus": "9.6999999999999993",
    "EntitlementId": "",
    "XpReward": "2038"
  },
  {
    "Level": "195",
    "DisplayName": "",
    "RequiredLevel": "0",
    "MaximumInfluence": "2975",
    "InfluenceCost": "2970",
    "CurrencyCost": "0",
    "SanityCheck": "1",
    "GameEventId": "",
    "SpecializationPoint": "",
    "SkillBonus": "",
    "RecipeLevel": "0",
    "RollBonus": "0",
    "FishingMaxCastDistanceBonus": "9.75",
    "EntitlementId": "",
    "XpReward": "2058"
  },
  {
    "Level": "196",
    "DisplayName": "",
    "RequiredLevel": "0",
    "MaximumInfluence": "2980",
    "InfluenceCost": "2975",
    "CurrencyCost": "0",
    "SanityCheck": "1",
    "GameEventId": "",
    "SpecializationPoint": "",
    "SkillBonus": "",
    "RecipeLevel": "0",
    "RollBonus": "0",
    "FishingMaxCastDistanceBonus": "9.8000000000000007",
    "EntitlementId": "",
    "XpReward": "2078"
  },
  {
    "Level": "197",
    "DisplayName": "",
    "RequiredLevel": "0",
    "MaximumInfluence": "2985",
    "InfluenceCost": "2980",
    "CurrencyCost": "0",
    "SanityCheck": "1",
    "GameEventId": "",
    "SpecializationPoint": "",
    "SkillBonus": "",
    "RecipeLevel": "0",
    "RollBonus": "0",
    "FishingMaxCastDistanceBonus": "9.85",
    "EntitlementId": "",
    "XpReward": "2098"
  },
  {
    "Level": "198",
    "DisplayName": "",
    "RequiredLevel": "0",
    "MaximumInfluence": "2990",
    "InfluenceCost": "2985",
    "CurrencyCost": "0",
    "SanityCheck": "1",
    "GameEventId": "",
    "SpecializationPoint": "",
    "SkillBonus": "",
    "RecipeLevel": "0",
    "RollBonus": "0",
    "FishingMaxCastDistanceBonus": "9.9",
    "EntitlementId": "",
    "XpReward": "2118"
  },
  {
    "Level": "199",
    "DisplayName": "",
    "RequiredLevel": "0",
    "MaximumInfluence": "2995",
    "InfluenceCost": "2990",
    "CurrencyCost": "0",
    "SanityCheck": "1",
    "GameEventId": "",
    "SpecializationPoint": "",
    "SkillBonus": "",
    "RecipeLevel": "0",
    "RollBonus": "0",
    "FishingMaxCastDistanceBonus": "9.9499999999999993",
    "EntitlementId": "",
    "XpReward": "2138"
  },
  {
    "Level": "200",
    "DisplayName": "",
    "RequiredLevel": "0",
    "MaximumInfluence": "3000",
    "InfluenceCost": "2995",
    "CurrencyCost": "0",
    "SanityCheck": "1",
    "GameEventId": "",
    "SpecializationPoint": "",
    "SkillBonus": "",
    "RecipeLevel": "0",
    "RollBonus": "0",
    "FishingMaxCastDistanceBonus": "10",
    "EntitlementId": "",
    "XpReward": "2158"
  }
]