[
  {
    "TerritoryID": "8001",
    "NameLocalizationKey": "@ui_minor_monolith",
    "IsPOI": "1",
    "MapIcon": "LyShineUI/Images/map/Icon/POIs/damned_compass.png",
    "CompassIcon": "LyShineUI/Images/map/Icon/POIs/damned_compass.png",
    "TooltipBackground": "LyShineUI/Images/map/tooltipImages/POI/mapTooltip_darkness_minor_monolith.png",
    "GroupSize": "0",
    "POILevel": "0",
    "POITag": "Darkness",
    "RequiredItemId": "Darkness_AzothStaff_T1",
    "RecommendedLevel": ""
  },
  {
    "TerritoryID": "8002",
    "NameLocalizationKey": "@ui_minor_grove",
    "IsPOI": "1",
    "MapIcon": "LyShineUI/Images/map/Icon/POIs/damned_compass.png",
    "CompassIcon": "LyShineUI/Images/map/Icon/POIs/damned_compass.png",
    "TooltipBackground": "LyShineUI/Images/map/tooltipImages/POI/mapTooltip_darkness_minor_grove.png",
    "GroupSize": "0",
    "POILevel": "0",
    "POITag": "Darkness",
    "RequiredItemId": "Darkness_AzothStaff_T1",
    "RecommendedLevel": ""
  },
  {
    "TerritoryID": "8003",
    "NameLocalizationKey": "@ui_minor_ritual",
    "IsPOI": "1",
    "MapIcon": "LyShineUI/Images/map/Icon/POIs/damned_compass.png",
    "CompassIcon": "LyShineUI/Images/map/Icon/POIs/damned_compass.png",
    "TooltipBackground": "LyShineUI/Images/map/tooltipImages/POI/mapTooltip_darkness_minor_monolith.png",
    "GroupSize": "0",
    "POILevel": "0",
    "POITag": "Darkness",
    "RequiredItemId": "Darkness_AzothStaff_T1",
    "RecommendedLevel": ""
  },
  {
    "TerritoryID": "8004",
    "NameLocalizationKey": "@ui_minor_portal",
    "IsPOI": "1",
    "MapIcon": "LyShineUI/Images/map/Icon/POIs/damned_compass.png",
    "CompassIcon": "LyShineUI/Images/map/Icon/POIs/damned_compass.png",
    "TooltipBackground": "LyShineUI/Images/map/tooltipImages/POI/mapTooltip_darkness_minor_portal.png",
    "GroupSize": "0",
    "POILevel": "0",
    "POITag": "Darkness",
    "RequiredItemId": "Darkness_AzothStaff_T1",
    "RecommendedLevel": ""
  },
  {
    "TerritoryID": "8005",
    "NameLocalizationKey": "@ui_major_monolith",
    "IsPOI": "1",
    "MapIcon": "LyShineUI/Images/map/Icon/POIs/damned_major_compass.png",
    "CompassIcon": "LyShineUI/Images/map/Icon/POIs/damned_major_compass.png",
    "TooltipBackground": "LyShineUI/Images/map/tooltipImages/POI/mapTooltip_darkness_major_monolith.png",
    "GroupSize": "3",
    "POILevel": "1",
    "POITag": "Darkness",
    "RequiredItemId": "Darkness_AzothStaff_T1",
    "RecommendedLevel": ""
  },
  {
    "TerritoryID": "8006",
    "NameLocalizationKey": "@ui_major_portal",
    "IsPOI": "1",
    "MapIcon": "LyShineUI/Images/map/Icon/POIs/damned_major_compass.png",
    "CompassIcon": "LyShineUI/Images/map/Icon/POIs/damned_major_compass.png",
    "TooltipBackground": "LyShineUI/Images/map/tooltipImages/POI/mapTooltip_darkness_major_portal.png",
    "GroupSize": "3",
    "POILevel": "1",
    "POITag": "Darkness",
    "RequiredItemId": "Darkness_AzothStaff_T1",
    "RecommendedLevel": ""
  },
  {
    "TerritoryID": "8007",
    "NameLocalizationKey": "@ui_minor_hive",
    "IsPOI": "1",
    "MapIcon": "LyShineUI/Images/map/Icon/POIs/damned_compass.png",
    "CompassIcon": "LyShineUI/Images/map/Icon/POIs/damned_compass.png",
    "TooltipBackground": "LyShineUI/Images/map/tooltipImages/POI/mapTooltip_darkness_minor_hive.png",
    "GroupSize": "0",
    "POILevel": "0",
    "POITag": "Darkness",
    "RequiredItemId": "Darkness_AzothStaff_T1",
    "RecommendedLevel": ""
  },
  {
    "TerritoryID": "8008",
    "NameLocalizationKey": "@ui_major_monolith",
    "IsPOI": "1",
    "MapIcon": "LyShineUI/Images/map/Icon/POIs/damned_major_compass.png",
    "CompassIcon": "LyShineUI/Images/map/Icon/POIs/damned_major_compass.png",
    "TooltipBackground": "LyShineUI/Images/map/tooltipImages/POI/mapTooltip_darkness_major_monolith.png",
    "GroupSize": "3",
    "POILevel": "1",
    "POITag": "Darkness",
    "RequiredItemId": "Darkness_AzothStaff_T1",
    "RecommendedLevel": "65"
  },
  {
    "TerritoryID": "8009",
    "NameLocalizationKey": "@ui_major_portal",
    "IsPOI": "1",
    "MapIcon": "LyShineUI/Images/map/Icon/POIs/damned_major_compass.png",
    "CompassIcon": "LyShineUI/Images/map/Icon/POIs/damned_major_compass.png",
    "TooltipBackground": "LyShineUI/Images/map/tooltipImages/POI/mapTooltip_darkness_major_portal.png",
    "GroupSize": "3",
    "POILevel": "1",
    "POITag": "Darkness",
    "RequiredItemId": "Darkness_AzothStaff_T1",
    "RecommendedLevel": "65"
  }
]