[
  {
    "SpellID": "TestStatusInteractSpell",
    "StatusEffects": "LifeStaff_Mana_Regen",
    "StatusEffectDurations": "",
    "Revive": "",
    "Siphon": "",
    "AttachToOwner": "1",
    "StickWhenAttached": "1",
    "StoreOffsetWhenStuckToGDE": "1",
    "SpawnSecondaryOnElapsed": "",
    "SpawnSecondaryOnCollision": "",
    "EndOnCasterDeath": "1",
    "IgnoreTargetIfAtDeathsDoor": "",
    "IgnoreTargetIfDead": "",
    "UseCameraTargetLock": "",
    "TrackNumInVolume": "",
    "ClearOnExit": "1",
    "ClearOnEnd": "1",
    "ManaCost": "",
    "UseStatusEffectDuration": "0",
    "Duration": "-1",
    "DurationScaling": "",
    "Height": "5",
    "Length": "",
    "Radius": "5.8",
    "InnerRadius": "",
    "RadiusScaling": "",
    "MaxRadiusScaling": "",
    "CastDistance": "0",
    "CastHeight": "5",
    "CastRadius": "",
    "ConeAngle": "",
    "ConeWidth": "",
    "ChannelTime": "0",
    "ChainDelayDuration": "",
    "MaxChainNum": "",
    "UseChainCasterPaperdoll": "",
    "NumToSpawn": "",
    "NumToSpawnBeforeFail": "",
    "SpawnRate": "",
    "SpawnAngle": "",
    "SecondarySpellProjectileLaunchAngles": "",
    "ScaleWithCharacterBoundingBox": "",
    "ScaleWithDynamicScale": "",
    "TargetTypes": "Friend",
    "SpellTypes": "Celestial",
    "CastingTypes": "Aoe",
    "HitAiTarget": "",
    "OverrideTargetForAiThreat": "",
    "ShapeTypes": "Sphere",
    "DamageType": "",
    "CheckObstructions": "",
    "IgnoreOverheadCollision": "1",
    "IgnoreStructures": "",
    "IgnoreSelf": "",
    "RangedAttackProfile": "",
    "RangedAttackName": "",
    "FireJointName": "",
    "ProjPosOffsetX": "",
    "ProjPosOffsetY": "",
    "ProjPosOffsetZ": "",
    "ProjRotOffsetX": "",
    "ProjRotOffsetY": "",
    "ProjRotOffsetZ": "",
    "CharRelPosOffsetX": "",
    "CharRelPosOffsetY": "",
    "CharRelPosOffsetZ": "",
    "CharRelRotOffsetX": "",
    "CharRelRotOffsetY": "",
    "CharRelRotOffsetZ": "",
    "ProjRaycastOrientation": "",
    "DamageTable": "",
    "DamageTableRow": "",
    "AbilityId": "",
    "TargetAbilityCondition": "",
    "BeamEffect": "",
    "IndicatorVFX": "",
    "SpellPrefabPath": "Items/Weapons/Life_Staff_HolyShield_Upgrade",
    "SecondaryPrefabPath": "",
    "SecondarySpellID": "",
    "TertiaryPrefabPath": "",
    "TertiarySpellID": ""
  },
  {
    "SpellID": "Spell_Taunt_AOE",
    "StatusEffects": "",
    "StatusEffectDurations": "",
    "Revive": "",
    "Siphon": "",
    "AttachToOwner": "",
    "StickWhenAttached": "",
    "StoreOffsetWhenStuckToGDE": "",
    "SpawnSecondaryOnElapsed": "",
    "SpawnSecondaryOnCollision": "",
    "EndOnCasterDeath": "",
    "IgnoreTargetIfAtDeathsDoor": "",
    "IgnoreTargetIfDead": "",
    "UseCameraTargetLock": "",
    "TrackNumInVolume": "",
    "ClearOnExit": "1",
    "ClearOnEnd": "1",
    "ManaCost": "",
    "UseStatusEffectDuration": "0",
    "Duration": "2000",
    "DurationScaling": "",
    "Height": "5",
    "Length": "",
    "Radius": "8",
    "InnerRadius": "",
    "RadiusScaling": "",
    "MaxRadiusScaling": "",
    "CastDistance": "0",
    "CastHeight": "0",
    "CastRadius": "",
    "ConeAngle": "",
    "ConeWidth": "",
    "ChannelTime": "0",
    "ChainDelayDuration": "",
    "MaxChainNum": "",
    "UseChainCasterPaperdoll": "",
    "NumToSpawn": "",
    "NumToSpawnBeforeFail": "",
    "SpawnRate": "",
    "SpawnAngle": "",
    "SecondarySpellProjectileLaunchAngles": "",
    "ScaleWithCharacterBoundingBox": "",
    "ScaleWithDynamicScale": "",
    "TargetTypes": "Enemy",
    "SpellTypes": "Ability",
    "CastingTypes": "AoE",
    "HitAiTarget": "",
    "OverrideTargetForAiThreat": "",
    "ShapeTypes": "",
    "DamageType": "",
    "CheckObstructions": "1",
    "IgnoreOverheadCollision": "1",
    "IgnoreStructures": "",
    "IgnoreSelf": "",
    "RangedAttackProfile": "",
    "RangedAttackName": "",
    "FireJointName": "",
    "ProjPosOffsetX": "",
    "ProjPosOffsetY": "",
    "ProjPosOffsetZ": "",
    "ProjRotOffsetX": "",
    "ProjRotOffsetY": "",
    "ProjRotOffsetZ": "",
    "CharRelPosOffsetX": "",
    "CharRelPosOffsetY": "",
    "CharRelPosOffsetZ": "",
    "CharRelRotOffsetX": "",
    "CharRelRotOffsetY": "",
    "CharRelRotOffsetZ": "",
    "ProjRaycastOrientation": "",
    "DamageTable": "DamageTable",
    "DamageTableRow": "Common_Taunt_DamageTableRow",
    "AbilityId": "",
    "TargetAbilityCondition": "",
    "BeamEffect": "",
    "IndicatorVFX": "",
    "SpellPrefabPath": "Perks/spell_taunt_aoe",
    "SecondaryPrefabPath": "",
    "SecondarySpellID": "",
    "TertiaryPrefabPath": "",
    "TertiarySpellID": ""
  },
  {
    "SpellID": "DungeonStatusInteractArcaneProtection",
    "StatusEffects": "LifeStaff_Mana_Regen",
    "StatusEffectDurations": "",
    "Revive": "",
    "Siphon": "",
    "AttachToOwner": "1",
    "StickWhenAttached": "",
    "StoreOffsetWhenStuckToGDE": "",
    "SpawnSecondaryOnElapsed": "",
    "SpawnSecondaryOnCollision": "",
    "EndOnCasterDeath": "1",
    "IgnoreTargetIfAtDeathsDoor": "",
    "IgnoreTargetIfDead": "",
    "UseCameraTargetLock": "",
    "TrackNumInVolume": "",
    "ClearOnExit": "1",
    "ClearOnEnd": "1",
    "ManaCost": "",
    "UseStatusEffectDuration": "0",
    "Duration": "-1",
    "DurationScaling": "",
    "Height": "5",
    "Length": "",
    "Radius": "5.8",
    "InnerRadius": "",
    "RadiusScaling": "",
    "MaxRadiusScaling": "",
    "CastDistance": "0",
    "CastHeight": "5",
    "CastRadius": "",
    "ConeAngle": "",
    "ConeWidth": "",
    "ChannelTime": "0",
    "ChainDelayDuration": "",
    "MaxChainNum": "",
    "UseChainCasterPaperdoll": "",
    "NumToSpawn": "",
    "NumToSpawnBeforeFail": "",
    "SpawnRate": "",
    "SpawnAngle": "",
    "SecondarySpellProjectileLaunchAngles": "",
    "ScaleWithCharacterBoundingBox": "",
    "ScaleWithDynamicScale": "",
    "TargetTypes": "Friend",
    "SpellTypes": "Celestial",
    "CastingTypes": "Aoe",
    "HitAiTarget": "",
    "OverrideTargetForAiThreat": "",
    "ShapeTypes": "Sphere",
    "DamageType": "",
    "CheckObstructions": "",
    "IgnoreOverheadCollision": "1",
    "IgnoreStructures": "",
    "IgnoreSelf": "",
    "RangedAttackProfile": "",
    "RangedAttackName": "",
    "FireJointName": "",
    "ProjPosOffsetX": "",
    "ProjPosOffsetY": "",
    "ProjPosOffsetZ": "",
    "ProjRotOffsetX": "",
    "ProjRotOffsetY": "",
    "ProjRotOffsetZ": "",
    "CharRelPosOffsetX": "",
    "CharRelPosOffsetY": "",
    "CharRelPosOffsetZ": "",
    "CharRelRotOffsetX": "",
    "CharRelRotOffsetY": "",
    "CharRelRotOffsetZ": "",
    "ProjRaycastOrientation": "",
    "DamageTable": "",
    "DamageTableRow": "",
    "AbilityId": "",
    "TargetAbilityCondition": "",
    "BeamEffect": "",
    "IndicatorVFX": "",
    "SpellPrefabPath": "Dungeon/Everfall/dungeon_everfall_00_status_arcane_protection",
    "SecondaryPrefabPath": "",
    "SecondarySpellID": "",
    "TertiaryPrefabPath": "",
    "TertiarySpellID": ""
  },
  {
    "SpellID": "ChainLightningPerk1",
    "StatusEffects": "ChainLightningDamage",
    "StatusEffectDurations": "",
    "Revive": "",
    "Siphon": "",
    "AttachToOwner": "1",
    "StickWhenAttached": "",
    "StoreOffsetWhenStuckToGDE": "",
    "SpawnSecondaryOnElapsed": "",
    "SpawnSecondaryOnCollision": "",
    "EndOnCasterDeath": "",
    "IgnoreTargetIfAtDeathsDoor": "",
    "IgnoreTargetIfDead": "",
    "UseCameraTargetLock": "",
    "TrackNumInVolume": "",
    "ClearOnExit": "0",
    "ClearOnEnd": "0",
    "ManaCost": "",
    "UseStatusEffectDuration": "1",
    "Duration": "",
    "DurationScaling": "",
    "Height": "",
    "Length": "",
    "Radius": "6",
    "InnerRadius": "",
    "RadiusScaling": "",
    "MaxRadiusScaling": "",
    "CastDistance": "",
    "CastHeight": "",
    "CastRadius": "",
    "ConeAngle": "",
    "ConeWidth": "",
    "ChannelTime": "",
    "ChainDelayDuration": "0.2",
    "MaxChainNum": "3",
    "UseChainCasterPaperdoll": "",
    "NumToSpawn": "",
    "NumToSpawnBeforeFail": "",
    "SpawnRate": "",
    "SpawnAngle": "",
    "SecondarySpellProjectileLaunchAngles": "",
    "ScaleWithCharacterBoundingBox": "",
    "ScaleWithDynamicScale": "",
    "TargetTypes": "Enemy",
    "SpellTypes": "Elemental",
    "CastingTypes": "Chain",
    "HitAiTarget": "",
    "OverrideTargetForAiThreat": "",
    "ShapeTypes": "Sphere",
    "DamageType": "Lightning",
    "CheckObstructions": "",
    "IgnoreOverheadCollision": "",
    "IgnoreStructures": "",
    "IgnoreSelf": "1",
    "RangedAttackProfile": "",
    "RangedAttackName": "",
    "FireJointName": "",
    "ProjPosOffsetX": "",
    "ProjPosOffsetY": "",
    "ProjPosOffsetZ": "",
    "ProjRotOffsetX": "",
    "ProjRotOffsetY": "",
    "ProjRotOffsetZ": "",
    "CharRelPosOffsetX": "",
    "CharRelPosOffsetY": "",
    "CharRelPosOffsetZ": "",
    "CharRelRotOffsetX": "",
    "CharRelRotOffsetY": "",
    "CharRelRotOffsetZ": "",
    "ProjRaycastOrientation": "",
    "DamageTable": "",
    "DamageTableRow": "",
    "AbilityId": "",
    "TargetAbilityCondition": "",
    "BeamEffect": "wFX_Lightning_Range.Chain",
    "IndicatorVFX": "",
    "SpellPrefabPath": "Items/Weapons/spell_aoe_leadership_enemy",
    "SecondaryPrefabPath": "",
    "SecondarySpellID": "",
    "TertiaryPrefabPath": "",
    "TertiarySpellID": ""
  },
  {
    "SpellID": "ChainLightningPerk2",
    "StatusEffects": "ChainLightningDamage",
    "StatusEffectDurations": "",
    "Revive": "",
    "Siphon": "",
    "AttachToOwner": "1",
    "StickWhenAttached": "",
    "StoreOffsetWhenStuckToGDE": "",
    "SpawnSecondaryOnElapsed": "",
    "SpawnSecondaryOnCollision": "",
    "EndOnCasterDeath": "",
    "IgnoreTargetIfAtDeathsDoor": "",
    "IgnoreTargetIfDead": "",
    "UseCameraTargetLock": "",
    "TrackNumInVolume": "",
    "ClearOnExit": "0",
    "ClearOnEnd": "0",
    "ManaCost": "",
    "UseStatusEffectDuration": "1",
    "Duration": "",
    "DurationScaling": "",
    "Height": "",
    "Length": "",
    "Radius": "6",
    "InnerRadius": "",
    "RadiusScaling": "",
    "MaxRadiusScaling": "",
    "CastDistance": "",
    "CastHeight": "",
    "CastRadius": "",
    "ConeAngle": "",
    "ConeWidth": "",
    "ChannelTime": "",
    "ChainDelayDuration": "0.2",
    "MaxChainNum": "4",
    "UseChainCasterPaperdoll": "",
    "NumToSpawn": "",
    "NumToSpawnBeforeFail": "",
    "SpawnRate": "",
    "SpawnAngle": "",
    "SecondarySpellProjectileLaunchAngles": "",
    "ScaleWithCharacterBoundingBox": "",
    "ScaleWithDynamicScale": "",
    "TargetTypes": "Enemy",
    "SpellTypes": "Elemental",
    "CastingTypes": "Chain",
    "HitAiTarget": "",
    "OverrideTargetForAiThreat": "",
    "ShapeTypes": "Sphere",
    "DamageType": "Lightning",
    "CheckObstructions": "",
    "IgnoreOverheadCollision": "",
    "IgnoreStructures": "",
    "IgnoreSelf": "1",
    "RangedAttackProfile": "",
    "RangedAttackName": "",
    "FireJointName": "",
    "ProjPosOffsetX": "",
    "ProjPosOffsetY": "",
    "ProjPosOffsetZ": "",
    "ProjRotOffsetX": "",
    "ProjRotOffsetY": "",
    "ProjRotOffsetZ": "",
    "CharRelPosOffsetX": "",
    "CharRelPosOffsetY": "",
    "CharRelPosOffsetZ": "",
    "CharRelRotOffsetX": "",
    "CharRelRotOffsetY": "",
    "CharRelRotOffsetZ": "",
    "ProjRaycastOrientation": "",
    "DamageTable": "",
    "DamageTableRow": "",
    "AbilityId": "",
    "TargetAbilityCondition": "",
    "BeamEffect": "wFX_Lightning_Range.Chain",
    "IndicatorVFX": "",
    "SpellPrefabPath": "Items/Weapons/spell_aoe_leadership_enemy",
    "SecondaryPrefabPath": "",
    "SecondarySpellID": "",
    "TertiaryPrefabPath": "",
    "TertiarySpellID": ""
  },
  {
    "SpellID": "ChainLightningPerk3",
    "StatusEffects": "ChainLightningDamage",
    "StatusEffectDurations": "",
    "Revive": "",
    "Siphon": "",
    "AttachToOwner": "1",
    "StickWhenAttached": "",
    "StoreOffsetWhenStuckToGDE": "",
    "SpawnSecondaryOnElapsed": "",
    "SpawnSecondaryOnCollision": "",
    "EndOnCasterDeath": "",
    "IgnoreTargetIfAtDeathsDoor": "",
    "IgnoreTargetIfDead": "",
    "UseCameraTargetLock": "",
    "TrackNumInVolume": "",
    "ClearOnExit": "0",
    "ClearOnEnd": "0",
    "ManaCost": "",
    "UseStatusEffectDuration": "1",
    "Duration": "",
    "DurationScaling": "",
    "Height": "",
    "Length": "",
    "Radius": "6",
    "InnerRadius": "",
    "RadiusScaling": "",
    "MaxRadiusScaling": "",
    "CastDistance": "",
    "CastHeight": "",
    "CastRadius": "",
    "ConeAngle": "",
    "ConeWidth": "",
    "ChannelTime": "",
    "ChainDelayDuration": "0.2",
    "MaxChainNum": "5",
    "UseChainCasterPaperdoll": "",
    "NumToSpawn": "",
    "NumToSpawnBeforeFail": "",
    "SpawnRate": "",
    "SpawnAngle": "",
    "SecondarySpellProjectileLaunchAngles": "",
    "ScaleWithCharacterBoundingBox": "",
    "ScaleWithDynamicScale": "",
    "TargetTypes": "Enemy",
    "SpellTypes": "Elemental",
    "CastingTypes": "Chain",
    "HitAiTarget": "",
    "OverrideTargetForAiThreat": "",
    "ShapeTypes": "Sphere",
    "DamageType": "Lightning",
    "CheckObstructions": "",
    "IgnoreOverheadCollision": "",
    "IgnoreStructures": "",
    "IgnoreSelf": "1",
    "RangedAttackProfile": "",
    "RangedAttackName": "",
    "FireJointName": "",
    "ProjPosOffsetX": "",
    "ProjPosOffsetY": "",
    "ProjPosOffsetZ": "",
    "ProjRotOffsetX": "",
    "ProjRotOffsetY": "",
    "ProjRotOffsetZ": "",
    "CharRelPosOffsetX": "",
    "CharRelPosOffsetY": "",
    "CharRelPosOffsetZ": "",
    "CharRelRotOffsetX": "",
    "CharRelRotOffsetY": "",
    "CharRelRotOffsetZ": "",
    "ProjRaycastOrientation": "",
    "DamageTable": "",
    "DamageTableRow": "",
    "AbilityId": "",
    "TargetAbilityCondition": "",
    "BeamEffect": "wFX_Lightning_Range.Chain",
    "IndicatorVFX": "",
    "SpellPrefabPath": "Items/Weapons/spell_aoe_leadership_enemy",
    "SecondaryPrefabPath": "",
    "SecondarySpellID": "",
    "TertiaryPrefabPath": "",
    "TertiarySpellID": ""
  },
  {
    "SpellID": "ChainFirePerk1",
    "StatusEffects": "ChainFireDamage",
    "StatusEffectDurations": "",
    "Revive": "",
    "Siphon": "",
    "AttachToOwner": "1",
    "StickWhenAttached": "",
    "StoreOffsetWhenStuckToGDE": "",
    "SpawnSecondaryOnElapsed": "",
    "SpawnSecondaryOnCollision": "",
    "EndOnCasterDeath": "",
    "IgnoreTargetIfAtDeathsDoor": "",
    "IgnoreTargetIfDead": "",
    "UseCameraTargetLock": "",
    "TrackNumInVolume": "",
    "ClearOnExit": "0",
    "ClearOnEnd": "0",
    "ManaCost": "",
    "UseStatusEffectDuration": "1",
    "Duration": "",
    "DurationScaling": "",
    "Height": "",
    "Length": "",
    "Radius": "6",
    "InnerRadius": "",
    "RadiusScaling": "",
    "MaxRadiusScaling": "",
    "CastDistance": "",
    "CastHeight": "",
    "CastRadius": "",
    "ConeAngle": "",
    "ConeWidth": "",
    "ChannelTime": "",
    "ChainDelayDuration": "0.2",
    "MaxChainNum": "3",
    "UseChainCasterPaperdoll": "",
    "NumToSpawn": "",
    "NumToSpawnBeforeFail": "",
    "SpawnRate": "",
    "SpawnAngle": "",
    "SecondarySpellProjectileLaunchAngles": "",
    "ScaleWithCharacterBoundingBox": "",
    "ScaleWithDynamicScale": "",
    "TargetTypes": "Enemy",
    "SpellTypes": "Elemental",
    "CastingTypes": "Chain",
    "HitAiTarget": "",
    "OverrideTargetForAiThreat": "",
    "ShapeTypes": "Sphere",
    "DamageType": "Fire",
    "CheckObstructions": "",
    "IgnoreOverheadCollision": "",
    "IgnoreStructures": "",
    "IgnoreSelf": "1",
    "RangedAttackProfile": "",
    "RangedAttackName": "",
    "FireJointName": "",
    "ProjPosOffsetX": "",
    "ProjPosOffsetY": "",
    "ProjPosOffsetZ": "",
    "ProjRotOffsetX": "",
    "ProjRotOffsetY": "",
    "ProjRotOffsetZ": "",
    "CharRelPosOffsetX": "",
    "CharRelPosOffsetY": "",
    "CharRelPosOffsetZ": "",
    "CharRelRotOffsetX": "",
    "CharRelRotOffsetY": "",
    "CharRelRotOffsetZ": "",
    "ProjRaycastOrientation": "",
    "DamageTable": "",
    "DamageTableRow": "",
    "AbilityId": "",
    "TargetAbilityCondition": "",
    "BeamEffect": "wFX_Fire_Range.Chain",
    "IndicatorVFX": "",
    "SpellPrefabPath": "Items/Weapons/spell_aoe_leadership_enemy",
    "SecondaryPrefabPath": "",
    "SecondarySpellID": "",
    "TertiaryPrefabPath": "",
    "TertiarySpellID": ""
  },
  {
    "SpellID": "ChainFirePerk2",
    "StatusEffects": "ChainFireDamage",
    "StatusEffectDurations": "",
    "Revive": "",
    "Siphon": "",
    "AttachToOwner": "1",
    "StickWhenAttached": "",
    "StoreOffsetWhenStuckToGDE": "",
    "SpawnSecondaryOnElapsed": "",
    "SpawnSecondaryOnCollision": "",
    "EndOnCasterDeath": "",
    "IgnoreTargetIfAtDeathsDoor": "",
    "IgnoreTargetIfDead": "",
    "UseCameraTargetLock": "",
    "TrackNumInVolume": "",
    "ClearOnExit": "0",
    "ClearOnEnd": "0",
    "ManaCost": "",
    "UseStatusEffectDuration": "1",
    "Duration": "",
    "DurationScaling": "",
    "Height": "",
    "Length": "",
    "Radius": "6",
    "InnerRadius": "",
    "RadiusScaling": "",
    "MaxRadiusScaling": "",
    "CastDistance": "",
    "CastHeight": "",
    "CastRadius": "",
    "ConeAngle": "",
    "ConeWidth": "",
    "ChannelTime": "",
    "ChainDelayDuration": "0.2",
    "MaxChainNum": "4",
    "UseChainCasterPaperdoll": "",
    "NumToSpawn": "",
    "NumToSpawnBeforeFail": "",
    "SpawnRate": "",
    "SpawnAngle": "",
    "SecondarySpellProjectileLaunchAngles": "",
    "ScaleWithCharacterBoundingBox": "",
    "ScaleWithDynamicScale": "",
    "TargetTypes": "Enemy",
    "SpellTypes": "Elemental",
    "CastingTypes": "Chain",
    "HitAiTarget": "",
    "OverrideTargetForAiThreat": "",
    "ShapeTypes": "Sphere",
    "DamageType": "Fire",
    "CheckObstructions": "",
    "IgnoreOverheadCollision": "",
    "IgnoreStructures": "",
    "IgnoreSelf": "1",
    "RangedAttackProfile": "",
    "RangedAttackName": "",
    "FireJointName": "",
    "ProjPosOffsetX": "",
    "ProjPosOffsetY": "",
    "ProjPosOffsetZ": "",
    "ProjRotOffsetX": "",
    "ProjRotOffsetY": "",
    "ProjRotOffsetZ": "",
    "CharRelPosOffsetX": "",
    "CharRelPosOffsetY": "",
    "CharRelPosOffsetZ": "",
    "CharRelRotOffsetX": "",
    "CharRelRotOffsetY": "",
    "CharRelRotOffsetZ": "",
    "ProjRaycastOrientation": "",
    "DamageTable": "",
    "DamageTableRow": "",
    "AbilityId": "",
    "TargetAbilityCondition": "",
    "BeamEffect": "wFX_Fire_Range.Chain",
    "IndicatorVFX": "",
    "SpellPrefabPath": "Items/Weapons/spell_aoe_leadership_enemy",
    "SecondaryPrefabPath": "",
    "SecondarySpellID": "",
    "TertiaryPrefabPath": "",
    "TertiarySpellID": ""
  },
  {
    "SpellID": "ChainFirePerk3",
    "StatusEffects": "ChainFireDamage",
    "StatusEffectDurations": "",
    "Revive": "",
    "Siphon": "",
    "AttachToOwner": "1",
    "StickWhenAttached": "",
    "StoreOffsetWhenStuckToGDE": "",
    "SpawnSecondaryOnElapsed": "",
    "SpawnSecondaryOnCollision": "",
    "EndOnCasterDeath": "",
    "IgnoreTargetIfAtDeathsDoor": "",
    "IgnoreTargetIfDead": "",
    "UseCameraTargetLock": "",
    "TrackNumInVolume": "",
    "ClearOnExit": "0",
    "ClearOnEnd": "0",
    "ManaCost": "",
    "UseStatusEffectDuration": "1",
    "Duration": "",
    "DurationScaling": "",
    "Height": "",
    "Length": "",
    "Radius": "6",
    "InnerRadius": "",
    "RadiusScaling": "",
    "MaxRadiusScaling": "",
    "CastDistance": "",
    "CastHeight": "",
    "CastRadius": "",
    "ConeAngle": "",
    "ConeWidth": "",
    "ChannelTime": "",
    "ChainDelayDuration": "0.2",
    "MaxChainNum": "5",
    "UseChainCasterPaperdoll": "",
    "NumToSpawn": "",
    "NumToSpawnBeforeFail": "",
    "SpawnRate": "",
    "SpawnAngle": "",
    "SecondarySpellProjectileLaunchAngles": "",
    "ScaleWithCharacterBoundingBox": "",
    "ScaleWithDynamicScale": "",
    "TargetTypes": "Enemy",
    "SpellTypes": "Elemental",
    "CastingTypes": "Chain",
    "HitAiTarget": "",
    "OverrideTargetForAiThreat": "",
    "ShapeTypes": "Sphere",
    "DamageType": "Fire",
    "CheckObstructions": "",
    "IgnoreOverheadCollision": "",
    "IgnoreStructures": "",
    "IgnoreSelf": "1",
    "RangedAttackProfile": "",
    "RangedAttackName": "",
    "FireJointName": "",
    "ProjPosOffsetX": "",
    "ProjPosOffsetY": "",
    "ProjPosOffsetZ": "",
    "ProjRotOffsetX": "",
    "ProjRotOffsetY": "",
    "ProjRotOffsetZ": "",
    "CharRelPosOffsetX": "",
    "CharRelPosOffsetY": "",
    "CharRelPosOffsetZ": "",
    "CharRelRotOffsetX": "",
    "CharRelRotOffsetY": "",
    "CharRelRotOffsetZ": "",
    "ProjRaycastOrientation": "",
    "DamageTable": "",
    "DamageTableRow": "",
    "AbilityId": "",
    "TargetAbilityCondition": "",
    "BeamEffect": "wFX_Fire_Range.Chain",
    "IndicatorVFX": "",
    "SpellPrefabPath": "Items/Weapons/spell_aoe_leadership_enemy",
    "SecondaryPrefabPath": "",
    "SecondarySpellID": "",
    "TertiaryPrefabPath": "",
    "TertiarySpellID": ""
  },
  {
    "SpellID": "ChainArcanePerk1",
    "StatusEffects": "ChainArcaneDamage",
    "StatusEffectDurations": "",
    "Revive": "",
    "Siphon": "",
    "AttachToOwner": "1",
    "StickWhenAttached": "",
    "StoreOffsetWhenStuckToGDE": "",
    "SpawnSecondaryOnElapsed": "",
    "SpawnSecondaryOnCollision": "",
    "EndOnCasterDeath": "",
    "IgnoreTargetIfAtDeathsDoor": "",
    "IgnoreTargetIfDead": "",
    "UseCameraTargetLock": "",
    "TrackNumInVolume": "",
    "ClearOnExit": "0",
    "ClearOnEnd": "0",
    "ManaCost": "",
    "UseStatusEffectDuration": "1",
    "Duration": "",
    "DurationScaling": "",
    "Height": "",
    "Length": "",
    "Radius": "6",
    "InnerRadius": "",
    "RadiusScaling": "",
    "MaxRadiusScaling": "",
    "CastDistance": "",
    "CastHeight": "",
    "CastRadius": "",
    "ConeAngle": "",
    "ConeWidth": "",
    "ChannelTime": "",
    "ChainDelayDuration": "0.2",
    "MaxChainNum": "3",
    "UseChainCasterPaperdoll": "",
    "NumToSpawn": "",
    "NumToSpawnBeforeFail": "",
    "SpawnRate": "",
    "SpawnAngle": "",
    "SecondarySpellProjectileLaunchAngles": "",
    "ScaleWithCharacterBoundingBox": "",
    "ScaleWithDynamicScale": "",
    "TargetTypes": "Enemy",
    "SpellTypes": "Elemental",
    "CastingTypes": "Chain",
    "HitAiTarget": "",
    "OverrideTargetForAiThreat": "",
    "ShapeTypes": "Sphere",
    "DamageType": "Arcane",
    "CheckObstructions": "",
    "IgnoreOverheadCollision": "",
    "IgnoreStructures": "",
    "IgnoreSelf": "1",
    "RangedAttackProfile": "",
    "RangedAttackName": "",
    "FireJointName": "",
    "ProjPosOffsetX": "",
    "ProjPosOffsetY": "",
    "ProjPosOffsetZ": "",
    "ProjRotOffsetX": "",
    "ProjRotOffsetY": "",
    "ProjRotOffsetZ": "",
    "CharRelPosOffsetX": "",
    "CharRelPosOffsetY": "",
    "CharRelPosOffsetZ": "",
    "CharRelRotOffsetX": "",
    "CharRelRotOffsetY": "",
    "CharRelRotOffsetZ": "",
    "ProjRaycastOrientation": "",
    "DamageTable": "",
    "DamageTableRow": "",
    "AbilityId": "",
    "TargetAbilityCondition": "",
    "BeamEffect": "wFX_Arcane_Range.Chain",
    "IndicatorVFX": "",
    "SpellPrefabPath": "Items/Weapons/spell_aoe_leadership_enemy",
    "SecondaryPrefabPath": "",
    "SecondarySpellID": "",
    "TertiaryPrefabPath": "",
    "TertiarySpellID": ""
  },
  {
    "SpellID": "ChainArcanePerk2",
    "StatusEffects": "ChainArcaneDamage",
    "StatusEffectDurations": "",
    "Revive": "",
    "Siphon": "",
    "AttachToOwner": "1",
    "StickWhenAttached": "",
    "StoreOffsetWhenStuckToGDE": "",
    "SpawnSecondaryOnElapsed": "",
    "SpawnSecondaryOnCollision": "",
    "EndOnCasterDeath": "",
    "IgnoreTargetIfAtDeathsDoor": "",
    "IgnoreTargetIfDead": "",
    "UseCameraTargetLock": "",
    "TrackNumInVolume": "",
    "ClearOnExit": "0",
    "ClearOnEnd": "0",
    "ManaCost": "",
    "UseStatusEffectDuration": "1",
    "Duration": "",
    "DurationScaling": "",
    "Height": "",
    "Length": "",
    "Radius": "6",
    "InnerRadius": "",
    "RadiusScaling": "",
    "MaxRadiusScaling": "",
    "CastDistance": "",
    "CastHeight": "",
    "CastRadius": "",
    "ConeAngle": "",
    "ConeWidth": "",
    "ChannelTime": "",
    "ChainDelayDuration": "0.2",
    "MaxChainNum": "4",
    "UseChainCasterPaperdoll": "",
    "NumToSpawn": "",
    "NumToSpawnBeforeFail": "",
    "SpawnRate": "",
    "SpawnAngle": "",
    "SecondarySpellProjectileLaunchAngles": "",
    "ScaleWithCharacterBoundingBox": "",
    "ScaleWithDynamicScale": "",
    "TargetTypes": "Enemy",
    "SpellTypes": "Elemental",
    "CastingTypes": "Chain",
    "HitAiTarget": "",
    "OverrideTargetForAiThreat": "",
    "ShapeTypes": "Sphere",
    "DamageType": "Arcane",
    "CheckObstructions": "",
    "IgnoreOverheadCollision": "",
    "IgnoreStructures": "",
    "IgnoreSelf": "1",
    "RangedAttackProfile": "",
    "RangedAttackName": "",
    "FireJointName": "",
    "ProjPosOffsetX": "",
    "ProjPosOffsetY": "",
    "ProjPosOffsetZ": "",
    "ProjRotOffsetX": "",
    "ProjRotOffsetY": "",
    "ProjRotOffsetZ": "",
    "CharRelPosOffsetX": "",
    "CharRelPosOffsetY": "",
    "CharRelPosOffsetZ": "",
    "CharRelRotOffsetX": "",
    "CharRelRotOffsetY": "",
    "CharRelRotOffsetZ": "",
    "ProjRaycastOrientation": "",
    "DamageTable": "",
    "DamageTableRow": "",
    "AbilityId": "",
    "TargetAbilityCondition": "",
    "BeamEffect": "wFX_Arcane_Range.Chain",
    "IndicatorVFX": "",
    "SpellPrefabPath": "Items/Weapons/spell_aoe_leadership_enemy",
    "SecondaryPrefabPath": "",
    "SecondarySpellID": "",
    "TertiaryPrefabPath": "",
    "TertiarySpellID": ""
  },
  {
    "SpellID": "ChainArcanePerk3",
    "StatusEffects": "ChainArcaneDamage",
    "StatusEffectDurations": "",
    "Revive": "",
    "Siphon": "",
    "AttachToOwner": "1",
    "StickWhenAttached": "",
    "StoreOffsetWhenStuckToGDE": "",
    "SpawnSecondaryOnElapsed": "",
    "SpawnSecondaryOnCollision": "",
    "EndOnCasterDeath": "",
    "IgnoreTargetIfAtDeathsDoor": "",
    "IgnoreTargetIfDead": "",
    "UseCameraTargetLock": "",
    "TrackNumInVolume": "",
    "ClearOnExit": "0",
    "ClearOnEnd": "0",
    "ManaCost": "",
    "UseStatusEffectDuration": "1",
    "Duration": "",
    "DurationScaling": "",
    "Height": "",
    "Length": "",
    "Radius": "6",
    "InnerRadius": "",
    "RadiusScaling": "",
    "MaxRadiusScaling": "",
    "CastDistance": "",
    "CastHeight": "",
    "CastRadius": "",
    "ConeAngle": "",
    "ConeWidth": "",
    "ChannelTime": "",
    "ChainDelayDuration": "0.2",
    "MaxChainNum": "5",
    "UseChainCasterPaperdoll": "",
    "NumToSpawn": "",
    "NumToSpawnBeforeFail": "",
    "SpawnRate": "",
    "SpawnAngle": "",
    "SecondarySpellProjectileLaunchAngles": "",
    "ScaleWithCharacterBoundingBox": "",
    "ScaleWithDynamicScale": "",
    "TargetTypes": "Enemy",
    "SpellTypes": "Elemental",
    "CastingTypes": "Chain",
    "HitAiTarget": "",
    "OverrideTargetForAiThreat": "",
    "ShapeTypes": "Sphere",
    "DamageType": "Arcane",
    "CheckObstructions": "",
    "IgnoreOverheadCollision": "",
    "IgnoreStructures": "",
    "IgnoreSelf": "1",
    "RangedAttackProfile": "",
    "RangedAttackName": "",
    "FireJointName": "",
    "ProjPosOffsetX": "",
    "ProjPosOffsetY": "",
    "ProjPosOffsetZ": "",
    "ProjRotOffsetX": "",
    "ProjRotOffsetY": "",
    "ProjRotOffsetZ": "",
    "CharRelPosOffsetX": "",
    "CharRelPosOffsetY": "",
    "CharRelPosOffsetZ": "",
    "CharRelRotOffsetX": "",
    "CharRelRotOffsetY": "",
    "CharRelRotOffsetZ": "",
    "ProjRaycastOrientation": "",
    "DamageTable": "",
    "DamageTableRow": "",
    "AbilityId": "",
    "TargetAbilityCondition": "",
    "BeamEffect": "wFX_Arcane_Range.Chain",
    "IndicatorVFX": "",
    "SpellPrefabPath": "Items/Weapons/spell_aoe_leadership_enemy",
    "SecondaryPrefabPath": "",
    "SecondarySpellID": "",
    "TertiaryPrefabPath": "",
    "TertiarySpellID": ""
  },
  {
    "SpellID": "ChainVoidPerk1",
    "StatusEffects": "ChainVoidDamage",
    "StatusEffectDurations": "",
    "Revive": "",
    "Siphon": "",
    "AttachToOwner": "1",
    "StickWhenAttached": "",
    "StoreOffsetWhenStuckToGDE": "",
    "SpawnSecondaryOnElapsed": "",
    "SpawnSecondaryOnCollision": "",
    "EndOnCasterDeath": "",
    "IgnoreTargetIfAtDeathsDoor": "",
    "IgnoreTargetIfDead": "",
    "UseCameraTargetLock": "",
    "TrackNumInVolume": "",
    "ClearOnExit": "0",
    "ClearOnEnd": "0",
    "ManaCost": "",
    "UseStatusEffectDuration": "1",
    "Duration": "",
    "DurationScaling": "",
    "Height": "",
    "Length": "",
    "Radius": "6",
    "InnerRadius": "",
    "RadiusScaling": "",
    "MaxRadiusScaling": "",
    "CastDistance": "",
    "CastHeight": "",
    "CastRadius": "",
    "ConeAngle": "",
    "ConeWidth": "",
    "ChannelTime": "",
    "ChainDelayDuration": "0.2",
    "MaxChainNum": "3",
    "UseChainCasterPaperdoll": "",
    "NumToSpawn": "",
    "NumToSpawnBeforeFail": "",
    "SpawnRate": "",
    "SpawnAngle": "",
    "SecondarySpellProjectileLaunchAngles": "",
    "ScaleWithCharacterBoundingBox": "",
    "ScaleWithDynamicScale": "",
    "TargetTypes": "Enemy",
    "SpellTypes": "Elemental",
    "CastingTypes": "Chain",
    "HitAiTarget": "",
    "OverrideTargetForAiThreat": "",
    "ShapeTypes": "Sphere",
    "DamageType": "Corruption",
    "CheckObstructions": "",
    "IgnoreOverheadCollision": "",
    "IgnoreStructures": "",
    "IgnoreSelf": "1",
    "RangedAttackProfile": "",
    "RangedAttackName": "",
    "FireJointName": "",
    "ProjPosOffsetX": "",
    "ProjPosOffsetY": "",
    "ProjPosOffsetZ": "",
    "ProjRotOffsetX": "",
    "ProjRotOffsetY": "",
    "ProjRotOffsetZ": "",
    "CharRelPosOffsetX": "",
    "CharRelPosOffsetY": "",
    "CharRelPosOffsetZ": "",
    "CharRelRotOffsetX": "",
    "CharRelRotOffsetY": "",
    "CharRelRotOffsetZ": "",
    "ProjRaycastOrientation": "",
    "DamageTable": "",
    "DamageTableRow": "",
    "AbilityId": "",
    "TargetAbilityCondition": "",
    "BeamEffect": "wFX_Void_Range.Chain",
    "IndicatorVFX": "",
    "SpellPrefabPath": "Items/Weapons/spell_aoe_leadership_enemy",
    "SecondaryPrefabPath": "",
    "SecondarySpellID": "",
    "TertiaryPrefabPath": "",
    "TertiarySpellID": ""
  },
  {
    "SpellID": "ChainVoidPerk2",
    "StatusEffects": "ChainVoidDamage",
    "StatusEffectDurations": "",
    "Revive": "",
    "Siphon": "",
    "AttachToOwner": "1",
    "StickWhenAttached": "",
    "StoreOffsetWhenStuckToGDE": "",
    "SpawnSecondaryOnElapsed": "",
    "SpawnSecondaryOnCollision": "",
    "EndOnCasterDeath": "",
    "IgnoreTargetIfAtDeathsDoor": "",
    "IgnoreTargetIfDead": "",
    "UseCameraTargetLock": "",
    "TrackNumInVolume": "",
    "ClearOnExit": "0",
    "ClearOnEnd": "0",
    "ManaCost": "",
    "UseStatusEffectDuration": "1",
    "Duration": "",
    "DurationScaling": "",
    "Height": "",
    "Length": "",
    "Radius": "6",
    "InnerRadius": "",
    "RadiusScaling": "",
    "MaxRadiusScaling": "",
    "CastDistance": "",
    "CastHeight": "",
    "CastRadius": "",
    "ConeAngle": "",
    "ConeWidth": "",
    "ChannelTime": "",
    "ChainDelayDuration": "0.2",
    "MaxChainNum": "4",
    "UseChainCasterPaperdoll": "",
    "NumToSpawn": "",
    "NumToSpawnBeforeFail": "",
    "SpawnRate": "",
    "SpawnAngle": "",
    "SecondarySpellProjectileLaunchAngles": "",
    "ScaleWithCharacterBoundingBox": "",
    "ScaleWithDynamicScale": "",
    "TargetTypes": "Enemy",
    "SpellTypes": "Elemental",
    "CastingTypes": "Chain",
    "HitAiTarget": "",
    "OverrideTargetForAiThreat": "",
    "ShapeTypes": "Sphere",
    "DamageType": "Corruption",
    "CheckObstructions": "",
    "IgnoreOverheadCollision": "",
    "IgnoreStructures": "",
    "IgnoreSelf": "1",
    "RangedAttackProfile": "",
    "RangedAttackName": "",
    "FireJointName": "",
    "ProjPosOffsetX": "",
    "ProjPosOffsetY": "",
    "ProjPosOffsetZ": "",
    "ProjRotOffsetX": "",
    "ProjRotOffsetY": "",
    "ProjRotOffsetZ": "",
    "CharRelPosOffsetX": "",
    "CharRelPosOffsetY": "",
    "CharRelPosOffsetZ": "",
    "CharRelRotOffsetX": "",
    "CharRelRotOffsetY": "",
    "CharRelRotOffsetZ": "",
    "ProjRaycastOrientation": "",
    "DamageTable": "",
    "DamageTableRow": "",
    "AbilityId": "",
    "TargetAbilityCondition": "",
    "BeamEffect": "wFX_Void_Range.Chain",
    "IndicatorVFX": "",
    "SpellPrefabPath": "Items/Weapons/spell_aoe_leadership_enemy",
    "SecondaryPrefabPath": "",
    "SecondarySpellID": "",
    "TertiaryPrefabPath": "",
    "TertiarySpellID": ""
  },
  {
    "SpellID": "ChainVoidPerk3",
    "StatusEffects": "ChainVoidDamage",
    "StatusEffectDurations": "",
    "Revive": "",
    "Siphon": "",
    "AttachToOwner": "1",
    "StickWhenAttached": "",
    "StoreOffsetWhenStuckToGDE": "",
    "SpawnSecondaryOnElapsed": "",
    "SpawnSecondaryOnCollision": "",
    "EndOnCasterDeath": "",
    "IgnoreTargetIfAtDeathsDoor": "",
    "IgnoreTargetIfDead": "",
    "UseCameraTargetLock": "",
    "TrackNumInVolume": "",
    "ClearOnExit": "0",
    "ClearOnEnd": "0",
    "ManaCost": "",
    "UseStatusEffectDuration": "1",
    "Duration": "",
    "DurationScaling": "",
    "Height": "",
    "Length": "",
    "Radius": "6",
    "InnerRadius": "",
    "RadiusScaling": "",
    "MaxRadiusScaling": "",
    "CastDistance": "",
    "CastHeight": "",
    "CastRadius": "",
    "ConeAngle": "",
    "ConeWidth": "",
    "ChannelTime": "",
    "ChainDelayDuration": "0.2",
    "MaxChainNum": "5",
    "UseChainCasterPaperdoll": "",
    "NumToSpawn": "",
    "NumToSpawnBeforeFail": "",
    "SpawnRate": "",
    "SpawnAngle": "",
    "SecondarySpellProjectileLaunchAngles": "",
    "ScaleWithCharacterBoundingBox": "",
    "ScaleWithDynamicScale": "",
    "TargetTypes": "Enemy",
    "SpellTypes": "Elemental",
    "CastingTypes": "Chain",
    "HitAiTarget": "",
    "OverrideTargetForAiThreat": "",
    "ShapeTypes": "Sphere",
    "DamageType": "Corruption",
    "CheckObstructions": "",
    "IgnoreOverheadCollision": "",
    "IgnoreStructures": "",
    "IgnoreSelf": "1",
    "RangedAttackProfile": "",
    "RangedAttackName": "",
    "FireJointName": "",
    "ProjPosOffsetX": "",
    "ProjPosOffsetY": "",
    "ProjPosOffsetZ": "",
    "ProjRotOffsetX": "",
    "ProjRotOffsetY": "",
    "ProjRotOffsetZ": "",
    "CharRelPosOffsetX": "",
    "CharRelPosOffsetY": "",
    "CharRelPosOffsetZ": "",
    "CharRelRotOffsetX": "",
    "CharRelRotOffsetY": "",
    "CharRelRotOffsetZ": "",
    "ProjRaycastOrientation": "",
    "DamageTable": "",
    "DamageTableRow": "",
    "AbilityId": "",
    "TargetAbilityCondition": "",
    "BeamEffect": "wFX_Void_Range.Chain",
    "IndicatorVFX": "",
    "SpellPrefabPath": "Items/Weapons/spell_aoe_leadership_enemy",
    "SecondaryPrefabPath": "",
    "SecondarySpellID": "",
    "TertiaryPrefabPath": "",
    "TertiarySpellID": ""
  },
  {
    "SpellID": "ChainIcePerk1",
    "StatusEffects": "ChainIceDamage",
    "StatusEffectDurations": "",
    "Revive": "",
    "Siphon": "",
    "AttachToOwner": "1",
    "StickWhenAttached": "",
    "StoreOffsetWhenStuckToGDE": "",
    "SpawnSecondaryOnElapsed": "",
    "SpawnSecondaryOnCollision": "",
    "EndOnCasterDeath": "",
    "IgnoreTargetIfAtDeathsDoor": "",
    "IgnoreTargetIfDead": "",
    "UseCameraTargetLock": "",
    "TrackNumInVolume": "",
    "ClearOnExit": "0",
    "ClearOnEnd": "0",
    "ManaCost": "",
    "UseStatusEffectDuration": "1",
    "Duration": "",
    "DurationScaling": "",
    "Height": "",
    "Length": "",
    "Radius": "6",
    "InnerRadius": "",
    "RadiusScaling": "",
    "MaxRadiusScaling": "",
    "CastDistance": "",
    "CastHeight": "",
    "CastRadius": "",
    "ConeAngle": "",
    "ConeWidth": "",
    "ChannelTime": "",
    "ChainDelayDuration": "0.2",
    "MaxChainNum": "3",
    "UseChainCasterPaperdoll": "",
    "NumToSpawn": "",
    "NumToSpawnBeforeFail": "",
    "SpawnRate": "",
    "SpawnAngle": "",
    "SecondarySpellProjectileLaunchAngles": "",
    "ScaleWithCharacterBoundingBox": "",
    "ScaleWithDynamicScale": "",
    "TargetTypes": "Enemy",
    "SpellTypes": "Elemental",
    "CastingTypes": "Chain",
    "HitAiTarget": "",
    "OverrideTargetForAiThreat": "",
    "ShapeTypes": "Sphere",
    "DamageType": "Ice",
    "CheckObstructions": "",
    "IgnoreOverheadCollision": "",
    "IgnoreStructures": "",
    "IgnoreSelf": "1",
    "RangedAttackProfile": "",
    "RangedAttackName": "",
    "FireJointName": "",
    "ProjPosOffsetX": "",
    "ProjPosOffsetY": "",
    "ProjPosOffsetZ": "",
    "ProjRotOffsetX": "",
    "ProjRotOffsetY": "",
    "ProjRotOffsetZ": "",
    "CharRelPosOffsetX": "",
    "CharRelPosOffsetY": "",
    "CharRelPosOffsetZ": "",
    "CharRelRotOffsetX": "",
    "CharRelRotOffsetY": "",
    "CharRelRotOffsetZ": "",
    "ProjRaycastOrientation": "",
    "DamageTable": "",
    "DamageTableRow": "",
    "AbilityId": "",
    "TargetAbilityCondition": "",
    "BeamEffect": "wFX_Ice_Range.Chain",
    "IndicatorVFX": "",
    "SpellPrefabPath": "Items/Weapons/spell_aoe_leadership_enemy",
    "SecondaryPrefabPath": "",
    "SecondarySpellID": "",
    "TertiaryPrefabPath": "",
    "TertiarySpellID": ""
  },
  {
    "SpellID": "ChainIcePerk2",
    "StatusEffects": "ChainIceDamage",
    "StatusEffectDurations": "",
    "Revive": "",
    "Siphon": "",
    "AttachToOwner": "1",
    "StickWhenAttached": "",
    "StoreOffsetWhenStuckToGDE": "",
    "SpawnSecondaryOnElapsed": "",
    "SpawnSecondaryOnCollision": "",
    "EndOnCasterDeath": "",
    "IgnoreTargetIfAtDeathsDoor": "",
    "IgnoreTargetIfDead": "",
    "UseCameraTargetLock": "",
    "TrackNumInVolume": "",
    "ClearOnExit": "0",
    "ClearOnEnd": "0",
    "ManaCost": "",
    "UseStatusEffectDuration": "1",
    "Duration": "",
    "DurationScaling": "",
    "Height": "",
    "Length": "",
    "Radius": "6",
    "InnerRadius": "",
    "RadiusScaling": "",
    "MaxRadiusScaling": "",
    "CastDistance": "",
    "CastHeight": "",
    "CastRadius": "",
    "ConeAngle": "",
    "ConeWidth": "",
    "ChannelTime": "",
    "ChainDelayDuration": "0.2",
    "MaxChainNum": "4",
    "UseChainCasterPaperdoll": "",
    "NumToSpawn": "",
    "NumToSpawnBeforeFail": "",
    "SpawnRate": "",
    "SpawnAngle": "",
    "SecondarySpellProjectileLaunchAngles": "",
    "ScaleWithCharacterBoundingBox": "",
    "ScaleWithDynamicScale": "",
    "TargetTypes": "Enemy",
    "SpellTypes": "Elemental",
    "CastingTypes": "Chain",
    "HitAiTarget": "",
    "OverrideTargetForAiThreat": "",
    "ShapeTypes": "Sphere",
    "DamageType": "Ice",
    "CheckObstructions": "",
    "IgnoreOverheadCollision": "",
    "IgnoreStructures": "",
    "IgnoreSelf": "1",
    "RangedAttackProfile": "",
    "RangedAttackName": "",
    "FireJointName": "",
    "ProjPosOffsetX": "",
    "ProjPosOffsetY": "",
    "ProjPosOffsetZ": "",
    "ProjRotOffsetX": "",
    "ProjRotOffsetY": "",
    "ProjRotOffsetZ": "",
    "CharRelPosOffsetX": "",
    "CharRelPosOffsetY": "",
    "CharRelPosOffsetZ": "",
    "CharRelRotOffsetX": "",
    "CharRelRotOffsetY": "",
    "CharRelRotOffsetZ": "",
    "ProjRaycastOrientation": "",
    "DamageTable": "",
    "DamageTableRow": "",
    "AbilityId": "",
    "TargetAbilityCondition": "",
    "BeamEffect": "wFX_Ice_Range.Chain",
    "IndicatorVFX": "",
    "SpellPrefabPath": "Items/Weapons/spell_aoe_leadership_enemy",
    "SecondaryPrefabPath": "",
    "SecondarySpellID": "",
    "TertiaryPrefabPath": "",
    "TertiarySpellID": ""
  },
  {
    "SpellID": "ChainIcePerk3",
    "StatusEffects": "ChainIceDamage",
    "StatusEffectDurations": "",
    "Revive": "",
    "Siphon": "",
    "AttachToOwner": "1",
    "StickWhenAttached": "",
    "StoreOffsetWhenStuckToGDE": "",
    "SpawnSecondaryOnElapsed": "",
    "SpawnSecondaryOnCollision": "",
    "EndOnCasterDeath": "",
    "IgnoreTargetIfAtDeathsDoor": "",
    "IgnoreTargetIfDead": "",
    "UseCameraTargetLock": "",
    "TrackNumInVolume": "",
    "ClearOnExit": "0",
    "ClearOnEnd": "0",
    "ManaCost": "",
    "UseStatusEffectDuration": "1",
    "Duration": "",
    "DurationScaling": "",
    "Height": "",
    "Length": "",
    "Radius": "6",
    "InnerRadius": "",
    "RadiusScaling": "",
    "MaxRadiusScaling": "",
    "CastDistance": "",
    "CastHeight": "",
    "CastRadius": "",
    "ConeAngle": "",
    "ConeWidth": "",
    "ChannelTime": "",
    "ChainDelayDuration": "0.2",
    "MaxChainNum": "5",
    "UseChainCasterPaperdoll": "",
    "NumToSpawn": "",
    "NumToSpawnBeforeFail": "",
    "SpawnRate": "",
    "SpawnAngle": "",
    "SecondarySpellProjectileLaunchAngles": "",
    "ScaleWithCharacterBoundingBox": "",
    "ScaleWithDynamicScale": "",
    "TargetTypes": "Enemy",
    "SpellTypes": "Elemental",
    "CastingTypes": "Chain",
    "HitAiTarget": "",
    "OverrideTargetForAiThreat": "",
    "ShapeTypes": "Sphere",
    "DamageType": "Ice",
    "CheckObstructions": "",
    "IgnoreOverheadCollision": "",
    "IgnoreStructures": "",
    "IgnoreSelf": "1",
    "RangedAttackProfile": "",
    "RangedAttackName": "",
    "FireJointName": "",
    "ProjPosOffsetX": "",
    "ProjPosOffsetY": "",
    "ProjPosOffsetZ": "",
    "ProjRotOffsetX": "",
    "ProjRotOffsetY": "",
    "ProjRotOffsetZ": "",
    "CharRelPosOffsetX": "",
    "CharRelPosOffsetY": "",
    "CharRelPosOffsetZ": "",
    "CharRelRotOffsetX": "",
    "CharRelRotOffsetY": "",
    "CharRelRotOffsetZ": "",
    "ProjRaycastOrientation": "",
    "DamageTable": "",
    "DamageTableRow": "",
    "AbilityId": "",
    "TargetAbilityCondition": "",
    "BeamEffect": "wFX_Ice_Range.Chain",
    "IndicatorVFX": "",
    "SpellPrefabPath": "Items/Weapons/spell_aoe_leadership_enemy",
    "SecondaryPrefabPath": "",
    "SecondarySpellID": "",
    "TertiaryPrefabPath": "",
    "TertiarySpellID": ""
  },
  {
    "SpellID": "ChainNaturePerk1",
    "StatusEffects": "ChainNatureDamage",
    "StatusEffectDurations": "",
    "Revive": "",
    "Siphon": "",
    "AttachToOwner": "1",
    "StickWhenAttached": "",
    "StoreOffsetWhenStuckToGDE": "",
    "SpawnSecondaryOnElapsed": "",
    "SpawnSecondaryOnCollision": "",
    "EndOnCasterDeath": "",
    "IgnoreTargetIfAtDeathsDoor": "",
    "IgnoreTargetIfDead": "",
    "UseCameraTargetLock": "",
    "TrackNumInVolume": "",
    "ClearOnExit": "0",
    "ClearOnEnd": "0",
    "ManaCost": "",
    "UseStatusEffectDuration": "1",
    "Duration": "",
    "DurationScaling": "",
    "Height": "",
    "Length": "",
    "Radius": "6",
    "InnerRadius": "",
    "RadiusScaling": "",
    "MaxRadiusScaling": "",
    "CastDistance": "",
    "CastHeight": "",
    "CastRadius": "",
    "ConeAngle": "",
    "ConeWidth": "",
    "ChannelTime": "",
    "ChainDelayDuration": "0.2",
    "MaxChainNum": "3",
    "UseChainCasterPaperdoll": "",
    "NumToSpawn": "",
    "NumToSpawnBeforeFail": "",
    "SpawnRate": "",
    "SpawnAngle": "",
    "SecondarySpellProjectileLaunchAngles": "",
    "ScaleWithCharacterBoundingBox": "",
    "ScaleWithDynamicScale": "",
    "TargetTypes": "Enemy",
    "SpellTypes": "Elemental",
    "CastingTypes": "Chain",
    "HitAiTarget": "",
    "OverrideTargetForAiThreat": "",
    "ShapeTypes": "Sphere",
    "DamageType": "Nature",
    "CheckObstructions": "",
    "IgnoreOverheadCollision": "",
    "IgnoreStructures": "",
    "IgnoreSelf": "1",
    "RangedAttackProfile": "",
    "RangedAttackName": "",
    "FireJointName": "",
    "ProjPosOffsetX": "",
    "ProjPosOffsetY": "",
    "ProjPosOffsetZ": "",
    "ProjRotOffsetX": "",
    "ProjRotOffsetY": "",
    "ProjRotOffsetZ": "",
    "CharRelPosOffsetX": "",
    "CharRelPosOffsetY": "",
    "CharRelPosOffsetZ": "",
    "CharRelRotOffsetX": "",
    "CharRelRotOffsetY": "",
    "CharRelRotOffsetZ": "",
    "ProjRaycastOrientation": "",
    "DamageTable": "",
    "DamageTableRow": "",
    "AbilityId": "",
    "TargetAbilityCondition": "",
    "BeamEffect": "wFX_Nature_Range.Chain",
    "IndicatorVFX": "",
    "SpellPrefabPath": "Items/Weapons/spell_aoe_leadership_enemy",
    "SecondaryPrefabPath": "",
    "SecondarySpellID": "",
    "TertiaryPrefabPath": "",
    "TertiarySpellID": ""
  },
  {
    "SpellID": "ChainNaturePerk2",
    "StatusEffects": "ChainNatureDamage",
    "StatusEffectDurations": "",
    "Revive": "",
    "Siphon": "",
    "AttachToOwner": "1",
    "StickWhenAttached": "",
    "StoreOffsetWhenStuckToGDE": "",
    "SpawnSecondaryOnElapsed": "",
    "SpawnSecondaryOnCollision": "",
    "EndOnCasterDeath": "",
    "IgnoreTargetIfAtDeathsDoor": "",
    "IgnoreTargetIfDead": "",
    "UseCameraTargetLock": "",
    "TrackNumInVolume": "",
    "ClearOnExit": "0",
    "ClearOnEnd": "0",
    "ManaCost": "",
    "UseStatusEffectDuration": "1",
    "Duration": "",
    "DurationScaling": "",
    "Height": "",
    "Length": "",
    "Radius": "6",
    "InnerRadius": "",
    "RadiusScaling": "",
    "MaxRadiusScaling": "",
    "CastDistance": "",
    "CastHeight": "",
    "CastRadius": "",
    "ConeAngle": "",
    "ConeWidth": "",
    "ChannelTime": "",
    "ChainDelayDuration": "0.2",
    "MaxChainNum": "4",
    "UseChainCasterPaperdoll": "",
    "NumToSpawn": "",
    "NumToSpawnBeforeFail": "",
    "SpawnRate": "",
    "SpawnAngle": "",
    "SecondarySpellProjectileLaunchAngles": "",
    "ScaleWithCharacterBoundingBox": "",
    "ScaleWithDynamicScale": "",
    "TargetTypes": "Enemy",
    "SpellTypes": "Elemental",
    "CastingTypes": "Chain",
    "HitAiTarget": "",
    "OverrideTargetForAiThreat": "",
    "ShapeTypes": "Sphere",
    "DamageType": "Nature",
    "CheckObstructions": "",
    "IgnoreOverheadCollision": "",
    "IgnoreStructures": "",
    "IgnoreSelf": "1",
    "RangedAttackProfile": "",
    "RangedAttackName": "",
    "FireJointName": "",
    "ProjPosOffsetX": "",
    "ProjPosOffsetY": "",
    "ProjPosOffsetZ": "",
    "ProjRotOffsetX": "",
    "ProjRotOffsetY": "",
    "ProjRotOffsetZ": "",
    "CharRelPosOffsetX": "",
    "CharRelPosOffsetY": "",
    "CharRelPosOffsetZ": "",
    "CharRelRotOffsetX": "",
    "CharRelRotOffsetY": "",
    "CharRelRotOffsetZ": "",
    "ProjRaycastOrientation": "",
    "DamageTable": "",
    "DamageTableRow": "",
    "AbilityId": "",
    "TargetAbilityCondition": "",
    "BeamEffect": "wFX_Nature_Range.Chain",
    "IndicatorVFX": "",
    "SpellPrefabPath": "Items/Weapons/spell_aoe_leadership_enemy",
    "SecondaryPrefabPath": "",
    "SecondarySpellID": "",
    "TertiaryPrefabPath": "",
    "TertiarySpellID": ""
  },
  {
    "SpellID": "ChainNaturePerk3",
    "StatusEffects": "ChainNatureDamage",
    "StatusEffectDurations": "",
    "Revive": "",
    "Siphon": "",
    "AttachToOwner": "1",
    "StickWhenAttached": "",
    "StoreOffsetWhenStuckToGDE": "",
    "SpawnSecondaryOnElapsed": "",
    "SpawnSecondaryOnCollision": "",
    "EndOnCasterDeath": "",
    "IgnoreTargetIfAtDeathsDoor": "",
    "IgnoreTargetIfDead": "",
    "UseCameraTargetLock": "",
    "TrackNumInVolume": "",
    "ClearOnExit": "0",
    "ClearOnEnd": "0",
    "ManaCost": "",
    "UseStatusEffectDuration": "1",
    "Duration": "",
    "DurationScaling": "",
    "Height": "",
    "Length": "",
    "Radius": "6",
    "InnerRadius": "",
    "RadiusScaling": "",
    "MaxRadiusScaling": "",
    "CastDistance": "",
    "CastHeight": "",
    "CastRadius": "",
    "ConeAngle": "",
    "ConeWidth": "",
    "ChannelTime": "",
    "ChainDelayDuration": "0.2",
    "MaxChainNum": "5",
    "UseChainCasterPaperdoll": "",
    "NumToSpawn": "",
    "NumToSpawnBeforeFail": "",
    "SpawnRate": "",
    "SpawnAngle": "",
    "SecondarySpellProjectileLaunchAngles": "",
    "ScaleWithCharacterBoundingBox": "",
    "ScaleWithDynamicScale": "",
    "TargetTypes": "Enemy",
    "SpellTypes": "Elemental",
    "CastingTypes": "Chain",
    "HitAiTarget": "",
    "OverrideTargetForAiThreat": "",
    "ShapeTypes": "Sphere",
    "DamageType": "Nature",
    "CheckObstructions": "",
    "IgnoreOverheadCollision": "",
    "IgnoreStructures": "",
    "IgnoreSelf": "1",
    "RangedAttackProfile": "",
    "RangedAttackName": "",
    "FireJointName": "",
    "ProjPosOffsetX": "",
    "ProjPosOffsetY": "",
    "ProjPosOffsetZ": "",
    "ProjRotOffsetX": "",
    "ProjRotOffsetY": "",
    "ProjRotOffsetZ": "",
    "CharRelPosOffsetX": "",
    "CharRelPosOffsetY": "",
    "CharRelPosOffsetZ": "",
    "CharRelRotOffsetX": "",
    "CharRelRotOffsetY": "",
    "CharRelRotOffsetZ": "",
    "ProjRaycastOrientation": "",
    "DamageTable": "",
    "DamageTableRow": "",
    "AbilityId": "",
    "TargetAbilityCondition": "",
    "BeamEffect": "wFX_Nature_Range.Chain",
    "IndicatorVFX": "",
    "SpellPrefabPath": "Items/Weapons/spell_aoe_leadership_enemy",
    "SecondaryPrefabPath": "",
    "SecondarySpellID": "",
    "TertiaryPrefabPath": "",
    "TertiarySpellID": ""
  },
  {
    "SpellID": "ChainLightning",
    "StatusEffects": "",
    "StatusEffectDurations": "",
    "Revive": "",
    "Siphon": "",
    "AttachToOwner": "1",
    "StickWhenAttached": "",
    "StoreOffsetWhenStuckToGDE": "",
    "SpawnSecondaryOnElapsed": "",
    "SpawnSecondaryOnCollision": "",
    "EndOnCasterDeath": "",
    "IgnoreTargetIfAtDeathsDoor": "",
    "IgnoreTargetIfDead": "",
    "UseCameraTargetLock": "",
    "TrackNumInVolume": "",
    "ClearOnExit": "0",
    "ClearOnEnd": "0",
    "ManaCost": "",
    "UseStatusEffectDuration": "1",
    "Duration": "",
    "DurationScaling": "",
    "Height": "",
    "Length": "",
    "Radius": "20",
    "InnerRadius": "",
    "RadiusScaling": "",
    "MaxRadiusScaling": "",
    "CastDistance": "",
    "CastHeight": "",
    "CastRadius": "",
    "ConeAngle": "",
    "ConeWidth": "",
    "ChannelTime": "",
    "ChainDelayDuration": "1",
    "MaxChainNum": "5",
    "UseChainCasterPaperdoll": "",
    "NumToSpawn": "",
    "NumToSpawnBeforeFail": "",
    "SpawnRate": "",
    "SpawnAngle": "",
    "SecondarySpellProjectileLaunchAngles": "",
    "ScaleWithCharacterBoundingBox": "",
    "ScaleWithDynamicScale": "",
    "TargetTypes": "Enemy",
    "SpellTypes": "Elemental",
    "CastingTypes": "Chain",
    "HitAiTarget": "",
    "OverrideTargetForAiThreat": "",
    "ShapeTypes": "Sphere",
    "DamageType": "",
    "CheckObstructions": "",
    "IgnoreOverheadCollision": "",
    "IgnoreStructures": "",
    "IgnoreSelf": "1",
    "RangedAttackProfile": "",
    "RangedAttackName": "",
    "FireJointName": "",
    "ProjPosOffsetX": "",
    "ProjPosOffsetY": "",
    "ProjPosOffsetZ": "",
    "ProjRotOffsetX": "",
    "ProjRotOffsetY": "",
    "ProjRotOffsetZ": "",
    "CharRelPosOffsetX": "",
    "CharRelPosOffsetY": "",
    "CharRelPosOffsetZ": "",
    "CharRelRotOffsetX": "",
    "CharRelRotOffsetY": "",
    "CharRelRotOffsetZ": "",
    "ProjRaycastOrientation": "",
    "DamageTable": "",
    "DamageTableRow": "",
    "AbilityId": "",
    "TargetAbilityCondition": "",
    "BeamEffect": "wFX_Lightning_Range.Chain",
    "IndicatorVFX": "",
    "SpellPrefabPath": "Items/Weapons/spell_aoe_leadership_enemy",
    "SecondaryPrefabPath": "",
    "SecondarySpellID": "",
    "TertiaryPrefabPath": "",
    "TertiarySpellID": ""
  }
]