[
  {
    "VariantID": "POI_WoodPile",
    "StartSlice": "slices/Gatherables/POI/POI_Gath_Start_LogPile_B.dynamicslice",
    "GatherableEntryID": "WoodPile",
    "GatheringRadius": "1",
    "InteractionRadius": "3",
    "DetectableRadius": "3",
    "DepletedSFX": "Play_Gather_Log_Med",
    "IdleSFX": "",
    "IdleVFX": "",
    "DepletedVFX": "Gatherable.Tree.Demolish.Break_Tree_A",
    "DepletedSlice": "",
    "DepletedMaterial": "",
    "VegAreaDataSet": "GroundCover/ObjectSets/Nature/bush_01.vegsetdb",
    "VegAreaClearRadius": "4.5",
    "VegAreaInnerRadius": "4.5999999999999996",
    "VegAreaOuterRadius": "6",
    "StartMeshLOD": "100",
    "EndMeshLOD": "100",
    "GatheringFX": "",
    "AmbientType": "",
    "AOIRadius": "1000",
    "InteractionHeight": "4",
    "BaseSlice": "slices/Gatherables/POI/POI_Gath_Base_Wood_Platform.dynamicslice",
    "InteractTag": "",
    "InteractOnlyOnQuest": ""
  },
  {
    "VariantID": "POI_TimberStack",
    "StartSlice": "slices/Gatherables/POI/POI_Gath_Start_LogPile_B.dynamicslice",
    "GatherableEntryID": "TimberPile",
    "GatheringRadius": "1",
    "InteractionRadius": "3",
    "DetectableRadius": "3",
    "DepletedSFX": "Play_Gather_Log_Med",
    "IdleSFX": "",
    "IdleVFX": "",
    "DepletedVFX": "Gatherable.Tree.Demolish.Break_Tree_A",
    "DepletedSlice": "",
    "DepletedMaterial": "",
    "VegAreaDataSet": "GroundCover/ObjectSets/Nature/bush_01.vegsetdb",
    "VegAreaClearRadius": "4.5",
    "VegAreaInnerRadius": "4.5999999999999996",
    "VegAreaOuterRadius": "6",
    "StartMeshLOD": "100",
    "EndMeshLOD": "100",
    "GatheringFX": "",
    "AmbientType": "",
    "AOIRadius": "1000",
    "InteractionHeight": "4",
    "BaseSlice": "slices/Gatherables/POI/POI_Gath_Base_Wood_Platform.dynamicslice",
    "InteractTag": "",
    "InteractOnlyOnQuest": ""
  },
  {
    "VariantID": "POI_OilBucket",
    "StartSlice": "slices/Gatherables/POI/POI_Gath_Start_OilBucket.dynamicslice",
    "GatherableEntryID": "OilBucket",
    "GatheringRadius": "1",
    "InteractionRadius": "3",
    "DetectableRadius": "3",
    "DepletedSFX": "Play_Gather_Log_Med",
    "IdleSFX": "",
    "IdleVFX": "",
    "DepletedVFX": "Gatherable.Tree.Demolish.Break_Tree_A",
    "DepletedSlice": "",
    "DepletedMaterial": "",
    "VegAreaDataSet": "GroundCover/ObjectSets/Nature/bush_01.vegsetdb",
    "VegAreaClearRadius": "4.5",
    "VegAreaInnerRadius": "4.5999999999999996",
    "VegAreaOuterRadius": "6",
    "StartMeshLOD": "100",
    "EndMeshLOD": "100",
    "GatheringFX": "",
    "AmbientType": "",
    "AOIRadius": "1000",
    "InteractionHeight": "4",
    "BaseSlice": "slices/Gatherables/POI/POI_Gath_Base_Wood_Platform.dynamicslice",
    "InteractTag": "",
    "InteractOnlyOnQuest": ""
  },
  {
    "VariantID": "POI_OilBarrel",
    "StartSlice": "slices/Gatherables/POI/POI_Gath_Start_OilBarrel.dynamicslice",
    "GatherableEntryID": "OilBarrel",
    "GatheringRadius": "1",
    "InteractionRadius": "3",
    "DetectableRadius": "3",
    "DepletedSFX": "Play_Gather_Log_Med",
    "IdleSFX": "",
    "IdleVFX": "",
    "DepletedVFX": "Gatherable.Tree.Demolish.Break_Tree_A",
    "DepletedSlice": "",
    "DepletedMaterial": "",
    "VegAreaDataSet": "GroundCover/ObjectSets/Nature/bush_01.vegsetdb",
    "VegAreaClearRadius": "4.5",
    "VegAreaInnerRadius": "4.5999999999999996",
    "VegAreaOuterRadius": "6",
    "StartMeshLOD": "100",
    "EndMeshLOD": "100",
    "GatheringFX": "",
    "AmbientType": "",
    "AOIRadius": "1000",
    "InteractionHeight": "4",
    "BaseSlice": "slices/Gatherables/POI/POI_Gath_Start_OilBarrel.dynamicslice",
    "InteractTag": "",
    "InteractOnlyOnQuest": ""
  },
  {
    "VariantID": "POI_Barricade",
    "StartSlice": "slices/POIs/Assembly/Crafting/Props/Doors_Windows/PRP_Door_Barricade_A.slice",
    "GatherableEntryID": "WoodBarricade",
    "GatheringRadius": "1",
    "InteractionRadius": "3",
    "DetectableRadius": "3",
    "DepletedSFX": "Play_Gather_Log_Med",
    "IdleSFX": "",
    "IdleVFX": "",
    "DepletedVFX": "Gatherable.Tree.Demolish.Break_Tree_A",
    "DepletedSlice": "",
    "DepletedMaterial": "",
    "VegAreaDataSet": "GroundCover/ObjectSets/Nature/bush_01.vegsetdb",
    "VegAreaClearRadius": "4.5",
    "VegAreaInnerRadius": "4.5999999999999996",
    "VegAreaOuterRadius": "6",
    "StartMeshLOD": "100",
    "EndMeshLOD": "100",
    "GatheringFX": "",
    "AmbientType": "",
    "AOIRadius": "1000",
    "InteractionHeight": "4",
    "BaseSlice": "slices/POIs/Assembly/Crafting/Props/Doors_Windows/PRP_Door_Barricade_A.slice",
    "InteractTag": "",
    "InteractOnlyOnQuest": ""
  },
  {
    "VariantID": "POI_Stonepile",
    "StartSlice": "slices/POIs/Assembly/Nature/AngryEarth/AngryEarth_Rockpile_SM_A.slice",
    "GatherableEntryID": "StonePile",
    "GatheringRadius": "1",
    "InteractionRadius": "3",
    "DetectableRadius": "3",
    "DepletedSFX": "Play_Gather_Log_Med",
    "IdleSFX": "",
    "IdleVFX": "",
    "DepletedVFX": "Gatherable.Tree.Demolish.Break_Tree_A",
    "DepletedSlice": "",
    "DepletedMaterial": "",
    "VegAreaDataSet": "GroundCover/ObjectSets/Nature/bush_01.vegsetdb",
    "VegAreaClearRadius": "4.5",
    "VegAreaInnerRadius": "4.5999999999999996",
    "VegAreaOuterRadius": "6",
    "StartMeshLOD": "100",
    "EndMeshLOD": "100",
    "GatheringFX": "",
    "AmbientType": "",
    "AOIRadius": "1000",
    "InteractionHeight": "4",
    "BaseSlice": "slices/POIs/Assembly/Nature/AngryEarth/AngryEarth_Rockpile_SM_A.slice",
    "InteractTag": "",
    "InteractOnlyOnQuest": ""
  }
]