[
  {
    "SpellID": "Leadership_Buff",
    "StatusEffects": "Sword_Leadership",
    "StatusEffectDurations": "",
    "Revive": "",
    "Siphon": "",
    "AttachToOwner": "1",
    "StickWhenAttached": "",
    "StoreOffsetWhenStuckToGDE": "",
    "SpawnSecondaryOnElapsed": "",
    "SpawnSecondaryOnCollision": "",
    "EndOnCasterDeath": "",
    "IgnoreTargetIfAtDeathsDoor": "",
    "IgnoreTargetIfDead": "",
    "UseCameraTargetLock": "",
    "TrackNumInVolume": "",
    "ClearOnExit": "0",
    "ClearOnEnd": "1",
    "ManaCost": "",
    "UseStatusEffectDuration": "0",
    "Duration": "-1",
    "DurationScaling": "",
    "Height": "5",
    "Length": "",
    "Radius": "15",
    "InnerRadius": "",
    "RadiusScaling": "",
    "MaxRadiusScaling": "",
    "CastDistance": "0",
    "CastHeight": "5",
    "CastRadius": "",
    "ConeAngle": "",
    "ConeWidth": "",
    "ChannelTime": "0",
    "ChainDelayDuration": "",
    "MaxChainNum": "",
    "UseChainCasterPaperdoll": "",
    "NumToSpawn": "",
    "NumToSpawnBeforeFail": "",
    "SpawnRate": "",
    "SpawnAngle": "",
    "SecondarySpellProjectileLaunchAngles": "",
    "ScaleWithCharacterBoundingBox": "",
    "ScaleWithDynamicScale": "",
    "TargetTypes": "GroupNoRange",
    "SpellTypes": "Celestial",
    "CastingTypes": "AoE",
    "HitAiTarget": "",
    "OverrideTargetForAiThreat": "",
    "ShapeTypes": "Sphere",
    "DamageType": "",
    "CheckObstructions": "",
    "IgnoreOverheadCollision": "1",
    "IgnoreStructures": "",
    "IgnoreSelf": "",
    "RangedAttackProfile": "",
    "RangedAttackName": "",
    "FireJointName": "",
    "ProjPosOffsetX": "",
    "ProjPosOffsetY": "",
    "ProjPosOffsetZ": "",
    "ProjRotOffsetX": "",
    "ProjRotOffsetY": "",
    "ProjRotOffsetZ": "",
    "CharRelPosOffsetX": "",
    "CharRelPosOffsetY": "",
    "CharRelPosOffsetZ": "",
    "CharRelRotOffsetX": "",
    "CharRelRotOffsetY": "",
    "CharRelRotOffsetZ": "",
    "ProjRaycastOrientation": "",
    "DamageTable": "",
    "DamageTableRow": "",
    "AbilityId": "",
    "TargetAbilityCondition": "",
    "BeamEffect": "",
    "IndicatorVFX": "",
    "SpellPrefabPath": "Items/Weapons/spell_aoe_leadership_norange",
    "SecondaryPrefabPath": "",
    "SecondarySpellID": "",
    "TertiaryPrefabPath": "",
    "TertiarySpellID": ""
  },
  {
    "SpellID": "ZealousWhirlingBlade_Detection1",
    "StatusEffects": "",
    "StatusEffectDurations": "",
    "Revive": "",
    "Siphon": "",
    "AttachToOwner": "1",
    "StickWhenAttached": "",
    "StoreOffsetWhenStuckToGDE": "",
    "SpawnSecondaryOnElapsed": "",
    "SpawnSecondaryOnCollision": "",
    "EndOnCasterDeath": "",
    "IgnoreTargetIfAtDeathsDoor": "",
    "IgnoreTargetIfDead": "",
    "UseCameraTargetLock": "",
    "TrackNumInVolume": "1",
    "ClearOnExit": "1",
    "ClearOnEnd": "1",
    "ManaCost": "",
    "UseStatusEffectDuration": "0",
    "Duration": "-1",
    "DurationScaling": "",
    "Height": "",
    "Length": "",
    "Radius": "5",
    "InnerRadius": "",
    "RadiusScaling": "",
    "MaxRadiusScaling": "",
    "CastDistance": "0",
    "CastHeight": "0",
    "CastRadius": "",
    "ConeAngle": "",
    "ConeWidth": "",
    "ChannelTime": "0",
    "ChainDelayDuration": "",
    "MaxChainNum": "",
    "UseChainCasterPaperdoll": "",
    "NumToSpawn": "",
    "NumToSpawnBeforeFail": "",
    "SpawnRate": "",
    "SpawnAngle": "",
    "SecondarySpellProjectileLaunchAngles": "",
    "ScaleWithCharacterBoundingBox": "",
    "ScaleWithDynamicScale": "",
    "TargetTypes": "Enemy",
    "SpellTypes": "Ability",
    "CastingTypes": "AoE",
    "HitAiTarget": "",
    "OverrideTargetForAiThreat": "",
    "ShapeTypes": "Sphere",
    "DamageType": "",
    "CheckObstructions": "",
    "IgnoreOverheadCollision": "1",
    "IgnoreStructures": "",
    "IgnoreSelf": "",
    "RangedAttackProfile": "",
    "RangedAttackName": "",
    "FireJointName": "",
    "ProjPosOffsetX": "",
    "ProjPosOffsetY": "",
    "ProjPosOffsetZ": "",
    "ProjRotOffsetX": "",
    "ProjRotOffsetY": "",
    "ProjRotOffsetZ": "",
    "CharRelPosOffsetX": "",
    "CharRelPosOffsetY": "",
    "CharRelPosOffsetZ": "",
    "CharRelRotOffsetX": "",
    "CharRelRotOffsetY": "",
    "CharRelRotOffsetZ": "",
    "ProjRaycastOrientation": "",
    "DamageTable": "",
    "DamageTableRow": "",
    "AbilityId": "SpinAttackDamagePerk1",
    "TargetAbilityCondition": "",
    "BeamEffect": "",
    "IndicatorVFX": "",
    "SpellPrefabPath": "Items/Weapons/spell_NumAroundMe_Enemy",
    "SecondaryPrefabPath": "",
    "SecondarySpellID": "",
    "TertiaryPrefabPath": "",
    "TertiarySpellID": ""
  },
  {
    "SpellID": "ZealousWhirlingBlade_Detection2",
    "StatusEffects": "",
    "StatusEffectDurations": "",
    "Revive": "",
    "Siphon": "",
    "AttachToOwner": "1",
    "StickWhenAttached": "",
    "StoreOffsetWhenStuckToGDE": "",
    "SpawnSecondaryOnElapsed": "",
    "SpawnSecondaryOnCollision": "",
    "EndOnCasterDeath": "",
    "IgnoreTargetIfAtDeathsDoor": "",
    "IgnoreTargetIfDead": "",
    "UseCameraTargetLock": "",
    "TrackNumInVolume": "1",
    "ClearOnExit": "1",
    "ClearOnEnd": "1",
    "ManaCost": "",
    "UseStatusEffectDuration": "0",
    "Duration": "-1",
    "DurationScaling": "",
    "Height": "",
    "Length": "",
    "Radius": "5",
    "InnerRadius": "",
    "RadiusScaling": "",
    "MaxRadiusScaling": "",
    "CastDistance": "0",
    "CastHeight": "0",
    "CastRadius": "",
    "ConeAngle": "",
    "ConeWidth": "",
    "ChannelTime": "0",
    "ChainDelayDuration": "",
    "MaxChainNum": "",
    "UseChainCasterPaperdoll": "",
    "NumToSpawn": "",
    "NumToSpawnBeforeFail": "",
    "SpawnRate": "",
    "SpawnAngle": "",
    "SecondarySpellProjectileLaunchAngles": "",
    "ScaleWithCharacterBoundingBox": "",
    "ScaleWithDynamicScale": "",
    "TargetTypes": "Enemy",
    "SpellTypes": "Ability",
    "CastingTypes": "AoE",
    "HitAiTarget": "",
    "OverrideTargetForAiThreat": "",
    "ShapeTypes": "Sphere",
    "DamageType": "",
    "CheckObstructions": "",
    "IgnoreOverheadCollision": "1",
    "IgnoreStructures": "",
    "IgnoreSelf": "",
    "RangedAttackProfile": "",
    "RangedAttackName": "",
    "FireJointName": "",
    "ProjPosOffsetX": "",
    "ProjPosOffsetY": "",
    "ProjPosOffsetZ": "",
    "ProjRotOffsetX": "",
    "ProjRotOffsetY": "",
    "ProjRotOffsetZ": "",
    "CharRelPosOffsetX": "",
    "CharRelPosOffsetY": "",
    "CharRelPosOffsetZ": "",
    "CharRelRotOffsetX": "",
    "CharRelRotOffsetY": "",
    "CharRelRotOffsetZ": "",
    "ProjRaycastOrientation": "",
    "DamageTable": "",
    "DamageTableRow": "",
    "AbilityId": "SpinAttackDamagePerk2",
    "TargetAbilityCondition": "",
    "BeamEffect": "",
    "IndicatorVFX": "",
    "SpellPrefabPath": "Items/Weapons/spell_NumAroundMe_Enemy",
    "SecondaryPrefabPath": "",
    "SecondarySpellID": "",
    "TertiaryPrefabPath": "",
    "TertiarySpellID": ""
  },
  {
    "SpellID": "ZealousWhirlingBlade_Detection3",
    "StatusEffects": "",
    "StatusEffectDurations": "",
    "Revive": "",
    "Siphon": "",
    "AttachToOwner": "1",
    "StickWhenAttached": "",
    "StoreOffsetWhenStuckToGDE": "",
    "SpawnSecondaryOnElapsed": "",
    "SpawnSecondaryOnCollision": "",
    "EndOnCasterDeath": "",
    "IgnoreTargetIfAtDeathsDoor": "",
    "IgnoreTargetIfDead": "",
    "UseCameraTargetLock": "",
    "TrackNumInVolume": "1",
    "ClearOnExit": "1",
    "ClearOnEnd": "1",
    "ManaCost": "",
    "UseStatusEffectDuration": "0",
    "Duration": "-1",
    "DurationScaling": "",
    "Height": "",
    "Length": "",
    "Radius": "5",
    "InnerRadius": "",
    "RadiusScaling": "",
    "MaxRadiusScaling": "",
    "CastDistance": "0",
    "CastHeight": "0",
    "CastRadius": "",
    "ConeAngle": "",
    "ConeWidth": "",
    "ChannelTime": "0",
    "ChainDelayDuration": "",
    "MaxChainNum": "",
    "UseChainCasterPaperdoll": "",
    "NumToSpawn": "",
    "NumToSpawnBeforeFail": "",
    "SpawnRate": "",
    "SpawnAngle": "",
    "SecondarySpellProjectileLaunchAngles": "",
    "ScaleWithCharacterBoundingBox": "",
    "ScaleWithDynamicScale": "",
    "TargetTypes": "Enemy",
    "SpellTypes": "Ability",
    "CastingTypes": "AoE",
    "HitAiTarget": "",
    "OverrideTargetForAiThreat": "",
    "ShapeTypes": "Sphere",
    "DamageType": "",
    "CheckObstructions": "",
    "IgnoreOverheadCollision": "1",
    "IgnoreStructures": "",
    "IgnoreSelf": "",
    "RangedAttackProfile": "",
    "RangedAttackName": "",
    "FireJointName": "",
    "ProjPosOffsetX": "",
    "ProjPosOffsetY": "",
    "ProjPosOffsetZ": "",
    "ProjRotOffsetX": "",
    "ProjRotOffsetY": "",
    "ProjRotOffsetZ": "",
    "CharRelPosOffsetX": "",
    "CharRelPosOffsetY": "",
    "CharRelPosOffsetZ": "",
    "CharRelRotOffsetX": "",
    "CharRelRotOffsetY": "",
    "CharRelRotOffsetZ": "",
    "ProjRaycastOrientation": "",
    "DamageTable": "",
    "DamageTableRow": "",
    "AbilityId": "SpinAttackDamagePerk3",
    "TargetAbilityCondition": "",
    "BeamEffect": "",
    "IndicatorVFX": "",
    "SpellPrefabPath": "Items/Weapons/spell_NumAroundMe_Enemy",
    "SecondaryPrefabPath": "",
    "SecondarySpellID": "",
    "TertiaryPrefabPath": "",
    "TertiarySpellID": ""
  },
  {
    "SpellID": "Perk_Spell_WhirlingBlade_Detection",
    "StatusEffects": "",
    "StatusEffectDurations": "",
    "Revive": "",
    "Siphon": "",
    "AttachToOwner": "1",
    "StickWhenAttached": "",
    "StoreOffsetWhenStuckToGDE": "",
    "SpawnSecondaryOnElapsed": "",
    "SpawnSecondaryOnCollision": "",
    "EndOnCasterDeath": "",
    "IgnoreTargetIfAtDeathsDoor": "",
    "IgnoreTargetIfDead": "",
    "UseCameraTargetLock": "",
    "TrackNumInVolume": "1",
    "ClearOnExit": "1",
    "ClearOnEnd": "1",
    "ManaCost": "",
    "UseStatusEffectDuration": "0",
    "Duration": "-1",
    "DurationScaling": "",
    "Height": "",
    "Length": "",
    "Radius": "3",
    "InnerRadius": "",
    "RadiusScaling": "",
    "MaxRadiusScaling": "",
    "CastDistance": "0",
    "CastHeight": "0",
    "CastRadius": "",
    "ConeAngle": "",
    "ConeWidth": "",
    "ChannelTime": "0",
    "ChainDelayDuration": "",
    "MaxChainNum": "",
    "UseChainCasterPaperdoll": "",
    "NumToSpawn": "",
    "NumToSpawnBeforeFail": "",
    "SpawnRate": "",
    "SpawnAngle": "",
    "SecondarySpellProjectileLaunchAngles": "",
    "ScaleWithCharacterBoundingBox": "",
    "ScaleWithDynamicScale": "",
    "TargetTypes": "Enemy",
    "SpellTypes": "Ability",
    "CastingTypes": "AoE",
    "HitAiTarget": "",
    "OverrideTargetForAiThreat": "",
    "ShapeTypes": "Sphere",
    "DamageType": "",
    "CheckObstructions": "",
    "IgnoreOverheadCollision": "1",
    "IgnoreStructures": "",
    "IgnoreSelf": "",
    "RangedAttackProfile": "",
    "RangedAttackName": "",
    "FireJointName": "",
    "ProjPosOffsetX": "",
    "ProjPosOffsetY": "",
    "ProjPosOffsetZ": "",
    "ProjRotOffsetX": "",
    "ProjRotOffsetY": "",
    "ProjRotOffsetZ": "",
    "CharRelPosOffsetX": "",
    "CharRelPosOffsetY": "",
    "CharRelPosOffsetZ": "",
    "CharRelRotOffsetX": "",
    "CharRelRotOffsetY": "",
    "CharRelRotOffsetZ": "",
    "ProjRaycastOrientation": "",
    "DamageTable": "",
    "DamageTableRow": "",
    "AbilityId": "GlobalPerk_Ability_Sword_WhirlingBlade",
    "TargetAbilityCondition": "",
    "BeamEffect": "",
    "IndicatorVFX": "",
    "SpellPrefabPath": "Items/Weapons/spell_NumAroundMe_Enemy",
    "SecondaryPrefabPath": "",
    "SecondarySpellID": "",
    "TertiaryPrefabPath": "",
    "TertiarySpellID": ""
  },
  {
    "SpellID": "Spell_Ability_Sword_Bash_Shout",
    "StatusEffects": "Status_Upgrade_Sword_Rush_Weak",
    "StatusEffectDurations": "",
    "Revive": "",
    "Siphon": "",
    "AttachToOwner": "",
    "StickWhenAttached": "",
    "StoreOffsetWhenStuckToGDE": "",
    "SpawnSecondaryOnElapsed": "",
    "SpawnSecondaryOnCollision": "",
    "EndOnCasterDeath": "",
    "IgnoreTargetIfAtDeathsDoor": "",
    "IgnoreTargetIfDead": "",
    "UseCameraTargetLock": "",
    "TrackNumInVolume": "",
    "ClearOnExit": "0",
    "ClearOnEnd": "0",
    "ManaCost": "",
    "UseStatusEffectDuration": "1",
    "Duration": "1000",
    "DurationScaling": "",
    "Height": "1",
    "Length": "",
    "Radius": "5",
    "InnerRadius": "",
    "RadiusScaling": "",
    "MaxRadiusScaling": "",
    "CastDistance": "0",
    "CastHeight": "1",
    "CastRadius": "",
    "ConeAngle": "",
    "ConeWidth": "",
    "ChannelTime": "0",
    "ChainDelayDuration": "",
    "MaxChainNum": "",
    "UseChainCasterPaperdoll": "",
    "NumToSpawn": "",
    "NumToSpawnBeforeFail": "",
    "SpawnRate": "",
    "SpawnAngle": "",
    "SecondarySpellProjectileLaunchAngles": "",
    "ScaleWithCharacterBoundingBox": "",
    "ScaleWithDynamicScale": "",
    "TargetTypes": "Enemy",
    "SpellTypes": "Ability",
    "CastingTypes": "AoE",
    "HitAiTarget": "",
    "OverrideTargetForAiThreat": "",
    "ShapeTypes": "Sphere",
    "DamageType": "",
    "CheckObstructions": "1",
    "IgnoreOverheadCollision": "1",
    "IgnoreStructures": "",
    "IgnoreSelf": "",
    "RangedAttackProfile": "",
    "RangedAttackName": "",
    "FireJointName": "",
    "ProjPosOffsetX": "",
    "ProjPosOffsetY": "",
    "ProjPosOffsetZ": "",
    "ProjRotOffsetX": "",
    "ProjRotOffsetY": "",
    "ProjRotOffsetZ": "",
    "CharRelPosOffsetX": "",
    "CharRelPosOffsetY": "",
    "CharRelPosOffsetZ": "",
    "CharRelRotOffsetX": "",
    "CharRelRotOffsetY": "",
    "CharRelRotOffsetZ": "",
    "ProjRaycastOrientation": "",
    "DamageTable": "DamageTable",
    "DamageTableRow": "OH_Shield_Attack_RushThreat",
    "AbilityId": "",
    "TargetAbilityCondition": "",
    "BeamEffect": "",
    "IndicatorVFX": "",
    "SpellPrefabPath": "Items/Weapons/spell_aoe_intimidating_rush",
    "SecondaryPrefabPath": "",
    "SecondarySpellID": "",
    "TertiaryPrefabPath": "",
    "TertiarySpellID": ""
  },
  {
    "SpellID": "Spell_Ultimate_Sword_Defender",
    "StatusEffects": "Status_Ultimate_Sword_Defender",
    "StatusEffectDurations": "",
    "Revive": "",
    "Siphon": "",
    "AttachToOwner": "1",
    "StickWhenAttached": "1",
    "StoreOffsetWhenStuckToGDE": "1",
    "SpawnSecondaryOnElapsed": "",
    "SpawnSecondaryOnCollision": "",
    "EndOnCasterDeath": "1",
    "IgnoreTargetIfAtDeathsDoor": "",
    "IgnoreTargetIfDead": "",
    "UseCameraTargetLock": "",
    "TrackNumInVolume": "",
    "ClearOnExit": "1",
    "ClearOnEnd": "1",
    "ManaCost": "",
    "UseStatusEffectDuration": "0",
    "Duration": "-1",
    "DurationScaling": "",
    "Height": "5",
    "Length": "",
    "Radius": "3",
    "InnerRadius": "",
    "RadiusScaling": "",
    "MaxRadiusScaling": "",
    "CastDistance": "",
    "CastHeight": "",
    "CastRadius": "",
    "ConeAngle": "",
    "ConeWidth": "",
    "ChannelTime": "",
    "ChainDelayDuration": "",
    "MaxChainNum": "",
    "UseChainCasterPaperdoll": "",
    "NumToSpawn": "",
    "NumToSpawnBeforeFail": "",
    "SpawnRate": "",
    "SpawnAngle": "",
    "SecondarySpellProjectileLaunchAngles": "",
    "ScaleWithCharacterBoundingBox": "",
    "ScaleWithDynamicScale": "",
    "TargetTypes": "Friend",
    "SpellTypes": "Celestial",
    "CastingTypes": "AoE",
    "HitAiTarget": "",
    "OverrideTargetForAiThreat": "",
    "ShapeTypes": "Sphere",
    "DamageType": "",
    "CheckObstructions": "",
    "IgnoreOverheadCollision": "1",
    "IgnoreStructures": "",
    "IgnoreSelf": "",
    "RangedAttackProfile": "",
    "RangedAttackName": "",
    "FireJointName": "",
    "ProjPosOffsetX": "",
    "ProjPosOffsetY": "",
    "ProjPosOffsetZ": "",
    "ProjRotOffsetX": "",
    "ProjRotOffsetY": "",
    "ProjRotOffsetZ": "",
    "CharRelPosOffsetX": "",
    "CharRelPosOffsetY": "",
    "CharRelPosOffsetZ": "",
    "CharRelRotOffsetX": "",
    "CharRelRotOffsetY": "",
    "CharRelRotOffsetZ": "",
    "ProjRaycastOrientation": "",
    "DamageTable": "",
    "DamageTableRow": "",
    "AbilityId": "",
    "TargetAbilityCondition": "",
    "BeamEffect": "",
    "IndicatorVFX": "",
    "SpellPrefabPath": "Items/Weapons/spell_shield_ultimate",
    "SecondaryPrefabPath": "",
    "SecondarySpellID": "",
    "TertiaryPrefabPath": "",
    "TertiarySpellID": ""
  }
]