[
  {
    "Level": "1",
    "KillExperience": "10",
    "KillCurrency": "310",
    "KillAzoth": "0",
    "QuestExperience": "50",
    "QuestCurrency": "1517",
    "QuestAzoth": "0",
    "DarknessMajor": "",
    "Darkness Minor": "",
    "WarExperience": "40",
    "WarCurrency": "3100",
    "WarAzoth": "250",
    "WarFactionTokens": "800",
    "WarFactionReputation": "800",
    "WarTerritoryStanding": "375"
  },
  {
    "Level": "2",
    "KillExperience": "11",
    "KillCurrency": "320",
    "KillAzoth": "0",
    "QuestExperience": "100",
    "QuestCurrency": "1596",
    "QuestAzoth": "0",
    "DarknessMajor": "",
    "Darkness Minor": "",
    "WarExperience": "80",
    "WarCurrency": "3200",
    "WarAzoth": "250",
    "WarFactionTokens": "800",
    "WarFactionReputation": "800",
    "WarTerritoryStanding": "375"
  },
  {
    "Level": "3",
    "KillExperience": "12",
    "KillCurrency": "330",
    "KillAzoth": "0",
    "QuestExperience": "100",
    "QuestCurrency": "1680",
    "QuestAzoth": "0",
    "DarknessMajor": "",
    "Darkness Minor": "",
    "WarExperience": "120",
    "WarCurrency": "3300",
    "WarAzoth": "250",
    "WarFactionTokens": "800",
    "WarFactionReputation": "800",
    "WarTerritoryStanding": "375"
  },
  {
    "Level": "4",
    "KillExperience": "13",
    "KillCurrency": "340.00000000000006",
    "KillAzoth": "0",
    "QuestExperience": "100",
    "QuestCurrency": "1768.0000000000002",
    "QuestAzoth": "0",
    "DarknessMajor": "",
    "Darkness Minor": "",
    "WarExperience": "160",
    "WarCurrency": "3400",
    "WarAzoth": "250",
    "WarFactionTokens": "800",
    "WarFactionReputation": "800",
    "WarTerritoryStanding": "375"
  },
  {
    "Level": "5",
    "KillExperience": "14",
    "KillCurrency": "350",
    "KillAzoth": "0",
    "QuestExperience": "120",
    "QuestCurrency": "1861.0000000000002",
    "QuestAzoth": "0",
    "DarknessMajor": "",
    "Darkness Minor": "",
    "WarExperience": "200",
    "WarCurrency": "3500",
    "WarAzoth": "250",
    "WarFactionTokens": "800",
    "WarFactionReputation": "800",
    "WarTerritoryStanding": "375"
  },
  {
    "Level": "6",
    "KillExperience": "15",
    "KillCurrency": "360",
    "KillAzoth": "0",
    "QuestExperience": "130",
    "QuestCurrency": "1958.0000000000002",
    "QuestAzoth": "0",
    "DarknessMajor": "",
    "Darkness Minor": "",
    "WarExperience": "240",
    "WarCurrency": "3600",
    "WarAzoth": "250",
    "WarFactionTokens": "800",
    "WarFactionReputation": "800",
    "WarTerritoryStanding": "375"
  },
  {
    "Level": "7",
    "KillExperience": "16",
    "KillCurrency": "370",
    "KillAzoth": "0",
    "QuestExperience": "160",
    "QuestCurrency": "2061.0000000000005",
    "QuestAzoth": "0",
    "DarknessMajor": "",
    "Darkness Minor": "",
    "WarExperience": "280",
    "WarCurrency": "3700",
    "WarAzoth": "250",
    "WarFactionTokens": "800",
    "WarFactionReputation": "800",
    "WarTerritoryStanding": "375"
  },
  {
    "Level": "8",
    "KillExperience": "17",
    "KillCurrency": "380",
    "KillAzoth": "0",
    "QuestExperience": "190",
    "QuestCurrency": "2169",
    "QuestAzoth": "0",
    "DarknessMajor": "",
    "Darkness Minor": "",
    "WarExperience": "320",
    "WarCurrency": "3800",
    "WarAzoth": "250",
    "WarFactionTokens": "800",
    "WarFactionReputation": "800",
    "WarTerritoryStanding": "375"
  },
  {
    "Level": "9",
    "KillExperience": "18",
    "KillCurrency": "390.00000000000006",
    "KillAzoth": "0",
    "QuestExperience": "230",
    "QuestCurrency": "2283",
    "QuestAzoth": "0",
    "DarknessMajor": "",
    "Darkness Minor": "",
    "WarExperience": "360",
    "WarCurrency": "3900",
    "WarAzoth": "250",
    "WarFactionTokens": "800",
    "WarFactionReputation": "800",
    "WarTerritoryStanding": "375"
  },
  {
    "Level": "10",
    "KillExperience": "19",
    "KillCurrency": "400",
    "KillAzoth": "0",
    "QuestExperience": "260",
    "QuestCurrency": "2403",
    "QuestAzoth": "0",
    "DarknessMajor": "",
    "Darkness Minor": "",
    "WarExperience": "400",
    "WarCurrency": "4000",
    "WarAzoth": "250",
    "WarFactionTokens": "800",
    "WarFactionReputation": "800",
    "WarTerritoryStanding": "375"
  },
  {
    "Level": "11",
    "KillExperience": "20",
    "KillCurrency": "410.00000000000006",
    "KillAzoth": "0",
    "QuestExperience": "300",
    "QuestCurrency": "2529.0000000000005",
    "QuestAzoth": "0",
    "DarknessMajor": "",
    "Darkness Minor": "",
    "WarExperience": "440",
    "WarCurrency": "4100",
    "WarAzoth": "250",
    "WarFactionTokens": "800",
    "WarFactionReputation": "800",
    "WarTerritoryStanding": "375"
  },
  {
    "Level": "12",
    "KillExperience": "21",
    "KillCurrency": "420",
    "KillAzoth": "0",
    "QuestExperience": "310",
    "QuestCurrency": "2662",
    "QuestAzoth": "0",
    "DarknessMajor": "",
    "Darkness Minor": "",
    "WarExperience": "480",
    "WarCurrency": "4200",
    "WarAzoth": "250",
    "WarFactionTokens": "800",
    "WarFactionReputation": "800",
    "WarTerritoryStanding": "375"
  },
  {
    "Level": "13",
    "KillExperience": "22",
    "KillCurrency": "430",
    "KillAzoth": "10",
    "QuestExperience": "320",
    "QuestCurrency": "2802.0000000000005",
    "QuestAzoth": "10",
    "DarknessMajor": "",
    "Darkness Minor": "",
    "WarExperience": "520",
    "WarCurrency": "4300",
    "WarAzoth": "250",
    "WarFactionTokens": "800",
    "WarFactionReputation": "800",
    "WarTerritoryStanding": "375"
  },
  {
    "Level": "14",
    "KillExperience": "23",
    "KillCurrency": "440.00000000000006",
    "KillAzoth": "10",
    "QuestExperience": "340",
    "QuestCurrency": "2949",
    "QuestAzoth": "10",
    "DarknessMajor": "",
    "Darkness Minor": "",
    "WarExperience": "560",
    "WarCurrency": "4400",
    "WarAzoth": "250",
    "WarFactionTokens": "800",
    "WarFactionReputation": "800",
    "WarTerritoryStanding": "375"
  },
  {
    "Level": "15",
    "KillExperience": "24",
    "KillCurrency": "450",
    "KillAzoth": "10",
    "QuestExperience": "350",
    "QuestCurrency": "3104.0000000000005",
    "QuestAzoth": "10",
    "DarknessMajor": "",
    "Darkness Minor": "",
    "WarExperience": "600",
    "WarCurrency": "4500",
    "WarAzoth": "250",
    "WarFactionTokens": "800",
    "WarFactionReputation": "800",
    "WarTerritoryStanding": "375"
  },
  {
    "Level": "16",
    "KillExperience": "25",
    "KillCurrency": "460.00000000000006",
    "KillAzoth": "10",
    "QuestExperience": "370",
    "QuestCurrency": "3266.9999999999995",
    "QuestAzoth": "10",
    "DarknessMajor": "",
    "Darkness Minor": "",
    "WarExperience": "640",
    "WarCurrency": "4600",
    "WarAzoth": "250",
    "WarFactionTokens": "800",
    "WarFactionReputation": "800",
    "WarTerritoryStanding": "375"
  },
  {
    "Level": "17",
    "KillExperience": "26",
    "KillCurrency": "470",
    "KillAzoth": "10",
    "QuestExperience": "400",
    "QuestCurrency": "3437.9999999999995",
    "QuestAzoth": "10",
    "DarknessMajor": "",
    "Darkness Minor": "",
    "WarExperience": "680",
    "WarCurrency": "4700",
    "WarAzoth": "250",
    "WarFactionTokens": "800",
    "WarFactionReputation": "800",
    "WarTerritoryStanding": "375"
  },
  {
    "Level": "18",
    "KillExperience": "27",
    "KillCurrency": "480.00000000000006",
    "KillAzoth": "10",
    "QuestExperience": "430",
    "QuestCurrency": "3618",
    "QuestAzoth": "10",
    "DarknessMajor": "",
    "Darkness Minor": "",
    "WarExperience": "720",
    "WarCurrency": "4800",
    "WarAzoth": "250",
    "WarFactionTokens": "800",
    "WarFactionReputation": "800",
    "WarTerritoryStanding": "375"
  },
  {
    "Level": "19",
    "KillExperience": "28",
    "KillCurrency": "490.00000000000006",
    "KillAzoth": "10",
    "QuestExperience": "460",
    "QuestCurrency": "3808",
    "QuestAzoth": "10",
    "DarknessMajor": "",
    "Darkness Minor": "",
    "WarExperience": "760",
    "WarCurrency": "4900",
    "WarAzoth": "250",
    "WarFactionTokens": "800",
    "WarFactionReputation": "800",
    "WarTerritoryStanding": "375"
  },
  {
    "Level": "20",
    "KillExperience": "29",
    "KillCurrency": "500",
    "KillAzoth": "10",
    "QuestExperience": "480",
    "QuestCurrency": "4008",
    "QuestAzoth": "10",
    "DarknessMajor": "",
    "Darkness Minor": "",
    "WarExperience": "800",
    "WarCurrency": "5000",
    "WarAzoth": "250",
    "WarFactionTokens": "800",
    "WarFactionReputation": "800",
    "WarTerritoryStanding": "375"
  },
  {
    "Level": "21",
    "KillExperience": "30",
    "KillCurrency": "510.00000000000006",
    "KillAzoth": "10",
    "QuestExperience": "510",
    "QuestCurrency": "4218",
    "QuestAzoth": "10",
    "DarknessMajor": "",
    "Darkness Minor": "",
    "WarExperience": "840",
    "WarCurrency": "5100",
    "WarAzoth": "250",
    "WarFactionTokens": "800",
    "WarFactionReputation": "800",
    "WarTerritoryStanding": "375"
  },
  {
    "Level": "22",
    "KillExperience": "31",
    "KillCurrency": "520",
    "KillAzoth": "10",
    "QuestExperience": "540",
    "QuestCurrency": "4440",
    "QuestAzoth": "10",
    "DarknessMajor": "",
    "Darkness Minor": "",
    "WarExperience": "880",
    "WarCurrency": "5200",
    "WarAzoth": "250",
    "WarFactionTokens": "800",
    "WarFactionReputation": "800",
    "WarTerritoryStanding": "375"
  },
  {
    "Level": "23",
    "KillExperience": "32",
    "KillCurrency": "530.00000000000011",
    "KillAzoth": "10",
    "QuestExperience": "560",
    "QuestCurrency": "4673",
    "QuestAzoth": "10",
    "DarknessMajor": "",
    "Darkness Minor": "",
    "WarExperience": "920",
    "WarCurrency": "5300",
    "WarAzoth": "250",
    "WarFactionTokens": "800",
    "WarFactionReputation": "800",
    "WarTerritoryStanding": "375"
  },
  {
    "Level": "24",
    "KillExperience": "33",
    "KillCurrency": "540",
    "KillAzoth": "10",
    "QuestExperience": "590",
    "QuestCurrency": "4918",
    "QuestAzoth": "10",
    "DarknessMajor": "",
    "Darkness Minor": "",
    "WarExperience": "960",
    "WarCurrency": "5400",
    "WarAzoth": "250",
    "WarFactionTokens": "800",
    "WarFactionReputation": "800",
    "WarTerritoryStanding": "375"
  },
  {
    "Level": "25",
    "KillExperience": "34",
    "KillCurrency": "550",
    "KillAzoth": "10",
    "QuestExperience": "610",
    "QuestCurrency": "5176",
    "QuestAzoth": "10",
    "DarknessMajor": "50",
    "Darkness Minor": "25",
    "WarExperience": "1000",
    "WarCurrency": "5500",
    "WarAzoth": "250",
    "WarFactionTokens": "800",
    "WarFactionReputation": "800",
    "WarTerritoryStanding": "375"
  },
  {
    "Level": "26",
    "KillExperience": "35",
    "KillCurrency": "560",
    "KillAzoth": "10",
    "QuestExperience": "640",
    "QuestCurrency": "5448",
    "QuestAzoth": "10",
    "DarknessMajor": "",
    "Darkness Minor": "",
    "WarExperience": "1040",
    "WarCurrency": "5600",
    "WarAzoth": "250",
    "WarFactionTokens": "800",
    "WarFactionReputation": "800",
    "WarTerritoryStanding": "375"
  },
  {
    "Level": "27",
    "KillExperience": "36",
    "KillCurrency": "570",
    "KillAzoth": "10",
    "QuestExperience": "660",
    "QuestCurrency": "5734",
    "QuestAzoth": "10",
    "DarknessMajor": "",
    "Darkness Minor": "",
    "WarExperience": "1080",
    "WarCurrency": "5700",
    "WarAzoth": "250",
    "WarFactionTokens": "800",
    "WarFactionReputation": "800",
    "WarTerritoryStanding": "375"
  },
  {
    "Level": "28",
    "KillExperience": "37",
    "KillCurrency": "580.00000000000011",
    "KillAzoth": "10",
    "QuestExperience": "690",
    "QuestCurrency": "6035",
    "QuestAzoth": "10",
    "DarknessMajor": "",
    "Darkness Minor": "",
    "WarExperience": "1120",
    "WarCurrency": "5800",
    "WarAzoth": "250",
    "WarFactionTokens": "800",
    "WarFactionReputation": "800",
    "WarTerritoryStanding": "375"
  },
  {
    "Level": "29",
    "KillExperience": "38",
    "KillCurrency": "590",
    "KillAzoth": "10",
    "QuestExperience": "710",
    "QuestCurrency": "6352",
    "QuestAzoth": "10",
    "DarknessMajor": "",
    "Darkness Minor": "",
    "WarExperience": "1160",
    "WarCurrency": "5900",
    "WarAzoth": "250",
    "WarFactionTokens": "800",
    "WarFactionReputation": "800",
    "WarTerritoryStanding": "375"
  },
  {
    "Level": "30",
    "KillExperience": "39",
    "KillCurrency": "600",
    "KillAzoth": "10",
    "QuestExperience": "730",
    "QuestCurrency": "6686",
    "QuestAzoth": "10",
    "DarknessMajor": "",
    "Darkness Minor": "",
    "WarExperience": "1200",
    "WarCurrency": "6000",
    "WarAzoth": "250",
    "WarFactionTokens": "800",
    "WarFactionReputation": "800",
    "WarTerritoryStanding": "375"
  },
  {
    "Level": "31",
    "KillExperience": "40",
    "KillCurrency": "610",
    "KillAzoth": "10",
    "QuestExperience": "760",
    "QuestCurrency": "7037",
    "QuestAzoth": "10",
    "DarknessMajor": "",
    "Darkness Minor": "",
    "WarExperience": "1240",
    "WarCurrency": "6100",
    "WarAzoth": "250",
    "WarFactionTokens": "800",
    "WarFactionReputation": "800",
    "WarTerritoryStanding": "375"
  },
  {
    "Level": "32",
    "KillExperience": "41",
    "KillCurrency": "620",
    "KillAzoth": "10",
    "QuestExperience": "780",
    "QuestCurrency": "7407.0000000000009",
    "QuestAzoth": "10",
    "DarknessMajor": "",
    "Darkness Minor": "",
    "WarExperience": "1280",
    "WarCurrency": "6200",
    "WarAzoth": "250",
    "WarFactionTokens": "800",
    "WarFactionReputation": "800",
    "WarTerritoryStanding": "375"
  },
  {
    "Level": "33",
    "KillExperience": "42",
    "KillCurrency": "630.00000000000011",
    "KillAzoth": "10",
    "QuestExperience": "800",
    "QuestCurrency": "7796.0000000000009",
    "QuestAzoth": "10",
    "DarknessMajor": "",
    "Darkness Minor": "",
    "WarExperience": "1320",
    "WarCurrency": "6300",
    "WarAzoth": "250",
    "WarFactionTokens": "800",
    "WarFactionReputation": "800",
    "WarTerritoryStanding": "375"
  },
  {
    "Level": "34",
    "KillExperience": "43",
    "KillCurrency": "640",
    "KillAzoth": "10",
    "QuestExperience": "820",
    "QuestCurrency": "8206",
    "QuestAzoth": "10",
    "DarknessMajor": "",
    "Darkness Minor": "",
    "WarExperience": "1360",
    "WarCurrency": "6400",
    "WarAzoth": "250",
    "WarFactionTokens": "800",
    "WarFactionReputation": "800",
    "WarTerritoryStanding": "375"
  },
  {
    "Level": "35",
    "KillExperience": "44",
    "KillCurrency": "650",
    "KillAzoth": "10",
    "QuestExperience": "840",
    "QuestCurrency": "8637",
    "QuestAzoth": "10",
    "DarknessMajor": "150",
    "Darkness Minor": "50",
    "WarExperience": "1400",
    "WarCurrency": "6500",
    "WarAzoth": "250",
    "WarFactionTokens": "800",
    "WarFactionReputation": "800",
    "WarTerritoryStanding": "375"
  },
  {
    "Level": "36",
    "KillExperience": "45",
    "KillCurrency": "660",
    "KillAzoth": "10",
    "QuestExperience": "870",
    "QuestCurrency": "9091.0000000000018",
    "QuestAzoth": "10",
    "DarknessMajor": "",
    "Darkness Minor": "",
    "WarExperience": "1440",
    "WarCurrency": "6600",
    "WarAzoth": "250",
    "WarFactionTokens": "800",
    "WarFactionReputation": "800",
    "WarTerritoryStanding": "375"
  },
  {
    "Level": "37",
    "KillExperience": "46",
    "KillCurrency": "670",
    "KillAzoth": "10",
    "QuestExperience": "890",
    "QuestCurrency": "9569.0000000000018",
    "QuestAzoth": "10",
    "DarknessMajor": "",
    "Darkness Minor": "",
    "WarExperience": "1480",
    "WarCurrency": "6700",
    "WarAzoth": "250",
    "WarFactionTokens": "800",
    "WarFactionReputation": "800",
    "WarTerritoryStanding": "375"
  },
  {
    "Level": "38",
    "KillExperience": "47",
    "KillCurrency": "680.00000000000011",
    "KillAzoth": "10",
    "QuestExperience": "910",
    "QuestCurrency": "10072",
    "QuestAzoth": "10",
    "DarknessMajor": "",
    "Darkness Minor": "",
    "WarExperience": "1520",
    "WarCurrency": "6800",
    "WarAzoth": "250",
    "WarFactionTokens": "800",
    "WarFactionReputation": "800",
    "WarTerritoryStanding": "375"
  },
  {
    "Level": "39",
    "KillExperience": "48",
    "KillCurrency": "690",
    "KillAzoth": "10",
    "QuestExperience": "930",
    "QuestCurrency": "10602",
    "QuestAzoth": "10",
    "DarknessMajor": "",
    "Darkness Minor": "",
    "WarExperience": "1560",
    "WarCurrency": "6900",
    "WarAzoth": "250",
    "WarFactionTokens": "800",
    "WarFactionReputation": "800",
    "WarTerritoryStanding": "375"
  },
  {
    "Level": "40",
    "KillExperience": "49",
    "KillCurrency": "700",
    "KillAzoth": "10",
    "QuestExperience": "950",
    "QuestCurrency": "11160",
    "QuestAzoth": "10",
    "DarknessMajor": "",
    "Darkness Minor": "",
    "WarExperience": "1600",
    "WarCurrency": "7000",
    "WarAzoth": "250",
    "WarFactionTokens": "800",
    "WarFactionReputation": "800",
    "WarTerritoryStanding": "375"
  },
  {
    "Level": "41",
    "KillExperience": "50",
    "KillCurrency": "710",
    "KillAzoth": "10",
    "QuestExperience": "970",
    "QuestCurrency": "11747",
    "QuestAzoth": "10",
    "DarknessMajor": "",
    "Darkness Minor": "",
    "WarExperience": "1640",
    "WarCurrency": "7100",
    "WarAzoth": "250",
    "WarFactionTokens": "800",
    "WarFactionReputation": "800",
    "WarTerritoryStanding": "375"
  },
  {
    "Level": "42",
    "KillExperience": "51",
    "KillCurrency": "720",
    "KillAzoth": "10",
    "QuestExperience": "1000",
    "QuestCurrency": "12365",
    "QuestAzoth": "10",
    "DarknessMajor": "",
    "Darkness Minor": "",
    "WarExperience": "1680",
    "WarCurrency": "7200",
    "WarAzoth": "250",
    "WarFactionTokens": "800",
    "WarFactionReputation": "800",
    "WarTerritoryStanding": "375"
  },
  {
    "Level": "43",
    "KillExperience": "52",
    "KillCurrency": "730.00000000000011",
    "KillAzoth": "10",
    "QuestExperience": "1020",
    "QuestCurrency": "13014.999999999998",
    "QuestAzoth": "10",
    "DarknessMajor": "",
    "Darkness Minor": "",
    "WarExperience": "1720",
    "WarCurrency": "7300",
    "WarAzoth": "250",
    "WarFactionTokens": "800",
    "WarFactionReputation": "800",
    "WarTerritoryStanding": "375"
  },
  {
    "Level": "44",
    "KillExperience": "53",
    "KillCurrency": "740",
    "KillAzoth": "10",
    "QuestExperience": "1040",
    "QuestCurrency": "13699",
    "QuestAzoth": "10",
    "DarknessMajor": "",
    "Darkness Minor": "",
    "WarExperience": "1760",
    "WarCurrency": "7400",
    "WarAzoth": "250",
    "WarFactionTokens": "800",
    "WarFactionReputation": "800",
    "WarTerritoryStanding": "375"
  },
  {
    "Level": "45",
    "KillExperience": "54",
    "KillCurrency": "750",
    "KillAzoth": "10",
    "QuestExperience": "1050",
    "QuestCurrency": "14419.999999999998",
    "QuestAzoth": "10",
    "DarknessMajor": "200",
    "Darkness Minor": "75",
    "WarExperience": "1800",
    "WarCurrency": "7500",
    "WarAzoth": "250",
    "WarFactionTokens": "800",
    "WarFactionReputation": "800",
    "WarTerritoryStanding": "375"
  },
  {
    "Level": "46",
    "KillExperience": "55",
    "KillCurrency": "760",
    "KillAzoth": "10",
    "QuestExperience": "1080",
    "QuestCurrency": "15178",
    "QuestAzoth": "10",
    "DarknessMajor": "",
    "Darkness Minor": "",
    "WarExperience": "1840",
    "WarCurrency": "7600",
    "WarAzoth": "250",
    "WarFactionTokens": "800",
    "WarFactionReputation": "800",
    "WarTerritoryStanding": "375"
  },
  {
    "Level": "47",
    "KillExperience": "56",
    "KillCurrency": "770",
    "KillAzoth": "10",
    "QuestExperience": "1100",
    "QuestCurrency": "15976",
    "QuestAzoth": "10",
    "DarknessMajor": "",
    "Darkness Minor": "",
    "WarExperience": "1880",
    "WarCurrency": "7700",
    "WarAzoth": "250",
    "WarFactionTokens": "800",
    "WarFactionReputation": "800",
    "WarTerritoryStanding": "375"
  },
  {
    "Level": "48",
    "KillExperience": "57",
    "KillCurrency": "780.00000000000011",
    "KillAzoth": "10",
    "QuestExperience": "1120",
    "QuestCurrency": "16816",
    "QuestAzoth": "10",
    "DarknessMajor": "",
    "Darkness Minor": "",
    "WarExperience": "1920",
    "WarCurrency": "7800",
    "WarAzoth": "250",
    "WarFactionTokens": "800",
    "WarFactionReputation": "800",
    "WarTerritoryStanding": "375"
  },
  {
    "Level": "49",
    "KillExperience": "58",
    "KillCurrency": "790",
    "KillAzoth": "10",
    "QuestExperience": "1140",
    "QuestCurrency": "17701",
    "QuestAzoth": "10",
    "DarknessMajor": "",
    "Darkness Minor": "",
    "WarExperience": "1960",
    "WarCurrency": "7900",
    "WarAzoth": "250",
    "WarFactionTokens": "800",
    "WarFactionReputation": "800",
    "WarTerritoryStanding": "375"
  },
  {
    "Level": "50",
    "KillExperience": "59",
    "KillCurrency": "800",
    "KillAzoth": "10",
    "QuestExperience": "1150",
    "QuestCurrency": "18632",
    "QuestAzoth": "10",
    "DarknessMajor": "",
    "Darkness Minor": "",
    "WarExperience": "2000",
    "WarCurrency": "8000",
    "WarAzoth": "250",
    "WarFactionTokens": "800",
    "WarFactionReputation": "800",
    "WarTerritoryStanding": "375"
  },
  {
    "Level": "51",
    "KillExperience": "60",
    "KillCurrency": "810",
    "KillAzoth": "10",
    "QuestExperience": "1180",
    "QuestCurrency": "19612",
    "QuestAzoth": "10",
    "DarknessMajor": "",
    "Darkness Minor": "",
    "WarExperience": "2040",
    "WarCurrency": "8100",
    "WarAzoth": "250",
    "WarFactionTokens": "800",
    "WarFactionReputation": "800",
    "WarTerritoryStanding": "375"
  },
  {
    "Level": "52",
    "KillExperience": "61",
    "KillCurrency": "820.00000000000011",
    "KillAzoth": "10",
    "QuestExperience": "1180",
    "QuestCurrency": "20644",
    "QuestAzoth": "10",
    "DarknessMajor": "",
    "Darkness Minor": "",
    "WarExperience": "2080",
    "WarCurrency": "8200",
    "WarAzoth": "250",
    "WarFactionTokens": "800",
    "WarFactionReputation": "800",
    "WarTerritoryStanding": "375"
  },
  {
    "Level": "53",
    "KillExperience": "62",
    "KillCurrency": "830.00000000000011",
    "KillAzoth": "10",
    "QuestExperience": "1180",
    "QuestCurrency": "21730",
    "QuestAzoth": "10",
    "DarknessMajor": "",
    "Darkness Minor": "",
    "WarExperience": "2120",
    "WarCurrency": "8300",
    "WarAzoth": "250",
    "WarFactionTokens": "800",
    "WarFactionReputation": "800",
    "WarTerritoryStanding": "375"
  },
  {
    "Level": "54",
    "KillExperience": "63",
    "KillCurrency": "840",
    "KillAzoth": "10",
    "QuestExperience": "1180",
    "QuestCurrency": "22873",
    "QuestAzoth": "10",
    "DarknessMajor": "",
    "Darkness Minor": "",
    "WarExperience": "2160",
    "WarCurrency": "8400",
    "WarAzoth": "250",
    "WarFactionTokens": "800",
    "WarFactionReputation": "800",
    "WarTerritoryStanding": "375"
  },
  {
    "Level": "55",
    "KillExperience": "64",
    "KillCurrency": "850",
    "KillAzoth": "15",
    "QuestExperience": "1180",
    "QuestCurrency": "24076",
    "QuestAzoth": "15",
    "DarknessMajor": "250",
    "Darkness Minor": "100",
    "WarExperience": "2200",
    "WarCurrency": "8500",
    "WarAzoth": "250",
    "WarFactionTokens": "800",
    "WarFactionReputation": "800",
    "WarTerritoryStanding": "375"
  },
  {
    "Level": "56",
    "KillExperience": "65",
    "KillCurrency": "860",
    "KillAzoth": "15",
    "QuestExperience": "1200",
    "QuestCurrency": "25342.999999999996",
    "QuestAzoth": "15",
    "DarknessMajor": "",
    "Darkness Minor": "",
    "WarExperience": "2240",
    "WarCurrency": "8600",
    "WarAzoth": "250",
    "WarFactionTokens": "800",
    "WarFactionReputation": "800",
    "WarTerritoryStanding": "375"
  },
  {
    "Level": "57",
    "KillExperience": "66",
    "KillCurrency": "870.00000000000011",
    "KillAzoth": "15",
    "QuestExperience": "1240",
    "QuestCurrency": "26676",
    "QuestAzoth": "15",
    "DarknessMajor": "",
    "Darkness Minor": "",
    "WarExperience": "2280",
    "WarCurrency": "8700",
    "WarAzoth": "250",
    "WarFactionTokens": "800",
    "WarFactionReputation": "800",
    "WarTerritoryStanding": "375"
  },
  {
    "Level": "58",
    "KillExperience": "67",
    "KillCurrency": "880.00000000000011",
    "KillAzoth": "15",
    "QuestExperience": "1290",
    "QuestCurrency": "28080",
    "QuestAzoth": "15",
    "DarknessMajor": "",
    "Darkness Minor": "",
    "WarExperience": "2320",
    "WarCurrency": "8800",
    "WarAzoth": "250",
    "WarFactionTokens": "800",
    "WarFactionReputation": "800",
    "WarTerritoryStanding": "375"
  },
  {
    "Level": "59",
    "KillExperience": "68",
    "KillCurrency": "890",
    "KillAzoth": "15",
    "QuestExperience": "1330",
    "QuestCurrency": "29557",
    "QuestAzoth": "15",
    "DarknessMajor": "",
    "Darkness Minor": "",
    "WarExperience": "2360",
    "WarCurrency": "8900",
    "WarAzoth": "250",
    "WarFactionTokens": "800",
    "WarFactionReputation": "800",
    "WarTerritoryStanding": "375"
  },
  {
    "Level": "60",
    "KillExperience": "69",
    "KillCurrency": "900",
    "KillAzoth": "15",
    "QuestExperience": "1330",
    "QuestCurrency": "31112",
    "QuestAzoth": "15",
    "DarknessMajor": "300",
    "Darkness Minor": "125",
    "WarExperience": "2400",
    "WarCurrency": "9000",
    "WarAzoth": "250",
    "WarFactionTokens": "800",
    "WarFactionReputation": "800",
    "WarTerritoryStanding": "375"
  },
  {
    "Level": "61",
    "KillExperience": "70",
    "KillCurrency": "910",
    "KillAzoth": "15",
    "QuestExperience": "1330",
    "QuestCurrency": "31500",
    "QuestAzoth": "15",
    "DarknessMajor": "",
    "Darkness Minor": "",
    "WarExperience": "2400",
    "WarCurrency": "9000",
    "WarAzoth": "250",
    "WarFactionTokens": "800",
    "WarFactionReputation": "800",
    "WarTerritoryStanding": "375"
  },
  {
    "Level": "62",
    "KillExperience": "71",
    "KillCurrency": "920.00000000000011",
    "KillAzoth": "15",
    "QuestExperience": "1330",
    "QuestCurrency": "32000",
    "QuestAzoth": "15",
    "DarknessMajor": "",
    "Darkness Minor": "",
    "WarExperience": "2400",
    "WarCurrency": "9000",
    "WarAzoth": "250",
    "WarFactionTokens": "800",
    "WarFactionReputation": "800",
    "WarTerritoryStanding": "375"
  },
  {
    "Level": "63",
    "KillExperience": "72",
    "KillCurrency": "930.00000000000011",
    "KillAzoth": "15",
    "QuestExperience": "1330",
    "QuestCurrency": "33000",
    "QuestAzoth": "15",
    "DarknessMajor": "",
    "Darkness Minor": "",
    "WarExperience": "2400",
    "WarCurrency": "9000",
    "WarAzoth": "250",
    "WarFactionTokens": "800",
    "WarFactionReputation": "800",
    "WarTerritoryStanding": "375"
  },
  {
    "Level": "64",
    "KillExperience": "73",
    "KillCurrency": "940",
    "KillAzoth": "15",
    "QuestExperience": "1330",
    "QuestCurrency": "34000",
    "QuestAzoth": "15",
    "DarknessMajor": "",
    "Darkness Minor": "",
    "WarExperience": "2400",
    "WarCurrency": "9000",
    "WarAzoth": "250",
    "WarFactionTokens": "800",
    "WarFactionReputation": "800",
    "WarTerritoryStanding": "375"
  },
  {
    "Level": "65",
    "KillExperience": "74",
    "KillCurrency": "950",
    "KillAzoth": "15",
    "QuestExperience": "1330",
    "QuestCurrency": "35000",
    "QuestAzoth": "15",
    "DarknessMajor": "350",
    "Darkness Minor": "150",
    "WarExperience": "2400",
    "WarCurrency": "9000",
    "WarAzoth": "250",
    "WarFactionTokens": "800",
    "WarFactionReputation": "800",
    "WarTerritoryStanding": "375"
  },
  {
    "Level": "66",
    "KillExperience": "75",
    "KillCurrency": "960.00000000000011",
    "KillAzoth": "15",
    "QuestExperience": "1330",
    "QuestCurrency": "35000",
    "QuestAzoth": "15",
    "DarknessMajor": "350",
    "Darkness Minor": "150",
    "WarExperience": "2400",
    "WarCurrency": "9000",
    "WarAzoth": "250",
    "WarFactionTokens": "800",
    "WarFactionReputation": "800",
    "WarTerritoryStanding": "375"
  },
  {
    "Level": "67",
    "KillExperience": "76",
    "KillCurrency": "970.00000000000011",
    "KillAzoth": "15",
    "QuestExperience": "1330",
    "QuestCurrency": "35000",
    "QuestAzoth": "15",
    "DarknessMajor": "350",
    "Darkness Minor": "150",
    "WarExperience": "2400",
    "WarCurrency": "9000",
    "WarAzoth": "250",
    "WarFactionTokens": "800",
    "WarFactionReputation": "800",
    "WarTerritoryStanding": "375"
  },
  {
    "Level": "68",
    "KillExperience": "77",
    "KillCurrency": "980.00000000000011",
    "KillAzoth": "15",
    "QuestExperience": "1330",
    "QuestCurrency": "35000",
    "QuestAzoth": "15",
    "DarknessMajor": "350",
    "Darkness Minor": "150",
    "WarExperience": "2400",
    "WarCurrency": "9000",
    "WarAzoth": "250",
    "WarFactionTokens": "800",
    "WarFactionReputation": "800",
    "WarTerritoryStanding": "375"
  },
  {
    "Level": "69",
    "KillExperience": "78",
    "KillCurrency": "990",
    "KillAzoth": "15",
    "QuestExperience": "1330",
    "QuestCurrency": "35000",
    "QuestAzoth": "15",
    "DarknessMajor": "350",
    "Darkness Minor": "150",
    "WarExperience": "2400",
    "WarCurrency": "9000",
    "WarAzoth": "250",
    "WarFactionTokens": "800",
    "WarFactionReputation": "800",
    "WarTerritoryStanding": "375"
  },
  {
    "Level": "70",
    "KillExperience": "79",
    "KillCurrency": "1000",
    "KillAzoth": "15",
    "QuestExperience": "1330",
    "QuestCurrency": "35000",
    "QuestAzoth": "15",
    "DarknessMajor": "350",
    "Darkness Minor": "150",
    "WarExperience": "2400",
    "WarCurrency": "9000",
    "WarAzoth": "250",
    "WarFactionTokens": "800",
    "WarFactionReputation": "800",
    "WarTerritoryStanding": "375"
  }
]