[
  {
    "VariantID": "CorruptionCore_Major_Monolith_DT1",
    "Visuals_Healthy": "slices/Darkness/Events/General/Core/Art/Darkness_Core_Art.dynamicslice",
    "GatherableEntryID": "DarknessMajorMonolithDT1",
    "GatheringRadius": "5",
    "InteractionRadius": "5",
    "DetectableRadius": "3",
    "MarkerRadius": "7",
    "AudioPreload_loop": "Corruption_Beam_A",
    "AudioPreload_Burst_1": "Gath_Alchemy_Fire_Boid",
    "AudioPreload_Burst_2": "Gath_Alchemy_Fire_Boid",
    "AudioPreload_Burst_3": "Gath_Alchemy_Fire_Boid",
    "AudioPreload_depleted": "Gath_Alchemy_Fire_Boid",
    "SFX_depleted": "Play_Alchemy_Fire_Boid",
    "SFX_Idle": "Play_Corruption_Beam_A",
    "VFX_Idle": "env_darkness.Core.Core_minor_Monolith_idle01",
    "SFX_Burst_1": "Play_Alchemy_Fire_Boid",
    "SFX_Burst_2": "Play_Alchemy_Fire_Boid",
    "SFX_Burst_3": "Play_Alchemy_Fire_Boid",
    "VFX_Burst_1": "",
    "VFX_Burst_2": "",
    "VFX_Burst_3": "",
    "IdleVFX_Offset_Z": "",
    "DepletedVFX": "env_darkness.Core.Core_death01",
    "DepletedMesh": "",
    "StartMeshLOD": "",
    "EndMeshLOD": "",
    "GatheringFX": "env_darkness.Core.Core_minor_monolith_gather01",
    "ShowOnMap": "",
    "ShowOnCompass": "",
    "MapIcon": "",
    "CompassIcon": "",
    "TradeskillIconUnlockType": "",
    "MapTooltipTitleLocTag": "",
    "MapTooltipDescLocTag": "",
    "EnableBurstParticle1": "",
    "EnableBurstParticle2": "",
    "EnableBurstParticle3": ""
  },
  {
    "VariantID": "CorruptionCore_Major_Monolith_DT2",
    "Visuals_Healthy": "slices/Darkness/Events/General/Core/Art/Darkness_Core_Art.dynamicslice",
    "GatherableEntryID": "DarknessMajorMonolithDT2",
    "GatheringRadius": "5",
    "InteractionRadius": "5",
    "DetectableRadius": "3",
    "MarkerRadius": "7",
    "AudioPreload_loop": "Corruption_Beam_A",
    "AudioPreload_Burst_1": "Gath_Alchemy_Fire_Boid",
    "AudioPreload_Burst_2": "Gath_Alchemy_Fire_Boid",
    "AudioPreload_Burst_3": "Gath_Alchemy_Fire_Boid",
    "AudioPreload_depleted": "Gath_Alchemy_Fire_Boid",
    "SFX_depleted": "Play_Alchemy_Fire_Boid",
    "SFX_Idle": "Play_Corruption_Beam_A",
    "VFX_Idle": "env_darkness.Core.Core_minor_Monolith_idle01",
    "SFX_Burst_1": "Play_Alchemy_Fire_Boid",
    "SFX_Burst_2": "Play_Alchemy_Fire_Boid",
    "SFX_Burst_3": "Play_Alchemy_Fire_Boid",
    "VFX_Burst_1": "",
    "VFX_Burst_2": "",
    "VFX_Burst_3": "",
    "IdleVFX_Offset_Z": "",
    "DepletedVFX": "env_darkness.Core.Core_death01",
    "DepletedMesh": "",
    "StartMeshLOD": "",
    "EndMeshLOD": "",
    "GatheringFX": "env_darkness.Core.Core_minor_monolith_gather01",
    "ShowOnMap": "",
    "ShowOnCompass": "",
    "MapIcon": "",
    "CompassIcon": "",
    "TradeskillIconUnlockType": "",
    "MapTooltipTitleLocTag": "",
    "MapTooltipDescLocTag": "",
    "EnableBurstParticle1": "",
    "EnableBurstParticle2": "",
    "EnableBurstParticle3": ""
  },
  {
    "VariantID": "CorruptionCore_Major_Monolith_DT3",
    "Visuals_Healthy": "slices/Darkness/Events/General/Core/Art/Darkness_Core_Art.dynamicslice",
    "GatherableEntryID": "DarknessMajorMonolithDT3",
    "GatheringRadius": "5",
    "InteractionRadius": "5",
    "DetectableRadius": "3",
    "MarkerRadius": "7",
    "AudioPreload_loop": "Corruption_Beam_A",
    "AudioPreload_Burst_1": "Gath_Alchemy_Fire_Boid",
    "AudioPreload_Burst_2": "Gath_Alchemy_Fire_Boid",
    "AudioPreload_Burst_3": "Gath_Alchemy_Fire_Boid",
    "AudioPreload_depleted": "Gath_Alchemy_Fire_Boid",
    "SFX_depleted": "Play_Alchemy_Fire_Boid",
    "SFX_Idle": "Play_Corruption_Beam_A",
    "VFX_Idle": "env_darkness.Core.Core_minor_Monolith_idle01",
    "SFX_Burst_1": "Play_Alchemy_Fire_Boid",
    "SFX_Burst_2": "Play_Alchemy_Fire_Boid",
    "SFX_Burst_3": "Play_Alchemy_Fire_Boid",
    "VFX_Burst_1": "",
    "VFX_Burst_2": "",
    "VFX_Burst_3": "",
    "IdleVFX_Offset_Z": "",
    "DepletedVFX": "env_darkness.Core.Core_death01",
    "DepletedMesh": "",
    "StartMeshLOD": "",
    "EndMeshLOD": "",
    "GatheringFX": "env_darkness.Core.Core_minor_monolith_gather01",
    "ShowOnMap": "",
    "ShowOnCompass": "",
    "MapIcon": "",
    "CompassIcon": "",
    "TradeskillIconUnlockType": "",
    "MapTooltipTitleLocTag": "",
    "MapTooltipDescLocTag": "",
    "EnableBurstParticle1": "",
    "EnableBurstParticle2": "",
    "EnableBurstParticle3": ""
  },
  {
    "VariantID": "CorruptionCore_Major_Monolith_DT4",
    "Visuals_Healthy": "slices/Darkness/Events/General/Core/Art/Darkness_Core_Art.dynamicslice",
    "GatherableEntryID": "DarknessMajorMonolithDT4",
    "GatheringRadius": "5",
    "InteractionRadius": "5",
    "DetectableRadius": "3",
    "MarkerRadius": "7",
    "AudioPreload_loop": "Corruption_Beam_A",
    "AudioPreload_Burst_1": "Gath_Alchemy_Fire_Boid",
    "AudioPreload_Burst_2": "Gath_Alchemy_Fire_Boid",
    "AudioPreload_Burst_3": "Gath_Alchemy_Fire_Boid",
    "AudioPreload_depleted": "Gath_Alchemy_Fire_Boid",
    "SFX_depleted": "Play_Alchemy_Fire_Boid",
    "SFX_Idle": "Play_Corruption_Beam_A",
    "VFX_Idle": "env_darkness.Core.Core_minor_Monolith_idle01",
    "SFX_Burst_1": "Play_Alchemy_Fire_Boid",
    "SFX_Burst_2": "Play_Alchemy_Fire_Boid",
    "SFX_Burst_3": "Play_Alchemy_Fire_Boid",
    "VFX_Burst_1": "",
    "VFX_Burst_2": "",
    "VFX_Burst_3": "",
    "IdleVFX_Offset_Z": "",
    "DepletedVFX": "env_darkness.Core.Core_death01",
    "DepletedMesh": "",
    "StartMeshLOD": "",
    "EndMeshLOD": "",
    "GatheringFX": "env_darkness.Core.Core_minor_monolith_gather01",
    "ShowOnMap": "",
    "ShowOnCompass": "",
    "MapIcon": "",
    "CompassIcon": "",
    "TradeskillIconUnlockType": "",
    "MapTooltipTitleLocTag": "",
    "MapTooltipDescLocTag": "",
    "EnableBurstParticle1": "",
    "EnableBurstParticle2": "",
    "EnableBurstParticle3": ""
  },
  {
    "VariantID": "CorruptionCore_Major_Monolith_DT5",
    "Visuals_Healthy": "slices/Darkness/Events/General/Core/Art/Darkness_Core_Art.dynamicslice",
    "GatherableEntryID": "DarknessMajorMonolithDT5",
    "GatheringRadius": "5",
    "InteractionRadius": "5",
    "DetectableRadius": "3",
    "MarkerRadius": "7",
    "AudioPreload_loop": "Corruption_Beam_A",
    "AudioPreload_Burst_1": "Gath_Alchemy_Fire_Boid",
    "AudioPreload_Burst_2": "Gath_Alchemy_Fire_Boid",
    "AudioPreload_Burst_3": "Gath_Alchemy_Fire_Boid",
    "AudioPreload_depleted": "Gath_Alchemy_Fire_Boid",
    "SFX_depleted": "Play_Alchemy_Fire_Boid",
    "SFX_Idle": "Play_Corruption_Beam_A",
    "VFX_Idle": "env_darkness.Core.Core_minor_Monolith_idle01",
    "SFX_Burst_1": "Play_Alchemy_Fire_Boid",
    "SFX_Burst_2": "Play_Alchemy_Fire_Boid",
    "SFX_Burst_3": "Play_Alchemy_Fire_Boid",
    "VFX_Burst_1": "",
    "VFX_Burst_2": "",
    "VFX_Burst_3": "",
    "IdleVFX_Offset_Z": "",
    "DepletedVFX": "env_darkness.Core.Core_death01",
    "DepletedMesh": "",
    "StartMeshLOD": "",
    "EndMeshLOD": "",
    "GatheringFX": "env_darkness.Core.Core_minor_monolith_gather01",
    "ShowOnMap": "",
    "ShowOnCompass": "",
    "MapIcon": "",
    "CompassIcon": "",
    "TradeskillIconUnlockType": "",
    "MapTooltipTitleLocTag": "",
    "MapTooltipDescLocTag": "",
    "EnableBurstParticle1": "",
    "EnableBurstParticle2": "",
    "EnableBurstParticle3": ""
  },
  {
    "VariantID": "CorruptionCore_Major_Monolith_DT6",
    "Visuals_Healthy": "slices/Darkness/Events/General/Core/Art/Darkness_Core_Art.dynamicslice",
    "GatherableEntryID": "DarknessMajorMonolithDT6",
    "GatheringRadius": "5",
    "InteractionRadius": "5",
    "DetectableRadius": "3",
    "MarkerRadius": "7",
    "AudioPreload_loop": "Corruption_Beam_A",
    "AudioPreload_Burst_1": "Gath_Alchemy_Fire_Boid",
    "AudioPreload_Burst_2": "Gath_Alchemy_Fire_Boid",
    "AudioPreload_Burst_3": "Gath_Alchemy_Fire_Boid",
    "AudioPreload_depleted": "Gath_Alchemy_Fire_Boid",
    "SFX_depleted": "Play_Alchemy_Fire_Boid",
    "SFX_Idle": "Play_Corruption_Beam_A",
    "VFX_Idle": "env_darkness.Core.Core_minor_Monolith_idle01",
    "SFX_Burst_1": "Play_Alchemy_Fire_Boid",
    "SFX_Burst_2": "Play_Alchemy_Fire_Boid",
    "SFX_Burst_3": "Play_Alchemy_Fire_Boid",
    "VFX_Burst_1": "",
    "VFX_Burst_2": "",
    "VFX_Burst_3": "",
    "IdleVFX_Offset_Z": "",
    "DepletedVFX": "env_darkness.Core.Core_death01",
    "DepletedMesh": "",
    "StartMeshLOD": "",
    "EndMeshLOD": "",
    "GatheringFX": "env_darkness.Core.Core_minor_monolith_gather01",
    "ShowOnMap": "",
    "ShowOnCompass": "",
    "MapIcon": "",
    "CompassIcon": "",
    "TradeskillIconUnlockType": "",
    "MapTooltipTitleLocTag": "",
    "MapTooltipDescLocTag": "",
    "EnableBurstParticle1": "",
    "EnableBurstParticle2": "",
    "EnableBurstParticle3": ""
  },
  {
    "VariantID": "CorruptionCore_Minor_Monolith_DT1",
    "Visuals_Healthy": "slices/Darkness/Events/General/Core/Art/Darkness_Core_Art.dynamicslice",
    "GatherableEntryID": "DarknessMinorMonolithDT1",
    "GatheringRadius": "5",
    "InteractionRadius": "5",
    "DetectableRadius": "3",
    "MarkerRadius": "7",
    "AudioPreload_loop": "Corruption_Beam_A",
    "AudioPreload_Burst_1": "Gath_Alchemy_Fire_Boid",
    "AudioPreload_Burst_2": "Gath_Alchemy_Fire_Boid",
    "AudioPreload_Burst_3": "Gath_Alchemy_Fire_Boid",
    "AudioPreload_depleted": "Gath_Alchemy_Fire_Boid",
    "SFX_depleted": "Play_Alchemy_Fire_Boid",
    "SFX_Idle": "Play_Corruption_Beam_A",
    "VFX_Idle": "env_darkness.Core.Core_minor_monolith_idle01",
    "SFX_Burst_1": "Play_Alchemy_Fire_Boid",
    "SFX_Burst_2": "Play_Alchemy_Fire_Boid",
    "SFX_Burst_3": "Play_Alchemy_Fire_Boid",
    "VFX_Burst_1": "",
    "VFX_Burst_2": "",
    "VFX_Burst_3": "",
    "IdleVFX_Offset_Z": "",
    "DepletedVFX": "env_darkness.Core.Core_death01",
    "DepletedMesh": "",
    "StartMeshLOD": "",
    "EndMeshLOD": "",
    "GatheringFX": "env_darkness.Core.Core_minor_monolith_gather01",
    "ShowOnMap": "",
    "ShowOnCompass": "",
    "MapIcon": "",
    "CompassIcon": "",
    "TradeskillIconUnlockType": "",
    "MapTooltipTitleLocTag": "",
    "MapTooltipDescLocTag": "",
    "EnableBurstParticle1": "",
    "EnableBurstParticle2": "",
    "EnableBurstParticle3": ""
  },
  {
    "VariantID": "CorruptionCore_Minor_Monolith_DT2",
    "Visuals_Healthy": "slices/Darkness/Events/General/Core/Art/Darkness_Core_Art.dynamicslice",
    "GatherableEntryID": "DarknessMinorMonolithDT2",
    "GatheringRadius": "5",
    "InteractionRadius": "5",
    "DetectableRadius": "3",
    "MarkerRadius": "7",
    "AudioPreload_loop": "Corruption_Beam_A",
    "AudioPreload_Burst_1": "Gath_Alchemy_Fire_Boid",
    "AudioPreload_Burst_2": "Gath_Alchemy_Fire_Boid",
    "AudioPreload_Burst_3": "Gath_Alchemy_Fire_Boid",
    "AudioPreload_depleted": "Gath_Alchemy_Fire_Boid",
    "SFX_depleted": "Play_Alchemy_Fire_Boid",
    "SFX_Idle": "Play_Corruption_Beam_A",
    "VFX_Idle": "env_darkness.Core.Core_minor_monolith_idle01",
    "SFX_Burst_1": "Play_Alchemy_Fire_Boid",
    "SFX_Burst_2": "Play_Alchemy_Fire_Boid",
    "SFX_Burst_3": "Play_Alchemy_Fire_Boid",
    "VFX_Burst_1": "",
    "VFX_Burst_2": "",
    "VFX_Burst_3": "",
    "IdleVFX_Offset_Z": "",
    "DepletedVFX": "env_darkness.Core.Core_death01",
    "DepletedMesh": "",
    "StartMeshLOD": "",
    "EndMeshLOD": "",
    "GatheringFX": "env_darkness.Core.Core_minor_monolith_gather01",
    "ShowOnMap": "",
    "ShowOnCompass": "",
    "MapIcon": "",
    "CompassIcon": "",
    "TradeskillIconUnlockType": "",
    "MapTooltipTitleLocTag": "",
    "MapTooltipDescLocTag": "",
    "EnableBurstParticle1": "",
    "EnableBurstParticle2": "",
    "EnableBurstParticle3": ""
  },
  {
    "VariantID": "CorruptionCore_Minor_Monolith_DT3",
    "Visuals_Healthy": "slices/Darkness/Events/General/Core/Art/Darkness_Core_Art.dynamicslice",
    "GatherableEntryID": "DarknessMinorMonolithDT3",
    "GatheringRadius": "5",
    "InteractionRadius": "5",
    "DetectableRadius": "3",
    "MarkerRadius": "7",
    "AudioPreload_loop": "Corruption_Beam_A",
    "AudioPreload_Burst_1": "Gath_Alchemy_Fire_Boid",
    "AudioPreload_Burst_2": "Gath_Alchemy_Fire_Boid",
    "AudioPreload_Burst_3": "Gath_Alchemy_Fire_Boid",
    "AudioPreload_depleted": "Gath_Alchemy_Fire_Boid",
    "SFX_depleted": "Play_Alchemy_Fire_Boid",
    "SFX_Idle": "Play_Corruption_Beam_A",
    "VFX_Idle": "env_darkness.Core.Core_minor_monolith_idle01",
    "SFX_Burst_1": "Play_Alchemy_Fire_Boid",
    "SFX_Burst_2": "Play_Alchemy_Fire_Boid",
    "SFX_Burst_3": "Play_Alchemy_Fire_Boid",
    "VFX_Burst_1": "",
    "VFX_Burst_2": "",
    "VFX_Burst_3": "",
    "IdleVFX_Offset_Z": "",
    "DepletedVFX": "env_darkness.Core.Core_death01",
    "DepletedMesh": "",
    "StartMeshLOD": "",
    "EndMeshLOD": "",
    "GatheringFX": "env_darkness.Core.Core_minor_monolith_gather01",
    "ShowOnMap": "",
    "ShowOnCompass": "",
    "MapIcon": "",
    "CompassIcon": "",
    "TradeskillIconUnlockType": "",
    "MapTooltipTitleLocTag": "",
    "MapTooltipDescLocTag": "",
    "EnableBurstParticle1": "",
    "EnableBurstParticle2": "",
    "EnableBurstParticle3": ""
  },
  {
    "VariantID": "CorruptionCore_Minor_Monolith_DT4",
    "Visuals_Healthy": "slices/Darkness/Events/General/Core/Art/Darkness_Core_Art.dynamicslice",
    "GatherableEntryID": "DarknessMinorMonolithDT4",
    "GatheringRadius": "5",
    "InteractionRadius": "5",
    "DetectableRadius": "3",
    "MarkerRadius": "7",
    "AudioPreload_loop": "Corruption_Beam_A",
    "AudioPreload_Burst_1": "Gath_Alchemy_Fire_Boid",
    "AudioPreload_Burst_2": "Gath_Alchemy_Fire_Boid",
    "AudioPreload_Burst_3": "Gath_Alchemy_Fire_Boid",
    "AudioPreload_depleted": "Gath_Alchemy_Fire_Boid",
    "SFX_depleted": "Play_Alchemy_Fire_Boid",
    "SFX_Idle": "Play_Corruption_Beam_A",
    "VFX_Idle": "env_darkness.Core.Core_minor_monolith_idle01",
    "SFX_Burst_1": "Play_Alchemy_Fire_Boid",
    "SFX_Burst_2": "Play_Alchemy_Fire_Boid",
    "SFX_Burst_3": "Play_Alchemy_Fire_Boid",
    "VFX_Burst_1": "",
    "VFX_Burst_2": "",
    "VFX_Burst_3": "",
    "IdleVFX_Offset_Z": "",
    "DepletedVFX": "env_darkness.Core.Core_death01",
    "DepletedMesh": "",
    "StartMeshLOD": "",
    "EndMeshLOD": "",
    "GatheringFX": "env_darkness.Core.Core_minor_monolith_gather01",
    "ShowOnMap": "",
    "ShowOnCompass": "",
    "MapIcon": "",
    "CompassIcon": "",
    "TradeskillIconUnlockType": "",
    "MapTooltipTitleLocTag": "",
    "MapTooltipDescLocTag": "",
    "EnableBurstParticle1": "",
    "EnableBurstParticle2": "",
    "EnableBurstParticle3": ""
  },
  {
    "VariantID": "CorruptionCore_Minor_Monolith_DT5",
    "Visuals_Healthy": "slices/Darkness/Events/General/Core/Art/Darkness_Core_Art.dynamicslice",
    "GatherableEntryID": "DarknessMinorMonolithDT5",
    "GatheringRadius": "5",
    "InteractionRadius": "5",
    "DetectableRadius": "3",
    "MarkerRadius": "7",
    "AudioPreload_loop": "Corruption_Beam_A",
    "AudioPreload_Burst_1": "Gath_Alchemy_Fire_Boid",
    "AudioPreload_Burst_2": "Gath_Alchemy_Fire_Boid",
    "AudioPreload_Burst_3": "Gath_Alchemy_Fire_Boid",
    "AudioPreload_depleted": "Gath_Alchemy_Fire_Boid",
    "SFX_depleted": "Play_Alchemy_Fire_Boid",
    "SFX_Idle": "Play_Corruption_Beam_A",
    "VFX_Idle": "env_darkness.Core.Core_minor_monolith_idle01",
    "SFX_Burst_1": "Play_Alchemy_Fire_Boid",
    "SFX_Burst_2": "Play_Alchemy_Fire_Boid",
    "SFX_Burst_3": "Play_Alchemy_Fire_Boid",
    "VFX_Burst_1": "",
    "VFX_Burst_2": "",
    "VFX_Burst_3": "",
    "IdleVFX_Offset_Z": "",
    "DepletedVFX": "env_darkness.Core.Core_death01",
    "DepletedMesh": "",
    "StartMeshLOD": "",
    "EndMeshLOD": "",
    "GatheringFX": "env_darkness.Core.Core_minor_monolith_gather01",
    "ShowOnMap": "",
    "ShowOnCompass": "",
    "MapIcon": "",
    "CompassIcon": "",
    "TradeskillIconUnlockType": "",
    "MapTooltipTitleLocTag": "",
    "MapTooltipDescLocTag": "",
    "EnableBurstParticle1": "",
    "EnableBurstParticle2": "",
    "EnableBurstParticle3": ""
  },
  {
    "VariantID": "CorruptionCore_Minor_Monolith_DT6",
    "Visuals_Healthy": "slices/Darkness/Events/General/Core/Art/Darkness_Core_Art.dynamicslice",
    "GatherableEntryID": "DarknessMinorMonolithDT6",
    "GatheringRadius": "5",
    "InteractionRadius": "5",
    "DetectableRadius": "3",
    "MarkerRadius": "7",
    "AudioPreload_loop": "Corruption_Beam_A",
    "AudioPreload_Burst_1": "Gath_Alchemy_Fire_Boid",
    "AudioPreload_Burst_2": "Gath_Alchemy_Fire_Boid",
    "AudioPreload_Burst_3": "Gath_Alchemy_Fire_Boid",
    "AudioPreload_depleted": "Gath_Alchemy_Fire_Boid",
    "SFX_depleted": "Play_Alchemy_Fire_Boid",
    "SFX_Idle": "Play_Corruption_Beam_A",
    "VFX_Idle": "env_darkness.Core.Core_minor_monolith_idle01",
    "SFX_Burst_1": "Play_Alchemy_Fire_Boid",
    "SFX_Burst_2": "Play_Alchemy_Fire_Boid",
    "SFX_Burst_3": "Play_Alchemy_Fire_Boid",
    "VFX_Burst_1": "",
    "VFX_Burst_2": "",
    "VFX_Burst_3": "",
    "IdleVFX_Offset_Z": "",
    "DepletedVFX": "env_darkness.Core.Core_death01",
    "DepletedMesh": "",
    "StartMeshLOD": "",
    "EndMeshLOD": "",
    "GatheringFX": "env_darkness.Core.Core_minor_monolith_gather01",
    "ShowOnMap": "",
    "ShowOnCompass": "",
    "MapIcon": "",
    "CompassIcon": "",
    "TradeskillIconUnlockType": "",
    "MapTooltipTitleLocTag": "",
    "MapTooltipDescLocTag": "",
    "EnableBurstParticle1": "",
    "EnableBurstParticle2": "",
    "EnableBurstParticle3": ""
  },
  {
    "VariantID": "CorruptionCore_Major_Pylon_DT1",
    "Visuals_Healthy": "slices/Darkness/Events/Major/Monolith/Art/Jav_lm_major_monolith_pylon_Art.dynamicslice",
    "GatherableEntryID": "DarknessPylonDT1",
    "GatheringRadius": "10",
    "InteractionRadius": "10",
    "DetectableRadius": "3",
    "MarkerRadius": "12",
    "AudioPreload_loop": "Corruption_Beam_A",
    "AudioPreload_Burst_1": "Gath_Alchemy_Fire_Boid",
    "AudioPreload_Burst_2": "Gath_Alchemy_Fire_Boid",
    "AudioPreload_Burst_3": "Gath_Alchemy_Fire_Boid",
    "AudioPreload_depleted": "Gath_Alchemy_Fire_Boid",
    "SFX_depleted": "Play_Alchemy_Fire_Boid",
    "SFX_Idle": "Play_Corruption_Beam_A",
    "VFX_Idle": "env_darkness.Core.Core_minor_Monolith_idle01",
    "SFX_Burst_1": "Play_Alchemy_Fire_Boid",
    "SFX_Burst_2": "Play_Alchemy_Fire_Boid",
    "SFX_Burst_3": "Play_Alchemy_Fire_Boid",
    "VFX_Burst_1": "",
    "VFX_Burst_2": "",
    "VFX_Burst_3": "",
    "IdleVFX_Offset_Z": "",
    "DepletedVFX": "ENV_Darkness_Monolith.Major.Pylon_Destruction",
    "DepletedMesh": "",
    "StartMeshLOD": "",
    "EndMeshLOD": "",
    "GatheringFX": "env_darkness.Core.Core_minor_monolith_gather01",
    "ShowOnMap": "",
    "ShowOnCompass": "",
    "MapIcon": "",
    "CompassIcon": "",
    "TradeskillIconUnlockType": "",
    "MapTooltipTitleLocTag": "",
    "MapTooltipDescLocTag": "",
    "EnableBurstParticle1": "",
    "EnableBurstParticle2": "",
    "EnableBurstParticle3": ""
  },
  {
    "VariantID": "CorruptionCore_Major_Pylon_DT2",
    "Visuals_Healthy": "slices/Darkness/Events/Major/Monolith/Art/Jav_lm_major_monolith_pylon_Art.dynamicslice",
    "GatherableEntryID": "DarknessPylonDT2",
    "GatheringRadius": "10",
    "InteractionRadius": "10",
    "DetectableRadius": "3",
    "MarkerRadius": "12",
    "AudioPreload_loop": "Corruption_Beam_A",
    "AudioPreload_Burst_1": "Gath_Alchemy_Fire_Boid",
    "AudioPreload_Burst_2": "Gath_Alchemy_Fire_Boid",
    "AudioPreload_Burst_3": "Gath_Alchemy_Fire_Boid",
    "AudioPreload_depleted": "Gath_Alchemy_Fire_Boid",
    "SFX_depleted": "Play_Alchemy_Fire_Boid",
    "SFX_Idle": "Play_Corruption_Beam_A",
    "VFX_Idle": "env_darkness.Core.Core_minor_Monolith_idle01",
    "SFX_Burst_1": "Play_Alchemy_Fire_Boid",
    "SFX_Burst_2": "Play_Alchemy_Fire_Boid",
    "SFX_Burst_3": "Play_Alchemy_Fire_Boid",
    "VFX_Burst_1": "",
    "VFX_Burst_2": "",
    "VFX_Burst_3": "",
    "IdleVFX_Offset_Z": "",
    "DepletedVFX": "ENV_Darkness_Monolith.Major.Pylon_Destruction",
    "DepletedMesh": "",
    "StartMeshLOD": "",
    "EndMeshLOD": "",
    "GatheringFX": "env_darkness.Core.Core_minor_monolith_gather01",
    "ShowOnMap": "",
    "ShowOnCompass": "",
    "MapIcon": "",
    "CompassIcon": "",
    "TradeskillIconUnlockType": "",
    "MapTooltipTitleLocTag": "",
    "MapTooltipDescLocTag": "",
    "EnableBurstParticle1": "",
    "EnableBurstParticle2": "",
    "EnableBurstParticle3": ""
  },
  {
    "VariantID": "CorruptionCore_Major_Pylon_DT3",
    "Visuals_Healthy": "slices/Darkness/Events/Major/Monolith/Art/Jav_lm_major_monolith_pylon_Art.dynamicslice",
    "GatherableEntryID": "DarknessPylonDT3",
    "GatheringRadius": "10",
    "InteractionRadius": "10",
    "DetectableRadius": "3",
    "MarkerRadius": "12",
    "AudioPreload_loop": "Corruption_Beam_A",
    "AudioPreload_Burst_1": "Gath_Alchemy_Fire_Boid",
    "AudioPreload_Burst_2": "Gath_Alchemy_Fire_Boid",
    "AudioPreload_Burst_3": "Gath_Alchemy_Fire_Boid",
    "AudioPreload_depleted": "Gath_Alchemy_Fire_Boid",
    "SFX_depleted": "Play_Alchemy_Fire_Boid",
    "SFX_Idle": "Play_Corruption_Beam_A",
    "VFX_Idle": "env_darkness.Core.Core_minor_Monolith_idle01",
    "SFX_Burst_1": "Play_Alchemy_Fire_Boid",
    "SFX_Burst_2": "Play_Alchemy_Fire_Boid",
    "SFX_Burst_3": "Play_Alchemy_Fire_Boid",
    "VFX_Burst_1": "",
    "VFX_Burst_2": "",
    "VFX_Burst_3": "",
    "IdleVFX_Offset_Z": "",
    "DepletedVFX": "ENV_Darkness_Monolith.Major.Pylon_Destruction",
    "DepletedMesh": "",
    "StartMeshLOD": "",
    "EndMeshLOD": "",
    "GatheringFX": "env_darkness.Core.Core_minor_monolith_gather01",
    "ShowOnMap": "",
    "ShowOnCompass": "",
    "MapIcon": "",
    "CompassIcon": "",
    "TradeskillIconUnlockType": "",
    "MapTooltipTitleLocTag": "",
    "MapTooltipDescLocTag": "",
    "EnableBurstParticle1": "",
    "EnableBurstParticle2": "",
    "EnableBurstParticle3": ""
  },
  {
    "VariantID": "CorruptionCore_Major_Pylon_DT4",
    "Visuals_Healthy": "slices/Darkness/Events/Major/Monolith/Art/Jav_lm_major_monolith_pylon_Art.dynamicslice",
    "GatherableEntryID": "DarknessPylonDT4",
    "GatheringRadius": "10",
    "InteractionRadius": "10",
    "DetectableRadius": "3",
    "MarkerRadius": "12",
    "AudioPreload_loop": "Corruption_Beam_A",
    "AudioPreload_Burst_1": "Gath_Alchemy_Fire_Boid",
    "AudioPreload_Burst_2": "Gath_Alchemy_Fire_Boid",
    "AudioPreload_Burst_3": "Gath_Alchemy_Fire_Boid",
    "AudioPreload_depleted": "Gath_Alchemy_Fire_Boid",
    "SFX_depleted": "Play_Alchemy_Fire_Boid",
    "SFX_Idle": "Play_Corruption_Beam_A",
    "VFX_Idle": "env_darkness.Core.Core_minor_Monolith_idle01",
    "SFX_Burst_1": "Play_Alchemy_Fire_Boid",
    "SFX_Burst_2": "Play_Alchemy_Fire_Boid",
    "SFX_Burst_3": "Play_Alchemy_Fire_Boid",
    "VFX_Burst_1": "",
    "VFX_Burst_2": "",
    "VFX_Burst_3": "",
    "IdleVFX_Offset_Z": "",
    "DepletedVFX": "ENV_Darkness_Monolith.Major.Pylon_Destruction",
    "DepletedMesh": "",
    "StartMeshLOD": "",
    "EndMeshLOD": "",
    "GatheringFX": "env_darkness.Core.Core_minor_monolith_gather01",
    "ShowOnMap": "",
    "ShowOnCompass": "",
    "MapIcon": "",
    "CompassIcon": "",
    "TradeskillIconUnlockType": "",
    "MapTooltipTitleLocTag": "",
    "MapTooltipDescLocTag": "",
    "EnableBurstParticle1": "",
    "EnableBurstParticle2": "",
    "EnableBurstParticle3": ""
  },
  {
    "VariantID": "CorruptionCore_Major_Pylon_DT5",
    "Visuals_Healthy": "slices/Darkness/Events/Major/Monolith/Art/Jav_lm_major_monolith_pylon_Art.dynamicslice",
    "GatherableEntryID": "DarknessPylonDT5",
    "GatheringRadius": "10",
    "InteractionRadius": "10",
    "DetectableRadius": "3",
    "MarkerRadius": "12",
    "AudioPreload_loop": "Corruption_Beam_A",
    "AudioPreload_Burst_1": "Gath_Alchemy_Fire_Boid",
    "AudioPreload_Burst_2": "Gath_Alchemy_Fire_Boid",
    "AudioPreload_Burst_3": "Gath_Alchemy_Fire_Boid",
    "AudioPreload_depleted": "Gath_Alchemy_Fire_Boid",
    "SFX_depleted": "Play_Alchemy_Fire_Boid",
    "SFX_Idle": "Play_Corruption_Beam_A",
    "VFX_Idle": "env_darkness.Core.Core_minor_Monolith_idle01",
    "SFX_Burst_1": "Play_Alchemy_Fire_Boid",
    "SFX_Burst_2": "Play_Alchemy_Fire_Boid",
    "SFX_Burst_3": "Play_Alchemy_Fire_Boid",
    "VFX_Burst_1": "",
    "VFX_Burst_2": "",
    "VFX_Burst_3": "",
    "IdleVFX_Offset_Z": "",
    "DepletedVFX": "ENV_Darkness_Monolith.Major.Pylon_Destruction",
    "DepletedMesh": "",
    "StartMeshLOD": "",
    "EndMeshLOD": "",
    "GatheringFX": "env_darkness.Core.Core_minor_monolith_gather01",
    "ShowOnMap": "",
    "ShowOnCompass": "",
    "MapIcon": "",
    "CompassIcon": "",
    "TradeskillIconUnlockType": "",
    "MapTooltipTitleLocTag": "",
    "MapTooltipDescLocTag": "",
    "EnableBurstParticle1": "",
    "EnableBurstParticle2": "",
    "EnableBurstParticle3": ""
  },
  {
    "VariantID": "CorruptionCore_Major_Pylon_DT6",
    "Visuals_Healthy": "slices/Darkness/Events/Major/Monolith/Art/Jav_lm_major_monolith_pylon_Art.dynamicslice",
    "GatherableEntryID": "DarknessPylonDT6",
    "GatheringRadius": "10",
    "InteractionRadius": "10",
    "DetectableRadius": "3",
    "MarkerRadius": "12",
    "AudioPreload_loop": "Corruption_Beam_A",
    "AudioPreload_Burst_1": "Gath_Alchemy_Fire_Boid",
    "AudioPreload_Burst_2": "Gath_Alchemy_Fire_Boid",
    "AudioPreload_Burst_3": "Gath_Alchemy_Fire_Boid",
    "AudioPreload_depleted": "Gath_Alchemy_Fire_Boid",
    "SFX_depleted": "Play_Alchemy_Fire_Boid",
    "SFX_Idle": "Play_Corruption_Beam_A",
    "VFX_Idle": "env_darkness.Core.Core_minor_Monolith_idle01",
    "SFX_Burst_1": "Play_Alchemy_Fire_Boid",
    "SFX_Burst_2": "Play_Alchemy_Fire_Boid",
    "SFX_Burst_3": "Play_Alchemy_Fire_Boid",
    "VFX_Burst_1": "",
    "VFX_Burst_2": "",
    "VFX_Burst_3": "",
    "IdleVFX_Offset_Z": "",
    "DepletedVFX": "ENV_Darkness_Monolith.Major.Pylon_Destruction",
    "DepletedMesh": "",
    "StartMeshLOD": "",
    "EndMeshLOD": "",
    "GatheringFX": "env_darkness.Core.Core_minor_monolith_gather01",
    "ShowOnMap": "",
    "ShowOnCompass": "",
    "MapIcon": "",
    "CompassIcon": "",
    "TradeskillIconUnlockType": "",
    "MapTooltipTitleLocTag": "",
    "MapTooltipDescLocTag": "",
    "EnableBurstParticle1": "",
    "EnableBurstParticle2": "",
    "EnableBurstParticle3": ""
  },
  {
    "VariantID": "CorruptionCore_Major_Portal_DT1",
    "Visuals_Healthy": "slices/Darkness/Events/Major/Portal/Art/Darkness_Portal_Major_Core_Art_.dynamicslice",
    "GatherableEntryID": "DarknessMajorPortalDT1",
    "GatheringRadius": "35",
    "InteractionRadius": "35",
    "DetectableRadius": "3",
    "MarkerRadius": "30",
    "AudioPreload_loop": "Corruption_Beam_A",
    "AudioPreload_Burst_1": "Gath_Alchemy_Fire_Boid",
    "AudioPreload_Burst_2": "Gath_Alchemy_Fire_Boid",
    "AudioPreload_Burst_3": "Gath_Alchemy_Fire_Boid",
    "AudioPreload_depleted": "Gath_Alchemy_Fire_Boid",
    "SFX_depleted": "Play_Alchemy_Fire_Boid",
    "SFX_Idle": "Play_Corruption_Beam_A",
    "VFX_Idle": "env_darkness.Core.Core_minor_Monolith_idle01",
    "SFX_Burst_1": "Play_Alchemy_Fire_Boid",
    "SFX_Burst_2": "Play_Alchemy_Fire_Boid",
    "SFX_Burst_3": "Play_Alchemy_Fire_Boid",
    "VFX_Burst_1": "",
    "VFX_Burst_2": "",
    "VFX_Burst_3": "",
    "IdleVFX_Offset_Z": "",
    "DepletedVFX": "env_Darkness.Core.Core_death01",
    "DepletedMesh": "",
    "StartMeshLOD": "",
    "EndMeshLOD": "",
    "GatheringFX": "env_darkness.Core.Core_minor_monolith_gather01",
    "ShowOnMap": "",
    "ShowOnCompass": "",
    "MapIcon": "",
    "CompassIcon": "",
    "TradeskillIconUnlockType": "",
    "MapTooltipTitleLocTag": "",
    "MapTooltipDescLocTag": "",
    "EnableBurstParticle1": "",
    "EnableBurstParticle2": "",
    "EnableBurstParticle3": ""
  },
  {
    "VariantID": "CorruptionCore_Major_Portal_DT2",
    "Visuals_Healthy": "slices/Darkness/Events/Major/Portal/Art/Darkness_Portal_Major_Core_Art_.dynamicslice",
    "GatherableEntryID": "DarknessMajorPortalDT2",
    "GatheringRadius": "35",
    "InteractionRadius": "35",
    "DetectableRadius": "3",
    "MarkerRadius": "30",
    "AudioPreload_loop": "Corruption_Beam_A",
    "AudioPreload_Burst_1": "Gath_Alchemy_Fire_Boid",
    "AudioPreload_Burst_2": "Gath_Alchemy_Fire_Boid",
    "AudioPreload_Burst_3": "Gath_Alchemy_Fire_Boid",
    "AudioPreload_depleted": "Gath_Alchemy_Fire_Boid",
    "SFX_depleted": "Play_Alchemy_Fire_Boid",
    "SFX_Idle": "Play_Corruption_Beam_A",
    "VFX_Idle": "env_darkness.Core.Core_minor_Monolith_idle01",
    "SFX_Burst_1": "Play_Alchemy_Fire_Boid",
    "SFX_Burst_2": "Play_Alchemy_Fire_Boid",
    "SFX_Burst_3": "Play_Alchemy_Fire_Boid",
    "VFX_Burst_1": "",
    "VFX_Burst_2": "",
    "VFX_Burst_3": "",
    "IdleVFX_Offset_Z": "",
    "DepletedVFX": "env_Darkness.Core.Core_death01",
    "DepletedMesh": "",
    "StartMeshLOD": "",
    "EndMeshLOD": "",
    "GatheringFX": "env_darkness.Core.Core_minor_monolith_gather01",
    "ShowOnMap": "",
    "ShowOnCompass": "",
    "MapIcon": "",
    "CompassIcon": "",
    "TradeskillIconUnlockType": "",
    "MapTooltipTitleLocTag": "",
    "MapTooltipDescLocTag": "",
    "EnableBurstParticle1": "",
    "EnableBurstParticle2": "",
    "EnableBurstParticle3": ""
  },
  {
    "VariantID": "CorruptionCore_Major_Portal_DT3",
    "Visuals_Healthy": "slices/Darkness/Events/Major/Portal/Art/Darkness_Portal_Major_Core_Art_.dynamicslice",
    "GatherableEntryID": "DarknessMajorPortalDT3",
    "GatheringRadius": "35",
    "InteractionRadius": "35",
    "DetectableRadius": "3",
    "MarkerRadius": "30",
    "AudioPreload_loop": "Corruption_Beam_A",
    "AudioPreload_Burst_1": "Gath_Alchemy_Fire_Boid",
    "AudioPreload_Burst_2": "Gath_Alchemy_Fire_Boid",
    "AudioPreload_Burst_3": "Gath_Alchemy_Fire_Boid",
    "AudioPreload_depleted": "Gath_Alchemy_Fire_Boid",
    "SFX_depleted": "Play_Alchemy_Fire_Boid",
    "SFX_Idle": "Play_Corruption_Beam_A",
    "VFX_Idle": "env_darkness.Core.Core_minor_Monolith_idle01",
    "SFX_Burst_1": "Play_Alchemy_Fire_Boid",
    "SFX_Burst_2": "Play_Alchemy_Fire_Boid",
    "SFX_Burst_3": "Play_Alchemy_Fire_Boid",
    "VFX_Burst_1": "",
    "VFX_Burst_2": "",
    "VFX_Burst_3": "",
    "IdleVFX_Offset_Z": "",
    "DepletedVFX": "env_Darkness.Core.Core_death01",
    "DepletedMesh": "",
    "StartMeshLOD": "",
    "EndMeshLOD": "",
    "GatheringFX": "env_darkness.Core.Core_minor_monolith_gather01",
    "ShowOnMap": "",
    "ShowOnCompass": "",
    "MapIcon": "",
    "CompassIcon": "",
    "TradeskillIconUnlockType": "",
    "MapTooltipTitleLocTag": "",
    "MapTooltipDescLocTag": "",
    "EnableBurstParticle1": "",
    "EnableBurstParticle2": "",
    "EnableBurstParticle3": ""
  },
  {
    "VariantID": "CorruptionCore_Major_Portal_DT4",
    "Visuals_Healthy": "slices/Darkness/Events/Major/Portal/Art/Darkness_Portal_Major_Core_Art_.dynamicslice",
    "GatherableEntryID": "DarknessMajorPortalDT4",
    "GatheringRadius": "35",
    "InteractionRadius": "35",
    "DetectableRadius": "3",
    "MarkerRadius": "30",
    "AudioPreload_loop": "Corruption_Beam_A",
    "AudioPreload_Burst_1": "Gath_Alchemy_Fire_Boid",
    "AudioPreload_Burst_2": "Gath_Alchemy_Fire_Boid",
    "AudioPreload_Burst_3": "Gath_Alchemy_Fire_Boid",
    "AudioPreload_depleted": "Gath_Alchemy_Fire_Boid",
    "SFX_depleted": "Play_Alchemy_Fire_Boid",
    "SFX_Idle": "Play_Corruption_Beam_A",
    "VFX_Idle": "env_darkness.Core.Core_minor_Monolith_idle01",
    "SFX_Burst_1": "Play_Alchemy_Fire_Boid",
    "SFX_Burst_2": "Play_Alchemy_Fire_Boid",
    "SFX_Burst_3": "Play_Alchemy_Fire_Boid",
    "VFX_Burst_1": "",
    "VFX_Burst_2": "",
    "VFX_Burst_3": "",
    "IdleVFX_Offset_Z": "",
    "DepletedVFX": "env_Darkness.Core.Core_death01",
    "DepletedMesh": "",
    "StartMeshLOD": "",
    "EndMeshLOD": "",
    "GatheringFX": "env_darkness.Core.Core_minor_monolith_gather01",
    "ShowOnMap": "",
    "ShowOnCompass": "",
    "MapIcon": "",
    "CompassIcon": "",
    "TradeskillIconUnlockType": "",
    "MapTooltipTitleLocTag": "",
    "MapTooltipDescLocTag": "",
    "EnableBurstParticle1": "",
    "EnableBurstParticle2": "",
    "EnableBurstParticle3": ""
  },
  {
    "VariantID": "CorruptionCore_Major_Portal_DT5",
    "Visuals_Healthy": "slices/Darkness/Events/Major/Portal/Art/Darkness_Portal_Major_Core_Art_.dynamicslice",
    "GatherableEntryID": "DarknessMajorPortalDT5",
    "GatheringRadius": "35",
    "InteractionRadius": "35",
    "DetectableRadius": "3",
    "MarkerRadius": "30",
    "AudioPreload_loop": "Corruption_Beam_A",
    "AudioPreload_Burst_1": "Gath_Alchemy_Fire_Boid",
    "AudioPreload_Burst_2": "Gath_Alchemy_Fire_Boid",
    "AudioPreload_Burst_3": "Gath_Alchemy_Fire_Boid",
    "AudioPreload_depleted": "Gath_Alchemy_Fire_Boid",
    "SFX_depleted": "Play_Alchemy_Fire_Boid",
    "SFX_Idle": "Play_Corruption_Beam_A",
    "VFX_Idle": "env_darkness.Core.Core_minor_Monolith_idle01",
    "SFX_Burst_1": "Play_Alchemy_Fire_Boid",
    "SFX_Burst_2": "Play_Alchemy_Fire_Boid",
    "SFX_Burst_3": "Play_Alchemy_Fire_Boid",
    "VFX_Burst_1": "",
    "VFX_Burst_2": "",
    "VFX_Burst_3": "",
    "IdleVFX_Offset_Z": "",
    "DepletedVFX": "env_Darkness.Core.Core_death01",
    "DepletedMesh": "",
    "StartMeshLOD": "",
    "EndMeshLOD": "",
    "GatheringFX": "env_darkness.Core.Core_minor_monolith_gather01",
    "ShowOnMap": "",
    "ShowOnCompass": "",
    "MapIcon": "",
    "CompassIcon": "",
    "TradeskillIconUnlockType": "",
    "MapTooltipTitleLocTag": "",
    "MapTooltipDescLocTag": "",
    "EnableBurstParticle1": "",
    "EnableBurstParticle2": "",
    "EnableBurstParticle3": ""
  },
  {
    "VariantID": "CorruptionCore_Major_Portal_DT6",
    "Visuals_Healthy": "slices/Darkness/Events/Major/Portal/Art/Darkness_Portal_Major_Core_Art_.dynamicslice",
    "GatherableEntryID": "DarknessMajorPortalDT6",
    "GatheringRadius": "35",
    "InteractionRadius": "35",
    "DetectableRadius": "3",
    "MarkerRadius": "30",
    "AudioPreload_loop": "Corruption_Beam_A",
    "AudioPreload_Burst_1": "Gath_Alchemy_Fire_Boid",
    "AudioPreload_Burst_2": "Gath_Alchemy_Fire_Boid",
    "AudioPreload_Burst_3": "Gath_Alchemy_Fire_Boid",
    "AudioPreload_depleted": "Gath_Alchemy_Fire_Boid",
    "SFX_depleted": "Play_Alchemy_Fire_Boid",
    "SFX_Idle": "Play_Corruption_Beam_A",
    "VFX_Idle": "env_darkness.Core.Core_minor_Monolith_idle01",
    "SFX_Burst_1": "Play_Alchemy_Fire_Boid",
    "SFX_Burst_2": "Play_Alchemy_Fire_Boid",
    "SFX_Burst_3": "Play_Alchemy_Fire_Boid",
    "VFX_Burst_1": "",
    "VFX_Burst_2": "",
    "VFX_Burst_3": "",
    "IdleVFX_Offset_Z": "",
    "DepletedVFX": "env_Darkness.Core.Core_death01",
    "DepletedMesh": "",
    "StartMeshLOD": "",
    "EndMeshLOD": "",
    "GatheringFX": "env_darkness.Core.Core_minor_monolith_gather01",
    "ShowOnMap": "",
    "ShowOnCompass": "",
    "MapIcon": "",
    "CompassIcon": "",
    "TradeskillIconUnlockType": "",
    "MapTooltipTitleLocTag": "",
    "MapTooltipDescLocTag": "",
    "EnableBurstParticle1": "",
    "EnableBurstParticle2": "",
    "EnableBurstParticle3": ""
  },
  {
    "VariantID": "CorruptionCore_Minor_Portal_DT1",
    "Visuals_Healthy": "slices/Darkness/Events/Minor/Minor_Portal/Art/Darkness_Portal_Minor_Core_Art.dynamicslice",
    "GatherableEntryID": "DarknessMinorPortalDT1",
    "GatheringRadius": "10",
    "InteractionRadius": "10",
    "DetectableRadius": "3",
    "MarkerRadius": "10",
    "AudioPreload_loop": "Corruption_Beam_A",
    "AudioPreload_Burst_1": "Gath_Alchemy_Fire_Boid",
    "AudioPreload_Burst_2": "Gath_Alchemy_Fire_Boid",
    "AudioPreload_Burst_3": "Gath_Alchemy_Fire_Boid",
    "AudioPreload_depleted": "Gath_Alchemy_Fire_Boid",
    "SFX_depleted": "Play_Alchemy_Fire_Boid",
    "SFX_Idle": "Play_Corruption_Beam_A",
    "VFX_Idle": "env_darkness.Core.Core_minor_Monolith_idle01",
    "SFX_Burst_1": "Play_Alchemy_Fire_Boid",
    "SFX_Burst_2": "Play_Alchemy_Fire_Boid",
    "SFX_Burst_3": "Play_Alchemy_Fire_Boid",
    "VFX_Burst_1": "",
    "VFX_Burst_2": "",
    "VFX_Burst_3": "",
    "IdleVFX_Offset_Z": "",
    "DepletedVFX": "env_darkness.Core.Core_death01",
    "DepletedMesh": "",
    "StartMeshLOD": "",
    "EndMeshLOD": "",
    "GatheringFX": "env_darkness.Core.Core_minor_monolith_gather01",
    "ShowOnMap": "",
    "ShowOnCompass": "",
    "MapIcon": "",
    "CompassIcon": "",
    "TradeskillIconUnlockType": "",
    "MapTooltipTitleLocTag": "",
    "MapTooltipDescLocTag": "",
    "EnableBurstParticle1": "",
    "EnableBurstParticle2": "",
    "EnableBurstParticle3": ""
  },
  {
    "VariantID": "CorruptionCore_Minor_Portal_DT2",
    "Visuals_Healthy": "slices/Darkness/Events/Minor/Minor_Portal/Art/Darkness_Portal_Minor_Core_Art.dynamicslice",
    "GatherableEntryID": "DarknessMinorPortalDT2",
    "GatheringRadius": "10",
    "InteractionRadius": "10",
    "DetectableRadius": "3",
    "MarkerRadius": "10",
    "AudioPreload_loop": "Corruption_Beam_A",
    "AudioPreload_Burst_1": "Gath_Alchemy_Fire_Boid",
    "AudioPreload_Burst_2": "Gath_Alchemy_Fire_Boid",
    "AudioPreload_Burst_3": "Gath_Alchemy_Fire_Boid",
    "AudioPreload_depleted": "Gath_Alchemy_Fire_Boid",
    "SFX_depleted": "Play_Alchemy_Fire_Boid",
    "SFX_Idle": "Play_Corruption_Beam_A",
    "VFX_Idle": "env_darkness.Core.Core_minor_Monolith_idle01",
    "SFX_Burst_1": "Play_Alchemy_Fire_Boid",
    "SFX_Burst_2": "Play_Alchemy_Fire_Boid",
    "SFX_Burst_3": "Play_Alchemy_Fire_Boid",
    "VFX_Burst_1": "",
    "VFX_Burst_2": "",
    "VFX_Burst_3": "",
    "IdleVFX_Offset_Z": "",
    "DepletedVFX": "env_darkness.Core.Core_death01",
    "DepletedMesh": "",
    "StartMeshLOD": "",
    "EndMeshLOD": "",
    "GatheringFX": "env_darkness.Core.Core_minor_monolith_gather01",
    "ShowOnMap": "",
    "ShowOnCompass": "",
    "MapIcon": "",
    "CompassIcon": "",
    "TradeskillIconUnlockType": "",
    "MapTooltipTitleLocTag": "",
    "MapTooltipDescLocTag": "",
    "EnableBurstParticle1": "",
    "EnableBurstParticle2": "",
    "EnableBurstParticle3": ""
  },
  {
    "VariantID": "CorruptionCore_Minor_Portal_DT3",
    "Visuals_Healthy": "slices/Darkness/Events/Minor/Minor_Portal/Art/Darkness_Portal_Minor_Core_Art.dynamicslice",
    "GatherableEntryID": "DarknessMinorPortalDT3",
    "GatheringRadius": "10",
    "InteractionRadius": "10",
    "DetectableRadius": "3",
    "MarkerRadius": "10",
    "AudioPreload_loop": "Corruption_Beam_A",
    "AudioPreload_Burst_1": "Gath_Alchemy_Fire_Boid",
    "AudioPreload_Burst_2": "Gath_Alchemy_Fire_Boid",
    "AudioPreload_Burst_3": "Gath_Alchemy_Fire_Boid",
    "AudioPreload_depleted": "Gath_Alchemy_Fire_Boid",
    "SFX_depleted": "Play_Alchemy_Fire_Boid",
    "SFX_Idle": "Play_Corruption_Beam_A",
    "VFX_Idle": "env_darkness.Core.Core_minor_Monolith_idle01",
    "SFX_Burst_1": "Play_Alchemy_Fire_Boid",
    "SFX_Burst_2": "Play_Alchemy_Fire_Boid",
    "SFX_Burst_3": "Play_Alchemy_Fire_Boid",
    "VFX_Burst_1": "",
    "VFX_Burst_2": "",
    "VFX_Burst_3": "",
    "IdleVFX_Offset_Z": "",
    "DepletedVFX": "env_darkness.Core.Core_death01",
    "DepletedMesh": "",
    "StartMeshLOD": "",
    "EndMeshLOD": "",
    "GatheringFX": "env_darkness.Core.Core_minor_monolith_gather01",
    "ShowOnMap": "",
    "ShowOnCompass": "",
    "MapIcon": "",
    "CompassIcon": "",
    "TradeskillIconUnlockType": "",
    "MapTooltipTitleLocTag": "",
    "MapTooltipDescLocTag": "",
    "EnableBurstParticle1": "",
    "EnableBurstParticle2": "",
    "EnableBurstParticle3": ""
  },
  {
    "VariantID": "CorruptionCore_Minor_Portal_DT4",
    "Visuals_Healthy": "slices/Darkness/Events/Minor/Minor_Portal/Art/Darkness_Portal_Minor_Core_Art.dynamicslice",
    "GatherableEntryID": "DarknessMinorPortalDT4",
    "GatheringRadius": "10",
    "InteractionRadius": "10",
    "DetectableRadius": "3",
    "MarkerRadius": "10",
    "AudioPreload_loop": "Corruption_Beam_A",
    "AudioPreload_Burst_1": "Gath_Alchemy_Fire_Boid",
    "AudioPreload_Burst_2": "Gath_Alchemy_Fire_Boid",
    "AudioPreload_Burst_3": "Gath_Alchemy_Fire_Boid",
    "AudioPreload_depleted": "Gath_Alchemy_Fire_Boid",
    "SFX_depleted": "Play_Alchemy_Fire_Boid",
    "SFX_Idle": "Play_Corruption_Beam_A",
    "VFX_Idle": "env_darkness.Core.Core_minor_Monolith_idle01",
    "SFX_Burst_1": "Play_Alchemy_Fire_Boid",
    "SFX_Burst_2": "Play_Alchemy_Fire_Boid",
    "SFX_Burst_3": "Play_Alchemy_Fire_Boid",
    "VFX_Burst_1": "",
    "VFX_Burst_2": "",
    "VFX_Burst_3": "",
    "IdleVFX_Offset_Z": "",
    "DepletedVFX": "env_darkness.Core.Core_death01",
    "DepletedMesh": "",
    "StartMeshLOD": "",
    "EndMeshLOD": "",
    "GatheringFX": "env_darkness.Core.Core_minor_monolith_gather01",
    "ShowOnMap": "",
    "ShowOnCompass": "",
    "MapIcon": "",
    "CompassIcon": "",
    "TradeskillIconUnlockType": "",
    "MapTooltipTitleLocTag": "",
    "MapTooltipDescLocTag": "",
    "EnableBurstParticle1": "",
    "EnableBurstParticle2": "",
    "EnableBurstParticle3": ""
  },
  {
    "VariantID": "CorruptionCore_Minor_Portal_DT5",
    "Visuals_Healthy": "slices/Darkness/Events/Minor/Minor_Portal/Art/Darkness_Portal_Minor_Core_Art.dynamicslice",
    "GatherableEntryID": "DarknessMinorPortalDT5",
    "GatheringRadius": "10",
    "InteractionRadius": "10",
    "DetectableRadius": "3",
    "MarkerRadius": "10",
    "AudioPreload_loop": "Corruption_Beam_A",
    "AudioPreload_Burst_1": "Gath_Alchemy_Fire_Boid",
    "AudioPreload_Burst_2": "Gath_Alchemy_Fire_Boid",
    "AudioPreload_Burst_3": "Gath_Alchemy_Fire_Boid",
    "AudioPreload_depleted": "Gath_Alchemy_Fire_Boid",
    "SFX_depleted": "Play_Alchemy_Fire_Boid",
    "SFX_Idle": "Play_Corruption_Beam_A",
    "VFX_Idle": "env_darkness.Core.Core_minor_Monolith_idle01",
    "SFX_Burst_1": "Play_Alchemy_Fire_Boid",
    "SFX_Burst_2": "Play_Alchemy_Fire_Boid",
    "SFX_Burst_3": "Play_Alchemy_Fire_Boid",
    "VFX_Burst_1": "",
    "VFX_Burst_2": "",
    "VFX_Burst_3": "",
    "IdleVFX_Offset_Z": "",
    "DepletedVFX": "env_darkness.Core.Core_death01",
    "DepletedMesh": "",
    "StartMeshLOD": "",
    "EndMeshLOD": "",
    "GatheringFX": "env_darkness.Core.Core_minor_monolith_gather01",
    "ShowOnMap": "",
    "ShowOnCompass": "",
    "MapIcon": "",
    "CompassIcon": "",
    "TradeskillIconUnlockType": "",
    "MapTooltipTitleLocTag": "",
    "MapTooltipDescLocTag": "",
    "EnableBurstParticle1": "",
    "EnableBurstParticle2": "",
    "EnableBurstParticle3": ""
  },
  {
    "VariantID": "CorruptionCore_Minor_Portal_DT6",
    "Visuals_Healthy": "slices/Darkness/Events/Minor/Minor_Portal/Art/Darkness_Portal_Minor_Core_Art.dynamicslice",
    "GatherableEntryID": "DarknessMinorPortalDT6",
    "GatheringRadius": "10",
    "InteractionRadius": "10",
    "DetectableRadius": "3",
    "MarkerRadius": "10",
    "AudioPreload_loop": "Corruption_Beam_A",
    "AudioPreload_Burst_1": "Gath_Alchemy_Fire_Boid",
    "AudioPreload_Burst_2": "Gath_Alchemy_Fire_Boid",
    "AudioPreload_Burst_3": "Gath_Alchemy_Fire_Boid",
    "AudioPreload_depleted": "Gath_Alchemy_Fire_Boid",
    "SFX_depleted": "Play_Alchemy_Fire_Boid",
    "SFX_Idle": "Play_Corruption_Beam_A",
    "VFX_Idle": "env_darkness.Core.Core_minor_Monolith_idle01",
    "SFX_Burst_1": "Play_Alchemy_Fire_Boid",
    "SFX_Burst_2": "Play_Alchemy_Fire_Boid",
    "SFX_Burst_3": "Play_Alchemy_Fire_Boid",
    "VFX_Burst_1": "",
    "VFX_Burst_2": "",
    "VFX_Burst_3": "",
    "IdleVFX_Offset_Z": "",
    "DepletedVFX": "env_darkness.Core.Core_death01",
    "DepletedMesh": "",
    "StartMeshLOD": "",
    "EndMeshLOD": "",
    "GatheringFX": "env_darkness.Core.Core_minor_monolith_gather01",
    "ShowOnMap": "",
    "ShowOnCompass": "",
    "MapIcon": "",
    "CompassIcon": "",
    "TradeskillIconUnlockType": "",
    "MapTooltipTitleLocTag": "",
    "MapTooltipDescLocTag": "",
    "EnableBurstParticle1": "",
    "EnableBurstParticle2": "",
    "EnableBurstParticle3": ""
  },
  {
    "VariantID": "Corruption_Minor_Fissure_DT1",
    "Visuals_Healthy": "slices/Darkness/Events/General/Core/Art/Darkness_Core_Art.dynamicslice",
    "GatherableEntryID": "DarknessMinorFissureDT1",
    "GatheringRadius": "5",
    "InteractionRadius": "5",
    "DetectableRadius": "3",
    "MarkerRadius": "7",
    "AudioPreload_loop": "Corruption_Beam_A",
    "AudioPreload_Burst_1": "Gath_Alchemy_Fire_Boid",
    "AudioPreload_Burst_2": "Gath_Alchemy_Fire_Boid",
    "AudioPreload_Burst_3": "Gath_Alchemy_Fire_Boid",
    "AudioPreload_depleted": "Gath_Alchemy_Fire_Boid",
    "SFX_depleted": "Play_Alchemy_Fire_Boid",
    "SFX_Idle": "Play_Corruption_Beam_A",
    "VFX_Idle": "env_darkness.Core.Core_minor_monolith_idle01",
    "SFX_Burst_1": "Play_Alchemy_Fire_Boid",
    "SFX_Burst_2": "Play_Alchemy_Fire_Boid",
    "SFX_Burst_3": "Play_Alchemy_Fire_Boid",
    "VFX_Burst_1": "",
    "VFX_Burst_2": "",
    "VFX_Burst_3": "",
    "IdleVFX_Offset_Z": "",
    "DepletedVFX": "env_darkness.Core.Core_death01",
    "DepletedMesh": "",
    "StartMeshLOD": "",
    "EndMeshLOD": "",
    "GatheringFX": "env_darkness.Core.Core_minor_monolith_gather01",
    "ShowOnMap": "",
    "ShowOnCompass": "",
    "MapIcon": "",
    "CompassIcon": "",
    "TradeskillIconUnlockType": "",
    "MapTooltipTitleLocTag": "",
    "MapTooltipDescLocTag": "",
    "EnableBurstParticle1": "",
    "EnableBurstParticle2": "",
    "EnableBurstParticle3": ""
  },
  {
    "VariantID": "Corruption_Minor_Fissure_DT2",
    "Visuals_Healthy": "slices/Darkness/Events/General/Core/Art/Darkness_Core_Art.dynamicslice",
    "GatherableEntryID": "DarknessMinorFissureDT2",
    "GatheringRadius": "5",
    "InteractionRadius": "5",
    "DetectableRadius": "3",
    "MarkerRadius": "7",
    "AudioPreload_loop": "Corruption_Beam_A",
    "AudioPreload_Burst_1": "Gath_Alchemy_Fire_Boid",
    "AudioPreload_Burst_2": "Gath_Alchemy_Fire_Boid",
    "AudioPreload_Burst_3": "Gath_Alchemy_Fire_Boid",
    "AudioPreload_depleted": "Gath_Alchemy_Fire_Boid",
    "SFX_depleted": "Play_Alchemy_Fire_Boid",
    "SFX_Idle": "Play_Corruption_Beam_A",
    "VFX_Idle": "env_darkness.Core.Core_minor_monolith_idle01",
    "SFX_Burst_1": "Play_Alchemy_Fire_Boid",
    "SFX_Burst_2": "Play_Alchemy_Fire_Boid",
    "SFX_Burst_3": "Play_Alchemy_Fire_Boid",
    "VFX_Burst_1": "",
    "VFX_Burst_2": "",
    "VFX_Burst_3": "",
    "IdleVFX_Offset_Z": "",
    "DepletedVFX": "env_darkness.Core.Core_death01",
    "DepletedMesh": "",
    "StartMeshLOD": "",
    "EndMeshLOD": "",
    "GatheringFX": "env_darkness.Core.Core_minor_monolith_gather01",
    "ShowOnMap": "",
    "ShowOnCompass": "",
    "MapIcon": "",
    "CompassIcon": "",
    "TradeskillIconUnlockType": "",
    "MapTooltipTitleLocTag": "",
    "MapTooltipDescLocTag": "",
    "EnableBurstParticle1": "",
    "EnableBurstParticle2": "",
    "EnableBurstParticle3": ""
  },
  {
    "VariantID": "Corruption_Minor_Fissure_DT3",
    "Visuals_Healthy": "slices/Darkness/Events/General/Core/Art/Darkness_Core_Art.dynamicslice",
    "GatherableEntryID": "DarknessMinorFissureDT3",
    "GatheringRadius": "5",
    "InteractionRadius": "5",
    "DetectableRadius": "3",
    "MarkerRadius": "7",
    "AudioPreload_loop": "Corruption_Beam_A",
    "AudioPreload_Burst_1": "Gath_Alchemy_Fire_Boid",
    "AudioPreload_Burst_2": "Gath_Alchemy_Fire_Boid",
    "AudioPreload_Burst_3": "Gath_Alchemy_Fire_Boid",
    "AudioPreload_depleted": "Gath_Alchemy_Fire_Boid",
    "SFX_depleted": "Play_Alchemy_Fire_Boid",
    "SFX_Idle": "Play_Corruption_Beam_A",
    "VFX_Idle": "env_darkness.Core.Core_minor_monolith_idle01",
    "SFX_Burst_1": "Play_Alchemy_Fire_Boid",
    "SFX_Burst_2": "Play_Alchemy_Fire_Boid",
    "SFX_Burst_3": "Play_Alchemy_Fire_Boid",
    "VFX_Burst_1": "",
    "VFX_Burst_2": "",
    "VFX_Burst_3": "",
    "IdleVFX_Offset_Z": "",
    "DepletedVFX": "env_darkness.Core.Core_death01",
    "DepletedMesh": "",
    "StartMeshLOD": "",
    "EndMeshLOD": "",
    "GatheringFX": "env_darkness.Core.Core_minor_monolith_gather01",
    "ShowOnMap": "",
    "ShowOnCompass": "",
    "MapIcon": "",
    "CompassIcon": "",
    "TradeskillIconUnlockType": "",
    "MapTooltipTitleLocTag": "",
    "MapTooltipDescLocTag": "",
    "EnableBurstParticle1": "",
    "EnableBurstParticle2": "",
    "EnableBurstParticle3": ""
  },
  {
    "VariantID": "Corruption_Minor_Fissure_DT4",
    "Visuals_Healthy": "slices/Darkness/Events/General/Core/Art/Darkness_Core_Art.dynamicslice",
    "GatherableEntryID": "DarknessMinorFissureDT4",
    "GatheringRadius": "5",
    "InteractionRadius": "5",
    "DetectableRadius": "3",
    "MarkerRadius": "7",
    "AudioPreload_loop": "Corruption_Beam_A",
    "AudioPreload_Burst_1": "Gath_Alchemy_Fire_Boid",
    "AudioPreload_Burst_2": "Gath_Alchemy_Fire_Boid",
    "AudioPreload_Burst_3": "Gath_Alchemy_Fire_Boid",
    "AudioPreload_depleted": "Gath_Alchemy_Fire_Boid",
    "SFX_depleted": "Play_Alchemy_Fire_Boid",
    "SFX_Idle": "Play_Corruption_Beam_A",
    "VFX_Idle": "env_darkness.Core.Core_minor_monolith_idle01",
    "SFX_Burst_1": "Play_Alchemy_Fire_Boid",
    "SFX_Burst_2": "Play_Alchemy_Fire_Boid",
    "SFX_Burst_3": "Play_Alchemy_Fire_Boid",
    "VFX_Burst_1": "",
    "VFX_Burst_2": "",
    "VFX_Burst_3": "",
    "IdleVFX_Offset_Z": "",
    "DepletedVFX": "env_darkness.Core.Core_death01",
    "DepletedMesh": "",
    "StartMeshLOD": "",
    "EndMeshLOD": "",
    "GatheringFX": "env_darkness.Core.Core_minor_monolith_gather01",
    "ShowOnMap": "",
    "ShowOnCompass": "",
    "MapIcon": "",
    "CompassIcon": "",
    "TradeskillIconUnlockType": "",
    "MapTooltipTitleLocTag": "",
    "MapTooltipDescLocTag": "",
    "EnableBurstParticle1": "",
    "EnableBurstParticle2": "",
    "EnableBurstParticle3": ""
  },
  {
    "VariantID": "Corruption_Minor_Fissure_DT5",
    "Visuals_Healthy": "slices/Darkness/Events/General/Core/Art/Darkness_Core_Art.dynamicslice",
    "GatherableEntryID": "DarknessMinorFissureDT5",
    "GatheringRadius": "5",
    "InteractionRadius": "5",
    "DetectableRadius": "3",
    "MarkerRadius": "7",
    "AudioPreload_loop": "Corruption_Beam_A",
    "AudioPreload_Burst_1": "Gath_Alchemy_Fire_Boid",
    "AudioPreload_Burst_2": "Gath_Alchemy_Fire_Boid",
    "AudioPreload_Burst_3": "Gath_Alchemy_Fire_Boid",
    "AudioPreload_depleted": "Gath_Alchemy_Fire_Boid",
    "SFX_depleted": "Play_Alchemy_Fire_Boid",
    "SFX_Idle": "Play_Corruption_Beam_A",
    "VFX_Idle": "env_darkness.Core.Core_minor_monolith_idle01",
    "SFX_Burst_1": "Play_Alchemy_Fire_Boid",
    "SFX_Burst_2": "Play_Alchemy_Fire_Boid",
    "SFX_Burst_3": "Play_Alchemy_Fire_Boid",
    "VFX_Burst_1": "",
    "VFX_Burst_2": "",
    "VFX_Burst_3": "",
    "IdleVFX_Offset_Z": "",
    "DepletedVFX": "env_darkness.Core.Core_death01",
    "DepletedMesh": "",
    "StartMeshLOD": "",
    "EndMeshLOD": "",
    "GatheringFX": "env_darkness.Core.Core_minor_monolith_gather01",
    "ShowOnMap": "",
    "ShowOnCompass": "",
    "MapIcon": "",
    "CompassIcon": "",
    "TradeskillIconUnlockType": "",
    "MapTooltipTitleLocTag": "",
    "MapTooltipDescLocTag": "",
    "EnableBurstParticle1": "",
    "EnableBurstParticle2": "",
    "EnableBurstParticle3": ""
  },
  {
    "VariantID": "Corruption_Minor_Fissure_DT6",
    "Visuals_Healthy": "slices/Darkness/Events/General/Core/Art/Darkness_Core_Art.dynamicslice",
    "GatherableEntryID": "DarknessMinorFissureDT6",
    "GatheringRadius": "5",
    "InteractionRadius": "5",
    "DetectableRadius": "3",
    "MarkerRadius": "7",
    "AudioPreload_loop": "Corruption_Beam_A",
    "AudioPreload_Burst_1": "Gath_Alchemy_Fire_Boid",
    "AudioPreload_Burst_2": "Gath_Alchemy_Fire_Boid",
    "AudioPreload_Burst_3": "Gath_Alchemy_Fire_Boid",
    "AudioPreload_depleted": "Gath_Alchemy_Fire_Boid",
    "SFX_depleted": "Play_Alchemy_Fire_Boid",
    "SFX_Idle": "Play_Corruption_Beam_A",
    "VFX_Idle": "env_darkness.Core.Core_minor_monolith_idle01",
    "SFX_Burst_1": "Play_Alchemy_Fire_Boid",
    "SFX_Burst_2": "Play_Alchemy_Fire_Boid",
    "SFX_Burst_3": "Play_Alchemy_Fire_Boid",
    "VFX_Burst_1": "",
    "VFX_Burst_2": "",
    "VFX_Burst_3": "",
    "IdleVFX_Offset_Z": "",
    "DepletedVFX": "env_darkness.Core.Core_death01",
    "DepletedMesh": "",
    "StartMeshLOD": "",
    "EndMeshLOD": "",
    "GatheringFX": "env_darkness.Core.Core_minor_monolith_gather01",
    "ShowOnMap": "",
    "ShowOnCompass": "",
    "MapIcon": "",
    "CompassIcon": "",
    "TradeskillIconUnlockType": "",
    "MapTooltipTitleLocTag": "",
    "MapTooltipDescLocTag": "",
    "EnableBurstParticle1": "",
    "EnableBurstParticle2": "",
    "EnableBurstParticle3": ""
  },
  {
    "VariantID": "Corruption_Minor_SummoningCircle_DT1",
    "Visuals_Healthy": "slices/Darkness/Events/General/Core/Art/Darkness_Core_Art.dynamicslice",
    "GatherableEntryID": "DarknessMinorSummoningCircleDT1",
    "GatheringRadius": "7",
    "InteractionRadius": "7",
    "DetectableRadius": "3",
    "MarkerRadius": "9",
    "AudioPreload_loop": "Corruption_Beam_A",
    "AudioPreload_Burst_1": "Gath_Alchemy_Fire_Boid",
    "AudioPreload_Burst_2": "Gath_Alchemy_Fire_Boid",
    "AudioPreload_Burst_3": "Gath_Alchemy_Fire_Boid",
    "AudioPreload_depleted": "Gath_Alchemy_Fire_Boid",
    "SFX_depleted": "Play_Alchemy_Fire_Boid",
    "SFX_Idle": "Play_Corruption_Beam_A",
    "VFX_Idle": "env_darkness.Core.Core_minor_monolith_idle01",
    "SFX_Burst_1": "Play_Alchemy_Fire_Boid",
    "SFX_Burst_2": "Play_Alchemy_Fire_Boid",
    "SFX_Burst_3": "Play_Alchemy_Fire_Boid",
    "VFX_Burst_1": "",
    "VFX_Burst_2": "",
    "VFX_Burst_3": "",
    "IdleVFX_Offset_Z": "",
    "DepletedVFX": "env_darkness.Core.Core_death01",
    "DepletedMesh": "",
    "StartMeshLOD": "",
    "EndMeshLOD": "",
    "GatheringFX": "env_darkness.Core.Core_minor_monolith_gather01",
    "ShowOnMap": "",
    "ShowOnCompass": "",
    "MapIcon": "",
    "CompassIcon": "",
    "TradeskillIconUnlockType": "",
    "MapTooltipTitleLocTag": "",
    "MapTooltipDescLocTag": "",
    "EnableBurstParticle1": "",
    "EnableBurstParticle2": "",
    "EnableBurstParticle3": ""
  },
  {
    "VariantID": "CorruptionCore_Minor_Hive_DT1",
    "Visuals_Healthy": "slices/Darkness/Events/General/Core/Art/Darkness_Core_Art.dynamicslice",
    "GatherableEntryID": "DarknessMinorHiveDT1",
    "GatheringRadius": "7",
    "InteractionRadius": "7",
    "DetectableRadius": "5",
    "MarkerRadius": "9",
    "AudioPreload_loop": "Corruption_Beam_A",
    "AudioPreload_Burst_1": "Gath_Alchemy_Fire_Boid",
    "AudioPreload_Burst_2": "Gath_Alchemy_Fire_Boid",
    "AudioPreload_Burst_3": "Gath_Alchemy_Fire_Boid",
    "AudioPreload_depleted": "Gath_Alchemy_Fire_Boid",
    "SFX_depleted": "Play_Alchemy_Fire_Boid",
    "SFX_Idle": "Play_Corruption_Beam_A",
    "VFX_Idle": "env_darkness.Core.Core_minor_monolith_idle01",
    "SFX_Burst_1": "Play_Alchemy_Fire_Boid",
    "SFX_Burst_2": "Play_Alchemy_Fire_Boid",
    "SFX_Burst_3": "Play_Alchemy_Fire_Boid",
    "VFX_Burst_1": "",
    "VFX_Burst_2": "",
    "VFX_Burst_3": "",
    "IdleVFX_Offset_Z": "",
    "DepletedVFX": "env_darkness.Core.Core_death01",
    "DepletedMesh": "",
    "StartMeshLOD": "",
    "EndMeshLOD": "",
    "GatheringFX": "env_darkness.Core.Core_minor_monolith_gather01",
    "ShowOnMap": "",
    "ShowOnCompass": "",
    "MapIcon": "",
    "CompassIcon": "",
    "TradeskillIconUnlockType": "",
    "MapTooltipTitleLocTag": "",
    "MapTooltipDescLocTag": "",
    "EnableBurstParticle1": "",
    "EnableBurstParticle2": "",
    "EnableBurstParticle3": ""
  },
  {
    "VariantID": "CorruptionCore_Minor_Hive_DT2",
    "Visuals_Healthy": "slices/Darkness/Events/General/Core/Art/Darkness_Core_Art.dynamicslice",
    "GatherableEntryID": "DarknessMinorHiveDT2",
    "GatheringRadius": "7",
    "InteractionRadius": "7",
    "DetectableRadius": "5",
    "MarkerRadius": "9",
    "AudioPreload_loop": "Corruption_Beam_A",
    "AudioPreload_Burst_1": "Gath_Alchemy_Fire_Boid",
    "AudioPreload_Burst_2": "Gath_Alchemy_Fire_Boid",
    "AudioPreload_Burst_3": "Gath_Alchemy_Fire_Boid",
    "AudioPreload_depleted": "Gath_Alchemy_Fire_Boid",
    "SFX_depleted": "Play_Alchemy_Fire_Boid",
    "SFX_Idle": "Play_Corruption_Beam_A",
    "VFX_Idle": "env_darkness.Core.Core_minor_monolith_idle01",
    "SFX_Burst_1": "Play_Alchemy_Fire_Boid",
    "SFX_Burst_2": "Play_Alchemy_Fire_Boid",
    "SFX_Burst_3": "Play_Alchemy_Fire_Boid",
    "VFX_Burst_1": "",
    "VFX_Burst_2": "",
    "VFX_Burst_3": "",
    "IdleVFX_Offset_Z": "",
    "DepletedVFX": "env_darkness.Core.Core_death01",
    "DepletedMesh": "",
    "StartMeshLOD": "",
    "EndMeshLOD": "",
    "GatheringFX": "env_darkness.Core.Core_minor_monolith_gather01",
    "ShowOnMap": "",
    "ShowOnCompass": "",
    "MapIcon": "",
    "CompassIcon": "",
    "TradeskillIconUnlockType": "",
    "MapTooltipTitleLocTag": "",
    "MapTooltipDescLocTag": "",
    "EnableBurstParticle1": "",
    "EnableBurstParticle2": "",
    "EnableBurstParticle3": ""
  },
  {
    "VariantID": "CorruptionCore_Minor_Hive_DT3",
    "Visuals_Healthy": "slices/Darkness/Events/General/Core/Art/Darkness_Core_Art.dynamicslice",
    "GatherableEntryID": "DarknessMinorHiveDT3",
    "GatheringRadius": "7",
    "InteractionRadius": "7",
    "DetectableRadius": "5",
    "MarkerRadius": "9",
    "AudioPreload_loop": "Corruption_Beam_A",
    "AudioPreload_Burst_1": "Gath_Alchemy_Fire_Boid",
    "AudioPreload_Burst_2": "Gath_Alchemy_Fire_Boid",
    "AudioPreload_Burst_3": "Gath_Alchemy_Fire_Boid",
    "AudioPreload_depleted": "Gath_Alchemy_Fire_Boid",
    "SFX_depleted": "Play_Alchemy_Fire_Boid",
    "SFX_Idle": "Play_Corruption_Beam_A",
    "VFX_Idle": "env_darkness.Core.Core_minor_monolith_idle01",
    "SFX_Burst_1": "Play_Alchemy_Fire_Boid",
    "SFX_Burst_2": "Play_Alchemy_Fire_Boid",
    "SFX_Burst_3": "Play_Alchemy_Fire_Boid",
    "VFX_Burst_1": "",
    "VFX_Burst_2": "",
    "VFX_Burst_3": "",
    "IdleVFX_Offset_Z": "",
    "DepletedVFX": "env_darkness.Core.Core_death01",
    "DepletedMesh": "",
    "StartMeshLOD": "",
    "EndMeshLOD": "",
    "GatheringFX": "env_darkness.Core.Core_minor_monolith_gather01",
    "ShowOnMap": "",
    "ShowOnCompass": "",
    "MapIcon": "",
    "CompassIcon": "",
    "TradeskillIconUnlockType": "",
    "MapTooltipTitleLocTag": "",
    "MapTooltipDescLocTag": "",
    "EnableBurstParticle1": "",
    "EnableBurstParticle2": "",
    "EnableBurstParticle3": ""
  },
  {
    "VariantID": "CorruptionCore_Minor_Hive_DT4",
    "Visuals_Healthy": "slices/Darkness/Events/General/Core/Art/Darkness_Core_Art.dynamicslice",
    "GatherableEntryID": "DarknessMinorHiveDT4",
    "GatheringRadius": "7",
    "InteractionRadius": "7",
    "DetectableRadius": "5",
    "MarkerRadius": "9",
    "AudioPreload_loop": "Corruption_Beam_A",
    "AudioPreload_Burst_1": "Gath_Alchemy_Fire_Boid",
    "AudioPreload_Burst_2": "Gath_Alchemy_Fire_Boid",
    "AudioPreload_Burst_3": "Gath_Alchemy_Fire_Boid",
    "AudioPreload_depleted": "Gath_Alchemy_Fire_Boid",
    "SFX_depleted": "Play_Alchemy_Fire_Boid",
    "SFX_Idle": "Play_Corruption_Beam_A",
    "VFX_Idle": "env_darkness.Core.Core_minor_monolith_idle01",
    "SFX_Burst_1": "Play_Alchemy_Fire_Boid",
    "SFX_Burst_2": "Play_Alchemy_Fire_Boid",
    "SFX_Burst_3": "Play_Alchemy_Fire_Boid",
    "VFX_Burst_1": "",
    "VFX_Burst_2": "",
    "VFX_Burst_3": "",
    "IdleVFX_Offset_Z": "",
    "DepletedVFX": "env_darkness.Core.Core_death01",
    "DepletedMesh": "",
    "StartMeshLOD": "",
    "EndMeshLOD": "",
    "GatheringFX": "env_darkness.Core.Core_minor_monolith_gather01",
    "ShowOnMap": "",
    "ShowOnCompass": "",
    "MapIcon": "",
    "CompassIcon": "",
    "TradeskillIconUnlockType": "",
    "MapTooltipTitleLocTag": "",
    "MapTooltipDescLocTag": "",
    "EnableBurstParticle1": "",
    "EnableBurstParticle2": "",
    "EnableBurstParticle3": ""
  },
  {
    "VariantID": "CorruptionCore_Minor_Hive_DT5",
    "Visuals_Healthy": "slices/Darkness/Events/General/Core/Art/Darkness_Core_Art.dynamicslice",
    "GatherableEntryID": "DarknessMinorHiveDT5",
    "GatheringRadius": "7",
    "InteractionRadius": "7",
    "DetectableRadius": "5",
    "MarkerRadius": "9",
    "AudioPreload_loop": "Corruption_Beam_A",
    "AudioPreload_Burst_1": "Gath_Alchemy_Fire_Boid",
    "AudioPreload_Burst_2": "Gath_Alchemy_Fire_Boid",
    "AudioPreload_Burst_3": "Gath_Alchemy_Fire_Boid",
    "AudioPreload_depleted": "Gath_Alchemy_Fire_Boid",
    "SFX_depleted": "Play_Alchemy_Fire_Boid",
    "SFX_Idle": "Play_Corruption_Beam_A",
    "VFX_Idle": "env_darkness.Core.Core_minor_monolith_idle01",
    "SFX_Burst_1": "Play_Alchemy_Fire_Boid",
    "SFX_Burst_2": "Play_Alchemy_Fire_Boid",
    "SFX_Burst_3": "Play_Alchemy_Fire_Boid",
    "VFX_Burst_1": "",
    "VFX_Burst_2": "",
    "VFX_Burst_3": "",
    "IdleVFX_Offset_Z": "",
    "DepletedVFX": "env_darkness.Core.Core_death01",
    "DepletedMesh": "",
    "StartMeshLOD": "",
    "EndMeshLOD": "",
    "GatheringFX": "env_darkness.Core.Core_minor_monolith_gather01",
    "ShowOnMap": "",
    "ShowOnCompass": "",
    "MapIcon": "",
    "CompassIcon": "",
    "TradeskillIconUnlockType": "",
    "MapTooltipTitleLocTag": "",
    "MapTooltipDescLocTag": "",
    "EnableBurstParticle1": "",
    "EnableBurstParticle2": "",
    "EnableBurstParticle3": ""
  },
  {
    "VariantID": "CorruptionCore_Minor_Hive_DT6",
    "Visuals_Healthy": "slices/Darkness/Events/General/Core/Art/Darkness_Core_Art.dynamicslice",
    "GatherableEntryID": "DarknessMinorHiveDT6",
    "GatheringRadius": "7",
    "InteractionRadius": "7",
    "DetectableRadius": "5",
    "MarkerRadius": "9",
    "AudioPreload_loop": "Corruption_Beam_A",
    "AudioPreload_Burst_1": "Gath_Alchemy_Fire_Boid",
    "AudioPreload_Burst_2": "Gath_Alchemy_Fire_Boid",
    "AudioPreload_Burst_3": "Gath_Alchemy_Fire_Boid",
    "AudioPreload_depleted": "Gath_Alchemy_Fire_Boid",
    "SFX_depleted": "Play_Alchemy_Fire_Boid",
    "SFX_Idle": "Play_Corruption_Beam_A",
    "VFX_Idle": "env_darkness.Core.Core_minor_monolith_idle01",
    "SFX_Burst_1": "Play_Alchemy_Fire_Boid",
    "SFX_Burst_2": "Play_Alchemy_Fire_Boid",
    "SFX_Burst_3": "Play_Alchemy_Fire_Boid",
    "VFX_Burst_1": "",
    "VFX_Burst_2": "",
    "VFX_Burst_3": "",
    "IdleVFX_Offset_Z": "",
    "DepletedVFX": "env_darkness.Core.Core_death01",
    "DepletedMesh": "",
    "StartMeshLOD": "",
    "EndMeshLOD": "",
    "GatheringFX": "env_darkness.Core.Core_minor_monolith_gather01",
    "ShowOnMap": "",
    "ShowOnCompass": "",
    "MapIcon": "",
    "CompassIcon": "",
    "TradeskillIconUnlockType": "",
    "MapTooltipTitleLocTag": "",
    "MapTooltipDescLocTag": "",
    "EnableBurstParticle1": "",
    "EnableBurstParticle2": "",
    "EnableBurstParticle3": ""
  }
]