[
  {
    "VariantID": "PotionHealthT1",
    "Visual_Loot": "Objects\\Crafting\\Props\\Shopwares\\AlchemyProps\\JAV_PRP_Glass bottles_A.cgf",
    "GatherableEntryID": "ItemPotionHealT1",
    "Idle_VFX": "Loot.Crate_small01",
    "GatheringRadius": "0.15",
    "InteractionRadius": "0.5",
    "DetectableRadius": "0.75",
    "InteractTag": "",
    "InteractOnlyOnQuest": ""
  },
  {
    "VariantID": "ClothT2",
    "Visual_Loot": "Objects\\Crafting\\Props\\Shopwares\\TanningBolts\\jav_prp_leatherbolt.cgf",
    "GatherableEntryID": "ItemClothT2",
    "Idle_VFX": "Loot.Crate_small01",
    "GatheringRadius": "0.15",
    "InteractionRadius": "0.5",
    "DetectableRadius": "0.75",
    "InteractTag": "",
    "InteractOnlyOnQuest": ""
  },
  {
    "VariantID": "CraterKey1",
    "Visual_Loot": "Objects\\gear_player\\1h\\keys\\key_lockbox\\jav_gear1h_key_lockbox_gold_proxy.cgf",
    "GatherableEntryID": "CraterKey1",
    "Idle_VFX": "Loot.Crate_small01",
    "GatheringRadius": "0.15",
    "InteractionRadius": "0.5",
    "DetectableRadius": "0.75",
    "InteractTag": "",
    "InteractOnlyOnQuest": ""
  },
  {
    "VariantID": "CraterKey2",
    "Visual_Loot": "Objects\\gear_player\\1h\\keys\\key_lockbox\\jav_gear1h_key_lockbox_gold_proxy.cgf",
    "GatherableEntryID": "CraterKey2",
    "Idle_VFX": "Loot.Crate_small01",
    "GatheringRadius": "0.15",
    "InteractionRadius": "0.5",
    "DetectableRadius": "0.75",
    "InteractTag": "",
    "InteractOnlyOnQuest": ""
  }
]