[
  {
    "Song": "NewWorldMarch",
    "DisplayName": "Damage \\n Buff",
    "FileName": "Music/NewWorldMarch.abc",
    "Instruments": "Fife",
    "BuffName": "inspired",
    "BuffEquipSpeed": "5",
    "BuffMaxStack": "5"
  },
  {
    "Song": "Beethoven5th",
    "DisplayName": "Defense \\n Buff",
    "FileName": "Music/beesym5.abc",
    "Instruments": "Fife",
    "BuffName": "",
    "BuffEquipSpeed": "",
    "BuffMaxStack": ""
  },
  {
    "Song": "supmar",
    "DisplayName": "Test Super Mario",
    "FileName": "Music/supmar.abc",
    "Instruments": "Fife",
    "BuffName": "",
    "BuffEquipSpeed": "",
    "BuffMaxStack": ""
  },
  {
    "Song": "flintstones",
    "DisplayName": "Test Flinstones",
    "FileName": "Music/flintstones.abc",
    "Instruments": "Fife",
    "BuffName": "",
    "BuffEquipSpeed": "",
    "BuffMaxStack": ""
  },
  {
    "Song": "chopsticks",
    "DisplayName": "TestChopsticks",
    "FileName": "Music/chopsticks.abc",
    "Instruments": "Fife",
    "BuffName": "",
    "BuffEquipSpeed": "",
    "BuffMaxStack": ""
  },
  {
    "Song": "NewWorldDrums",
    "DisplayName": "Damage\\nBuff",
    "FileName": "Music/NewWorldMarchDrums.abc",
    "Instruments": "Snare",
    "BuffName": "inspired",
    "BuffEquipSpeed": "5",
    "BuffMaxStack": "5"
  }
]