[
  {
    "UniqueTagID": "DEBUG_LOTE",
    "EntitlementIndex": "1",
    "IsEnabled": "1",
    "DisplayName": "NEVER SELL THIS",
    "Description": "LORD OF THE ENTITLEMENTS",
    "IsConsumable": "",
    "Icon": "",
    "RewardType": "Entitlement",
    "Reward(s)": "EveryDangThing",
    "EntitlementInfo": "ONE ENTITLEMENT TO RULE THEM ALL",
    "SourceType": "Twitch",
    "Notes": ""
  },
  {
    "UniqueTagID": "EyesOnYouEmote",
    "EntitlementIndex": "57",
    "IsEnabled": "1",
    "DisplayName": "@EyesOnYouEmote_EntName",
    "Description": "@EyesOnYouEmote_EntDes",
    "IsConsumable": "",
    "Icon": "",
    "RewardType": "Emote",
    "Reward(s)": "Emote_EyesOnYou",
    "EntitlementInfo": "",
    "SourceType": "Store",
    "Notes": ""
  },
  {
    "UniqueTagID": "Marks of Fortune",
    "EntitlementIndex": "90",
    "IsEnabled": "1",
    "DisplayName": "@ui_marks_of_fortune",
    "Description": "@ui_marks_of_fortune",
    "IsConsumable": "1",
    "Icon": "",
    "RewardType": "FictionalCurrency",
    "Reward(s)": "1",
    "EntitlementInfo": "",
    "SourceType": "Store",
    "Notes": ""
  },
  {
    "UniqueTagID": "galaxy_rabbit",
    "EntitlementIndex": "101",
    "IsEnabled": "1",
    "DisplayName": "Galaxy Rabbit",
    "Description": "",
    "IsConsumable": "",
    "Icon": "",
    "RewardType": "HousingItem",
    "Reward(s)": "House_HousingItem_Pet_Entitlement_Rabbit_Galaxy",
    "EntitlementInfo": "",
    "SourceType": "Store",
    "Notes": ""
  },
  {
    "UniqueTagID": "rainbow_tiger",
    "EntitlementIndex": "102",
    "IsEnabled": "1",
    "DisplayName": "Rainbow Tiger",
    "Description": "",
    "IsConsumable": "",
    "Icon": "",
    "RewardType": "HousingItem",
    "Reward(s)": "House_HousingItem_Pet_Entitlement_Tiger_Rainbow",
    "EntitlementInfo": "",
    "SourceType": "Store",
    "Notes": ""
  },
  {
    "UniqueTagID": "sublimebone_dye",
    "EntitlementIndex": "127",
    "IsEnabled": "1",
    "DisplayName": "",
    "Description": "",
    "IsConsumable": "1",
    "Icon": "",
    "RewardType": "ItemDye",
    "Reward(s)": "DyeA030",
    "EntitlementInfo": "",
    "SourceType": "Store",
    "Notes": ""
  },
  {
    "UniqueTagID": "rouge_dye",
    "EntitlementIndex": "132",
    "IsEnabled": "1",
    "DisplayName": "",
    "Description": "",
    "IsConsumable": "1",
    "Icon": "",
    "RewardType": "ItemDye",
    "Reward(s)": "DyeA035",
    "EntitlementInfo": "",
    "SourceType": "Store",
    "Notes": ""
  },
  {
    "UniqueTagID": "agelessbronze_dye",
    "EntitlementIndex": "134",
    "IsEnabled": "1",
    "DisplayName": "",
    "Description": "",
    "IsConsumable": "1",
    "Icon": "",
    "RewardType": "ItemDye",
    "Reward(s)": "DyeA037",
    "EntitlementInfo": "",
    "SourceType": "Store",
    "Notes": ""
  },
  {
    "UniqueTagID": "greengrass_dye",
    "EntitlementIndex": "141",
    "IsEnabled": "1",
    "DisplayName": "",
    "Description": "",
    "IsConsumable": "1",
    "Icon": "",
    "RewardType": "ItemDye",
    "Reward(s)": "DyeA044",
    "EntitlementInfo": "",
    "SourceType": "Store",
    "Notes": ""
  },
  {
    "UniqueTagID": "hiddenstream_dye",
    "EntitlementIndex": "145",
    "IsEnabled": "1",
    "DisplayName": "",
    "Description": "",
    "IsConsumable": "1",
    "Icon": "",
    "RewardType": "ItemDye",
    "Reward(s)": "DyeA048",
    "EntitlementInfo": "",
    "SourceType": "Store",
    "Notes": ""
  },
  {
    "UniqueTagID": "butterflywing_dye",
    "EntitlementIndex": "150",
    "IsEnabled": "1",
    "DisplayName": "",
    "Description": "",
    "IsConsumable": "1",
    "Icon": "",
    "RewardType": "ItemDye",
    "Reward(s)": "DyeA053",
    "EntitlementInfo": "",
    "SourceType": "Store",
    "Notes": ""
  },
  {
    "UniqueTagID": "icon_crest_145",
    "EntitlementIndex": "159",
    "IsEnabled": "1",
    "DisplayName": "",
    "Description": "",
    "IsConsumable": "",
    "Icon": "",
    "RewardType": "GuildCrest",
    "Reward(s)": "icon_crest_145",
    "EntitlementInfo": "",
    "SourceType": "Store",
    "Notes": ""
  },
  {
    "UniqueTagID": "icon_crest_23",
    "EntitlementIndex": "161",
    "IsEnabled": "1",
    "DisplayName": "",
    "Description": "",
    "IsConsumable": "",
    "Icon": "",
    "RewardType": "GuildCrest",
    "Reward(s)": "icon_crest_23",
    "EntitlementInfo": "",
    "SourceType": "Store",
    "Notes": ""
  },
  {
    "UniqueTagID": "icon_crest_42",
    "EntitlementIndex": "167",
    "IsEnabled": "1",
    "DisplayName": "",
    "Description": "",
    "IsConsumable": "",
    "Icon": "",
    "RewardType": "GuildCrest",
    "Reward(s)": "icon_crest_42",
    "EntitlementInfo": "",
    "SourceType": "Store",
    "Notes": ""
  },
  {
    "UniqueTagID": "icon_crest_178",
    "EntitlementIndex": "175",
    "IsEnabled": "1",
    "DisplayName": "",
    "Description": "",
    "IsConsumable": "",
    "Icon": "",
    "RewardType": "GuildCrest",
    "Reward(s)": "icon_crest_178",
    "EntitlementInfo": "",
    "SourceType": "Store",
    "Notes": ""
  },
  {
    "UniqueTagID": "icon_crest_90",
    "EntitlementIndex": "180",
    "IsEnabled": "1",
    "DisplayName": "",
    "Description": "",
    "IsConsumable": "",
    "Icon": "",
    "RewardType": "GuildCrest",
    "Reward(s)": "icon_crest_90",
    "EntitlementInfo": "",
    "SourceType": "Store",
    "Notes": ""
  },
  {
    "UniqueTagID": "icon_crest_144",
    "EntitlementIndex": "181",
    "IsEnabled": "1",
    "DisplayName": "",
    "Description": "",
    "IsConsumable": "",
    "Icon": "",
    "RewardType": "GuildCrest",
    "Reward(s)": "icon_crest_144",
    "EntitlementInfo": "",
    "SourceType": "Store",
    "Notes": ""
  },
  {
    "UniqueTagID": "icon_crest_179",
    "EntitlementIndex": "182",
    "IsEnabled": "1",
    "DisplayName": "",
    "Description": "",
    "IsConsumable": "",
    "Icon": "",
    "RewardType": "GuildCrest",
    "Reward(s)": "icon_crest_179",
    "EntitlementInfo": "",
    "SourceType": "Store",
    "Notes": ""
  },
  {
    "UniqueTagID": "crescent_fang",
    "EntitlementIndex": "190",
    "IsEnabled": "1",
    "DisplayName": "@VikingThrowingAxe_EntName",
    "Description": "@VikingThrowingAxe_EntDes",
    "IsConsumable": "",
    "Icon": "",
    "RewardType": "ItemSkin",
    "Reward(s)": "CrescentFang",
    "EntitlementInfo": "@VikingThrowingAxe_EntInfo",
    "SourceType": "Store",
    "Notes": ""
  },
  {
    "UniqueTagID": "runic_jackal",
    "EntitlementIndex": "194",
    "IsEnabled": "1",
    "DisplayName": "@VikingMediumArmor_EntName",
    "Description": "@VikingMediumArmor_EntDes",
    "IsConsumable": "",
    "Icon": "",
    "RewardType": "ItemSkin",
    "Reward(s)": "RunicJackalHead+RunicJackalChest+RunicJackalHands+RunicJackalLegs+RunicJackalFeet",
    "EntitlementInfo": "@VikingMediumArmor_EntInfo",
    "SourceType": "Store",
    "Notes": ""
  },
  {
    "UniqueTagID": "eyesonyou",
    "EntitlementIndex": "204",
    "IsEnabled": "1",
    "DisplayName": "@EyesOnYouEmote_EntName",
    "Description": "@EyesOnYouEmote_EntDes",
    "IsConsumable": "",
    "Icon": "",
    "RewardType": "Emote",
    "Reward(s)": "Emote_EyesOnYou",
    "EntitlementInfo": "",
    "SourceType": "Store",
    "Notes": ""
  },
  {
    "UniqueTagID": "arm_flex",
    "EntitlementIndex": "207",
    "IsEnabled": "1",
    "DisplayName": "Arm Flex Emote",
    "Description": "",
    "IsConsumable": "",
    "Icon": "",
    "RewardType": "Emote",
    "Reward(s)": "Emote_Flex3",
    "EntitlementInfo": "",
    "SourceType": "Store",
    "Notes": ""
  },
  {
    "UniqueTagID": "icon_crest_099_Premium",
    "EntitlementIndex": "234",
    "IsEnabled": "1",
    "DisplayName": "",
    "Description": "",
    "IsConsumable": "",
    "Icon": "",
    "RewardType": "GuildCrest",
    "Reward(s)": "icon_crest_099_Premium",
    "EntitlementInfo": "",
    "SourceType": "Store",
    "Notes": ""
  },
  {
    "UniqueTagID": "BannedAbusive_AbusiveLanguageWarning",
    "EntitlementIndex": "235",
    "IsEnabled": "1",
    "DisplayName": "Abusive Language Warning",
    "Description": "Abusive Language Warning",
    "IsConsumable": "",
    "Icon": "",
    "RewardType": "Misc",
    "Reward(s)": "",
    "EntitlementInfo": "",
    "SourceType": "",
    "Notes": ""
  },
  {
    "UniqueTagID": "EntitlementSkin_AnglesDemon_WarHammer",
    "EntitlementIndex": "256",
    "IsEnabled": "1",
    "DisplayName": "Destroyers Wrath",
    "Description": "",
    "IsConsumable": "",
    "Icon": "",
    "RewardType": "ItemSkin",
    "Reward(s)": "Skin_AnglesDemon_WarHammer",
    "EntitlementInfo": "",
    "SourceType": "Store",
    "Notes": ""
  },
  {
    "UniqueTagID": "EntitlementSkin_MediumHead_Angel",
    "EntitlementIndex": "266",
    "IsEnabled": "1",
    "DisplayName": "",
    "Description": "",
    "IsConsumable": "",
    "Icon": "",
    "RewardType": "ItemSkin",
    "Reward(s)": "Skin_MediumHead_Angel",
    "EntitlementInfo": "",
    "SourceType": "Store",
    "Notes": ""
  },
  {
    "UniqueTagID": "EntitlementSkin_MediumChest_Angel",
    "EntitlementIndex": "267",
    "IsEnabled": "1",
    "DisplayName": "",
    "Description": "",
    "IsConsumable": "",
    "Icon": "",
    "RewardType": "ItemSkin",
    "Reward(s)": "Skin_MediumChest_Angel",
    "EntitlementInfo": "",
    "SourceType": "Store",
    "Notes": ""
  },
  {
    "UniqueTagID": "EntitlementSkin_MediumHands_Angel",
    "EntitlementIndex": "268",
    "IsEnabled": "1",
    "DisplayName": "",
    "Description": "",
    "IsConsumable": "",
    "Icon": "",
    "RewardType": "ItemSkin",
    "Reward(s)": "Skin_MediumHands_Angel",
    "EntitlementInfo": "",
    "SourceType": "Store",
    "Notes": ""
  },
  {
    "UniqueTagID": "EntitlementSkin_MediumLegs_Angel",
    "EntitlementIndex": "269",
    "IsEnabled": "1",
    "DisplayName": "",
    "Description": "",
    "IsConsumable": "",
    "Icon": "",
    "RewardType": "ItemSkin",
    "Reward(s)": "Skin_MediumLegs_Angel",
    "EntitlementInfo": "",
    "SourceType": "Store",
    "Notes": ""
  },
  {
    "UniqueTagID": "EntitlementSkin_MediumFeet_Angel",
    "EntitlementIndex": "270",
    "IsEnabled": "1",
    "DisplayName": "",
    "Description": "",
    "IsConsumable": "",
    "Icon": "",
    "RewardType": "ItemSkin",
    "Reward(s)": "Skin_MediumFeet_Angel",
    "EntitlementInfo": "",
    "SourceType": "Store",
    "Notes": ""
  },
  {
    "UniqueTagID": "EntitlementSkin_HeavyFeet_Angel",
    "EntitlementIndex": "275",
    "IsEnabled": "1",
    "DisplayName": "",
    "Description": "",
    "IsConsumable": "",
    "Icon": "",
    "RewardType": "ItemSkin",
    "Reward(s)": "Skin_HeavyFeet_Angel",
    "EntitlementInfo": "",
    "SourceType": "Store",
    "Notes": ""
  },
  {
    "UniqueTagID": "STEAM_APP_ID.1612390",
    "EntitlementIndex": "276",
    "IsEnabled": "1",
    "DisplayName": "Additional Character Slot 1",
    "Description": "Grants additional character slot in gamma",
    "IsConsumable": "",
    "Icon": "",
    "RewardType": "",
    "Reward(s)": "",
    "EntitlementInfo": "",
    "SourceType": "",
    "Notes": ""
  },
  {
    "UniqueTagID": "STEAM_APP_ID.1612391",
    "EntitlementIndex": "277",
    "IsEnabled": "1",
    "DisplayName": "Additional Character Slot 2",
    "Description": "Grants additional character slot in gamma",
    "IsConsumable": "",
    "Icon": "",
    "RewardType": "",
    "Reward(s)": "",
    "EntitlementInfo": "",
    "SourceType": "",
    "Notes": ""
  },
  {
    "UniqueTagID": "EntitlementSkin_Medium_Angel",
    "EntitlementIndex": "279",
    "IsEnabled": "1",
    "DisplayName": "Aegis of Providence ",
    "Description": "",
    "IsConsumable": "",
    "Icon": "",
    "RewardType": "ItemSkin",
    "Reward(s)": "Skin_MediumHead_Angel+Skin_MediumChest_Angel+Skin_MediumHands_Angel+Skin_MediumLegs_Angel+Skin_MediumFeet_Angel",
    "EntitlementInfo": "",
    "SourceType": "Store",
    "Notes": ""
  },
  {
    "UniqueTagID": "Icon_Crest_Pack_Smugglers",
    "EntitlementIndex": "282",
    "IsEnabled": "1",
    "DisplayName": "",
    "Description": "",
    "IsConsumable": "",
    "Icon": "",
    "RewardType": "GuildCrest",
    "Reward(s)": "icon_crest_90+icon_crest_144+icon_crest_178+icon_crest_179",
    "EntitlementInfo": "",
    "SourceType": "Store",
    "Notes": ""
  },
  {
    "UniqueTagID": "Icon_Crest_Pack_Merriment",
    "EntitlementIndex": "283",
    "IsEnabled": "1",
    "DisplayName": "",
    "Description": "",
    "IsConsumable": "",
    "Icon": "",
    "RewardType": "GuildCrest",
    "Reward(s)": "icon_crest_23+icon_crest_42+icon_crest_145+icon_crest_099_Premium",
    "EntitlementInfo": "",
    "SourceType": "Store",
    "Notes": ""
  },
  {
    "UniqueTagID": "EntitlementSkin_Head_HideHelmet",
    "EntitlementIndex": "293",
    "IsEnabled": "1",
    "DisplayName": "",
    "Description": "",
    "IsConsumable": "",
    "Icon": "",
    "RewardType": "ItemSkin",
    "Reward(s)": "SkinID_Head_HideHelmet",
    "EntitlementInfo": "",
    "SourceType": "Store",
    "Notes": ""
  },
  {
    "UniqueTagID": "Ent_galaxy_rabbit",
    "EntitlementIndex": "294",
    "IsEnabled": "1",
    "DisplayName": "Galaxy Rabbit",
    "Description": "",
    "IsConsumable": "",
    "Icon": "",
    "RewardType": "Entitlement",
    "Reward(s)": "galaxy_rabbit",
    "EntitlementInfo": "",
    "SourceType": "Store",
    "Notes": ""
  },
  {
    "UniqueTagID": "Ent_rainbow_tiger",
    "EntitlementIndex": "295",
    "IsEnabled": "1",
    "DisplayName": "Rainbow Tiger",
    "Description": "",
    "IsConsumable": "",
    "Icon": "",
    "RewardType": "Entitlement",
    "Reward(s)": "rainbow_tiger",
    "EntitlementInfo": "",
    "SourceType": "Store",
    "Notes": ""
  }
]