[
  {
    "SpellID": "Hatchet_DmgPerNearbyEnemy_Detection",
    "StatusEffects": "",
    "StatusEffectDurations": "",
    "Revive": "",
    "Siphon": "",
    "AttachToOwner": "1",
    "StickWhenAttached": "",
    "StoreOffsetWhenStuckToGDE": "",
    "SpawnSecondaryOnElapsed": "",
    "SpawnSecondaryOnCollision": "",
    "EndOnCasterDeath": "",
    "IgnoreTargetIfAtDeathsDoor": "",
    "IgnoreTargetIfDead": "",
    "UseCameraTargetLock": "",
    "TrackNumInVolume": "1",
    "ClearOnExit": "1",
    "ClearOnEnd": "1",
    "ManaCost": "",
    "UseStatusEffectDuration": "0",
    "Duration": "-1",
    "DurationScaling": "",
    "Height": "",
    "Length": "",
    "Radius": "5",
    "InnerRadius": "",
    "RadiusScaling": "",
    "MaxRadiusScaling": "",
    "CastDistance": "0",
    "CastHeight": "5",
    "CastRadius": "5",
    "ConeAngle": "",
    "ConeWidth": "",
    "ChannelTime": "0",
    "ChainDelayDuration": "",
    "MaxChainNum": "",
    "UseChainCasterPaperdoll": "",
    "NumToSpawn": "",
    "NumToSpawnBeforeFail": "",
    "SpawnRate": "",
    "SpawnAngle": "",
    "SecondarySpellProjectileLaunchAngles": "",
    "ScaleWithCharacterBoundingBox": "",
    "ScaleWithDynamicScale": "",
    "TargetTypes": "Enemy",
    "SpellTypes": "Ability",
    "CastingTypes": "AoE",
    "HitAiTarget": "",
    "OverrideTargetForAiThreat": "",
    "ShapeTypes": "Sphere",
    "DamageType": "",
    "CheckObstructions": "1",
    "IgnoreOverheadCollision": "1",
    "IgnoreStructures": "",
    "IgnoreSelf": "",
    "RangedAttackProfile": "",
    "RangedAttackName": "",
    "FireJointName": "",
    "ProjPosOffsetX": "",
    "ProjPosOffsetY": "",
    "ProjPosOffsetZ": "",
    "ProjRotOffsetX": "",
    "ProjRotOffsetY": "",
    "ProjRotOffsetZ": "",
    "CharRelPosOffsetX": "",
    "CharRelPosOffsetY": "",
    "CharRelPosOffsetZ": "",
    "CharRelRotOffsetX": "",
    "CharRelRotOffsetY": "",
    "CharRelRotOffsetZ": "",
    "ProjRaycastOrientation": "",
    "DamageTable": "",
    "DamageTableRow": "",
    "AbilityId": "Passive_Hatchet_Berserk_DMGPerNearbyEnemy",
    "TargetAbilityCondition": "",
    "BeamEffect": "",
    "IndicatorVFX": "",
    "SpellPrefabPath": "Items/Weapons/spell_NumAroundMe_Enemy",
    "SecondaryPrefabPath": "",
    "SecondarySpellID": "",
    "TertiaryPrefabPath": "",
    "TertiarySpellID": ""
  },
  {
    "SpellID": "Hatchet_Spell_InfectedThrowBase",
    "StatusEffects": "",
    "StatusEffectDurations": "",
    "Revive": "",
    "Siphon": "",
    "AttachToOwner": "",
    "StickWhenAttached": "",
    "StoreOffsetWhenStuckToGDE": "",
    "SpawnSecondaryOnElapsed": "",
    "SpawnSecondaryOnCollision": "1",
    "EndOnCasterDeath": "",
    "IgnoreTargetIfAtDeathsDoor": "",
    "IgnoreTargetIfDead": "",
    "UseCameraTargetLock": "",
    "TrackNumInVolume": "",
    "ClearOnExit": "1",
    "ClearOnEnd": "1",
    "ManaCost": "",
    "UseStatusEffectDuration": "0",
    "Duration": "-1",
    "DurationScaling": "",
    "Height": "5",
    "Length": "",
    "Radius": "3",
    "InnerRadius": "",
    "RadiusScaling": "",
    "MaxRadiusScaling": "",
    "CastDistance": "30",
    "CastHeight": "",
    "CastRadius": "",
    "ConeAngle": "",
    "ConeWidth": "",
    "ChannelTime": "0",
    "ChainDelayDuration": "",
    "MaxChainNum": "",
    "UseChainCasterPaperdoll": "",
    "NumToSpawn": "",
    "NumToSpawnBeforeFail": "",
    "SpawnRate": "",
    "SpawnAngle": "",
    "SecondarySpellProjectileLaunchAngles": "",
    "ScaleWithCharacterBoundingBox": "",
    "ScaleWithDynamicScale": "",
    "TargetTypes": "Enemy",
    "SpellTypes": "Ability",
    "CastingTypes": "Projectile",
    "HitAiTarget": "",
    "OverrideTargetForAiThreat": "",
    "ShapeTypes": "",
    "DamageType": "Slash",
    "CheckObstructions": "1",
    "IgnoreOverheadCollision": "1",
    "IgnoreStructures": "",
    "IgnoreSelf": "",
    "RangedAttackProfile": "Hatchet",
    "RangedAttackName": "PowerThrow",
    "FireJointName": "right_hand_attach",
    "ProjPosOffsetX": "",
    "ProjPosOffsetY": "",
    "ProjPosOffsetZ": "",
    "ProjRotOffsetX": "",
    "ProjRotOffsetY": "",
    "ProjRotOffsetZ": "",
    "CharRelPosOffsetX": "",
    "CharRelPosOffsetY": "",
    "CharRelPosOffsetZ": "",
    "CharRelRotOffsetX": "",
    "CharRelRotOffsetY": "",
    "CharRelRotOffsetZ": "",
    "ProjRaycastOrientation": "",
    "DamageTable": "DamageTable",
    "DamageTableRow": "Hatchet_Damage_InfectedThrow",
    "AbilityId": "Ability_Hatchet_InfectedThrow",
    "TargetAbilityCondition": "",
    "BeamEffect": "",
    "IndicatorVFX": "",
    "SpellPrefabPath": "Items/Weapons/basic_thrown",
    "SecondaryPrefabPath": "",
    "SecondarySpellID": "",
    "TertiaryPrefabPath": "",
    "TertiarySpellID": ""
  },
  {
    "SpellID": "Hatchet_Spell_InfectedThrowProjectile",
    "StatusEffects": "",
    "StatusEffectDurations": "",
    "Revive": "",
    "Siphon": "",
    "AttachToOwner": "",
    "StickWhenAttached": "",
    "StoreOffsetWhenStuckToGDE": "",
    "SpawnSecondaryOnElapsed": "",
    "SpawnSecondaryOnCollision": "1",
    "EndOnCasterDeath": "",
    "IgnoreTargetIfAtDeathsDoor": "",
    "IgnoreTargetIfDead": "",
    "UseCameraTargetLock": "",
    "TrackNumInVolume": "",
    "ClearOnExit": "1",
    "ClearOnEnd": "1",
    "ManaCost": "",
    "UseStatusEffectDuration": "0",
    "Duration": "-1",
    "DurationScaling": "",
    "Height": "5",
    "Length": "",
    "Radius": "3",
    "InnerRadius": "",
    "RadiusScaling": "",
    "MaxRadiusScaling": "",
    "CastDistance": "30",
    "CastHeight": "",
    "CastRadius": "",
    "ConeAngle": "",
    "ConeWidth": "",
    "ChannelTime": "0",
    "ChainDelayDuration": "",
    "MaxChainNum": "",
    "UseChainCasterPaperdoll": "",
    "NumToSpawn": "",
    "NumToSpawnBeforeFail": "",
    "SpawnRate": "",
    "SpawnAngle": "",
    "SecondarySpellProjectileLaunchAngles": "",
    "ScaleWithCharacterBoundingBox": "",
    "ScaleWithDynamicScale": "",
    "TargetTypes": "Enemy",
    "SpellTypes": "Ability",
    "CastingTypes": "Projectile",
    "HitAiTarget": "",
    "OverrideTargetForAiThreat": "",
    "ShapeTypes": "",
    "DamageType": "Slash",
    "CheckObstructions": "1",
    "IgnoreOverheadCollision": "1",
    "IgnoreStructures": "",
    "IgnoreSelf": "",
    "RangedAttackProfile": "Hatchet",
    "RangedAttackName": "PowerThrow",
    "FireJointName": "right_hand_attach",
    "ProjPosOffsetX": "",
    "ProjPosOffsetY": "",
    "ProjPosOffsetZ": "",
    "ProjRotOffsetX": "",
    "ProjRotOffsetY": "",
    "ProjRotOffsetZ": "",
    "CharRelPosOffsetX": "",
    "CharRelPosOffsetY": "",
    "CharRelPosOffsetZ": "",
    "CharRelRotOffsetX": "",
    "CharRelRotOffsetY": "",
    "CharRelRotOffsetZ": "",
    "ProjRaycastOrientation": "",
    "DamageTable": "DamageTable",
    "DamageTableRow": "Hatchet_Damage_InfectedThrow",
    "AbilityId": "Ability_Hatchet_InfectedThrow",
    "TargetAbilityCondition": "",
    "BeamEffect": "",
    "IndicatorVFX": "",
    "SpellPrefabPath": "Items/Weapons/basic_thrown",
    "SecondaryPrefabPath": "Items/Weapons/Spell_Hatchet_Infected_Cloud",
    "SecondarySpellID": "Hatchet_Spell_InfectedThrowAOE",
    "TertiaryPrefabPath": "",
    "TertiarySpellID": ""
  },
  {
    "SpellID": "Hatchet_Spell_InfectedThrowAOE",
    "StatusEffects": "Hatchet_Infected_DiseaseWeakBuff",
    "StatusEffectDurations": "",
    "Revive": "",
    "Siphon": "",
    "AttachToOwner": "",
    "StickWhenAttached": "",
    "StoreOffsetWhenStuckToGDE": "",
    "SpawnSecondaryOnElapsed": "",
    "SpawnSecondaryOnCollision": "",
    "EndOnCasterDeath": "",
    "IgnoreTargetIfAtDeathsDoor": "",
    "IgnoreTargetIfDead": "",
    "UseCameraTargetLock": "",
    "TrackNumInVolume": "",
    "ClearOnExit": "1",
    "ClearOnEnd": "0",
    "ManaCost": "",
    "UseStatusEffectDuration": "1",
    "Duration": "5000",
    "DurationScaling": "",
    "Height": "5",
    "Length": "",
    "Radius": "3",
    "InnerRadius": "",
    "RadiusScaling": "",
    "MaxRadiusScaling": "",
    "CastDistance": "25",
    "CastHeight": "5",
    "CastRadius": "5",
    "ConeAngle": "",
    "ConeWidth": "",
    "ChannelTime": "0",
    "ChainDelayDuration": "",
    "MaxChainNum": "",
    "UseChainCasterPaperdoll": "",
    "NumToSpawn": "",
    "NumToSpawnBeforeFail": "",
    "SpawnRate": "",
    "SpawnAngle": "",
    "SecondarySpellProjectileLaunchAngles": "",
    "ScaleWithCharacterBoundingBox": "",
    "ScaleWithDynamicScale": "",
    "TargetTypes": "Enemy",
    "SpellTypes": "Ability",
    "CastingTypes": "AoE",
    "HitAiTarget": "",
    "OverrideTargetForAiThreat": "",
    "ShapeTypes": "Sphere",
    "DamageType": "Slash",
    "CheckObstructions": "1",
    "IgnoreOverheadCollision": "1",
    "IgnoreStructures": "",
    "IgnoreSelf": "",
    "RangedAttackProfile": "",
    "RangedAttackName": "",
    "FireJointName": "",
    "ProjPosOffsetX": "",
    "ProjPosOffsetY": "",
    "ProjPosOffsetZ": "",
    "ProjRotOffsetX": "",
    "ProjRotOffsetY": "",
    "ProjRotOffsetZ": "",
    "CharRelPosOffsetX": "",
    "CharRelPosOffsetY": "",
    "CharRelPosOffsetZ": "",
    "CharRelRotOffsetX": "",
    "CharRelRotOffsetY": "",
    "CharRelRotOffsetZ": "",
    "ProjRaycastOrientation": "",
    "DamageTable": "",
    "DamageTableRow": "",
    "AbilityId": "",
    "TargetAbilityCondition": "",
    "BeamEffect": "",
    "IndicatorVFX": "",
    "SpellPrefabPath": "Items/Weapons/Spell_Hatchet_Infected_Cloud",
    "SecondaryPrefabPath": "",
    "SecondarySpellID": "",
    "TertiaryPrefabPath": "",
    "TertiarySpellID": ""
  },
  {
    "SpellID": "Hatchet_Spell_AimedThrow",
    "StatusEffects": "",
    "StatusEffectDurations": "",
    "Revive": "",
    "Siphon": "",
    "AttachToOwner": "",
    "StickWhenAttached": "",
    "StoreOffsetWhenStuckToGDE": "",
    "SpawnSecondaryOnElapsed": "",
    "SpawnSecondaryOnCollision": "1",
    "EndOnCasterDeath": "",
    "IgnoreTargetIfAtDeathsDoor": "",
    "IgnoreTargetIfDead": "",
    "UseCameraTargetLock": "",
    "TrackNumInVolume": "",
    "ClearOnExit": "1",
    "ClearOnEnd": "1",
    "ManaCost": "",
    "UseStatusEffectDuration": "0",
    "Duration": "-1",
    "DurationScaling": "",
    "Height": "5",
    "Length": "",
    "Radius": "3",
    "InnerRadius": "",
    "RadiusScaling": "",
    "MaxRadiusScaling": "",
    "CastDistance": "30",
    "CastHeight": "",
    "CastRadius": "",
    "ConeAngle": "",
    "ConeWidth": "",
    "ChannelTime": "0",
    "ChainDelayDuration": "",
    "MaxChainNum": "",
    "UseChainCasterPaperdoll": "",
    "NumToSpawn": "",
    "NumToSpawnBeforeFail": "",
    "SpawnRate": "",
    "SpawnAngle": "",
    "SecondarySpellProjectileLaunchAngles": "",
    "ScaleWithCharacterBoundingBox": "",
    "ScaleWithDynamicScale": "",
    "TargetTypes": "Enemy",
    "SpellTypes": "Ability",
    "CastingTypes": "Projectile",
    "HitAiTarget": "",
    "OverrideTargetForAiThreat": "",
    "ShapeTypes": "",
    "DamageType": "Slash",
    "CheckObstructions": "1",
    "IgnoreOverheadCollision": "1",
    "IgnoreStructures": "",
    "IgnoreSelf": "",
    "RangedAttackProfile": "Hatchet",
    "RangedAttackName": "Basic",
    "FireJointName": "right_hand_attach",
    "ProjPosOffsetX": "",
    "ProjPosOffsetY": "",
    "ProjPosOffsetZ": "",
    "ProjRotOffsetX": "",
    "ProjRotOffsetY": "",
    "ProjRotOffsetZ": "",
    "CharRelPosOffsetX": "",
    "CharRelPosOffsetY": "",
    "CharRelPosOffsetZ": "",
    "CharRelRotOffsetX": "",
    "CharRelRotOffsetY": "",
    "CharRelRotOffsetZ": "",
    "ProjRaycastOrientation": "",
    "DamageTable": "DamageTable",
    "DamageTableRow": "Hatchet_Damage_AimedThrow",
    "AbilityId": "Passive_Hatchet_ThrowingAxe_AimedThrow",
    "TargetAbilityCondition": "",
    "BeamEffect": "",
    "IndicatorVFX": "",
    "SpellPrefabPath": "Items/Weapons/basic_thrown",
    "SecondaryPrefabPath": "",
    "SecondarySpellID": "",
    "TertiaryPrefabPath": "",
    "TertiarySpellID": ""
  }
]