[
  {
    "Level": "0",
    "DisplayName": "",
    "RequiredLevel": "0",
    "MaximumInfluence": "1",
    "InfluenceCost": "0",
    "CurrencyCost": "0",
    "SanityCheck": ""
  },
  {
    "Level": "1",
    "DisplayName": "",
    "RequiredLevel": "0",
    "MaximumInfluence": "1",
    "InfluenceCost": "1",
    "CurrencyCost": "0",
    "SanityCheck": "1"
  },
  {
    "Level": "2",
    "DisplayName": "",
    "RequiredLevel": "0",
    "MaximumInfluence": "1",
    "InfluenceCost": "1",
    "CurrencyCost": "0",
    "SanityCheck": "1"
  },
  {
    "Level": "3",
    "DisplayName": "",
    "RequiredLevel": "0",
    "MaximumInfluence": "1",
    "InfluenceCost": "1",
    "CurrencyCost": "0",
    "SanityCheck": "1"
  },
  {
    "Level": "4",
    "DisplayName": "",
    "RequiredLevel": "0",
    "MaximumInfluence": "1",
    "InfluenceCost": "1",
    "CurrencyCost": "0",
    "SanityCheck": "1"
  },
  {
    "Level": "5",
    "DisplayName": "",
    "RequiredLevel": "0",
    "MaximumInfluence": "0",
    "InfluenceCost": "1",
    "CurrencyCost": "0",
    "SanityCheck": "1"
  }
]