[
  {
    "DamageID": "Attack_Bite",
    "WeaponCategory": "Bite_AI",
    "IgnoreInvulnerable": "0",
    "NoReaction": "0",
    "SurfaceImpactEffect": "Bullet",
    "AttackType": "Light",
    "DamageType": "Strike",
    "Affliction": "",
    "AddAffliction": "",
    "AfflictionPercent": "",
    "Affixes": "",
    "StatusEffect": "",
    "EffectOnlyOnDamage": "",
    "DeflectDamageID": "",
    "CanCrit": "0",
    "DmgCoef": "0.4",
    "DmgCoefHead": "1",
    "DmgCoefCrit": "1",
    "PowerLevel": "0",
    "BlockPowerLevel": "0",
    "CritPowerLevel": "0",
    "HitStun": "10",
    "BlockHitStun": "10",
    "CritHitStun": "10",
    "ImpactDistanceX": "0",
    "ImpactDistanceY": "2",
    "ImpactDistanceZ": "0",
    "ImpactDecayRate": "0.8",
    "BlockImpactDistanceX": "0",
    "BlockImpactDistanceY": "1.5",
    "BlockImpactDistanceZ": "0",
    "BlockImpactDecayRate": "0.8",
    "CritImpactDistanceX": "0",
    "CritImpactDistanceY": "2",
    "CritImpactDistanceZ": "0",
    "CritImpactDecayRate": "0.8",
    "AddDmg": "0",
    "ImpactRating": "3",
    "BlockStaminaDmgMod": "0.2",
    "BlockAbsorptionModifier": "1",
    "StaggerDmgModifier": "1.5",
    "CritStaggerDmgModifier": "",
    "StaggerResistModifier": "1",
    "TargetCameraShakeID": "Small",
    "BlockTargetCameraShakeID": "Small",
    "CritTargetCameraShakeID": "Small",
    "StunBreakoutIncrement": "0"
  },
  {
    "DamageID": "Attack_Running_Bite1",
    "WeaponCategory": "Bite_AI",
    "IgnoreInvulnerable": "0",
    "NoReaction": "0",
    "SurfaceImpactEffect": "Bullet",
    "AttackType": "Light",
    "DamageType": "Thrust",
    "Affliction": "",
    "AddAffliction": "",
    "AfflictionPercent": "",
    "Affixes": "",
    "StatusEffect": "",
    "EffectOnlyOnDamage": "",
    "DeflectDamageID": "",
    "CanCrit": "0",
    "DmgCoef": "0.4",
    "DmgCoefHead": "1",
    "DmgCoefCrit": "1",
    "PowerLevel": "3",
    "BlockPowerLevel": "3",
    "CritPowerLevel": "3",
    "HitStun": "30",
    "BlockHitStun": "10",
    "CritHitStun": "30",
    "ImpactDistanceX": "0",
    "ImpactDistanceY": "5",
    "ImpactDistanceZ": "0",
    "ImpactDecayRate": "0.8",
    "BlockImpactDistanceX": "0",
    "BlockImpactDistanceY": "5.25",
    "BlockImpactDistanceZ": "0",
    "BlockImpactDecayRate": "0.8",
    "CritImpactDistanceX": "0",
    "CritImpactDistanceY": "5",
    "CritImpactDistanceZ": "0",
    "CritImpactDecayRate": "0.8",
    "AddDmg": "0",
    "ImpactRating": "3",
    "BlockStaminaDmgMod": "0.4",
    "BlockAbsorptionModifier": "1",
    "StaggerDmgModifier": "1",
    "CritStaggerDmgModifier": "",
    "StaggerResistModifier": "1",
    "TargetCameraShakeID": "Small",
    "BlockTargetCameraShakeID": "Small",
    "CritTargetCameraShakeID": "Small",
    "StunBreakoutIncrement": "0.5"
  },
  {
    "DamageID": "Attack_Running_Bite2",
    "WeaponCategory": "Bite_AI",
    "IgnoreInvulnerable": "0",
    "NoReaction": "0",
    "SurfaceImpactEffect": "Bullet",
    "AttackType": "Heavy",
    "DamageType": "Thrust",
    "Affliction": "",
    "AddAffliction": "",
    "AfflictionPercent": "",
    "Affixes": "",
    "StatusEffect": "",
    "EffectOnlyOnDamage": "",
    "DeflectDamageID": "",
    "CanCrit": "0",
    "DmgCoef": "0.5",
    "DmgCoefHead": "1",
    "DmgCoefCrit": "1",
    "PowerLevel": "3",
    "BlockPowerLevel": "3",
    "CritPowerLevel": "3",
    "HitStun": "30",
    "BlockHitStun": "20",
    "CritHitStun": "30",
    "ImpactDistanceX": "0",
    "ImpactDistanceY": "3",
    "ImpactDistanceZ": "0",
    "ImpactDecayRate": "0.8",
    "BlockImpactDistanceX": "0",
    "BlockImpactDistanceY": "3",
    "BlockImpactDistanceZ": "0",
    "BlockImpactDecayRate": "0.8",
    "CritImpactDistanceX": "0",
    "CritImpactDistanceY": "3",
    "CritImpactDistanceZ": "0",
    "CritImpactDecayRate": "0.8",
    "AddDmg": "0",
    "ImpactRating": "3",
    "BlockStaminaDmgMod": "0.4",
    "BlockAbsorptionModifier": "1",
    "StaggerDmgModifier": "1",
    "CritStaggerDmgModifier": "",
    "StaggerResistModifier": "1",
    "TargetCameraShakeID": "Small",
    "BlockTargetCameraShakeID": "Small",
    "CritTargetCameraShakeID": "Small",
    "StunBreakoutIncrement": "0.5"
  },
  {
    "DamageID": "Attack_Jumping_Bite",
    "WeaponCategory": "Bite_AI",
    "IgnoreInvulnerable": "0",
    "NoReaction": "0",
    "SurfaceImpactEffect": "Bullet",
    "AttackType": "Heavy",
    "DamageType": "Thrust",
    "Affliction": "",
    "AddAffliction": "",
    "AfflictionPercent": "",
    "Affixes": "",
    "StatusEffect": "",
    "EffectOnlyOnDamage": "",
    "DeflectDamageID": "",
    "CanCrit": "0",
    "DmgCoef": "1",
    "DmgCoefHead": "1",
    "DmgCoefCrit": "1",
    "PowerLevel": "4",
    "BlockPowerLevel": "4",
    "CritPowerLevel": "4",
    "HitStun": "40",
    "BlockHitStun": "30",
    "CritHitStun": "40",
    "ImpactDistanceX": "0",
    "ImpactDistanceY": "6.75",
    "ImpactDistanceZ": "0",
    "ImpactDecayRate": "0.8",
    "BlockImpactDistanceX": "0",
    "BlockImpactDistanceY": "6.75",
    "BlockImpactDistanceZ": "0",
    "BlockImpactDecayRate": "0.8",
    "CritImpactDistanceX": "0",
    "CritImpactDistanceY": "6.75",
    "CritImpactDistanceZ": "0",
    "CritImpactDecayRate": "0.8",
    "AddDmg": "0",
    "ImpactRating": "3",
    "BlockStaminaDmgMod": "1",
    "BlockAbsorptionModifier": "1",
    "StaggerDmgModifier": "1",
    "CritStaggerDmgModifier": "",
    "StaggerResistModifier": "1",
    "TargetCameraShakeID": "Small",
    "BlockTargetCameraShakeID": "Small",
    "CritTargetCameraShakeID": "Small",
    "StunBreakoutIncrement": "1"
  },
  {
    "DamageID": "Attack_Turning_Bite1",
    "WeaponCategory": "Bite_AI",
    "IgnoreInvulnerable": "0",
    "NoReaction": "0",
    "SurfaceImpactEffect": "Bullet",
    "AttackType": "Light",
    "DamageType": "Strike",
    "Affliction": "",
    "AddAffliction": "",
    "AfflictionPercent": "",
    "Affixes": "",
    "StatusEffect": "",
    "EffectOnlyOnDamage": "",
    "DeflectDamageID": "",
    "CanCrit": "0",
    "DmgCoef": "0.3",
    "DmgCoefHead": "1",
    "DmgCoefCrit": "1",
    "PowerLevel": "0",
    "BlockPowerLevel": "0",
    "CritPowerLevel": "0",
    "HitStun": "10",
    "BlockHitStun": "10",
    "CritHitStun": "10",
    "ImpactDistanceX": "0",
    "ImpactDistanceY": "3",
    "ImpactDistanceZ": "0",
    "ImpactDecayRate": "0.8",
    "BlockImpactDistanceX": "0",
    "BlockImpactDistanceY": "1.125",
    "BlockImpactDistanceZ": "0",
    "BlockImpactDecayRate": "0.8",
    "CritImpactDistanceX": "0",
    "CritImpactDistanceY": "3",
    "CritImpactDistanceZ": "0",
    "CritImpactDecayRate": "0.8",
    "AddDmg": "0",
    "ImpactRating": "3",
    "BlockStaminaDmgMod": "0.45",
    "BlockAbsorptionModifier": "1",
    "StaggerDmgModifier": "1",
    "CritStaggerDmgModifier": "",
    "StaggerResistModifier": "1",
    "TargetCameraShakeID": "Small",
    "BlockTargetCameraShakeID": "Small",
    "CritTargetCameraShakeID": "Small",
    "StunBreakoutIncrement": "0.5"
  },
  {
    "DamageID": "Attack_Turning_Bite2",
    "WeaponCategory": "Bite_AI",
    "IgnoreInvulnerable": "0",
    "NoReaction": "0",
    "SurfaceImpactEffect": "Bullet",
    "AttackType": "Heavy",
    "DamageType": "Strike",
    "Affliction": "",
    "AddAffliction": "",
    "AfflictionPercent": "",
    "Affixes": "",
    "StatusEffect": "",
    "EffectOnlyOnDamage": "",
    "DeflectDamageID": "",
    "CanCrit": "0",
    "DmgCoef": "0.45",
    "DmgCoefHead": "1",
    "DmgCoefCrit": "1",
    "PowerLevel": "2",
    "BlockPowerLevel": "2",
    "CritPowerLevel": "2",
    "HitStun": "10",
    "BlockHitStun": "10",
    "CritHitStun": "10",
    "ImpactDistanceX": "0",
    "ImpactDistanceY": "3",
    "ImpactDistanceZ": "0",
    "ImpactDecayRate": "0.8",
    "BlockImpactDistanceX": "0",
    "BlockImpactDistanceY": "1.125",
    "BlockImpactDistanceZ": "0",
    "BlockImpactDecayRate": "0.8",
    "CritImpactDistanceX": "0",
    "CritImpactDistanceY": "3",
    "CritImpactDistanceZ": "0",
    "CritImpactDecayRate": "0.8",
    "AddDmg": "0",
    "ImpactRating": "3",
    "BlockStaminaDmgMod": "0.5",
    "BlockAbsorptionModifier": "1",
    "StaggerDmgModifier": "1",
    "CritStaggerDmgModifier": "",
    "StaggerResistModifier": "1",
    "TargetCameraShakeID": "Small",
    "BlockTargetCameraShakeID": "Small",
    "CritTargetCameraShakeID": "Small",
    "StunBreakoutIncrement": "0.5"
  },
  {
    "DamageID": "Attack_Tail_Swipe",
    "WeaponCategory": "Blunt_AI",
    "IgnoreInvulnerable": "0",
    "NoReaction": "0",
    "SurfaceImpactEffect": "Bullet",
    "AttackType": "Light",
    "DamageType": "Strike",
    "Affliction": "",
    "AddAffliction": "",
    "AfflictionPercent": "",
    "Affixes": "",
    "StatusEffect": "",
    "EffectOnlyOnDamage": "",
    "DeflectDamageID": "",
    "CanCrit": "0",
    "DmgCoef": "0.5",
    "DmgCoefHead": "1",
    "DmgCoefCrit": "1",
    "PowerLevel": "4",
    "BlockPowerLevel": "4",
    "CritPowerLevel": "4",
    "HitStun": "40",
    "BlockHitStun": "30",
    "CritHitStun": "40",
    "ImpactDistanceX": "2",
    "ImpactDistanceY": "3",
    "ImpactDistanceZ": "0",
    "ImpactDecayRate": "0.8",
    "BlockImpactDistanceX": "1",
    "BlockImpactDistanceY": "1.5",
    "BlockImpactDistanceZ": "0",
    "BlockImpactDecayRate": "0.8",
    "CritImpactDistanceX": "2",
    "CritImpactDistanceY": "3",
    "CritImpactDistanceZ": "0",
    "CritImpactDecayRate": "0.8",
    "AddDmg": "0",
    "ImpactRating": "3",
    "BlockStaminaDmgMod": "0.8",
    "BlockAbsorptionModifier": "1",
    "StaggerDmgModifier": "1",
    "CritStaggerDmgModifier": "",
    "StaggerResistModifier": "1",
    "TargetCameraShakeID": "Small",
    "BlockTargetCameraShakeID": "Small",
    "CritTargetCameraShakeID": "Small",
    "StunBreakoutIncrement": "1"
  }
]