[
  {
    "CategoricalProgressionId": "Syndicate",
    "DisplayName": "@ui_faction_name1",
    "MaxLevel": "4",
    "AutoRankUp": "0",
    "InfiniteLevels": "0",
    "RankTableId": "MerchantGuild",
    "ProgressionPointPool": "",
    "EconomyTrackerType": "",
    "GameEventId": "",
    "AchievementIdOnMaxRank": "",
    "MinTrackedLevel": "",
    "ShowAsObjectiveReward": "",
    "IconPath": ""
  },
  {
    "CategoricalProgressionId": "Marauder",
    "DisplayName": "@ui_faction_name2",
    "MaxLevel": "4",
    "AutoRankUp": "0",
    "InfiniteLevels": "0",
    "RankTableId": "ProcurerGuild",
    "ProgressionPointPool": "",
    "EconomyTrackerType": "",
    "GameEventId": "",
    "AchievementIdOnMaxRank": "",
    "MinTrackedLevel": "",
    "ShowAsObjectiveReward": "",
    "IconPath": ""
  },
  {
    "CategoricalProgressionId": "Covenant",
    "DisplayName": "@ui_faction_name3",
    "MaxLevel": "4",
    "AutoRankUp": "0",
    "InfiniteLevels": "0",
    "RankTableId": "ExplorerGuild",
    "ProgressionPointPool": "",
    "EconomyTrackerType": "",
    "GameEventId": "",
    "AchievementIdOnMaxRank": "",
    "MinTrackedLevel": "",
    "ShowAsObjectiveReward": "",
    "IconPath": ""
  },
  {
    "CategoricalProgressionId": "Repair_T1",
    "DisplayName": "@ui_repairparts",
    "MaxLevel": "0",
    "AutoRankUp": "0",
    "InfiniteLevels": "0",
    "RankTableId": "Repair_T1",
    "ProgressionPointPool": "",
    "EconomyTrackerType": "",
    "GameEventId": "",
    "AchievementIdOnMaxRank": "",
    "MinTrackedLevel": "",
    "ShowAsObjectiveReward": "",
    "IconPath": ""
  },
  {
    "CategoricalProgressionId": "Repair_T2",
    "DisplayName": "@ui_repairparts",
    "MaxLevel": "0",
    "AutoRankUp": "0",
    "InfiniteLevels": "0",
    "RankTableId": "Repair_T2",
    "ProgressionPointPool": "",
    "EconomyTrackerType": "",
    "GameEventId": "",
    "AchievementIdOnMaxRank": "",
    "MinTrackedLevel": "",
    "ShowAsObjectiveReward": "",
    "IconPath": ""
  },
  {
    "CategoricalProgressionId": "Repair_T3",
    "DisplayName": "@ui_repairparts",
    "MaxLevel": "0",
    "AutoRankUp": "0",
    "InfiniteLevels": "0",
    "RankTableId": "Repair_T3",
    "ProgressionPointPool": "",
    "EconomyTrackerType": "",
    "GameEventId": "",
    "AchievementIdOnMaxRank": "",
    "MinTrackedLevel": "",
    "ShowAsObjectiveReward": "",
    "IconPath": ""
  },
  {
    "CategoricalProgressionId": "Repair_T4",
    "DisplayName": "@ui_repairparts",
    "MaxLevel": "0",
    "AutoRankUp": "0",
    "InfiniteLevels": "0",
    "RankTableId": "Repair_T4",
    "ProgressionPointPool": "",
    "EconomyTrackerType": "",
    "GameEventId": "",
    "AchievementIdOnMaxRank": "",
    "MinTrackedLevel": "",
    "ShowAsObjectiveReward": "",
    "IconPath": ""
  },
  {
    "CategoricalProgressionId": "Repair_T5",
    "DisplayName": "@ui_repairparts",
    "MaxLevel": "0",
    "AutoRankUp": "0",
    "InfiniteLevels": "0",
    "RankTableId": "Repair_T5",
    "ProgressionPointPool": "",
    "EconomyTrackerType": "",
    "GameEventId": "",
    "AchievementIdOnMaxRank": "",
    "MinTrackedLevel": "",
    "ShowAsObjectiveReward": "",
    "IconPath": ""
  },
  {
    "CategoricalProgressionId": "2",
    "DisplayName": "@Brightwood",
    "MaxLevel": "300",
    "AutoRankUp": "1",
    "InfiniteLevels": "0",
    "RankTableId": "Territory_Standing",
    "ProgressionPointPool": "TerritoryRankBonus_2",
    "EconomyTrackerType": "",
    "GameEventId": "",
    "AchievementIdOnMaxRank": "",
    "MinTrackedLevel": "",
    "ShowAsObjectiveReward": "",
    "IconPath": ""
  },
  {
    "CategoricalProgressionId": "4",
    "DisplayName": "@Everfall",
    "MaxLevel": "300",
    "AutoRankUp": "1",
    "InfiniteLevels": "0",
    "RankTableId": "Territory_Standing",
    "ProgressionPointPool": "TerritoryRankBonus_4",
    "EconomyTrackerType": "",
    "GameEventId": "",
    "AchievementIdOnMaxRank": "",
    "MinTrackedLevel": "",
    "ShowAsObjectiveReward": "",
    "IconPath": ""
  },
  {
    "CategoricalProgressionId": "5",
    "DisplayName": "@Reekwater",
    "MaxLevel": "300",
    "AutoRankUp": "1",
    "InfiniteLevels": "0",
    "RankTableId": "Territory_Standing",
    "ProgressionPointPool": "TerritoryRankBonus_5",
    "EconomyTrackerType": "",
    "GameEventId": "",
    "AchievementIdOnMaxRank": "",
    "MinTrackedLevel": "",
    "ShowAsObjectiveReward": "",
    "IconPath": ""
  },
  {
    "CategoricalProgressionId": "6",
    "DisplayName": "@Windsward",
    "MaxLevel": "300",
    "AutoRankUp": "1",
    "InfiniteLevels": "0",
    "RankTableId": "Territory_Standing",
    "ProgressionPointPool": "TerritoryRankBonus_6",
    "EconomyTrackerType": "",
    "GameEventId": "",
    "AchievementIdOnMaxRank": "",
    "MinTrackedLevel": "",
    "ShowAsObjectiveReward": "",
    "IconPath": ""
  },
  {
    "CategoricalProgressionId": "8",
    "DisplayName": "@Queensport",
    "MaxLevel": "300",
    "AutoRankUp": "1",
    "InfiniteLevels": "0",
    "RankTableId": "Territory_Standing",
    "ProgressionPointPool": "TerritoryRankBonus_8",
    "EconomyTrackerType": "",
    "GameEventId": "",
    "AchievementIdOnMaxRank": "",
    "MinTrackedLevel": "",
    "ShowAsObjectiveReward": "",
    "IconPath": ""
  },
  {
    "CategoricalProgressionId": "9",
    "DisplayName": "@FirstLight",
    "MaxLevel": "300",
    "AutoRankUp": "1",
    "InfiniteLevels": "0",
    "RankTableId": "Territory_Standing",
    "ProgressionPointPool": "TerritoryRankBonus_9",
    "EconomyTrackerType": "",
    "GameEventId": "",
    "AchievementIdOnMaxRank": "",
    "MinTrackedLevel": "",
    "ShowAsObjectiveReward": "",
    "IconPath": ""
  },
  {
    "CategoricalProgressionId": "10",
    "DisplayName": "@CutlassKeys",
    "MaxLevel": "300",
    "AutoRankUp": "1",
    "InfiniteLevels": "0",
    "RankTableId": "Territory_Standing",
    "ProgressionPointPool": "TerritoryRankBonus_10",
    "EconomyTrackerType": "",
    "GameEventId": "",
    "AchievementIdOnMaxRank": "",
    "MinTrackedLevel": "",
    "ShowAsObjectiveReward": "",
    "IconPath": ""
  },
  {
    "CategoricalProgressionId": "11",
    "DisplayName": "@Mourningdale",
    "MaxLevel": "300",
    "AutoRankUp": "1",
    "InfiniteLevels": "0",
    "RankTableId": "Territory_Standing",
    "ProgressionPointPool": "TerritoryRankBonus_11",
    "EconomyTrackerType": "",
    "GameEventId": "",
    "AchievementIdOnMaxRank": "",
    "MinTrackedLevel": "",
    "ShowAsObjectiveReward": "",
    "IconPath": ""
  },
  {
    "CategoricalProgressionId": "12",
    "DisplayName": "@MonarchsBluffs",
    "MaxLevel": "300",
    "AutoRankUp": "1",
    "InfiniteLevels": "0",
    "RankTableId": "Territory_Standing",
    "ProgressionPointPool": "TerritoryRankBonus_12",
    "EconomyTrackerType": "",
    "GameEventId": "",
    "AchievementIdOnMaxRank": "",
    "MinTrackedLevel": "",
    "ShowAsObjectiveReward": "",
    "IconPath": ""
  },
  {
    "CategoricalProgressionId": "13",
    "DisplayName": "@WeaversFen",
    "MaxLevel": "300",
    "AutoRankUp": "1",
    "InfiniteLevels": "0",
    "RankTableId": "Territory_Standing",
    "ProgressionPointPool": "TerritoryRankBonus_13",
    "EconomyTrackerType": "",
    "GameEventId": "",
    "AchievementIdOnMaxRank": "",
    "MinTrackedLevel": "",
    "ShowAsObjectiveReward": "",
    "IconPath": ""
  },
  {
    "CategoricalProgressionId": "15",
    "DisplayName": "@RestlessShore",
    "MaxLevel": "300",
    "AutoRankUp": "1",
    "InfiniteLevels": "0",
    "RankTableId": "Territory_Standing",
    "ProgressionPointPool": "TerritoryRankBonus_15",
    "EconomyTrackerType": "",
    "GameEventId": "",
    "AchievementIdOnMaxRank": "",
    "MinTrackedLevel": "",
    "ShowAsObjectiveReward": "",
    "IconPath": ""
  },
  {
    "CategoricalProgressionId": "Territory2_HouseBonusType0",
    "DisplayName": "",
    "MaxLevel": "0",
    "AutoRankUp": "0",
    "InfiniteLevels": "0",
    "RankTableId": "HouseBonus",
    "ProgressionPointPool": "",
    "EconomyTrackerType": "",
    "GameEventId": "",
    "AchievementIdOnMaxRank": "",
    "MinTrackedLevel": "",
    "ShowAsObjectiveReward": "",
    "IconPath": ""
  },
  {
    "CategoricalProgressionId": "Territory4_HouseBonusType0",
    "DisplayName": "",
    "MaxLevel": "0",
    "AutoRankUp": "0",
    "InfiniteLevels": "0",
    "RankTableId": "HouseBonus",
    "ProgressionPointPool": "",
    "EconomyTrackerType": "",
    "GameEventId": "",
    "AchievementIdOnMaxRank": "",
    "MinTrackedLevel": "",
    "ShowAsObjectiveReward": "",
    "IconPath": ""
  },
  {
    "CategoricalProgressionId": "Territory5_HouseBonusType0",
    "DisplayName": "",
    "MaxLevel": "0",
    "AutoRankUp": "0",
    "InfiniteLevels": "0",
    "RankTableId": "HouseBonus",
    "ProgressionPointPool": "",
    "EconomyTrackerType": "",
    "GameEventId": "",
    "AchievementIdOnMaxRank": "",
    "MinTrackedLevel": "",
    "ShowAsObjectiveReward": "",
    "IconPath": ""
  },
  {
    "CategoricalProgressionId": "Territory6_HouseBonusType0",
    "DisplayName": "",
    "MaxLevel": "0",
    "AutoRankUp": "0",
    "InfiniteLevels": "0",
    "RankTableId": "HouseBonus",
    "ProgressionPointPool": "",
    "EconomyTrackerType": "",
    "GameEventId": "",
    "AchievementIdOnMaxRank": "",
    "MinTrackedLevel": "",
    "ShowAsObjectiveReward": "",
    "IconPath": ""
  },
  {
    "CategoricalProgressionId": "Territory8_HouseBonusType0",
    "DisplayName": "",
    "MaxLevel": "0",
    "AutoRankUp": "0",
    "InfiniteLevels": "0",
    "RankTableId": "HouseBonus",
    "ProgressionPointPool": "",
    "EconomyTrackerType": "",
    "GameEventId": "",
    "AchievementIdOnMaxRank": "",
    "MinTrackedLevel": "",
    "ShowAsObjectiveReward": "",
    "IconPath": ""
  },
  {
    "CategoricalProgressionId": "Territory9_HouseBonusType0",
    "DisplayName": "",
    "MaxLevel": "0",
    "AutoRankUp": "0",
    "InfiniteLevels": "0",
    "RankTableId": "HouseBonus",
    "ProgressionPointPool": "",
    "EconomyTrackerType": "",
    "GameEventId": "",
    "AchievementIdOnMaxRank": "",
    "MinTrackedLevel": "",
    "ShowAsObjectiveReward": "",
    "IconPath": ""
  },
  {
    "CategoricalProgressionId": "Territory10_HouseBonusType0",
    "DisplayName": "",
    "MaxLevel": "0",
    "AutoRankUp": "0",
    "InfiniteLevels": "0",
    "RankTableId": "HouseBonus",
    "ProgressionPointPool": "",
    "EconomyTrackerType": "",
    "GameEventId": "",
    "AchievementIdOnMaxRank": "",
    "MinTrackedLevel": "",
    "ShowAsObjectiveReward": "",
    "IconPath": ""
  },
  {
    "CategoricalProgressionId": "Territory11_HouseBonusType0",
    "DisplayName": "",
    "MaxLevel": "0",
    "AutoRankUp": "0",
    "InfiniteLevels": "0",
    "RankTableId": "HouseBonus",
    "ProgressionPointPool": "",
    "EconomyTrackerType": "",
    "GameEventId": "",
    "AchievementIdOnMaxRank": "",
    "MinTrackedLevel": "",
    "ShowAsObjectiveReward": "",
    "IconPath": ""
  },
  {
    "CategoricalProgressionId": "Territory12_HouseBonusType0",
    "DisplayName": "",
    "MaxLevel": "0",
    "AutoRankUp": "0",
    "InfiniteLevels": "0",
    "RankTableId": "HouseBonus",
    "ProgressionPointPool": "",
    "EconomyTrackerType": "",
    "GameEventId": "",
    "AchievementIdOnMaxRank": "",
    "MinTrackedLevel": "",
    "ShowAsObjectiveReward": "",
    "IconPath": ""
  },
  {
    "CategoricalProgressionId": "Territory13_HouseBonusType0",
    "DisplayName": "",
    "MaxLevel": "0",
    "AutoRankUp": "0",
    "InfiniteLevels": "0",
    "RankTableId": "HouseBonus",
    "ProgressionPointPool": "",
    "EconomyTrackerType": "",
    "GameEventId": "",
    "AchievementIdOnMaxRank": "",
    "MinTrackedLevel": "",
    "ShowAsObjectiveReward": "",
    "IconPath": ""
  },
  {
    "CategoricalProgressionId": "Territory15_HouseBonusType0",
    "DisplayName": "",
    "MaxLevel": "0",
    "AutoRankUp": "0",
    "InfiniteLevels": "0",
    "RankTableId": "HouseBonus",
    "ProgressionPointPool": "",
    "EconomyTrackerType": "",
    "GameEventId": "",
    "AchievementIdOnMaxRank": "",
    "MinTrackedLevel": "",
    "ShowAsObjectiveReward": "",
    "IconPath": ""
  },
  {
    "CategoricalProgressionId": "Battle_Token",
    "DisplayName": "@ui_siege_hud_battle_tokens",
    "MaxLevel": "0",
    "AutoRankUp": "0",
    "InfiniteLevels": "0",
    "RankTableId": "BattleToken",
    "ProgressionPointPool": "",
    "EconomyTrackerType": "",
    "GameEventId": "",
    "AchievementIdOnMaxRank": "",
    "MinTrackedLevel": "",
    "ShowAsObjectiveReward": "",
    "IconPath": ""
  },
  {
    "CategoricalProgressionId": "HatchetAbilityTable",
    "DisplayName": "@ui_hatchet_mastery",
    "MaxLevel": "19",
    "AutoRankUp": "1",
    "InfiniteLevels": "0",
    "RankTableId": "WeaponMastery",
    "ProgressionPointPool": "HatchetAbilityTable",
    "EconomyTrackerType": "",
    "GameEventId": "",
    "AchievementIdOnMaxRank": "",
    "MinTrackedLevel": "",
    "ShowAsObjectiveReward": "",
    "IconPath": ""
  },
  {
    "CategoricalProgressionId": "SwordAbilityTable",
    "DisplayName": "@ui_straightsword_mastery",
    "MaxLevel": "19",
    "AutoRankUp": "1",
    "InfiniteLevels": "0",
    "RankTableId": "WeaponMastery",
    "ProgressionPointPool": "SwordAbilityTable",
    "EconomyTrackerType": "",
    "GameEventId": "",
    "AchievementIdOnMaxRank": "",
    "MinTrackedLevel": "",
    "ShowAsObjectiveReward": "",
    "IconPath": ""
  },
  {
    "CategoricalProgressionId": "WarHammerAbilityTable",
    "DisplayName": "@ui_warhammer_mastery",
    "MaxLevel": "19",
    "AutoRankUp": "1",
    "InfiniteLevels": "0",
    "RankTableId": "WeaponMastery",
    "ProgressionPointPool": "WarHammerAbilityTable",
    "EconomyTrackerType": "",
    "GameEventId": "",
    "AchievementIdOnMaxRank": "",
    "MinTrackedLevel": "",
    "ShowAsObjectiveReward": "",
    "IconPath": ""
  },
  {
    "CategoricalProgressionId": "BowAbilityTable",
    "DisplayName": "@ui_bow_mastery",
    "MaxLevel": "19",
    "AutoRankUp": "1",
    "InfiniteLevels": "0",
    "RankTableId": "WeaponMastery",
    "ProgressionPointPool": "BowAbilityTable",
    "EconomyTrackerType": "",
    "GameEventId": "",
    "AchievementIdOnMaxRank": "",
    "MinTrackedLevel": "",
    "ShowAsObjectiveReward": "",
    "IconPath": ""
  },
  {
    "CategoricalProgressionId": "MusketAbilityTable",
    "DisplayName": "@ui_musket_mastery",
    "MaxLevel": "19",
    "AutoRankUp": "1",
    "InfiniteLevels": "0",
    "RankTableId": "WeaponMastery",
    "ProgressionPointPool": "MusketAbilityTable",
    "EconomyTrackerType": "",
    "GameEventId": "",
    "AchievementIdOnMaxRank": "",
    "MinTrackedLevel": "",
    "ShowAsObjectiveReward": "",
    "IconPath": ""
  },
  {
    "CategoricalProgressionId": "BlunderbussAbilityTable",
    "DisplayName": "@ui_musket_mastery",
    "MaxLevel": "19",
    "AutoRankUp": "1",
    "InfiniteLevels": "0",
    "RankTableId": "WeaponMastery",
    "ProgressionPointPool": "BlunderbussAbilityTable",
    "EconomyTrackerType": "",
    "GameEventId": "",
    "AchievementIdOnMaxRank": "",
    "MinTrackedLevel": "",
    "ShowAsObjectiveReward": "",
    "IconPath": ""
  },
  {
    "CategoricalProgressionId": "LifeMagicAbilityTable",
    "DisplayName": "@ui_lifemagic_mastery",
    "MaxLevel": "19",
    "AutoRankUp": "1",
    "InfiniteLevels": "0",
    "RankTableId": "WeaponMastery",
    "ProgressionPointPool": "LifeMagicAbilityTable",
    "EconomyTrackerType": "",
    "GameEventId": "",
    "AchievementIdOnMaxRank": "",
    "MinTrackedLevel": "",
    "ShowAsObjectiveReward": "",
    "IconPath": ""
  },
  {
    "CategoricalProgressionId": "FireMagicAbilityTable",
    "DisplayName": "@ui_firemagic_mastery",
    "MaxLevel": "19",
    "AutoRankUp": "1",
    "InfiniteLevels": "0",
    "RankTableId": "WeaponMastery",
    "ProgressionPointPool": "FireMagicAbilityTable",
    "EconomyTrackerType": "",
    "GameEventId": "",
    "AchievementIdOnMaxRank": "",
    "MinTrackedLevel": "",
    "ShowAsObjectiveReward": "",
    "IconPath": ""
  },
  {
    "CategoricalProgressionId": "GreatAxeAbilityTable",
    "DisplayName": "@ui_greataxe_mastery",
    "MaxLevel": "19",
    "AutoRankUp": "1",
    "InfiniteLevels": "0",
    "RankTableId": "WeaponMastery",
    "ProgressionPointPool": "GreatAxeAbilityTable",
    "EconomyTrackerType": "",
    "GameEventId": "",
    "AchievementIdOnMaxRank": "",
    "MinTrackedLevel": "",
    "ShowAsObjectiveReward": "",
    "IconPath": ""
  },
  {
    "CategoricalProgressionId": "SpearAbilityTable",
    "DisplayName": "@ui_spear_mastery",
    "MaxLevel": "19",
    "AutoRankUp": "1",
    "InfiniteLevels": "0",
    "RankTableId": "WeaponMastery",
    "ProgressionPointPool": "SpearAbilityTable",
    "EconomyTrackerType": "",
    "GameEventId": "",
    "AchievementIdOnMaxRank": "",
    "MinTrackedLevel": "",
    "ShowAsObjectiveReward": "",
    "IconPath": ""
  },
  {
    "CategoricalProgressionId": "RapierAbilityTable",
    "DisplayName": "@ui_rapier_mastery",
    "MaxLevel": "19",
    "AutoRankUp": "1",
    "InfiniteLevels": "0",
    "RankTableId": "WeaponMastery",
    "ProgressionPointPool": "RapierAbilityTable",
    "EconomyTrackerType": "",
    "GameEventId": "",
    "AchievementIdOnMaxRank": "",
    "MinTrackedLevel": "",
    "ShowAsObjectiveReward": "",
    "IconPath": ""
  },
  {
    "CategoricalProgressionId": "IceMagicAbilityTable",
    "DisplayName": "@ui_icemagic_mastery",
    "MaxLevel": "19",
    "AutoRankUp": "1",
    "InfiniteLevels": "0",
    "RankTableId": "WeaponMastery",
    "ProgressionPointPool": "IceMagicAbilityTable",
    "EconomyTrackerType": "",
    "GameEventId": "",
    "AchievementIdOnMaxRank": "",
    "MinTrackedLevel": "",
    "ShowAsObjectiveReward": "",
    "IconPath": ""
  },
  {
    "CategoricalProgressionId": "Weaponsmithing",
    "DisplayName": "@ui_weaponsmithing",
    "MaxLevel": "200",
    "AutoRankUp": "1",
    "InfiniteLevels": "0",
    "RankTableId": "Weaponsmithing",
    "ProgressionPointPool": "",
    "EconomyTrackerType": "",
    "GameEventId": "",
    "AchievementIdOnMaxRank": "",
    "MinTrackedLevel": "",
    "ShowAsObjectiveReward": "",
    "IconPath": ""
  },
  {
    "CategoricalProgressionId": "Armoring",
    "DisplayName": "@ui_armoring",
    "MaxLevel": "200",
    "AutoRankUp": "1",
    "InfiniteLevels": "0",
    "RankTableId": "Armoring",
    "ProgressionPointPool": "",
    "EconomyTrackerType": "",
    "GameEventId": "",
    "AchievementIdOnMaxRank": "",
    "MinTrackedLevel": "",
    "ShowAsObjectiveReward": "",
    "IconPath": ""
  },
  {
    "CategoricalProgressionId": "Jewelcrafting",
    "DisplayName": "@ui_jewelcrafting",
    "MaxLevel": "200",
    "AutoRankUp": "1",
    "InfiniteLevels": "0",
    "RankTableId": "Jewelcrafting",
    "ProgressionPointPool": "",
    "EconomyTrackerType": "",
    "GameEventId": "",
    "AchievementIdOnMaxRank": "",
    "MinTrackedLevel": "",
    "ShowAsObjectiveReward": "",
    "IconPath": ""
  },
  {
    "CategoricalProgressionId": "Arcana",
    "DisplayName": "@ui_arcana",
    "MaxLevel": "200",
    "AutoRankUp": "1",
    "InfiniteLevels": "0",
    "RankTableId": "Arcana",
    "ProgressionPointPool": "",
    "EconomyTrackerType": "",
    "GameEventId": "",
    "AchievementIdOnMaxRank": "",
    "MinTrackedLevel": "",
    "ShowAsObjectiveReward": "",
    "IconPath": ""
  },
  {
    "CategoricalProgressionId": "Cooking",
    "DisplayName": "@ui_cooking",
    "MaxLevel": "200",
    "AutoRankUp": "1",
    "InfiniteLevels": "0",
    "RankTableId": "Cooking",
    "ProgressionPointPool": "",
    "EconomyTrackerType": "",
    "GameEventId": "",
    "AchievementIdOnMaxRank": "",
    "MinTrackedLevel": "",
    "ShowAsObjectiveReward": "",
    "IconPath": ""
  },
  {
    "CategoricalProgressionId": "Furnishing",
    "DisplayName": "@ui_furnishing",
    "MaxLevel": "200",
    "AutoRankUp": "1",
    "InfiniteLevels": "0",
    "RankTableId": "Furnishing",
    "ProgressionPointPool": "",
    "EconomyTrackerType": "",
    "GameEventId": "",
    "AchievementIdOnMaxRank": "",
    "MinTrackedLevel": "",
    "ShowAsObjectiveReward": "",
    "IconPath": ""
  },
  {
    "CategoricalProgressionId": "Engineering",
    "DisplayName": "@ui_engineering",
    "MaxLevel": "200",
    "AutoRankUp": "1",
    "InfiniteLevels": "0",
    "RankTableId": "Engineering",
    "ProgressionPointPool": "",
    "EconomyTrackerType": "",
    "GameEventId": "",
    "AchievementIdOnMaxRank": "",
    "MinTrackedLevel": "",
    "ShowAsObjectiveReward": "",
    "IconPath": ""
  },
  {
    "CategoricalProgressionId": "Smelting",
    "DisplayName": "@ui_smelting",
    "MaxLevel": "200",
    "AutoRankUp": "1",
    "InfiniteLevels": "0",
    "RankTableId": "Smelting",
    "ProgressionPointPool": "",
    "EconomyTrackerType": "",
    "GameEventId": "",
    "AchievementIdOnMaxRank": "",
    "MinTrackedLevel": "",
    "ShowAsObjectiveReward": "",
    "IconPath": ""
  },
  {
    "CategoricalProgressionId": "Woodworking",
    "DisplayName": "@ui_woodworking",
    "MaxLevel": "200",
    "AutoRankUp": "1",
    "InfiniteLevels": "0",
    "RankTableId": "Woodworking",
    "ProgressionPointPool": "",
    "EconomyTrackerType": "",
    "GameEventId": "",
    "AchievementIdOnMaxRank": "",
    "MinTrackedLevel": "",
    "ShowAsObjectiveReward": "",
    "IconPath": ""
  },
  {
    "CategoricalProgressionId": "Leatherworking",
    "DisplayName": "@ui_leatherworking",
    "MaxLevel": "200",
    "AutoRankUp": "1",
    "InfiniteLevels": "0",
    "RankTableId": "Leatherworking",
    "ProgressionPointPool": "",
    "EconomyTrackerType": "",
    "GameEventId": "",
    "AchievementIdOnMaxRank": "",
    "MinTrackedLevel": "",
    "ShowAsObjectiveReward": "",
    "IconPath": ""
  },
  {
    "CategoricalProgressionId": "Weaving",
    "DisplayName": "@ui_weaving",
    "MaxLevel": "200",
    "AutoRankUp": "1",
    "InfiniteLevels": "0",
    "RankTableId": "Weaving",
    "ProgressionPointPool": "",
    "EconomyTrackerType": "",
    "GameEventId": "",
    "AchievementIdOnMaxRank": "",
    "MinTrackedLevel": "",
    "ShowAsObjectiveReward": "",
    "IconPath": ""
  },
  {
    "CategoricalProgressionId": "Stonecutting",
    "DisplayName": "@ui_stonecutting",
    "MaxLevel": "200",
    "AutoRankUp": "1",
    "InfiniteLevels": "0",
    "RankTableId": "Stonecutting",
    "ProgressionPointPool": "",
    "EconomyTrackerType": "",
    "GameEventId": "",
    "AchievementIdOnMaxRank": "",
    "MinTrackedLevel": "",
    "ShowAsObjectiveReward": "",
    "IconPath": ""
  },
  {
    "CategoricalProgressionId": "Skinning",
    "DisplayName": "@ui_skinning",
    "MaxLevel": "200",
    "AutoRankUp": "1",
    "InfiniteLevels": "0",
    "RankTableId": "Skinning",
    "ProgressionPointPool": "",
    "EconomyTrackerType": "",
    "GameEventId": "",
    "AchievementIdOnMaxRank": "",
    "MinTrackedLevel": "",
    "ShowAsObjectiveReward": "",
    "IconPath": ""
  },
  {
    "CategoricalProgressionId": "Mining",
    "DisplayName": "@ui_mining",
    "MaxLevel": "200",
    "AutoRankUp": "1",
    "InfiniteLevels": "0",
    "RankTableId": "Mining",
    "ProgressionPointPool": "",
    "EconomyTrackerType": "",
    "GameEventId": "",
    "AchievementIdOnMaxRank": "",
    "MinTrackedLevel": "",
    "ShowAsObjectiveReward": "",
    "IconPath": ""
  },
  {
    "CategoricalProgressionId": "Logging",
    "DisplayName": "@ui_logging",
    "MaxLevel": "200",
    "AutoRankUp": "1",
    "InfiniteLevels": "0",
    "RankTableId": "Logging",
    "ProgressionPointPool": "",
    "EconomyTrackerType": "",
    "GameEventId": "",
    "AchievementIdOnMaxRank": "",
    "MinTrackedLevel": "",
    "ShowAsObjectiveReward": "",
    "IconPath": ""
  },
  {
    "CategoricalProgressionId": "Harvesting",
    "DisplayName": "@ui_harvesting",
    "MaxLevel": "200",
    "AutoRankUp": "1",
    "InfiniteLevels": "0",
    "RankTableId": "Harvesting",
    "ProgressionPointPool": "",
    "EconomyTrackerType": "",
    "GameEventId": "",
    "AchievementIdOnMaxRank": "",
    "MinTrackedLevel": "",
    "ShowAsObjectiveReward": "",
    "IconPath": ""
  },
  {
    "CategoricalProgressionId": "AzothStaff",
    "DisplayName": "@ui_azoth_staff_tradeskill",
    "MaxLevel": "5",
    "AutoRankUp": "1",
    "InfiniteLevels": "0",
    "RankTableId": "AzothStaff",
    "ProgressionPointPool": "",
    "EconomyTrackerType": "",
    "GameEventId": "",
    "AchievementIdOnMaxRank": "",
    "MinTrackedLevel": "",
    "ShowAsObjectiveReward": "",
    "IconPath": ""
  },
  {
    "CategoricalProgressionId": "Azoth_Currency",
    "DisplayName": "",
    "MaxLevel": "0",
    "AutoRankUp": "0",
    "InfiniteLevels": "0",
    "RankTableId": "AzothCurrency",
    "ProgressionPointPool": "",
    "EconomyTrackerType": "AzothGenerated",
    "GameEventId": "",
    "AchievementIdOnMaxRank": "",
    "MinTrackedLevel": "",
    "ShowAsObjectiveReward": "",
    "IconPath": ""
  },
  {
    "CategoricalProgressionId": "Fishing",
    "DisplayName": "@ui_fishing",
    "MaxLevel": "200",
    "AutoRankUp": "1",
    "InfiniteLevels": "0",
    "RankTableId": "Fishing",
    "ProgressionPointPool": "",
    "EconomyTrackerType": "",
    "GameEventId": "",
    "AchievementIdOnMaxRank": "",
    "MinTrackedLevel": "",
    "ShowAsObjectiveReward": "",
    "IconPath": ""
  },
  {
    "CategoricalProgressionId": "CollectibleTest",
    "DisplayName": "",
    "MaxLevel": "5",
    "AutoRankUp": "1",
    "InfiniteLevels": "0",
    "RankTableId": "CollectiblesRankData",
    "ProgressionPointPool": "",
    "EconomyTrackerType": "",
    "GameEventId": "",
    "AchievementIdOnMaxRank": "fish_hotspot_40030_charted",
    "MinTrackedLevel": "",
    "ShowAsObjectiveReward": "",
    "IconPath": ""
  },
  {
    "CategoricalProgressionId": "HWMLootBag",
    "DisplayName": "",
    "MaxLevel": "590",
    "AutoRankUp": "0",
    "InfiniteLevels": "0",
    "RankTableId": "HWMLoot",
    "ProgressionPointPool": "",
    "EconomyTrackerType": "",
    "GameEventId": "",
    "AchievementIdOnMaxRank": "",
    "MinTrackedLevel": "500",
    "ShowAsObjectiveReward": "",
    "IconPath": ""
  },
  {
    "CategoricalProgressionId": "HWMLootHead",
    "DisplayName": "",
    "MaxLevel": "590",
    "AutoRankUp": "0",
    "InfiniteLevels": "0",
    "RankTableId": "HWMLoot",
    "ProgressionPointPool": "",
    "EconomyTrackerType": "",
    "GameEventId": "",
    "AchievementIdOnMaxRank": "",
    "MinTrackedLevel": "500",
    "ShowAsObjectiveReward": "",
    "IconPath": ""
  },
  {
    "CategoricalProgressionId": "HWMLootChest",
    "DisplayName": "",
    "MaxLevel": "590",
    "AutoRankUp": "0",
    "InfiniteLevels": "0",
    "RankTableId": "HWMLoot",
    "ProgressionPointPool": "",
    "EconomyTrackerType": "",
    "GameEventId": "",
    "AchievementIdOnMaxRank": "",
    "MinTrackedLevel": "500",
    "ShowAsObjectiveReward": "",
    "IconPath": ""
  },
  {
    "CategoricalProgressionId": "HWMLootHands",
    "DisplayName": "",
    "MaxLevel": "590",
    "AutoRankUp": "0",
    "InfiniteLevels": "0",
    "RankTableId": "HWMLoot",
    "ProgressionPointPool": "",
    "EconomyTrackerType": "",
    "GameEventId": "",
    "AchievementIdOnMaxRank": "",
    "MinTrackedLevel": "500",
    "ShowAsObjectiveReward": "",
    "IconPath": ""
  },
  {
    "CategoricalProgressionId": "HWMLootLegs",
    "DisplayName": "",
    "MaxLevel": "590",
    "AutoRankUp": "0",
    "InfiniteLevels": "0",
    "RankTableId": "HWMLoot",
    "ProgressionPointPool": "",
    "EconomyTrackerType": "",
    "GameEventId": "",
    "AchievementIdOnMaxRank": "",
    "MinTrackedLevel": "500",
    "ShowAsObjectiveReward": "",
    "IconPath": ""
  },
  {
    "CategoricalProgressionId": "HWMLootFeet",
    "DisplayName": "",
    "MaxLevel": "590",
    "AutoRankUp": "0",
    "InfiniteLevels": "0",
    "RankTableId": "HWMLoot",
    "ProgressionPointPool": "",
    "EconomyTrackerType": "",
    "GameEventId": "",
    "AchievementIdOnMaxRank": "",
    "MinTrackedLevel": "500",
    "ShowAsObjectiveReward": "",
    "IconPath": ""
  },
  {
    "CategoricalProgressionId": "HWMLootAmulet",
    "DisplayName": "",
    "MaxLevel": "590",
    "AutoRankUp": "0",
    "InfiniteLevels": "0",
    "RankTableId": "HWMLoot",
    "ProgressionPointPool": "",
    "EconomyTrackerType": "",
    "GameEventId": "",
    "AchievementIdOnMaxRank": "",
    "MinTrackedLevel": "500",
    "ShowAsObjectiveReward": "",
    "IconPath": ""
  },
  {
    "CategoricalProgressionId": "HWMLootRing",
    "DisplayName": "",
    "MaxLevel": "590",
    "AutoRankUp": "0",
    "InfiniteLevels": "0",
    "RankTableId": "HWMLoot",
    "ProgressionPointPool": "",
    "EconomyTrackerType": "",
    "GameEventId": "",
    "AchievementIdOnMaxRank": "",
    "MinTrackedLevel": "500",
    "ShowAsObjectiveReward": "",
    "IconPath": ""
  },
  {
    "CategoricalProgressionId": "HWMLootToken",
    "DisplayName": "",
    "MaxLevel": "590",
    "AutoRankUp": "0",
    "InfiniteLevels": "0",
    "RankTableId": "HWMLoot",
    "ProgressionPointPool": "",
    "EconomyTrackerType": "",
    "GameEventId": "",
    "AchievementIdOnMaxRank": "",
    "MinTrackedLevel": "500",
    "ShowAsObjectiveReward": "",
    "IconPath": ""
  },
  {
    "CategoricalProgressionId": "HWMLootSword",
    "DisplayName": "",
    "MaxLevel": "590",
    "AutoRankUp": "0",
    "InfiniteLevels": "0",
    "RankTableId": "HWMLoot",
    "ProgressionPointPool": "",
    "EconomyTrackerType": "",
    "GameEventId": "",
    "AchievementIdOnMaxRank": "",
    "MinTrackedLevel": "500",
    "ShowAsObjectiveReward": "",
    "IconPath": ""
  },
  {
    "CategoricalProgressionId": "HWMLootHatchet",
    "DisplayName": "",
    "MaxLevel": "590",
    "AutoRankUp": "0",
    "InfiniteLevels": "0",
    "RankTableId": "HWMLoot",
    "ProgressionPointPool": "",
    "EconomyTrackerType": "",
    "GameEventId": "",
    "AchievementIdOnMaxRank": "",
    "MinTrackedLevel": "500",
    "ShowAsObjectiveReward": "",
    "IconPath": ""
  },
  {
    "CategoricalProgressionId": "HWMLoot2HHammer",
    "DisplayName": "",
    "MaxLevel": "590",
    "AutoRankUp": "0",
    "InfiniteLevels": "0",
    "RankTableId": "HWMLoot",
    "ProgressionPointPool": "",
    "EconomyTrackerType": "",
    "GameEventId": "",
    "AchievementIdOnMaxRank": "",
    "MinTrackedLevel": "500",
    "ShowAsObjectiveReward": "",
    "IconPath": ""
  },
  {
    "CategoricalProgressionId": "HWMLoot2HAxe",
    "DisplayName": "",
    "MaxLevel": "590",
    "AutoRankUp": "0",
    "InfiniteLevels": "0",
    "RankTableId": "HWMLoot",
    "ProgressionPointPool": "",
    "EconomyTrackerType": "",
    "GameEventId": "",
    "AchievementIdOnMaxRank": "",
    "MinTrackedLevel": "500",
    "ShowAsObjectiveReward": "",
    "IconPath": ""
  },
  {
    "CategoricalProgressionId": "HWMLootBow",
    "DisplayName": "",
    "MaxLevel": "590",
    "AutoRankUp": "0",
    "InfiniteLevels": "0",
    "RankTableId": "HWMLoot",
    "ProgressionPointPool": "",
    "EconomyTrackerType": "",
    "GameEventId": "",
    "AchievementIdOnMaxRank": "",
    "MinTrackedLevel": "500",
    "ShowAsObjectiveReward": "",
    "IconPath": ""
  },
  {
    "CategoricalProgressionId": "HWMLootMusket",
    "DisplayName": "",
    "MaxLevel": "590",
    "AutoRankUp": "0",
    "InfiniteLevels": "0",
    "RankTableId": "HWMLoot",
    "ProgressionPointPool": "",
    "EconomyTrackerType": "",
    "GameEventId": "",
    "AchievementIdOnMaxRank": "",
    "MinTrackedLevel": "500",
    "ShowAsObjectiveReward": "",
    "IconPath": ""
  },
  {
    "CategoricalProgressionId": "HWMLootShield",
    "DisplayName": "",
    "MaxLevel": "590",
    "AutoRankUp": "0",
    "InfiniteLevels": "0",
    "RankTableId": "HWMLoot",
    "ProgressionPointPool": "",
    "EconomyTrackerType": "",
    "GameEventId": "",
    "AchievementIdOnMaxRank": "",
    "MinTrackedLevel": "500",
    "ShowAsObjectiveReward": "",
    "IconPath": ""
  },
  {
    "CategoricalProgressionId": "HWMLootFireStaff",
    "DisplayName": "",
    "MaxLevel": "590",
    "AutoRankUp": "0",
    "InfiniteLevels": "0",
    "RankTableId": "HWMLoot",
    "ProgressionPointPool": "",
    "EconomyTrackerType": "",
    "GameEventId": "",
    "AchievementIdOnMaxRank": "",
    "MinTrackedLevel": "500",
    "ShowAsObjectiveReward": "",
    "IconPath": ""
  },
  {
    "CategoricalProgressionId": "HWMLootLifeStaff",
    "DisplayName": "",
    "MaxLevel": "590",
    "AutoRankUp": "0",
    "InfiniteLevels": "0",
    "RankTableId": "HWMLoot",
    "ProgressionPointPool": "",
    "EconomyTrackerType": "",
    "GameEventId": "",
    "AchievementIdOnMaxRank": "",
    "MinTrackedLevel": "500",
    "ShowAsObjectiveReward": "",
    "IconPath": ""
  },
  {
    "CategoricalProgressionId": "HWMLootRapier",
    "DisplayName": "",
    "MaxLevel": "590",
    "AutoRankUp": "0",
    "InfiniteLevels": "0",
    "RankTableId": "HWMLoot",
    "ProgressionPointPool": "",
    "EconomyTrackerType": "",
    "GameEventId": "",
    "AchievementIdOnMaxRank": "",
    "MinTrackedLevel": "500",
    "ShowAsObjectiveReward": "",
    "IconPath": ""
  },
  {
    "CategoricalProgressionId": "HWMLootSpear",
    "DisplayName": "",
    "MaxLevel": "590",
    "AutoRankUp": "0",
    "InfiniteLevels": "0",
    "RankTableId": "HWMLoot",
    "ProgressionPointPool": "",
    "EconomyTrackerType": "",
    "GameEventId": "",
    "AchievementIdOnMaxRank": "",
    "MinTrackedLevel": "500",
    "ShowAsObjectiveReward": "",
    "IconPath": ""
  },
  {
    "CategoricalProgressionId": "HWMLootIceMagic",
    "DisplayName": "",
    "MaxLevel": "590",
    "AutoRankUp": "0",
    "InfiniteLevels": "0",
    "RankTableId": "HWMLoot",
    "ProgressionPointPool": "",
    "EconomyTrackerType": "",
    "GameEventId": "",
    "AchievementIdOnMaxRank": "",
    "MinTrackedLevel": "500",
    "ShowAsObjectiveReward": "",
    "IconPath": ""
  },
  {
    "CategoricalProgressionId": "74",
    "DisplayName": "@DevWorld_Red",
    "MaxLevel": "300",
    "AutoRankUp": "1",
    "InfiniteLevels": "0",
    "RankTableId": "Territory_Standing",
    "ProgressionPointPool": "TerritoryRankBonus_74",
    "EconomyTrackerType": "",
    "GameEventId": "",
    "AchievementIdOnMaxRank": "",
    "MinTrackedLevel": "",
    "ShowAsObjectiveReward": "",
    "IconPath": ""
  },
  {
    "CategoricalProgressionId": "75",
    "DisplayName": "@DevWorld_Blue",
    "MaxLevel": "300",
    "AutoRankUp": "1",
    "InfiniteLevels": "0",
    "RankTableId": "Territory_Standing",
    "ProgressionPointPool": "TerritoryRankBonus_75",
    "EconomyTrackerType": "",
    "GameEventId": "",
    "AchievementIdOnMaxRank": "",
    "MinTrackedLevel": "",
    "ShowAsObjectiveReward": "",
    "IconPath": ""
  },
  {
    "CategoricalProgressionId": "Camping",
    "DisplayName": "@ui_camping",
    "MaxLevel": "5",
    "AutoRankUp": "1",
    "InfiniteLevels": "0",
    "RankTableId": "Camping",
    "ProgressionPointPool": "",
    "EconomyTrackerType": "",
    "GameEventId": "",
    "AchievementIdOnMaxRank": "",
    "MinTrackedLevel": "",
    "ShowAsObjectiveReward": "1",
    "IconPath": "lyshineui/images/campingrestrictions/campingAllowed.dds"
  },
  {
    "CategoricalProgressionId": "SyndicateTokens",
    "DisplayName": "@owg_factiontokens_1",
    "MaxLevel": "4",
    "AutoRankUp": "0",
    "InfiniteLevels": "0",
    "RankTableId": "SyndicateTokens",
    "ProgressionPointPool": "",
    "EconomyTrackerType": "",
    "GameEventId": "",
    "AchievementIdOnMaxRank": "",
    "MinTrackedLevel": "",
    "ShowAsObjectiveReward": "",
    "IconPath": ""
  },
  {
    "CategoricalProgressionId": "MarauderTokens",
    "DisplayName": "@owg_factiontokens_2",
    "MaxLevel": "4",
    "AutoRankUp": "0",
    "InfiniteLevels": "0",
    "RankTableId": "MarauderTokens",
    "ProgressionPointPool": "",
    "EconomyTrackerType": "",
    "GameEventId": "",
    "AchievementIdOnMaxRank": "",
    "MinTrackedLevel": "",
    "ShowAsObjectiveReward": "",
    "IconPath": ""
  },
  {
    "CategoricalProgressionId": "CovenantTokens",
    "DisplayName": "@owg_factiontokens_3",
    "MaxLevel": "4",
    "AutoRankUp": "0",
    "InfiniteLevels": "0",
    "RankTableId": "CovenantTokens",
    "ProgressionPointPool": "",
    "EconomyTrackerType": "",
    "GameEventId": "",
    "AchievementIdOnMaxRank": "",
    "MinTrackedLevel": "",
    "ShowAsObjectiveReward": "",
    "IconPath": ""
  }
]