[
  {
    "VariantID": "Boulder_lg_a",
    "StartMesh": "Objects\\Nature\\Rock_Boulders\\Boulders_Forest\\jav_fst_boulder_lg_a.cgf",
    "StartMat": "",
    "GatherableEntryID": "BoulderLarge",
    "GatheringRadius": "4",
    "InteractionRadius": "6.5",
    "DetectableRadius": "6",
    "DepletedSFX": "Play_Gather_Boulder_Lrg",
    "IdleSFX": "",
    "AudioPreloadName": "",
    "IdleVFX": "",
    "DepletedVFX": "Gatherable_Mineral.Demolish.Boulder_lg_A",
    "DepletedMesh": "Objects\\Nature\\Rock_Boulders\\Boulders_Forest\\jav_fst_boulder_lg_frag_a.cgf",
    "DepletedMaterial": "",
    "VegAreaClearRadius": "4.5",
    "StartMeshLOD": "100",
    "EndMeshLOD": "100",
    "ShowOnCompass": "",
    "CompassIcon": "",
    "TradeskillIconUnlockType": "",
    "AcceptSnow": "0",
    "MarkerRadius": "9",
    "AllowGatheringInGameModes": ""
  },
  {
    "VariantID": "Boulder_lg_b",
    "StartMesh": "Objects\\Nature\\Rock_Boulders\\Boulders_Forest\\jav_fst_boulder_lg_b.cgf",
    "StartMat": "",
    "GatherableEntryID": "BoulderLarge",
    "GatheringRadius": "3",
    "InteractionRadius": "4.5",
    "DetectableRadius": "4",
    "DepletedSFX": "Play_Gather_Boulder_Lrg",
    "IdleSFX": "",
    "AudioPreloadName": "",
    "IdleVFX": "",
    "DepletedVFX": "Gatherable_Mineral.Demolish.Boulder_lg_B",
    "DepletedMesh": "Objects\\Nature\\Rock_Boulders\\Boulders_Forest\\jav_fst_boulder_lg_frag_b.cgf",
    "DepletedMaterial": "",
    "VegAreaClearRadius": "3.6",
    "StartMeshLOD": "100",
    "EndMeshLOD": "100",
    "ShowOnCompass": "",
    "CompassIcon": "",
    "TradeskillIconUnlockType": "",
    "AcceptSnow": "0",
    "MarkerRadius": "7",
    "AllowGatheringInGameModes": ""
  },
  {
    "VariantID": "Boulder_lg_c",
    "StartMesh": "Objects\\Nature\\Rock_Boulders\\Boulders_Forest\\jav_fst_boulder_lg_c.cgf",
    "StartMat": "",
    "GatherableEntryID": "BoulderLarge",
    "GatheringRadius": "3",
    "InteractionRadius": "4.5",
    "DetectableRadius": "4",
    "DepletedSFX": "Play_Gather_Boulder_Lrg",
    "IdleSFX": "",
    "AudioPreloadName": "",
    "IdleVFX": "",
    "DepletedVFX": "Gatherable_Mineral.Demolish.Boulder_lg_C",
    "DepletedMesh": "Objects\\Nature\\Rock_Boulders\\Boulders_Forest\\jav_fst_boulder_lg_frag_c.cgf",
    "DepletedMaterial": "",
    "VegAreaClearRadius": "3.2",
    "StartMeshLOD": "100",
    "EndMeshLOD": "100",
    "ShowOnCompass": "",
    "CompassIcon": "",
    "TradeskillIconUnlockType": "",
    "AcceptSnow": "0",
    "MarkerRadius": "7",
    "AllowGatheringInGameModes": ""
  },
  {
    "VariantID": "Boulder_md_a",
    "StartMesh": "Objects\\Nature\\Rock_Boulders\\Boulders_Forest\\jav_fst_boulder_md_a.cgf",
    "StartMat": "",
    "GatherableEntryID": "BoulderMedium",
    "GatheringRadius": "1.75",
    "InteractionRadius": "4.5",
    "DetectableRadius": "3",
    "DepletedSFX": "Play_Gather_Boulder_Med",
    "IdleSFX": "",
    "AudioPreloadName": "",
    "IdleVFX": "",
    "DepletedVFX": "Gatherable_Mineral.Demolish.Boulder_md_A",
    "DepletedMesh": "Objects\\Nature\\Rock_Boulders\\Boulders_Forest\\jav_fst_boulder_md_frag_a.cgf",
    "DepletedMaterial": "",
    "VegAreaClearRadius": "3.1",
    "StartMeshLOD": "100",
    "EndMeshLOD": "100",
    "ShowOnCompass": "",
    "CompassIcon": "",
    "TradeskillIconUnlockType": "",
    "AcceptSnow": "0",
    "MarkerRadius": "6",
    "AllowGatheringInGameModes": ""
  },
  {
    "VariantID": "Boulder_md_b",
    "StartMesh": "Objects\\Nature\\Rock_Boulders\\Boulders_Forest\\jav_fst_boulder_md_b.cgf",
    "StartMat": "",
    "GatherableEntryID": "BoulderMedium",
    "GatheringRadius": "1.35",
    "InteractionRadius": "3",
    "DetectableRadius": "2.5",
    "DepletedSFX": "Play_Gather_Boulder_Med",
    "IdleSFX": "",
    "AudioPreloadName": "",
    "IdleVFX": "",
    "DepletedVFX": "Gatherable_Mineral.Demolish.Boulder_md_B",
    "DepletedMesh": "Objects\\Nature\\Rock_Boulders\\Boulders_Forest\\jav_fst_boulder_md_frag_b.cgf",
    "DepletedMaterial": "",
    "VegAreaClearRadius": "2.4",
    "StartMeshLOD": "100",
    "EndMeshLOD": "100",
    "ShowOnCompass": "",
    "CompassIcon": "",
    "TradeskillIconUnlockType": "",
    "AcceptSnow": "0",
    "MarkerRadius": "5.5",
    "AllowGatheringInGameModes": ""
  },
  {
    "VariantID": "Boulder_md_c",
    "StartMesh": "Objects\\Nature\\Rock_Boulders\\Boulders_Forest\\jav_fst_boulder_md_c.cgf",
    "StartMat": "",
    "GatherableEntryID": "BoulderMedium",
    "GatheringRadius": "1.35",
    "InteractionRadius": "3",
    "DetectableRadius": "2.5",
    "DepletedSFX": "Play_Gather_Boulder_Med",
    "IdleSFX": "",
    "AudioPreloadName": "",
    "IdleVFX": "",
    "DepletedVFX": "Gatherable_Mineral.Demolish.Boulder_md_C",
    "DepletedMesh": "Objects\\Nature\\Rock_Boulders\\Boulders_Forest\\jav_fst_boulder_md_frag_c.cgf",
    "DepletedMaterial": "",
    "VegAreaClearRadius": "2.1",
    "StartMeshLOD": "100",
    "EndMeshLOD": "100",
    "ShowOnCompass": "",
    "CompassIcon": "",
    "TradeskillIconUnlockType": "",
    "AcceptSnow": "0",
    "MarkerRadius": "5.5",
    "AllowGatheringInGameModes": ""
  },
  {
    "VariantID": "Boulder_sm_a",
    "StartMesh": "Objects\\Nature\\Rock_Boulders\\Boulders_Forest\\jav_fst_boulder_sm_a.cgf",
    "StartMat": "",
    "GatherableEntryID": "BoulderSmall",
    "GatheringRadius": "0.95",
    "InteractionRadius": "2.5",
    "DetectableRadius": "1.5",
    "DepletedSFX": "Play_Gather_Boulder_Sml",
    "IdleSFX": "",
    "AudioPreloadName": "",
    "IdleVFX": "",
    "DepletedVFX": "Gatherable_Mineral.Demolish.Boulder_sm_A",
    "DepletedMesh": "Objects\\Nature\\Rock_Boulders\\Boulders_Forest\\jav_fst_boulder_sm_frag_a.cgf",
    "DepletedMaterial": "",
    "VegAreaClearRadius": "1.2",
    "StartMeshLOD": "100",
    "EndMeshLOD": "100",
    "ShowOnCompass": "",
    "CompassIcon": "",
    "TradeskillIconUnlockType": "",
    "AcceptSnow": "0",
    "MarkerRadius": "4.5",
    "AllowGatheringInGameModes": ""
  },
  {
    "VariantID": "Boulder_sm_b",
    "StartMesh": "Objects\\Nature\\Rock_Boulders\\Boulders_Forest\\jav_fst_boulder_sm_b.cgf",
    "StartMat": "",
    "GatherableEntryID": "BoulderSmall",
    "GatheringRadius": "0.65",
    "InteractionRadius": "2",
    "DetectableRadius": "1",
    "DepletedSFX": "Play_Gather_Boulder_Sml",
    "IdleSFX": "",
    "AudioPreloadName": "",
    "IdleVFX": "",
    "DepletedVFX": "Gatherable_Mineral.Demolish.Boulder_sm_B",
    "DepletedMesh": "Objects\\Nature\\Rock_Boulders\\Boulders_Forest\\jav_fst_boulder_sm_frag_b.cgf",
    "DepletedMaterial": "",
    "VegAreaClearRadius": "0.9",
    "StartMeshLOD": "100",
    "EndMeshLOD": "100",
    "ShowOnCompass": "",
    "CompassIcon": "",
    "TradeskillIconUnlockType": "",
    "AcceptSnow": "0",
    "MarkerRadius": "4",
    "AllowGatheringInGameModes": ""
  },
  {
    "VariantID": "Boulder_sm_c",
    "StartMesh": "Objects\\Nature\\Rock_Boulders\\Boulders_Forest\\jav_fst_boulder_sm_c.cgf",
    "StartMat": "",
    "GatherableEntryID": "BoulderSmall",
    "GatheringRadius": "0.85",
    "InteractionRadius": "2",
    "DetectableRadius": "1.5",
    "DepletedSFX": "Play_Gather_Boulder_Sml",
    "IdleSFX": "",
    "AudioPreloadName": "",
    "IdleVFX": "",
    "DepletedVFX": "Gatherable_Mineral.Demolish.Boulder_sm_C",
    "DepletedMesh": "Objects\\Nature\\Rock_Boulders\\Boulders_Forest\\jav_fst_boulder_sm_frag_c.cgf",
    "DepletedMaterial": "",
    "VegAreaClearRadius": "1.5",
    "StartMeshLOD": "100",
    "EndMeshLOD": "100",
    "ShowOnCompass": "",
    "CompassIcon": "",
    "TradeskillIconUnlockType": "",
    "AcceptSnow": "0",
    "MarkerRadius": "4.5",
    "AllowGatheringInGameModes": ""
  },
  {
    "VariantID": "Lodestone_a",
    "StartMesh": "Objects\\Nature\\Rock_Boulders\\Boulders_Forest\\jav_fst_boulder_sm_a.cgf",
    "StartMat": "Objects\\Nature\\Rock_Veins\\Veins_Starmetal\\jav_boulder_lodestone_a_mat.mtl",
    "GatherableEntryID": "BoulderLodestoneSmall",
    "GatheringRadius": "0.85",
    "InteractionRadius": "2",
    "DetectableRadius": "1.5",
    "DepletedSFX": "Play_Gather_Boulder_Med",
    "IdleSFX": "",
    "AudioPreloadName": "",
    "IdleVFX": "",
    "DepletedVFX": "Gatherable_Mineral.Demolish.Lodestone_A",
    "DepletedMesh": "Objects\\Nature\\Rock_Boulders\\Boulders_Forest\\jav_fst_boulder_sm_frag_a.cgf",
    "DepletedMaterial": "",
    "VegAreaClearRadius": "1.2",
    "StartMeshLOD": "100",
    "EndMeshLOD": "100",
    "ShowOnCompass": "1",
    "CompassIcon": "LyShineUI\\Images\\Map\\Icon\\Gatherables\\Lodestone_Compass.png",
    "TradeskillIconUnlockType": "Lodestone",
    "AcceptSnow": "0",
    "MarkerRadius": "4.5",
    "AllowGatheringInGameModes": ""
  },
  {
    "VariantID": "Lodestone_b",
    "StartMesh": "Objects\\Nature\\Rock_Boulders\\Boulders_Forest\\jav_fst_boulder_sm_b.cgf",
    "StartMat": "Objects\\Nature\\Rock_Veins\\Veins_Starmetal\\jav_boulder_lodestone_b_mat.mtl",
    "GatherableEntryID": "BoulderLodestoneMedium",
    "GatheringRadius": "0.85",
    "InteractionRadius": "2",
    "DetectableRadius": "1",
    "DepletedSFX": "Play_Gather_Boulder_Med",
    "IdleSFX": "",
    "AudioPreloadName": "",
    "IdleVFX": "",
    "DepletedVFX": "Gatherable_Mineral.Demolish.Lodestone_B",
    "DepletedMesh": "Objects\\Nature\\Rock_Boulders\\Boulders_Forest\\jav_fst_boulder_sm_frag_b.cgf",
    "DepletedMaterial": "",
    "VegAreaClearRadius": "0.9",
    "StartMeshLOD": "100",
    "EndMeshLOD": "100",
    "ShowOnCompass": "1",
    "CompassIcon": "LyShineUI\\Images\\Map\\Icon\\Gatherables\\Lodestone_Compass.png",
    "TradeskillIconUnlockType": "Lodestone",
    "AcceptSnow": "0",
    "MarkerRadius": "4",
    "AllowGatheringInGameModes": ""
  },
  {
    "VariantID": "Lodestone_c",
    "StartMesh": "Objects\\Nature\\Rock_Boulders\\Boulders_Forest\\jav_fst_boulder_sm_c.cgf",
    "StartMat": "Objects\\Nature\\Rock_Veins\\Veins_Starmetal\\jav_boulder_lodestone_c_mat.mtl",
    "GatherableEntryID": "BoulderLodestoneLarge",
    "GatheringRadius": "0.85",
    "InteractionRadius": "2",
    "DetectableRadius": "1.5",
    "DepletedSFX": "Play_Gather_Boulder_Med",
    "IdleSFX": "",
    "AudioPreloadName": "",
    "IdleVFX": "",
    "DepletedVFX": "Gatherable_Mineral.Demolish.Lodestone_C",
    "DepletedMesh": "Objects\\Nature\\Rock_Boulders\\Boulders_Forest\\jav_fst_boulder_sm_frag_c.cgf",
    "DepletedMaterial": "",
    "VegAreaClearRadius": "1.5",
    "StartMeshLOD": "100",
    "EndMeshLOD": "100",
    "ShowOnCompass": "1",
    "CompassIcon": "LyShineUI\\Images\\Map\\Icon\\Gatherables\\Lodestone_Compass.png",
    "TradeskillIconUnlockType": "Lodestone",
    "AcceptSnow": "0",
    "MarkerRadius": "4.5",
    "AllowGatheringInGameModes": ""
  },
  {
    "VariantID": "Flint_md_a",
    "StartMesh": "Objects\\Nature\\Rock_Boulders\\Boulders_Flint\\jav_boulder_flint_md_a.cgf",
    "StartMat": "",
    "GatherableEntryID": "FlintLarge",
    "GatheringRadius": "1.85",
    "InteractionRadius": "3.5",
    "DetectableRadius": "2",
    "DepletedSFX": "Play_Gather_Boulder_Med",
    "IdleSFX": "",
    "AudioPreloadName": "",
    "IdleVFX": "",
    "DepletedVFX": "Gatherable_Mineral.Demolish.Flint_md_A",
    "DepletedMesh": "Objects\\Nature\\Rock_Boulders\\Boulders_Ore\\jav_boulder_ironore_frag_b.cgf",
    "DepletedMaterial": "Objects\\Nature\\Rock_Boulders\\Boulders_Flint\\JAV_Boulder_Flint_Md_A_mat.mtl",
    "VegAreaClearRadius": "2",
    "StartMeshLOD": "100",
    "EndMeshLOD": "100",
    "ShowOnCompass": "",
    "CompassIcon": "",
    "TradeskillIconUnlockType": "",
    "AcceptSnow": "0",
    "MarkerRadius": "15",
    "AllowGatheringInGameModes": ""
  },
  {
    "VariantID": "Flint_md_b",
    "StartMesh": "Objects\\Nature\\Rock_Boulders\\Boulders_Flint\\jav_boulder_flint_md_b.cgf",
    "StartMat": "",
    "GatherableEntryID": "FlintMedium",
    "GatheringRadius": "1.7",
    "InteractionRadius": "3",
    "DetectableRadius": "1.7",
    "DepletedSFX": "Play_Gather_Boulder_Med",
    "IdleSFX": "",
    "AudioPreloadName": "",
    "IdleVFX": "",
    "DepletedVFX": "Gatherable_Mineral.Demolish.Flint_md_B",
    "DepletedMesh": "Objects\\Nature\\Rock_Boulders\\Boulders_Ore\\jav_boulder_ironore_frag_b.cgf",
    "DepletedMaterial": "Objects\\Nature\\Rock_Boulders\\Boulders_Flint\\JAV_Boulder_Flint_Md_A_mat.mtl",
    "VegAreaClearRadius": "1.8",
    "StartMeshLOD": "100",
    "EndMeshLOD": "100",
    "ShowOnCompass": "",
    "CompassIcon": "",
    "TradeskillIconUnlockType": "",
    "AcceptSnow": "0",
    "MarkerRadius": "15",
    "AllowGatheringInGameModes": ""
  },
  {
    "VariantID": "Flint_md_c",
    "StartMesh": "Objects\\Nature\\Rock_Boulders\\Boulders_Flint\\jav_boulder_flint_md_c.cgf",
    "StartMat": "",
    "GatherableEntryID": "FlintMedium",
    "GatheringRadius": "1.5",
    "InteractionRadius": "2.75",
    "DetectableRadius": "1.5",
    "DepletedSFX": "Play_Gather_Boulder_Med",
    "IdleSFX": "",
    "AudioPreloadName": "",
    "IdleVFX": "",
    "DepletedVFX": "Gatherable_Mineral.Demolish.Flint_md_C",
    "DepletedMesh": "Objects\\Nature\\Rock_Boulders\\Boulders_Ore\\jav_boulder_ironore_frag_b.cgf",
    "DepletedMaterial": "Objects\\Nature\\Rock_Boulders\\Boulders_Flint\\JAV_Boulder_Flint_Md_A_mat.mtl",
    "VegAreaClearRadius": "1.7",
    "StartMeshLOD": "100",
    "EndMeshLOD": "100",
    "ShowOnCompass": "",
    "CompassIcon": "",
    "TradeskillIconUnlockType": "",
    "AcceptSnow": "0",
    "MarkerRadius": "15",
    "AllowGatheringInGameModes": ""
  },
  {
    "VariantID": "Flint_sm_a",
    "StartMesh": "Objects\\Nature\\Rock_Boulders\\Boulders_Flint\\jav_boulder_flint_sm_a.cgf",
    "StartMat": "",
    "GatherableEntryID": "FlintSmall",
    "GatheringRadius": "0.85",
    "InteractionRadius": "2",
    "DetectableRadius": "1.2",
    "DepletedSFX": "Play_Gather_Boulder_Sml",
    "IdleSFX": "",
    "AudioPreloadName": "",
    "IdleVFX": "",
    "DepletedVFX": "Gatherable_Mineral.Demolish.Flint_sm_A",
    "DepletedMesh": "Objects\\Nature\\Rock_Boulders\\Boulders_Ore\\jav_boulder_ironore_frag_b.cgf",
    "DepletedMaterial": "Objects\\Nature\\Rock_Boulders\\Boulders_Flint\\JAV_Boulder_Flint_Md_A_mat.mtl",
    "VegAreaClearRadius": "1.1000000000000001",
    "StartMeshLOD": "100",
    "EndMeshLOD": "100",
    "ShowOnCompass": "",
    "CompassIcon": "",
    "TradeskillIconUnlockType": "",
    "AcceptSnow": "0",
    "MarkerRadius": "15",
    "AllowGatheringInGameModes": ""
  },
  {
    "VariantID": "Flint_sm_b",
    "StartMesh": "Objects\\Nature\\Rock_Boulders\\Boulders_Flint\\jav_boulder_flint_sm_b.cgf",
    "StartMat": "",
    "GatherableEntryID": "FlintSmall",
    "GatheringRadius": "0.8",
    "InteractionRadius": "1.85",
    "DetectableRadius": "0.8",
    "DepletedSFX": "Play_Gather_Boulder_Sml",
    "IdleSFX": "",
    "AudioPreloadName": "",
    "IdleVFX": "",
    "DepletedVFX": "Gatherable_Mineral.Demolish.Flint_sm_B",
    "DepletedMesh": "Objects\\Nature\\Rock_Boulders\\Boulders_Ore\\jav_boulder_ironore_frag_b.cgf",
    "DepletedMaterial": "Objects\\Nature\\Rock_Boulders\\Boulders_Flint\\JAV_Boulder_Flint_Md_A_mat.mtl",
    "VegAreaClearRadius": "1",
    "StartMeshLOD": "100",
    "EndMeshLOD": "100",
    "ShowOnCompass": "",
    "CompassIcon": "",
    "TradeskillIconUnlockType": "",
    "AcceptSnow": "0",
    "MarkerRadius": "15",
    "AllowGatheringInGameModes": ""
  },
  {
    "VariantID": "Flint_sm_c",
    "StartMesh": "Objects\\Nature\\Rock_Boulders\\Boulders_Flint\\jav_boulder_flint_sm_c.cgf",
    "StartMat": "",
    "GatherableEntryID": "FlintSmall",
    "GatheringRadius": "0.85",
    "InteractionRadius": "2",
    "DetectableRadius": "0.8",
    "DepletedSFX": "Play_Gather_Boulder_Sml",
    "IdleSFX": "",
    "AudioPreloadName": "",
    "IdleVFX": "",
    "DepletedVFX": "Gatherable_Mineral.Demolish.Flint_sm_C",
    "DepletedMesh": "Objects\\Nature\\Rock_Boulders\\Boulders_Ore\\jav_boulder_ironore_frag_b.cgf",
    "DepletedMaterial": "Objects\\Nature\\Rock_Boulders\\Boulders_Flint\\JAV_Boulder_Flint_Md_A_mat.mtl",
    "VegAreaClearRadius": "0.6",
    "StartMeshLOD": "100",
    "EndMeshLOD": "100",
    "ShowOnCompass": "",
    "CompassIcon": "",
    "TradeskillIconUnlockType": "",
    "AcceptSnow": "1",
    "MarkerRadius": "15",
    "AllowGatheringInGameModes": ""
  },
  {
    "VariantID": "OilSeep_a",
    "StartMesh": "Objects\\Nature\\Seeps\\Seeps_Marsh\\OilSeep\\jav_msh_oilseep_a.cgf",
    "StartMat": "",
    "GatherableEntryID": "SeepingStoneLarge",
    "GatheringRadius": "0.8",
    "InteractionRadius": "4.5",
    "DetectableRadius": "4",
    "DepletedSFX": "Play_Gather_Stones",
    "IdleSFX": "Play_AMB_3D_OilSeep",
    "AudioPreloadName": "gath_oilseep",
    "IdleVFX": "Gatherable_Mineral.Oil.Seep_Idle_A",
    "DepletedVFX": "Gatherable_Mineral.Demolish.OilSeep_A",
    "DepletedMesh": "Objects\\Nature\\Seeps\\Seeps_Marsh\\OilSeep\\jav_msh_oilseep_pick_a.cgf",
    "DepletedMaterial": "",
    "VegAreaClearRadius": "3.4",
    "StartMeshLOD": "100",
    "EndMeshLOD": "100",
    "ShowOnCompass": "1",
    "CompassIcon": "LyShineUI\\Images\\Map\\Icon\\Gatherables\\Oil_Compass.png",
    "TradeskillIconUnlockType": "Oil",
    "AcceptSnow": "1",
    "MarkerRadius": "7",
    "AllowGatheringInGameModes": ""
  },
  {
    "VariantID": "OilSeep_b",
    "StartMesh": "Objects\\Nature\\Seeps\\Seeps_Marsh\\OilSeep\\jav_msh_oilseep_b.cgf",
    "StartMat": "",
    "GatherableEntryID": "SeepingStoneMedium",
    "GatheringRadius": "0.6",
    "InteractionRadius": "3.75",
    "DetectableRadius": "3.5",
    "DepletedSFX": "Play_Gather_Stones",
    "IdleSFX": "Play_AMB_3D_OilSeep",
    "AudioPreloadName": "gath_oilseep",
    "IdleVFX": "Gatherable_Mineral.Oil.Seep_Idle_B",
    "DepletedVFX": "Gatherable_Mineral.Demolish.OilSeep_B",
    "DepletedMesh": "Objects\\Nature\\Seeps\\Seeps_Marsh\\OilSeep\\jav_msh_oilseep_pick_b.cgf",
    "DepletedMaterial": "",
    "VegAreaClearRadius": "2.4",
    "StartMeshLOD": "100",
    "EndMeshLOD": "100",
    "ShowOnCompass": "1",
    "CompassIcon": "LyShineUI\\Images\\Map\\Icon\\Gatherables\\Oil_Compass.png",
    "TradeskillIconUnlockType": "Oil",
    "AcceptSnow": "1",
    "MarkerRadius": "6.5",
    "AllowGatheringInGameModes": ""
  },
  {
    "VariantID": "OilSeep_c",
    "StartMesh": "Objects\\Nature\\Seeps\\Seeps_Marsh\\OilSeep\\jav_msh_oilseep_c.cgf",
    "StartMat": "",
    "GatherableEntryID": "SeepingStoneSmall",
    "GatheringRadius": "0.3",
    "InteractionRadius": "2.75",
    "DetectableRadius": "3",
    "DepletedSFX": "Play_Gather_Stones",
    "IdleSFX": "Play_AMB_3D_OilSeep",
    "AudioPreloadName": "gath_oilseep",
    "IdleVFX": "Gatherable_Mineral.Oil.Seep_Idle_C",
    "DepletedVFX": "Gatherable_Mineral.Demolish.OilSeep_C",
    "DepletedMesh": "Objects\\Nature\\Seeps\\Seeps_Marsh\\OilSeep\\jav_msh_oilseep_pick_c.cgf",
    "DepletedMaterial": "",
    "VegAreaClearRadius": "1.5",
    "StartMeshLOD": "100",
    "EndMeshLOD": "100",
    "ShowOnCompass": "1",
    "CompassIcon": "LyShineUI\\Images\\Map\\Icon\\Gatherables\\Oil_Compass.png",
    "TradeskillIconUnlockType": "Oil",
    "AcceptSnow": "1",
    "MarkerRadius": "6",
    "AllowGatheringInGameModes": ""
  },
  {
    "VariantID": "SingleStone_a",
    "StartMesh": "Objects\\Nature\\Rock_Dressing\\Dressing_Forest\\jav_fst_smallrock_flint_a.cgf",
    "StartMat": "",
    "GatherableEntryID": "SingleStone",
    "GatheringRadius": "7.0000000000000007E-2",
    "InteractionRadius": "1.8",
    "DetectableRadius": "0.5",
    "DepletedSFX": "Play_Gather_Stones",
    "IdleSFX": "",
    "AudioPreloadName": "",
    "IdleVFX": "",
    "DepletedVFX": "Gatherable_Mineral.Demolish.SingleStone_A",
    "DepletedMesh": "",
    "DepletedMaterial": "",
    "VegAreaClearRadius": "0.6",
    "StartMeshLOD": "50",
    "EndMeshLOD": "50",
    "ShowOnCompass": "",
    "CompassIcon": "",
    "TradeskillIconUnlockType": "",
    "AcceptSnow": "1",
    "MarkerRadius": "8",
    "AllowGatheringInGameModes": ""
  },
  {
    "VariantID": "SingleStone_b",
    "StartMesh": "Objects\\Nature\\Rock_Dressing\\Dressing_Forest\\jav_fst_smallrock_flint_b.cgf",
    "StartMat": "",
    "GatherableEntryID": "SingleStone",
    "GatheringRadius": "7.0000000000000007E-2",
    "InteractionRadius": "1.8",
    "DetectableRadius": "0.5",
    "DepletedSFX": "Play_Gather_Stones",
    "IdleSFX": "",
    "AudioPreloadName": "",
    "IdleVFX": "",
    "DepletedVFX": "Gatherable_Mineral.Demolish.SingleStone_A",
    "DepletedMesh": "",
    "DepletedMaterial": "",
    "VegAreaClearRadius": "0.62",
    "StartMeshLOD": "50",
    "EndMeshLOD": "50",
    "ShowOnCompass": "",
    "CompassIcon": "",
    "TradeskillIconUnlockType": "",
    "AcceptSnow": "1",
    "MarkerRadius": "8",
    "AllowGatheringInGameModes": ""
  },
  {
    "VariantID": "SingleStone_c",
    "StartMesh": "Objects\\Nature\\Rock_Dressing\\Dressing_Forest\\jav_fst_smallrock_flint_c.cgf",
    "StartMat": "",
    "GatherableEntryID": "SingleStone",
    "GatheringRadius": "7.0000000000000007E-2",
    "InteractionRadius": "1.8",
    "DetectableRadius": "0.5",
    "DepletedSFX": "Play_Gather_Stones",
    "IdleSFX": "",
    "AudioPreloadName": "",
    "IdleVFX": "",
    "DepletedVFX": "Gatherable_Mineral.Demolish.SingleStone_A",
    "DepletedMesh": "",
    "DepletedMaterial": "",
    "VegAreaClearRadius": "0.5",
    "StartMeshLOD": "50",
    "EndMeshLOD": "50",
    "ShowOnCompass": "",
    "CompassIcon": "",
    "TradeskillIconUnlockType": "",
    "AcceptSnow": "1",
    "MarkerRadius": "8",
    "AllowGatheringInGameModes": ""
  },
  {
    "VariantID": "Vein_Crystal_a",
    "StartMesh": "Objects\\Nature\\Rock_Veins\\Veins_Crystal\\jav_fst_vein_crystal_a.cgf",
    "StartMat": "",
    "GatherableEntryID": "CrystalLarge",
    "GatheringRadius": "0",
    "InteractionRadius": "2.5",
    "DetectableRadius": "2.2000000000000002",
    "DepletedSFX": "Play_Gather_Boulder_Sml",
    "IdleSFX": "",
    "AudioPreloadName": "",
    "IdleVFX": "",
    "DepletedVFX": "Gatherable_Mineral.Demolish.Crystal_A",
    "DepletedMesh": "Objects\\Nature\\Rock_Veins\\Veins_Crystal\\jav_fst_vein_crystal_pick_a.cgf",
    "DepletedMaterial": "",
    "VegAreaClearRadius": "1.1000000000000001",
    "StartMeshLOD": "100",
    "EndMeshLOD": "100",
    "ShowOnCompass": "",
    "CompassIcon": "",
    "TradeskillIconUnlockType": "",
    "AcceptSnow": "1",
    "MarkerRadius": "5.2",
    "AllowGatheringInGameModes": ""
  },
  {
    "VariantID": "Vein_Crystal_b",
    "StartMesh": "Objects\\Nature\\Rock_Veins\\Veins_Crystal\\jav_fst_vein_crystal_b.cgf",
    "StartMat": "",
    "GatherableEntryID": "CrystalMedium",
    "GatheringRadius": "0",
    "InteractionRadius": "2",
    "DetectableRadius": "1.5",
    "DepletedSFX": "Play_Gather_Boulder_Sml",
    "IdleSFX": "",
    "AudioPreloadName": "",
    "IdleVFX": "",
    "DepletedVFX": "Gatherable_Mineral.Demolish.Crystal_B",
    "DepletedMesh": "Objects\\Nature\\Rock_Veins\\Veins_Crystal\\jav_fst_vein_crystal_pick_b.cgf",
    "DepletedMaterial": "",
    "VegAreaClearRadius": "1",
    "StartMeshLOD": "100",
    "EndMeshLOD": "100",
    "ShowOnCompass": "",
    "CompassIcon": "",
    "TradeskillIconUnlockType": "",
    "AcceptSnow": "1",
    "MarkerRadius": "4.5",
    "AllowGatheringInGameModes": ""
  },
  {
    "VariantID": "Vein_Crystal_c",
    "StartMesh": "Objects\\Nature\\Rock_Veins\\Veins_Crystal\\jav_fst_vein_crystal_c.cgf",
    "StartMat": "",
    "GatherableEntryID": "CrystalSmall",
    "GatheringRadius": "0",
    "InteractionRadius": "1.8",
    "DetectableRadius": "1.25",
    "DepletedSFX": "Play_Gather_Boulder_Sml",
    "IdleSFX": "",
    "AudioPreloadName": "",
    "IdleVFX": "",
    "DepletedVFX": "Gatherable_Mineral.Demolish.Crystal_C",
    "DepletedMesh": "Objects\\Nature\\Rock_Veins\\Veins_Crystal\\jav_fst_vein_crystal_pick_c.cgf",
    "DepletedMaterial": "",
    "VegAreaClearRadius": "0.6",
    "StartMeshLOD": "100",
    "EndMeshLOD": "100",
    "ShowOnCompass": "",
    "CompassIcon": "",
    "TradeskillIconUnlockType": "",
    "AcceptSnow": "1",
    "MarkerRadius": "4.25",
    "AllowGatheringInGameModes": ""
  },
  {
    "VariantID": "Vein_Gold_a",
    "StartMesh": "Objects\\Nature\\Rock_Veins\\Veins_Gold\\jav_fst_vein_gold_a.cgf",
    "StartMat": "",
    "GatherableEntryID": "GoldLarge",
    "GatheringRadius": "1.1000000000000001",
    "InteractionRadius": "5",
    "DetectableRadius": "2.2000000000000002",
    "DepletedSFX": "Play_Gather_Boulder_Lrg",
    "IdleSFX": "",
    "AudioPreloadName": "",
    "IdleVFX": "",
    "DepletedVFX": "Gatherable_Mineral.Demolish.Gold_A",
    "DepletedMesh": "Objects\\Nature\\Rock_Veins\\Veins_Gold\\jav_fst_vein_gold_pick_a.cgf",
    "DepletedMaterial": "",
    "VegAreaClearRadius": "2",
    "StartMeshLOD": "100",
    "EndMeshLOD": "100",
    "ShowOnCompass": "1",
    "CompassIcon": "LyShineUI\\Images\\Map\\Icon\\Gatherables\\Gold_Compass.png",
    "TradeskillIconUnlockType": "Gold",
    "AcceptSnow": "0",
    "MarkerRadius": "5.2",
    "AllowGatheringInGameModes": ""
  },
  {
    "VariantID": "Vein_Gold_b",
    "StartMesh": "Objects\\Nature\\Rock_Veins\\Veins_Gold\\jav_fst_vein_gold_b.cgf",
    "StartMat": "",
    "GatherableEntryID": "GoldMedium",
    "GatheringRadius": "0.8",
    "InteractionRadius": "4",
    "DetectableRadius": "1.5",
    "DepletedSFX": "Play_Gather_Boulder_Med",
    "IdleSFX": "",
    "AudioPreloadName": "",
    "IdleVFX": "",
    "DepletedVFX": "Gatherable_Mineral.Demolish.Gold_B",
    "DepletedMesh": "Objects\\Nature\\Rock_Veins\\Veins_Gold\\jav_fst_vein_gold_pick_b.cgf",
    "DepletedMaterial": "",
    "VegAreaClearRadius": "1.6",
    "StartMeshLOD": "100",
    "EndMeshLOD": "100",
    "ShowOnCompass": "1",
    "CompassIcon": "LyShineUI\\Images\\Map\\Icon\\Gatherables\\Gold_Compass.png",
    "TradeskillIconUnlockType": "Gold",
    "AcceptSnow": "0",
    "MarkerRadius": "4.5",
    "AllowGatheringInGameModes": ""
  },
  {
    "VariantID": "Vein_Gold_c",
    "StartMesh": "Objects\\Nature\\Rock_Veins\\Veins_Gold\\jav_fst_vein_gold_c.cgf",
    "StartMat": "",
    "GatherableEntryID": "GoldSmall",
    "GatheringRadius": "0.6",
    "InteractionRadius": "3",
    "DetectableRadius": "1.25",
    "DepletedSFX": "Play_Gather_Boulder_Sml",
    "IdleSFX": "",
    "AudioPreloadName": "",
    "IdleVFX": "",
    "DepletedVFX": "Gatherable_Mineral.Demolish.Gold_C",
    "DepletedMesh": "Objects\\Nature\\Rock_Veins\\Veins_Gold\\jav_fst_vein_gold_pick_c.cgf",
    "DepletedMaterial": "",
    "VegAreaClearRadius": "0.8",
    "StartMeshLOD": "100",
    "EndMeshLOD": "100",
    "ShowOnCompass": "1",
    "CompassIcon": "LyShineUI\\Images\\Map\\Icon\\Gatherables\\Gold_Compass.png",
    "TradeskillIconUnlockType": "Gold",
    "AcceptSnow": "0",
    "MarkerRadius": "4.25",
    "AllowGatheringInGameModes": ""
  },
  {
    "VariantID": "Vein_Iron_a",
    "StartMesh": "Objects\\Nature\\Rock_Boulders\\Boulders_Ore\\jav_boulder_ironore_a.cgf",
    "StartMat": "",
    "GatherableEntryID": "OreVeinLarge",
    "GatheringRadius": "1.1000000000000001",
    "InteractionRadius": "5",
    "DetectableRadius": "2.2000000000000002",
    "DepletedSFX": "Play_Gather_Boulder_Lrg",
    "IdleSFX": "",
    "AudioPreloadName": "",
    "IdleVFX": "",
    "DepletedVFX": "Gatherable_Mineral.Demolish.Iron_A",
    "DepletedMesh": "Objects\\Nature\\Rock_Boulders\\Boulders_Ore\\jav_boulder_ironore_frag_a.cgf",
    "DepletedMaterial": "",
    "VegAreaClearRadius": "2",
    "StartMeshLOD": "100",
    "EndMeshLOD": "100",
    "ShowOnCompass": "1",
    "CompassIcon": "LyShineUI\\Images\\Map\\Icon\\Gatherables\\Iron_Compass.png",
    "TradeskillIconUnlockType": "Iron",
    "AcceptSnow": "0",
    "MarkerRadius": "5.2",
    "AllowGatheringInGameModes": ""
  },
  {
    "VariantID": "Vein_Iron_b",
    "StartMesh": "Objects\\Nature\\Rock_Boulders\\Boulders_Ore\\jav_boulder_ironore_b.cgf",
    "StartMat": "",
    "GatherableEntryID": "OreVeinMedium",
    "GatheringRadius": "0.8",
    "InteractionRadius": "4",
    "DetectableRadius": "1.5",
    "DepletedSFX": "Play_Gather_Boulder_Med",
    "IdleSFX": "",
    "AudioPreloadName": "",
    "IdleVFX": "",
    "DepletedVFX": "Gatherable_Mineral.Demolish.Iron_B",
    "DepletedMesh": "Objects\\Nature\\Rock_Boulders\\Boulders_Ore\\jav_boulder_ironore_frag_b.cgf",
    "DepletedMaterial": "",
    "VegAreaClearRadius": "1.6",
    "StartMeshLOD": "100",
    "EndMeshLOD": "100",
    "ShowOnCompass": "1",
    "CompassIcon": "LyShineUI\\Images\\Map\\Icon\\Gatherables\\Iron_Compass.png",
    "TradeskillIconUnlockType": "Iron",
    "AcceptSnow": "0",
    "MarkerRadius": "4.5",
    "AllowGatheringInGameModes": ""
  },
  {
    "VariantID": "Vein_Iron_c",
    "StartMesh": "Objects\\Nature\\Rock_Boulders\\Boulders_Ore\\jav_boulder_ironore_c.cgf",
    "StartMat": "",
    "GatherableEntryID": "OreVeinSmall",
    "GatheringRadius": "0.6",
    "InteractionRadius": "3",
    "DetectableRadius": "1.25",
    "DepletedSFX": "Play_Gather_Boulder_Sml",
    "IdleSFX": "",
    "AudioPreloadName": "",
    "IdleVFX": "",
    "DepletedVFX": "Gatherable_Mineral.Demolish.Iron_C",
    "DepletedMesh": "Objects\\Nature\\Rock_Boulders\\Boulders_Ore\\jav_boulder_ironore_frag_c.cgf",
    "DepletedMaterial": "",
    "VegAreaClearRadius": "0.8",
    "StartMeshLOD": "100",
    "EndMeshLOD": "100",
    "ShowOnCompass": "1",
    "CompassIcon": "LyShineUI\\Images\\Map\\Icon\\Gatherables\\Iron_Compass.png",
    "TradeskillIconUnlockType": "Iron",
    "AcceptSnow": "0",
    "MarkerRadius": "4.25",
    "AllowGatheringInGameModes": ""
  },
  {
    "VariantID": "Vein_Silver_a",
    "StartMesh": "Objects\\Nature\\Rock_Veins\\Veins_Silver\\jav_fst_vein_silver_a.cgf",
    "StartMat": "",
    "GatherableEntryID": "SilverLarge",
    "GatheringRadius": "1.1000000000000001",
    "InteractionRadius": "5",
    "DetectableRadius": "2.2000000000000002",
    "DepletedSFX": "Play_Gather_Boulder_Lrg",
    "IdleSFX": "",
    "AudioPreloadName": "",
    "IdleVFX": "",
    "DepletedVFX": "Gatherable_Mineral.Demolish.Silver_A",
    "DepletedMesh": "Objects\\Nature\\Rock_Veins\\Veins_Silver\\jav_fst_vein_silver_pick_a.cgf",
    "DepletedMaterial": "",
    "VegAreaClearRadius": "2",
    "StartMeshLOD": "100",
    "EndMeshLOD": "100",
    "ShowOnCompass": "1",
    "CompassIcon": "LyShineUI\\Images\\Map\\Icon\\Gatherables\\Silver_Compass.png",
    "TradeskillIconUnlockType": "Silver",
    "AcceptSnow": "0",
    "MarkerRadius": "5.2",
    "AllowGatheringInGameModes": ""
  },
  {
    "VariantID": "Vein_Silver_b",
    "StartMesh": "Objects\\Nature\\Rock_Veins\\Veins_Silver\\jav_fst_vein_silver_b.cgf",
    "StartMat": "",
    "GatherableEntryID": "SilverMedium",
    "GatheringRadius": "0.8",
    "InteractionRadius": "4",
    "DetectableRadius": "1.5",
    "DepletedSFX": "Play_Gather_Boulder_Med",
    "IdleSFX": "",
    "AudioPreloadName": "",
    "IdleVFX": "",
    "DepletedVFX": "Gatherable_Mineral.Demolish.Silver_B",
    "DepletedMesh": "Objects\\Nature\\Rock_Veins\\Veins_Silver\\jav_fst_vein_silver_pick_b.cgf",
    "DepletedMaterial": "",
    "VegAreaClearRadius": "1.6",
    "StartMeshLOD": "100",
    "EndMeshLOD": "100",
    "ShowOnCompass": "1",
    "CompassIcon": "LyShineUI\\Images\\Map\\Icon\\Gatherables\\Silver_Compass.png",
    "TradeskillIconUnlockType": "Silver",
    "AcceptSnow": "0",
    "MarkerRadius": "4.5",
    "AllowGatheringInGameModes": ""
  },
  {
    "VariantID": "Vein_Silver_c",
    "StartMesh": "Objects\\Nature\\Rock_Veins\\Veins_Silver\\jav_fst_vein_silver_c.cgf",
    "StartMat": "",
    "GatherableEntryID": "SilverSmall",
    "GatheringRadius": "0.6",
    "InteractionRadius": "3",
    "DetectableRadius": "1.25",
    "DepletedSFX": "Play_Gather_Boulder_Sml",
    "IdleSFX": "",
    "AudioPreloadName": "",
    "IdleVFX": "",
    "DepletedVFX": "Gatherable_Mineral.Demolish.Silver_C",
    "DepletedMesh": "Objects\\Nature\\Rock_Veins\\Veins_Silver\\jav_fst_vein_silver_pick_c.cgf",
    "DepletedMaterial": "",
    "VegAreaClearRadius": "0.8",
    "StartMeshLOD": "100",
    "EndMeshLOD": "100",
    "ShowOnCompass": "1",
    "CompassIcon": "LyShineUI\\Images\\Map\\Icon\\Gatherables\\Silver_Compass.png",
    "TradeskillIconUnlockType": "Silver",
    "AcceptSnow": "0",
    "MarkerRadius": "4.25",
    "AllowGatheringInGameModes": ""
  },
  {
    "VariantID": "Vein_Starmetal_a",
    "StartMesh": "Objects\\Nature\\Rock_Veins\\Veins_Starmetal\\jav_boulder_starmetal_a.cgf",
    "StartMat": "",
    "GatherableEntryID": "OreVeinStarmetalSmall",
    "GatheringRadius": "1.1000000000000001",
    "InteractionRadius": "3",
    "DetectableRadius": "2.2000000000000002",
    "DepletedSFX": "Play_Gather_Boulder_Lrg",
    "IdleSFX": "",
    "AudioPreloadName": "",
    "IdleVFX": "",
    "DepletedVFX": "Gatherable_Mineral.Demolish.Starmetal_A",
    "DepletedMesh": "Objects\\Nature\\Rock_Veins\\Veins_Starmetal\\jav_boulder_starmetal_frag_a.cgf",
    "DepletedMaterial": "",
    "VegAreaClearRadius": "2",
    "StartMeshLOD": "100",
    "EndMeshLOD": "100",
    "ShowOnCompass": "1",
    "CompassIcon": "LyShineUI\\Images\\Map\\Icon\\Gatherables\\Starmetal_Compass.png",
    "TradeskillIconUnlockType": "Starmetal",
    "AcceptSnow": "0",
    "MarkerRadius": "5.2",
    "AllowGatheringInGameModes": ""
  },
  {
    "VariantID": "Vein_Starmetal_b",
    "StartMesh": "Objects\\Nature\\Rock_Veins\\Veins_Starmetal\\jav_boulder_starmetal_b.cgf",
    "StartMat": "",
    "GatherableEntryID": "OreVeinStarmetalMedium",
    "GatheringRadius": "0.8",
    "InteractionRadius": "4",
    "DetectableRadius": "1.5",
    "DepletedSFX": "Play_Gather_Boulder_Med",
    "IdleSFX": "",
    "AudioPreloadName": "",
    "IdleVFX": "",
    "DepletedVFX": "Gatherable_Mineral.Demolish.Starmetal_B",
    "DepletedMesh": "Objects\\Nature\\Rock_Veins\\Veins_Starmetal\\jav_boulder_starmetal_frag_b.cgf",
    "DepletedMaterial": "",
    "VegAreaClearRadius": "1.6",
    "StartMeshLOD": "100",
    "EndMeshLOD": "100",
    "ShowOnCompass": "1",
    "CompassIcon": "LyShineUI\\Images\\Map\\Icon\\Gatherables\\Starmetal_Compass.png",
    "TradeskillIconUnlockType": "Starmetal",
    "AcceptSnow": "0",
    "MarkerRadius": "4.5",
    "AllowGatheringInGameModes": ""
  },
  {
    "VariantID": "Vein_Starmetal_c",
    "StartMesh": "Objects\\Nature\\Rock_Veins\\Veins_Starmetal\\jav_boulder_starmetal_c.cgf",
    "StartMat": "",
    "GatherableEntryID": "OreVeinStarmetalLarge",
    "GatheringRadius": "0.6",
    "InteractionRadius": "5",
    "DetectableRadius": "1.25",
    "DepletedSFX": "Play_Gather_Boulder_Sml",
    "IdleSFX": "",
    "AudioPreloadName": "",
    "IdleVFX": "",
    "DepletedVFX": "Gatherable_Mineral.Demolish.Starmetal_C",
    "DepletedMesh": "Objects\\Nature\\Rock_Veins\\Veins_Starmetal\\jav_boulder_starmetal_frag_c.cgf",
    "DepletedMaterial": "",
    "VegAreaClearRadius": "0.8",
    "StartMeshLOD": "100",
    "EndMeshLOD": "100",
    "ShowOnCompass": "1",
    "CompassIcon": "LyShineUI\\Images\\Map\\Icon\\Gatherables\\Starmetal_Compass.png",
    "TradeskillIconUnlockType": "Starmetal",
    "AcceptSnow": "0",
    "MarkerRadius": "4.25",
    "AllowGatheringInGameModes": ""
  },
  {
    "VariantID": "Vein_Orichalcum_a",
    "StartMesh": "Objects\\Nature\\Rock_Veins\\Veins_Gold\\jav_fst_vein_gold_a.cgf",
    "StartMat": "Objects\\Nature\\Rock_Veins\\Veins_Starmetal\\jav_boulder_orichalcum_a_mat.mtl",
    "GatherableEntryID": "OreVeinOrichalcumSmall",
    "GatheringRadius": "1.1000000000000001",
    "InteractionRadius": "3",
    "DetectableRadius": "2.2000000000000002",
    "DepletedSFX": "Play_Gather_Boulder_Lrg",
    "IdleSFX": "",
    "AudioPreloadName": "",
    "IdleVFX": "ENV_Darkness.Micro_Gatherables.Orichalcum_embers01",
    "DepletedVFX": "Gatherable_Mineral.Demolish.Orichalcum_A",
    "DepletedMesh": "Objects\\Nature\\Rock_Veins\\Veins_Gold\\jav_fst_vein_gold_pick_a.cgf",
    "DepletedMaterial": "",
    "VegAreaClearRadius": "2",
    "StartMeshLOD": "100",
    "EndMeshLOD": "100",
    "ShowOnCompass": "1",
    "CompassIcon": "LyShineUI\\Images\\Map\\Icon\\Gatherables\\Orichalcum_Compass.png",
    "TradeskillIconUnlockType": "Orichalcum",
    "AcceptSnow": "0",
    "MarkerRadius": "5.2",
    "AllowGatheringInGameModes": ""
  },
  {
    "VariantID": "Vein_Orichalcum_b",
    "StartMesh": "Objects\\Nature\\Rock_Veins\\Veins_Gold\\jav_fst_vein_gold_b.cgf",
    "StartMat": "Objects\\Nature\\Rock_Veins\\Veins_Starmetal\\jav_boulder_orichalcum_a_mat.mtl",
    "GatherableEntryID": "OreVeinOrichalcumMedium",
    "GatheringRadius": "0.8",
    "InteractionRadius": "4",
    "DetectableRadius": "1.5",
    "DepletedSFX": "Play_Gather_Boulder_Med",
    "IdleSFX": "",
    "AudioPreloadName": "",
    "IdleVFX": "ENV_Darkness.Micro_Gatherables.Orichalcum_embers01",
    "DepletedVFX": "Gatherable_Mineral.Demolish.Orichalcum_B",
    "DepletedMesh": "Objects\\Nature\\Rock_Veins\\Veins_Gold\\jav_fst_vein_gold_pick_b.cgf",
    "DepletedMaterial": "",
    "VegAreaClearRadius": "1.6",
    "StartMeshLOD": "100",
    "EndMeshLOD": "100",
    "ShowOnCompass": "1",
    "CompassIcon": "LyShineUI\\Images\\Map\\Icon\\Gatherables\\Orichalcum_Compass.png",
    "TradeskillIconUnlockType": "Orichalcum",
    "AcceptSnow": "0",
    "MarkerRadius": "4.5",
    "AllowGatheringInGameModes": ""
  },
  {
    "VariantID": "Vein_Orichalcum_c",
    "StartMesh": "Objects\\Nature\\Rock_Veins\\Veins_Gold\\jav_fst_vein_gold_c.cgf",
    "StartMat": "Objects\\Nature\\Rock_Veins\\Veins_Starmetal\\jav_boulder_orichalcum_a_mat.mtl",
    "GatherableEntryID": "OreVeinOrichalcumLarge",
    "GatheringRadius": "0.6",
    "InteractionRadius": "5",
    "DetectableRadius": "1.25",
    "DepletedSFX": "Play_Gather_Boulder_Sml",
    "IdleSFX": "",
    "AudioPreloadName": "",
    "IdleVFX": "ENV_Darkness.Micro_Gatherables.Orichalcum_embers02",
    "DepletedVFX": "Gatherable_Mineral.Demolish.Orichalcum_C",
    "DepletedMesh": "Objects\\Nature\\Rock_Veins\\Veins_Gold\\jav_fst_vein_gold_pick_c.cgf",
    "DepletedMaterial": "",
    "VegAreaClearRadius": "0.8",
    "StartMeshLOD": "100",
    "EndMeshLOD": "100",
    "ShowOnCompass": "1",
    "CompassIcon": "LyShineUI\\Images\\Map\\Icon\\Gatherables\\Orichalcum_Compass.png",
    "TradeskillIconUnlockType": "Orichalcum",
    "AcceptSnow": "0",
    "MarkerRadius": "4.25",
    "AllowGatheringInGameModes": ""
  },
  {
    "VariantID": "OrichalcumSpire_a",
    "StartMesh": "Objects\\Crafting\\Architecture\\Refining_Structures\\FissureWell\\jav_struc_refine_azurewell_leyfissure_b.cgf",
    "StartMat": "Objects\\Nature\\Rock_Veins\\Veins_Starmetal\\jav_boulder_orichalcum_a_mat.mtl",
    "GatherableEntryID": "OrichalcumSpire",
    "GatheringRadius": "0.6",
    "InteractionRadius": "5",
    "DetectableRadius": "1.25",
    "DepletedSFX": "Play_Gather_Boulder_Lrg",
    "IdleSFX": "",
    "AudioPreloadName": "",
    "IdleVFX": "ENV_Darkness.Micro_Gatherables.Orichalcum_embers02",
    "DepletedVFX": "Gatherable_Mineral.Demolish.Orichalcum_C",
    "DepletedMesh": "Objects\\Nature\\Rock_Veins\\Veins_Gold\\jav_fst_vein_gold_pick_c.cgf",
    "DepletedMaterial": "",
    "VegAreaClearRadius": "1.7",
    "StartMeshLOD": "100",
    "EndMeshLOD": "100",
    "ShowOnCompass": "1",
    "CompassIcon": "LyShineUI\\Images\\Map\\Icon\\Gatherables\\Orichalcum_Compass.png",
    "TradeskillIconUnlockType": "Orichalcum",
    "AcceptSnow": "0",
    "MarkerRadius": "4.25",
    "AllowGatheringInGameModes": ""
  },
  {
    "VariantID": "Guano_a",
    "StartMesh": "Objects\\Nature\\Guano\\Guano_Forest\\jav_fst_batguano_a.cgf",
    "StartMat": "",
    "GatherableEntryID": "GuanoLarge",
    "GatheringRadius": "1",
    "InteractionRadius": "2.25",
    "DetectableRadius": "2",
    "DepletedSFX": "Play_Gather_Stones",
    "IdleSFX": "",
    "AudioPreloadName": "",
    "IdleVFX": "",
    "DepletedVFX": "Gatherable_Mineral.Demolish.Guano_A",
    "DepletedMesh": "Objects\\Nature\\Guano\\Guano_Forest\\jav_fst_batguano_pick_a.cgf",
    "DepletedMaterial": "",
    "VegAreaClearRadius": "2",
    "StartMeshLOD": "100",
    "EndMeshLOD": "100",
    "ShowOnCompass": "",
    "CompassIcon": "",
    "TradeskillIconUnlockType": "",
    "AcceptSnow": "1",
    "MarkerRadius": "5",
    "AllowGatheringInGameModes": ""
  },
  {
    "VariantID": "Guano_b",
    "StartMesh": "Objects\\Nature\\Guano\\Guano_Forest\\jav_fst_batguano_b.cgf",
    "StartMat": "",
    "GatherableEntryID": "GuanoMedium",
    "GatheringRadius": "1",
    "InteractionRadius": "1.95",
    "DetectableRadius": "1.8",
    "DepletedSFX": "Play_Gather_Stones",
    "IdleSFX": "",
    "AudioPreloadName": "",
    "IdleVFX": "",
    "DepletedVFX": "Gatherable_Mineral.Demolish.Guano_B",
    "DepletedMesh": "Objects\\Nature\\Guano\\Guano_Forest\\jav_fst_batguano_pick_b.cgf",
    "DepletedMaterial": "",
    "VegAreaClearRadius": "1.6",
    "StartMeshLOD": "100",
    "EndMeshLOD": "100",
    "ShowOnCompass": "",
    "CompassIcon": "",
    "TradeskillIconUnlockType": "",
    "AcceptSnow": "1",
    "MarkerRadius": "4.8",
    "AllowGatheringInGameModes": ""
  },
  {
    "VariantID": "Guano_c",
    "StartMesh": "Objects\\Nature\\Guano\\Guano_Forest\\jav_fst_batguano_c.cgf",
    "StartMat": "",
    "GatherableEntryID": "GuanoSmall",
    "GatheringRadius": "1",
    "InteractionRadius": "1.85",
    "DetectableRadius": "1.5",
    "DepletedSFX": "Play_Gather_Stones",
    "IdleSFX": "",
    "AudioPreloadName": "",
    "IdleVFX": "",
    "DepletedVFX": "Gatherable_Mineral.Demolish.Guano_C",
    "DepletedMesh": "Objects\\Nature\\Guano\\Guano_Forest\\jav_fst_batguano_pick_c.cgf",
    "DepletedMaterial": "",
    "VegAreaClearRadius": "1.8",
    "StartMeshLOD": "100",
    "EndMeshLOD": "100",
    "ShowOnCompass": "",
    "CompassIcon": "",
    "TradeskillIconUnlockType": "",
    "AcceptSnow": "1",
    "MarkerRadius": "4.5",
    "AllowGatheringInGameModes": ""
  },
  {
    "VariantID": "Vein_Platinum_a",
    "StartMesh": "Objects\\Nature\\Rock_Veins\\Veins_Silver\\jav_fst_vein_silver_a.cgf",
    "StartMat": "",
    "GatherableEntryID": "PlatinumLarge",
    "GatheringRadius": "1.1000000000000001",
    "InteractionRadius": "5",
    "DetectableRadius": "2.2000000000000002",
    "DepletedSFX": "Play_Gather_Boulder_Lrg",
    "IdleSFX": "",
    "AudioPreloadName": "",
    "IdleVFX": "",
    "DepletedVFX": "Gatherable_Mineral.Demolish.Starmetal_A",
    "DepletedMesh": "Objects\\Nature\\Rock_Veins\\Veins_Silver\\jav_fst_vein_silver_pick_a.cgf",
    "DepletedMaterial": "",
    "VegAreaClearRadius": "2",
    "StartMeshLOD": "100",
    "EndMeshLOD": "100",
    "ShowOnCompass": "1",
    "CompassIcon": "LyShineUI\\Images\\Map\\Icon\\Gatherables\\Starmetal_Compass.png",
    "TradeskillIconUnlockType": "Platinum",
    "AcceptSnow": "0",
    "MarkerRadius": "5.2",
    "AllowGatheringInGameModes": ""
  },
  {
    "VariantID": "Vein_Platinum_b",
    "StartMesh": "Objects\\Nature\\Rock_Veins\\Veins_Silver\\jav_fst_vein_silver_b.cgf",
    "StartMat": "",
    "GatherableEntryID": "PlatinumMedium",
    "GatheringRadius": "0.8",
    "InteractionRadius": "4",
    "DetectableRadius": "1.5",
    "DepletedSFX": "Play_Gather_Boulder_Med",
    "IdleSFX": "",
    "AudioPreloadName": "",
    "IdleVFX": "",
    "DepletedVFX": "Gatherable_Mineral.Demolish.Starmetal_B",
    "DepletedMesh": "Objects\\Nature\\Rock_Veins\\Veins_Silver\\jav_fst_vein_silver_pick_b.cgf",
    "DepletedMaterial": "",
    "VegAreaClearRadius": "1.6",
    "StartMeshLOD": "100",
    "EndMeshLOD": "100",
    "ShowOnCompass": "1",
    "CompassIcon": "LyShineUI\\Images\\Map\\Icon\\Gatherables\\Starmetal_Compass.png",
    "TradeskillIconUnlockType": "Platinum",
    "AcceptSnow": "0",
    "MarkerRadius": "4.5",
    "AllowGatheringInGameModes": ""
  },
  {
    "VariantID": "Vein_Platinum_c",
    "StartMesh": "Objects\\Nature\\Rock_Veins\\Veins_Silver\\jav_fst_vein_silver_c.cgf",
    "StartMat": "",
    "GatherableEntryID": "PlatinumSmall",
    "GatheringRadius": "0.6",
    "InteractionRadius": "3",
    "DetectableRadius": "1.25",
    "DepletedSFX": "Play_Gather_Boulder_Sml",
    "IdleSFX": "",
    "AudioPreloadName": "",
    "IdleVFX": "",
    "DepletedVFX": "Gatherable_Mineral.Demolish.Starmetal_C",
    "DepletedMesh": "Objects\\Nature\\Rock_Veins\\Veins_Silver\\jav_fst_vein_silver_pick_c.cgf",
    "DepletedMaterial": "",
    "VegAreaClearRadius": "0.8",
    "StartMeshLOD": "100",
    "EndMeshLOD": "100",
    "ShowOnCompass": "1",
    "CompassIcon": "LyShineUI\\Images\\Map\\Icon\\Gatherables\\Starmetal_Compass.png",
    "TradeskillIconUnlockType": "Platinum",
    "AcceptSnow": "0",
    "MarkerRadius": "4.25",
    "AllowGatheringInGameModes": ""
  },
  {
    "VariantID": "AzothSpire",
    "StartMesh": "Objects\\Crafting\\Architecture\\Refining_Structures\\FissureWell\\jav_struc_refine_azurewell_leyfissure_b.cgf",
    "StartMat": "",
    "GatherableEntryID": "AzothSpire",
    "GatheringRadius": "1.1000000000000001",
    "InteractionRadius": "5",
    "DetectableRadius": "1.25",
    "DepletedSFX": "Play_Gather_Stones",
    "IdleSFX": "",
    "AudioPreloadName": "",
    "IdleVFX": "",
    "DepletedVFX": "Gatherable_Mineral.Demolish.Starmetal_C",
    "DepletedMesh": "Objects\\Nature\\Rock_Veins\\Veins_Silver\\jav_fst_vein_silver_pick_c.cgf",
    "DepletedMaterial": "",
    "VegAreaClearRadius": "1.7",
    "StartMeshLOD": "100",
    "EndMeshLOD": "100",
    "ShowOnCompass": "1",
    "CompassIcon": "LyShineUI\\Images\\Map\\Icon\\Gatherables\\Starmetal_Compass.png",
    "TradeskillIconUnlockType": "",
    "AcceptSnow": "0",
    "MarkerRadius": "4.25",
    "AllowGatheringInGameModes": ""
  },
  {
    "VariantID": "CorruptedOre",
    "StartMesh": "Objects\\Nature\\Rock_Veins\\Veins_Gold\\jav_fst_vein_gold_c.cgf",
    "StartMat": "Objects\\Nature\\Rock_Veins\\Veins_Starmetal\\jav_boulder_orichalcum_a_mat.mtl",
    "GatherableEntryID": "CorruptedOre",
    "GatheringRadius": "0.6",
    "InteractionRadius": "5",
    "DetectableRadius": "1.25",
    "DepletedSFX": "Play_Gather_Boulder_Sml",
    "IdleSFX": "",
    "AudioPreloadName": "",
    "IdleVFX": "",
    "DepletedVFX": "Gatherable_Mineral.Demolish.Orichalcum_C",
    "DepletedMesh": "Objects\\Nature\\Rock_Veins\\Veins_Gold\\jav_fst_vein_gold_pick_c.cgf",
    "DepletedMaterial": "",
    "VegAreaClearRadius": "1.7",
    "StartMeshLOD": "100",
    "EndMeshLOD": "100",
    "ShowOnCompass": "1",
    "CompassIcon": "LyShineUI\\Images\\Map\\Icon\\Gatherables\\Orichalcum_Compass.png",
    "TradeskillIconUnlockType": "Orichalcum",
    "AcceptSnow": "0",
    "MarkerRadius": "4.25",
    "AllowGatheringInGameModes": ""
  },
  {
    "VariantID": "OutpostRush_OreVein_a",
    "StartMesh": "Objects\\Nature\\Rock_Veins\\Veins_Starmetal\\jav_boulder_starmetal_a.cgf",
    "StartMat": "",
    "GatherableEntryID": "OutpostRush_OreVeinLarge",
    "GatheringRadius": "1.1000000000000001",
    "InteractionRadius": "3",
    "DetectableRadius": "2.2000000000000002",
    "DepletedSFX": "Play_Gather_Boulder_Lrg",
    "IdleSFX": "",
    "AudioPreloadName": "",
    "IdleVFX": "",
    "DepletedVFX": "Gatherable_Mineral.Demolish.Starmetal_A",
    "DepletedMesh": "Objects\\Nature\\Rock_Veins\\Veins_Starmetal\\jav_boulder_starmetal_frag_a.cgf",
    "DepletedMaterial": "",
    "VegAreaClearRadius": "2",
    "StartMeshLOD": "100",
    "EndMeshLOD": "100",
    "ShowOnCompass": "1",
    "CompassIcon": "LyShineUI\\Images\\Map\\Icon\\Gatherables\\Starmetal_Compass.png",
    "TradeskillIconUnlockType": "Starmetal",
    "AcceptSnow": "0",
    "MarkerRadius": "5.2",
    "AllowGatheringInGameModes": "OutpostRush"
  },
  {
    "VariantID": "OutpostRush_OreVein_b",
    "StartMesh": "Objects\\Nature\\Rock_Veins\\Veins_Starmetal\\jav_boulder_starmetal_b.cgf",
    "StartMat": "",
    "GatherableEntryID": "OutpostRush_OreVeinMedium",
    "GatheringRadius": "0.8",
    "InteractionRadius": "4",
    "DetectableRadius": "1.5",
    "DepletedSFX": "Play_Gather_Boulder_Med",
    "IdleSFX": "",
    "AudioPreloadName": "",
    "IdleVFX": "",
    "DepletedVFX": "Gatherable_Mineral.Demolish.Starmetal_B",
    "DepletedMesh": "Objects\\Nature\\Rock_Veins\\Veins_Starmetal\\jav_boulder_starmetal_frag_b.cgf",
    "DepletedMaterial": "",
    "VegAreaClearRadius": "1.6",
    "StartMeshLOD": "100",
    "EndMeshLOD": "100",
    "ShowOnCompass": "1",
    "CompassIcon": "LyShineUI\\Images\\Map\\Icon\\Gatherables\\Starmetal_Compass.png",
    "TradeskillIconUnlockType": "Starmetal",
    "AcceptSnow": "0",
    "MarkerRadius": "4.5",
    "AllowGatheringInGameModes": "OutpostRush"
  },
  {
    "VariantID": "OutpostRush_OreVein_c",
    "StartMesh": "Objects\\Nature\\Rock_Veins\\Veins_Starmetal\\jav_boulder_starmetal_c.cgf",
    "StartMat": "",
    "GatherableEntryID": "OutpostRush_OreVeinSmall",
    "GatheringRadius": "0.6",
    "InteractionRadius": "5",
    "DetectableRadius": "1.25",
    "DepletedSFX": "Play_Gather_Boulder_Sml",
    "IdleSFX": "",
    "AudioPreloadName": "",
    "IdleVFX": "",
    "DepletedVFX": "Gatherable_Mineral.Demolish.Starmetal_C",
    "DepletedMesh": "Objects\\Nature\\Rock_Veins\\Veins_Starmetal\\jav_boulder_starmetal_frag_c.cgf",
    "DepletedMaterial": "",
    "VegAreaClearRadius": "0.8",
    "StartMeshLOD": "100",
    "EndMeshLOD": "100",
    "ShowOnCompass": "1",
    "CompassIcon": "LyShineUI\\Images\\Map\\Icon\\Gatherables\\Starmetal_Compass.png",
    "TradeskillIconUnlockType": "Starmetal",
    "AcceptSnow": "0",
    "MarkerRadius": "4.25",
    "AllowGatheringInGameModes": "OutpostRush"
  },
  {
    "VariantID": "Vein_Silver_a_Dungeon",
    "StartMesh": "Objects\\Nature\\Rock_Veins\\Veins_Silver\\jav_fst_vein_silver_a.cgf",
    "StartMat": "",
    "GatherableEntryID": "SilverLarge_Dungeon",
    "GatheringRadius": "1.1000000000000001",
    "InteractionRadius": "5",
    "DetectableRadius": "2.2000000000000002",
    "DepletedSFX": "Play_Gather_Boulder_Lrg",
    "IdleSFX": "",
    "AudioPreloadName": "",
    "IdleVFX": "",
    "DepletedVFX": "Gatherable_Mineral.Demolish.Silver_A",
    "DepletedMesh": "Objects\\Nature\\Rock_Veins\\Veins_Silver\\jav_fst_vein_silver_pick_a.cgf",
    "DepletedMaterial": "",
    "VegAreaClearRadius": "2",
    "StartMeshLOD": "100",
    "EndMeshLOD": "100",
    "ShowOnCompass": "1",
    "CompassIcon": "LyShineUI\\Images\\Map\\Icon\\Gatherables\\Silver_Compass.png",
    "TradeskillIconUnlockType": "Silver",
    "AcceptSnow": "0",
    "MarkerRadius": "5.2",
    "AllowGatheringInGameModes": ""
  },
  {
    "VariantID": "Vein_Silver_b_Dungeon",
    "StartMesh": "Objects\\Nature\\Rock_Veins\\Veins_Silver\\jav_fst_vein_silver_b.cgf",
    "StartMat": "",
    "GatherableEntryID": "SilverMedium_Dungeon",
    "GatheringRadius": "0.8",
    "InteractionRadius": "4",
    "DetectableRadius": "1.5",
    "DepletedSFX": "Play_Gather_Boulder_Med",
    "IdleSFX": "",
    "AudioPreloadName": "",
    "IdleVFX": "",
    "DepletedVFX": "Gatherable_Mineral.Demolish.Silver_B",
    "DepletedMesh": "Objects\\Nature\\Rock_Veins\\Veins_Silver\\jav_fst_vein_silver_pick_b.cgf",
    "DepletedMaterial": "",
    "VegAreaClearRadius": "1.6",
    "StartMeshLOD": "100",
    "EndMeshLOD": "100",
    "ShowOnCompass": "1",
    "CompassIcon": "LyShineUI\\Images\\Map\\Icon\\Gatherables\\Silver_Compass.png",
    "TradeskillIconUnlockType": "Silver",
    "AcceptSnow": "0",
    "MarkerRadius": "4.5",
    "AllowGatheringInGameModes": ""
  },
  {
    "VariantID": "Dungeon_ConcentratedBlight_a",
    "StartMesh": "Objects\\Alchemy\\Stone\\jav_prp_alchemy_stonemagic_earth_pedestal.cgf",
    "StartMat": "",
    "GatherableEntryID": "DungeonEdengrove_ConcentratedBlight",
    "GatheringRadius": "1.2",
    "InteractionRadius": "5",
    "DetectableRadius": "2.2000000000000002",
    "DepletedSFX": "Play_Gather_Boulder_Med",
    "IdleSFX": "",
    "AudioPreloadName": "",
    "IdleVFX": "",
    "DepletedVFX": "Gatherable_Mineral.Demolish.Iron_B",
    "DepletedMesh": "Objects\\Nature\\Rock_Boulders\\Boulders_Ore\\jav_boulder_ironore_frag_a.cgf",
    "DepletedMaterial": "",
    "VegAreaClearRadius": "2",
    "StartMeshLOD": "100",
    "EndMeshLOD": "100",
    "ShowOnCompass": "1",
    "CompassIcon": "LyShineUI\\Images\\Map\\Icon\\Gatherables\\Lodestone_Compass.png",
    "TradeskillIconUnlockType": "",
    "AcceptSnow": "0",
    "MarkerRadius": "5.2",
    "AllowGatheringInGameModes": ""
  },
  {
    "VariantID": "Dungeon_CaveIn_a200",
    "StartMesh": "Objects\\Nature\\Rock_Boulders\\Boulders_Forest\\jav_fst_boulder_lg_a.cgf",
    "StartMat": "",
    "GatherableEntryID": "Dungeon_CaveIn_Large200",
    "GatheringRadius": "4",
    "InteractionRadius": "6.5",
    "DetectableRadius": "6",
    "DepletedSFX": "Play_Gather_Boulder_Lrg",
    "IdleSFX": "",
    "AudioPreloadName": "",
    "IdleVFX": "",
    "DepletedVFX": "35",
    "DepletedMesh": "Objects\\Nature\\Rock_Boulders\\Boulders_Forest\\jav_fst_boulder_lg_frag_a.cgf",
    "DepletedMaterial": "",
    "VegAreaClearRadius": "4.5",
    "StartMeshLOD": "100",
    "EndMeshLOD": "100",
    "ShowOnCompass": "",
    "CompassIcon": "",
    "TradeskillIconUnlockType": "",
    "AcceptSnow": "0",
    "MarkerRadius": "9",
    "AllowGatheringInGameModes": ""
  },
  {
    "VariantID": "Dungeon_CaveIn_b200",
    "StartMesh": "Objects\\Nature\\Rock_Boulders\\Boulders_Forest\\jav_fst_boulder_lg_b.cgf",
    "StartMat": "",
    "GatherableEntryID": "Dungeon_CaveIn_Medium200",
    "GatheringRadius": "3",
    "InteractionRadius": "4.5",
    "DetectableRadius": "4",
    "DepletedSFX": "Play_Gather_Boulder_Med",
    "IdleSFX": "",
    "AudioPreloadName": "",
    "IdleVFX": "",
    "DepletedVFX": "Gatherable_Mineral.Demolish.Boulder_lg_B",
    "DepletedMesh": "Objects\\Nature\\Rock_Boulders\\Boulders_Forest\\jav_fst_boulder_lg_frag_b.cgf",
    "DepletedMaterial": "",
    "VegAreaClearRadius": "3.6",
    "StartMeshLOD": "100",
    "EndMeshLOD": "100",
    "ShowOnCompass": "",
    "CompassIcon": "",
    "TradeskillIconUnlockType": "",
    "AcceptSnow": "0",
    "MarkerRadius": "7",
    "AllowGatheringInGameModes": ""
  },
  {
    "VariantID": "Dungeon_CaveIn_a150",
    "StartMesh": "Objects\\Nature\\Rock_Boulders\\Boulders_Forest\\jav_fst_boulder_lg_a.cgf",
    "StartMat": "",
    "GatherableEntryID": "Dungeon_CaveIn_Large150",
    "GatheringRadius": "4",
    "InteractionRadius": "6.5",
    "DetectableRadius": "6",
    "DepletedSFX": "Play_Gather_Boulder_Lrg",
    "IdleSFX": "",
    "AudioPreloadName": "",
    "IdleVFX": "",
    "DepletedVFX": "Gatherable_Mineral.Demolish.Boulder_lg_A",
    "DepletedMesh": "Objects\\Nature\\Rock_Boulders\\Boulders_Forest\\jav_fst_boulder_lg_frag_a.cgf",
    "DepletedMaterial": "",
    "VegAreaClearRadius": "4.5",
    "StartMeshLOD": "100",
    "EndMeshLOD": "100",
    "ShowOnCompass": "",
    "CompassIcon": "",
    "TradeskillIconUnlockType": "",
    "AcceptSnow": "0",
    "MarkerRadius": "9",
    "AllowGatheringInGameModes": ""
  },
  {
    "VariantID": "Dungeon_CaveIn_b150",
    "StartMesh": "Objects\\Nature\\Rock_Boulders\\Boulders_Forest\\jav_fst_boulder_lg_b.cgf",
    "StartMat": "",
    "GatherableEntryID": "Dungeon_CaveIn_Medium150",
    "GatheringRadius": "3",
    "InteractionRadius": "4.5",
    "DetectableRadius": "4",
    "DepletedSFX": "Play_Gather_Boulder_Med",
    "IdleSFX": "",
    "AudioPreloadName": "",
    "IdleVFX": "",
    "DepletedVFX": "Gatherable_Mineral.Demolish.Boulder_lg_B",
    "DepletedMesh": "Objects\\Nature\\Rock_Boulders\\Boulders_Forest\\jav_fst_boulder_lg_frag_b.cgf",
    "DepletedMaterial": "",
    "VegAreaClearRadius": "3.6",
    "StartMeshLOD": "100",
    "EndMeshLOD": "100",
    "ShowOnCompass": "",
    "CompassIcon": "",
    "TradeskillIconUnlockType": "",
    "AcceptSnow": "0",
    "MarkerRadius": "7",
    "AllowGatheringInGameModes": ""
  },
  {
    "VariantID": "Vein_Gold_a_dungeon",
    "StartMesh": "Objects\\Nature\\Rock_Veins\\Veins_Gold\\jav_fst_vein_gold_a.cgf",
    "StartMat": "",
    "GatherableEntryID": "GoldLarge_dungeon",
    "GatheringRadius": "1.1000000000000001",
    "InteractionRadius": "5",
    "DetectableRadius": "2.2000000000000002",
    "DepletedSFX": "Play_Gather_Boulder_Lrg",
    "IdleSFX": "",
    "AudioPreloadName": "",
    "IdleVFX": "",
    "DepletedVFX": "Gatherable_Mineral.Demolish.Gold_A",
    "DepletedMesh": "Objects\\Nature\\Rock_Veins\\Veins_Gold\\jav_fst_vein_gold_pick_a.cgf",
    "DepletedMaterial": "",
    "VegAreaClearRadius": "2",
    "StartMeshLOD": "100",
    "EndMeshLOD": "100",
    "ShowOnCompass": "1",
    "CompassIcon": "LyShineUI\\Images\\Map\\Icon\\Gatherables\\Gold_Compass.png",
    "TradeskillIconUnlockType": "Gold",
    "AcceptSnow": "0",
    "MarkerRadius": "5.2",
    "AllowGatheringInGameModes": ""
  },
  {
    "VariantID": "Vein_Gold_b_dungeon",
    "StartMesh": "Objects\\Nature\\Rock_Veins\\Veins_Gold\\jav_fst_vein_gold_b.cgf",
    "StartMat": "",
    "GatherableEntryID": "GoldMedium_dungeon",
    "GatheringRadius": "0.8",
    "InteractionRadius": "4",
    "DetectableRadius": "1.5",
    "DepletedSFX": "Play_Gather_Boulder_Med",
    "IdleSFX": "",
    "AudioPreloadName": "",
    "IdleVFX": "",
    "DepletedVFX": "Gatherable_Mineral.Demolish.Gold_B",
    "DepletedMesh": "Objects\\Nature\\Rock_Veins\\Veins_Gold\\jav_fst_vein_gold_pick_b.cgf",
    "DepletedMaterial": "",
    "VegAreaClearRadius": "1.6",
    "StartMeshLOD": "100",
    "EndMeshLOD": "100",
    "ShowOnCompass": "1",
    "CompassIcon": "LyShineUI\\Images\\Map\\Icon\\Gatherables\\Gold_Compass.png",
    "TradeskillIconUnlockType": "Gold",
    "AcceptSnow": "0",
    "MarkerRadius": "4.5",
    "AllowGatheringInGameModes": ""
  },
  {
    "VariantID": "Vein_Gold_c_dungeon",
    "StartMesh": "Objects\\Nature\\Rock_Veins\\Veins_Gold\\jav_fst_vein_gold_c.cgf",
    "StartMat": "",
    "GatherableEntryID": "GoldSmall_dungeon",
    "GatheringRadius": "0.6",
    "InteractionRadius": "3",
    "DetectableRadius": "1.25",
    "DepletedSFX": "Play_Gather_Boulder_Sml",
    "IdleSFX": "",
    "AudioPreloadName": "",
    "IdleVFX": "",
    "DepletedVFX": "Gatherable_Mineral.Demolish.Gold_C",
    "DepletedMesh": "Objects\\Nature\\Rock_Veins\\Veins_Gold\\jav_fst_vein_gold_pick_c.cgf",
    "DepletedMaterial": "",
    "VegAreaClearRadius": "0.8",
    "StartMeshLOD": "100",
    "EndMeshLOD": "100",
    "ShowOnCompass": "1",
    "CompassIcon": "LyShineUI\\Images\\Map\\Icon\\Gatherables\\Gold_Compass.png",
    "TradeskillIconUnlockType": "Gold",
    "AcceptSnow": "0",
    "MarkerRadius": "4.25",
    "AllowGatheringInGameModes": ""
  },
  {
    "VariantID": "Vein_Iron_a_dungeon",
    "StartMesh": "Objects\\Nature\\Rock_Boulders\\Boulders_Ore\\jav_boulder_ironore_a.cgf",
    "StartMat": "",
    "GatherableEntryID": "OreVeinLarge_dungeon",
    "GatheringRadius": "1.1000000000000001",
    "InteractionRadius": "5",
    "DetectableRadius": "2.2000000000000002",
    "DepletedSFX": "Play_Gather_Boulder_Lrg",
    "IdleSFX": "",
    "AudioPreloadName": "",
    "IdleVFX": "",
    "DepletedVFX": "Gatherable_Mineral.Demolish.Iron_A",
    "DepletedMesh": "Objects\\Nature\\Rock_Boulders\\Boulders_Ore\\jav_boulder_ironore_frag_a.cgf",
    "DepletedMaterial": "",
    "VegAreaClearRadius": "2",
    "StartMeshLOD": "100",
    "EndMeshLOD": "100",
    "ShowOnCompass": "1",
    "CompassIcon": "LyShineUI\\Images\\Map\\Icon\\Gatherables\\Iron_Compass.png",
    "TradeskillIconUnlockType": "Iron",
    "AcceptSnow": "0",
    "MarkerRadius": "5.2",
    "AllowGatheringInGameModes": ""
  },
  {
    "VariantID": "Vein_Iron_b_dungeon",
    "StartMesh": "Objects\\Nature\\Rock_Boulders\\Boulders_Ore\\jav_boulder_ironore_b.cgf",
    "StartMat": "",
    "GatherableEntryID": "OreVeinMedium_dungeon",
    "GatheringRadius": "0.8",
    "InteractionRadius": "4",
    "DetectableRadius": "1.5",
    "DepletedSFX": "Play_Gather_Boulder_Med",
    "IdleSFX": "",
    "AudioPreloadName": "",
    "IdleVFX": "",
    "DepletedVFX": "Gatherable_Mineral.Demolish.Iron_B",
    "DepletedMesh": "Objects\\Nature\\Rock_Boulders\\Boulders_Ore\\jav_boulder_ironore_frag_b.cgf",
    "DepletedMaterial": "",
    "VegAreaClearRadius": "1.6",
    "StartMeshLOD": "100",
    "EndMeshLOD": "100",
    "ShowOnCompass": "1",
    "CompassIcon": "LyShineUI\\Images\\Map\\Icon\\Gatherables\\Iron_Compass.png",
    "TradeskillIconUnlockType": "Iron",
    "AcceptSnow": "0",
    "MarkerRadius": "4.5",
    "AllowGatheringInGameModes": ""
  },
  {
    "VariantID": "Vein_Iron_c_dungeon",
    "StartMesh": "Objects\\Nature\\Rock_Boulders\\Boulders_Ore\\jav_boulder_ironore_c.cgf",
    "StartMat": "",
    "GatherableEntryID": "OreVeinSmall_dungeon",
    "GatheringRadius": "0.6",
    "InteractionRadius": "3",
    "DetectableRadius": "1.25",
    "DepletedSFX": "Play_Gather_Boulder_Sml",
    "IdleSFX": "",
    "AudioPreloadName": "",
    "IdleVFX": "",
    "DepletedVFX": "Gatherable_Mineral.Demolish.Iron_C",
    "DepletedMesh": "Objects\\Nature\\Rock_Boulders\\Boulders_Ore\\jav_boulder_ironore_frag_c.cgf",
    "DepletedMaterial": "",
    "VegAreaClearRadius": "0.8",
    "StartMeshLOD": "100",
    "EndMeshLOD": "100",
    "ShowOnCompass": "1",
    "CompassIcon": "LyShineUI\\Images\\Map\\Icon\\Gatherables\\Iron_Compass.png",
    "TradeskillIconUnlockType": "Iron",
    "AcceptSnow": "0",
    "MarkerRadius": "4.25",
    "AllowGatheringInGameModes": ""
  },
  {
    "VariantID": "Vein_Starmetal__dungeon",
    "StartMesh": "Objects\\Nature\\Rock_Veins\\Veins_Starmetal\\jav_boulder_starmetal_a.cgf",
    "StartMat": "",
    "GatherableEntryID": "OreVeinStarmetalSmall_dungeon",
    "GatheringRadius": "1.1000000000000001",
    "InteractionRadius": "3",
    "DetectableRadius": "2.2000000000000002",
    "DepletedSFX": "Play_Gather_Boulder_Lrg",
    "IdleSFX": "",
    "AudioPreloadName": "",
    "IdleVFX": "",
    "DepletedVFX": "Gatherable_Mineral.Demolish.Starmetal_A",
    "DepletedMesh": "Objects\\Nature\\Rock_Veins\\Veins_Starmetal\\jav_boulder_starmetal_frag_a.cgf",
    "DepletedMaterial": "",
    "VegAreaClearRadius": "2",
    "StartMeshLOD": "100",
    "EndMeshLOD": "100",
    "ShowOnCompass": "1",
    "CompassIcon": "LyShineUI\\Images\\Map\\Icon\\Gatherables\\Starmetal_Compass.png",
    "TradeskillIconUnlockType": "Starmetal",
    "AcceptSnow": "0",
    "MarkerRadius": "5.2",
    "AllowGatheringInGameModes": ""
  },
  {
    "VariantID": "Vein_Starmetal_b_dungeon",
    "StartMesh": "Objects\\Nature\\Rock_Veins\\Veins_Starmetal\\jav_boulder_starmetal_b.cgf",
    "StartMat": "",
    "GatherableEntryID": "OreVeinStarmetalMedium_dungeon",
    "GatheringRadius": "0.8",
    "InteractionRadius": "4",
    "DetectableRadius": "1.5",
    "DepletedSFX": "Play_Gather_Boulder_Med",
    "IdleSFX": "",
    "AudioPreloadName": "",
    "IdleVFX": "",
    "DepletedVFX": "Gatherable_Mineral.Demolish.Starmetal_B",
    "DepletedMesh": "Objects\\Nature\\Rock_Veins\\Veins_Starmetal\\jav_boulder_starmetal_frag_b.cgf",
    "DepletedMaterial": "",
    "VegAreaClearRadius": "1.6",
    "StartMeshLOD": "100",
    "EndMeshLOD": "100",
    "ShowOnCompass": "1",
    "CompassIcon": "LyShineUI\\Images\\Map\\Icon\\Gatherables\\Starmetal_Compass.png",
    "TradeskillIconUnlockType": "Starmetal",
    "AcceptSnow": "0",
    "MarkerRadius": "4.5",
    "AllowGatheringInGameModes": ""
  },
  {
    "VariantID": "Vein_Starmetal_c_dungeon",
    "StartMesh": "Objects\\Nature\\Rock_Veins\\Veins_Starmetal\\jav_boulder_starmetal_c.cgf",
    "StartMat": "",
    "GatherableEntryID": "OreVeinStarmetalLarge_dungeon",
    "GatheringRadius": "0.6",
    "InteractionRadius": "5",
    "DetectableRadius": "1.25",
    "DepletedSFX": "Play_Gather_Boulder_Sml",
    "IdleSFX": "",
    "AudioPreloadName": "",
    "IdleVFX": "",
    "DepletedVFX": "Gatherable_Mineral.Demolish.Starmetal_C",
    "DepletedMesh": "Objects\\Nature\\Rock_Veins\\Veins_Starmetal\\jav_boulder_starmetal_frag_c.cgf",
    "DepletedMaterial": "",
    "VegAreaClearRadius": "0.8",
    "StartMeshLOD": "100",
    "EndMeshLOD": "100",
    "ShowOnCompass": "1",
    "CompassIcon": "LyShineUI\\Images\\Map\\Icon\\Gatherables\\Starmetal_Compass.png",
    "TradeskillIconUnlockType": "Starmetal",
    "AcceptSnow": "0",
    "MarkerRadius": "4.25",
    "AllowGatheringInGameModes": ""
  },
  {
    "VariantID": "Vein_Orichalcum_a_dungeon",
    "StartMesh": "Objects\\Nature\\Rock_Veins\\Veins_Gold\\jav_fst_vein_gold_a.cgf",
    "StartMat": "Objects\\Nature\\Rock_Veins\\Veins_Starmetal\\jav_boulder_orichalcum_a_mat.mtl",
    "GatherableEntryID": "OreVeinOrichalcumSmall_dungeon",
    "GatheringRadius": "1.1000000000000001",
    "InteractionRadius": "3",
    "DetectableRadius": "2.2000000000000002",
    "DepletedSFX": "Play_Gather_Boulder_Lrg",
    "IdleSFX": "",
    "AudioPreloadName": "",
    "IdleVFX": "ENV_Darkness.Micro_Gatherables.Orichalcum_embers01",
    "DepletedVFX": "Gatherable_Mineral.Demolish.Orichalcum_A",
    "DepletedMesh": "Objects\\Nature\\Rock_Veins\\Veins_Gold\\jav_fst_vein_gold_pick_a.cgf",
    "DepletedMaterial": "",
    "VegAreaClearRadius": "2",
    "StartMeshLOD": "100",
    "EndMeshLOD": "100",
    "ShowOnCompass": "1",
    "CompassIcon": "LyShineUI\\Images\\Map\\Icon\\Gatherables\\Orichalcum_Compass.png",
    "TradeskillIconUnlockType": "Orichalcum",
    "AcceptSnow": "0",
    "MarkerRadius": "5.2",
    "AllowGatheringInGameModes": ""
  },
  {
    "VariantID": "Vein_Orichalcum_b_dungeon",
    "StartMesh": "Objects\\Nature\\Rock_Veins\\Veins_Gold\\jav_fst_vein_gold_b.cgf",
    "StartMat": "Objects\\Nature\\Rock_Veins\\Veins_Starmetal\\jav_boulder_orichalcum_a_mat.mtl",
    "GatherableEntryID": "OreVeinOrichalcumMedium_dungeon",
    "GatheringRadius": "0.8",
    "InteractionRadius": "4",
    "DetectableRadius": "1.5",
    "DepletedSFX": "Play_Gather_Boulder_Med",
    "IdleSFX": "",
    "AudioPreloadName": "",
    "IdleVFX": "ENV_Darkness.Micro_Gatherables.Orichalcum_embers01",
    "DepletedVFX": "Gatherable_Mineral.Demolish.Orichalcum_B",
    "DepletedMesh": "Objects\\Nature\\Rock_Veins\\Veins_Gold\\jav_fst_vein_gold_pick_b.cgf",
    "DepletedMaterial": "",
    "VegAreaClearRadius": "1.6",
    "StartMeshLOD": "100",
    "EndMeshLOD": "100",
    "ShowOnCompass": "1",
    "CompassIcon": "LyShineUI\\Images\\Map\\Icon\\Gatherables\\Orichalcum_Compass.png",
    "TradeskillIconUnlockType": "Orichalcum",
    "AcceptSnow": "0",
    "MarkerRadius": "4.5",
    "AllowGatheringInGameModes": ""
  },
  {
    "VariantID": "Vein_Orichalcum_c_dungeon",
    "StartMesh": "Objects\\Nature\\Rock_Veins\\Veins_Gold\\jav_fst_vein_gold_c.cgf",
    "StartMat": "Objects\\Nature\\Rock_Veins\\Veins_Starmetal\\jav_boulder_orichalcum_a_mat.mtl",
    "GatherableEntryID": "OreVeinOrichalcumLarge_dungeon",
    "GatheringRadius": "0.6",
    "InteractionRadius": "5",
    "DetectableRadius": "1.25",
    "DepletedSFX": "Play_Gather_Boulder_Sml",
    "IdleSFX": "",
    "AudioPreloadName": "",
    "IdleVFX": "ENV_Darkness.Micro_Gatherables.Orichalcum_embers02",
    "DepletedVFX": "Gatherable_Mineral.Demolish.Orichalcum_C",
    "DepletedMesh": "Objects\\Nature\\Rock_Veins\\Veins_Gold\\jav_fst_vein_gold_pick_c.cgf",
    "DepletedMaterial": "",
    "VegAreaClearRadius": "0.8",
    "StartMeshLOD": "100",
    "EndMeshLOD": "100",
    "ShowOnCompass": "1",
    "CompassIcon": "LyShineUI\\Images\\Map\\Icon\\Gatherables\\Orichalcum_Compass.png",
    "TradeskillIconUnlockType": "Orichalcum",
    "AcceptSnow": "0",
    "MarkerRadius": "4.25",
    "AllowGatheringInGameModes": ""
  },
  {
    "VariantID": "Vein_Platinum_a_dungeon",
    "StartMesh": "Objects\\Nature\\Rock_Veins\\Veins_Silver\\jav_fst_vein_silver_a.cgf",
    "StartMat": "",
    "GatherableEntryID": "PlatinumLarge_dungeon",
    "GatheringRadius": "1.1000000000000001",
    "InteractionRadius": "5",
    "DetectableRadius": "2.2000000000000002",
    "DepletedSFX": "Play_Gather_Boulder_Lrg",
    "IdleSFX": "",
    "AudioPreloadName": "",
    "IdleVFX": "",
    "DepletedVFX": "Gatherable_Mineral.Demolish.Starmetal_A",
    "DepletedMesh": "Objects\\Nature\\Rock_Veins\\Veins_Silver\\jav_fst_vein_silver_pick_a.cgf",
    "DepletedMaterial": "",
    "VegAreaClearRadius": "2",
    "StartMeshLOD": "100",
    "EndMeshLOD": "100",
    "ShowOnCompass": "1",
    "CompassIcon": "LyShineUI\\Images\\Map\\Icon\\Gatherables\\Starmetal_Compass.png",
    "TradeskillIconUnlockType": "Platinum",
    "AcceptSnow": "0",
    "MarkerRadius": "5.2",
    "AllowGatheringInGameModes": ""
  },
  {
    "VariantID": "Vein_Platinum_b_dungeon",
    "StartMesh": "Objects\\Nature\\Rock_Veins\\Veins_Silver\\jav_fst_vein_silver_b.cgf",
    "StartMat": "",
    "GatherableEntryID": "PlatinumMedium_dungeon",
    "GatheringRadius": "0.8",
    "InteractionRadius": "4",
    "DetectableRadius": "1.5",
    "DepletedSFX": "Play_Gather_Boulder_Med",
    "IdleSFX": "",
    "AudioPreloadName": "",
    "IdleVFX": "",
    "DepletedVFX": "Gatherable_Mineral.Demolish.Starmetal_B",
    "DepletedMesh": "Objects\\Nature\\Rock_Veins\\Veins_Silver\\jav_fst_vein_silver_pick_b.cgf",
    "DepletedMaterial": "",
    "VegAreaClearRadius": "1.6",
    "StartMeshLOD": "100",
    "EndMeshLOD": "100",
    "ShowOnCompass": "1",
    "CompassIcon": "LyShineUI\\Images\\Map\\Icon\\Gatherables\\Starmetal_Compass.png",
    "TradeskillIconUnlockType": "Platinum",
    "AcceptSnow": "0",
    "MarkerRadius": "4.5",
    "AllowGatheringInGameModes": ""
  },
  {
    "VariantID": "Vein_Platinum_c_dungeon",
    "StartMesh": "Objects\\Nature\\Rock_Veins\\Veins_Silver\\jav_fst_vein_silver_c.cgf",
    "StartMat": "",
    "GatherableEntryID": "PlatinumSmall_dungeon",
    "GatheringRadius": "0.6",
    "InteractionRadius": "3",
    "DetectableRadius": "1.25",
    "DepletedSFX": "Play_Gather_Boulder_Sml",
    "IdleSFX": "",
    "AudioPreloadName": "",
    "IdleVFX": "",
    "DepletedVFX": "Gatherable_Mineral.Demolish.Starmetal_C",
    "DepletedMesh": "Objects\\Nature\\Rock_Veins\\Veins_Silver\\jav_fst_vein_silver_pick_c.cgf",
    "DepletedMaterial": "",
    "VegAreaClearRadius": "0.8",
    "StartMeshLOD": "100",
    "EndMeshLOD": "100",
    "ShowOnCompass": "1",
    "CompassIcon": "LyShineUI\\Images\\Map\\Icon\\Gatherables\\Starmetal_Compass.png",
    "TradeskillIconUnlockType": "Platinum",
    "AcceptSnow": "0",
    "MarkerRadius": "4.25",
    "AllowGatheringInGameModes": ""
  }
]