[
  {
    "UniqueTagID": "Lumberjack",
    "IsEnabled": "1",
    "DisplayName": "@store_tree_splitter_name",
    "Description": "@store_tree_splitter_description",
    "PortraitImage": "lyshineui/images/mtx/placeholder_mtx_images/placeholder_image03_portrait.png",
    "LandscapeImage": "lyshineui/images/mtx/placeholder_mtx_images/placeholder_image03_rectangle.png",
    "SquareImage": "lyshineui/images/mtx/placeholder_mtx_images/placeholder_image03_square.png",
    "ThumbnailImage": "lyshineui/images/mtx/placeholder_mtx_images/placeholder_image03_thumbnail.png"
  },
  {
    "UniqueTagID": "smolderingscarlet_dye",
    "IsEnabled": "1",
    "DisplayName": "@smolderingscarlet_dye_name",
    "Description": "@smolderingscarlet_dye_description",
    "PortraitImage": "LyShineUI/Images/mtx/mtx_product_images/dye49_Portrait_SmolderingScarlet.png",
    "LandscapeImage": "LyShineUI/Images/mtx/mtx_product_images/dye49_Rectangle_SmolderingScarlet.png",
    "SquareImage": "LyShineUI/Images/mtx/mtx_product_images/dye49_Square_SmolderingScarlet.png",
    "ThumbnailImage": "LyShineUI/Images/mtx/mtx_product_images/dye49_Thumbnail_SmolderingScarlet.png"
  },
  {
    "UniqueTagID": "runic_jackal",
    "IsEnabled": "1",
    "DisplayName": "@runic_jackal_name",
    "Description": "@runic_jackal_description",
    "PortraitImage": "LyShineUI/Images/mtx/mtx_product_images/armorSet_Portrait_RunicJackal.png",
    "LandscapeImage": "LyShineUI/Images/mtx/mtx_product_images/armorSet_Rectangle_RunicJackal.png",
    "SquareImage": "LyShineUI/Images/mtx/mtx_product_images/armorSet_Square_RunicJackal.png",
    "ThumbnailImage": "LyShineUI/Images/mtx/mtx_product_images/armorSet_Thumbnail_RunicJackal.png"
  },
  {
    "UniqueTagID": "crescent_fang",
    "IsEnabled": "1",
    "DisplayName": "@crescent_fang_name",
    "Description": "@crescent_fang_description",
    "PortraitImage": "LyShineUI/Images/mtx/mtx_product_images/weapon_Portrait_CrecentFang.png",
    "LandscapeImage": "LyShineUI/Images/mtx/mtx_product_images/weapon_Rectangle_CrecentFang.png",
    "SquareImage": "LyShineUI/Images/mtx/mtx_product_images/weapon_Square_CrecentFang.png",
    "ThumbnailImage": "LyShineUI/Images/mtx/mtx_product_images/weapon_Thumbnail_CrecentFang.png"
  },
  {
    "UniqueTagID": "rainbow_tiger",
    "IsEnabled": "1",
    "DisplayName": "@rainbow_tiger_name",
    "Description": "@rainbow_tiger_description",
    "PortraitImage": "LyShineUI/Images/mtx/mtx_product_images/pet_Portrait_RainbowTiger.png",
    "LandscapeImage": "LyShineUI/Images/mtx/mtx_product_images/pet_Rectangle_RainbowTiger.png",
    "SquareImage": "LyShineUI/Images/mtx/mtx_product_images/pet_Square_RainbowTiger.png",
    "ThumbnailImage": "LyShineUI/Images/mtx/mtx_product_images/pet_Thumbnail_RainbowTiger.png"
  },
  {
    "UniqueTagID": "arm_flex",
    "IsEnabled": "1",
    "DisplayName": "@arm_flex_name",
    "Description": "@arm_flex_description",
    "PortraitImage": "lyshineui/images/mtx/mtx_product_images/emote_Portrait_ArmFlex.png",
    "LandscapeImage": "lyshineui/images/mtx/mtx_product_images/emote_Rectangle_ArmFlex.png",
    "SquareImage": "lyshineui/images/mtx/mtx_product_images/emote_Square_ArmFlex.png",
    "ThumbnailImage": "lyshineui/images/mtx/mtx_product_images/emote_Thumbnail_ArmFlex.png"
  },
  {
    "UniqueTagID": "sublimebone_dye",
    "IsEnabled": "1",
    "DisplayName": "@sublimebone_dye_name",
    "Description": "@sublimebone_dye_description",
    "PortraitImage": "LyShineUI/Images/mtx/mtx_product_images/dye37_Portrait_SublimeBone.png",
    "LandscapeImage": "LyShineUI/Images/mtx/mtx_product_images/dye37_Rectangle_SublimeBone.png",
    "SquareImage": "LyShineUI/Images/mtx/mtx_product_images/dye37_Square_SublimeBone.png",
    "ThumbnailImage": "LyShineUI/Images/mtx/mtx_product_images/dye37_Thumbnail_SublimeBone.png"
  },
  {
    "UniqueTagID": "greengrass_dye",
    "IsEnabled": "1",
    "DisplayName": "@greengrass_dye_name",
    "Description": "@greengrass_dye_description",
    "PortraitImage": "LyShineUI/Images/mtx/mtx_product_images/dye90_Portrait_GreenGrass.png",
    "LandscapeImage": "LyShineUI/Images/mtx/mtx_product_images/dye90_Rectangle_GreenGrass.png",
    "SquareImage": "LyShineUI/Images/mtx/mtx_product_images/dye90_Square_GreenGrass.png",
    "ThumbnailImage": "LyShineUI/Images/mtx/mtx_product_images/dye90_Thumbnail_GreenGrass.png"
  },
  {
    "UniqueTagID": "Icon_Crest_Pack_Merriment",
    "IsEnabled": "1",
    "DisplayName": "@Icon_Crest_Pack_Merriment_name",
    "Description": "@Icon_Crest_Pack_Merriment_description",
    "PortraitImage": "LyShineUI/Images/mtx/mtx_product_images/crestPack_Portrait_Merriment.png",
    "LandscapeImage": "LyShineUI/Images/mtx/mtx_product_images/crestPack_Rectangle_Merriment.png",
    "SquareImage": "LyShineUI/Images/mtx/mtx_product_images/crestPack_Square_Merriment.png",
    "ThumbnailImage": "LyShineUI/Images/mtx/mtx_product_images/crestPack_Thumbnail_Merriment.png"
  },
  {
    "UniqueTagID": "EntitlementSkin_Medium_Angel",
    "IsEnabled": "1",
    "DisplayName": "@EntitlementSkin_Medium_Angel_name",
    "Description": "@EntitlementSkin_Medium_Angel_description",
    "PortraitImage": "LyShineUI/Images/mtx/mtx_product_images/armorSet_Portrait_AegisOfProvidence.png",
    "LandscapeImage": "LyShineUI/Images/mtx/mtx_product_images/armorSet_Rectangle_AegisOfProvidence.png",
    "SquareImage": "LyShineUI/Images/mtx/mtx_product_images/armorSet_Square_AegisOfProvidence.png",
    "ThumbnailImage": "LyShineUI/Images/mtx/mtx_product_images/armorSet_Thumbnail_AegisOfProvidence.png"
  },
  {
    "UniqueTagID": "EntitlementSkin_AnglesDemon_WarHammer",
    "IsEnabled": "1",
    "DisplayName": "@EntitlementSkin_AnglesDemon_WarHammer_name",
    "Description": "@EntitlementSkin_AnglesDemon_WarHammer_description",
    "PortraitImage": "LyShineUI/Images/mtx/mtx_product_images/weapon_Portrait_DestroyersWrath.png",
    "LandscapeImage": "LyShineUI/Images/mtx/mtx_product_images/weapon_Rectangle_DestroyersWrath.png",
    "SquareImage": "LyShineUI/Images/mtx/mtx_product_images/weapon_Square_DestroyersWrath.png",
    "ThumbnailImage": "LyShineUI/Images/mtx/mtx_product_images/weapon_Thumbnail_DestroyersWrath.png"
  },
  {
    "UniqueTagID": "galaxy_rabbit",
    "IsEnabled": "1",
    "DisplayName": "@galaxy_rabbit_name",
    "Description": "@galaxy_rabbit_description",
    "PortraitImage": "LyShineUI/Images/mtx/mtx_product_images/pet_Portrait_GalaxyHare.png",
    "LandscapeImage": "LyShineUI/Images/mtx/mtx_product_images/pet_Rectangle_GalaxyHare.png",
    "SquareImage": "LyShineUI/Images/mtx/mtx_product_images/pet_Square_GalaxyHare.png",
    "ThumbnailImage": "LyShineUI/Images/mtx/mtx_product_images/pet_Thumbnail_GalaxyHare.png"
  },
  {
    "UniqueTagID": "eyesonyou",
    "IsEnabled": "1",
    "DisplayName": "@eyesonyou_name",
    "Description": "@eyesonyou_description",
    "PortraitImage": "lyshineui/images/mtx/mtx_product_images/emote_Portrait_EyesOnYou.png",
    "LandscapeImage": "lyshineui/images/mtx/mtx_product_images/emote_Rectangle_EyesOnYou.png",
    "SquareImage": "lyshineui/images/mtx/mtx_product_images/emote_Square_EyesOnYou.png",
    "ThumbnailImage": "lyshineui/images/mtx/mtx_product_images/emote_Thumbnail_EyesOnYou.png"
  },
  {
    "UniqueTagID": "rouge_dye",
    "IsEnabled": "1",
    "DisplayName": "@rouge_dye_name",
    "Description": "@rouge_dye_description",
    "PortraitImage": "LyShineUI/Images/mtx/mtx_product_images/dye55_Portrait_Rouge.png",
    "LandscapeImage": "LyShineUI/Images/mtx/mtx_product_images/dye55_Rectangle_Rouge.png",
    "SquareImage": "LyShineUI/Images/mtx/mtx_product_images/dye55_Square_Rouge.png",
    "ThumbnailImage": "LyShineUI/Images/mtx/mtx_product_images/dye55_Thumbnail_Rouge.png"
  },
  {
    "UniqueTagID": "hiddenstream_dye",
    "IsEnabled": "1",
    "DisplayName": "@hiddenstream_dye_name",
    "Description": "@hiddenstream_dye_description",
    "PortraitImage": "LyShineUI/Images/mtx/mtx_product_images/dye104_Portrait_HiddenStream.png",
    "LandscapeImage": "LyShineUI/Images/mtx/mtx_product_images/dye104_Rectangle_HiddenStream.png",
    "SquareImage": "LyShineUI/Images/mtx/mtx_product_images/dye104_Square_HiddenStream.png",
    "ThumbnailImage": "LyShineUI/Images/mtx/mtx_product_images/dye104_Thumbnail_HiddenStream.png"
  },
  {
    "UniqueTagID": "Icon_Crest_Pack_Smugglers",
    "IsEnabled": "1",
    "DisplayName": "@Icon_Crest_Pack_Smugglers_name",
    "Description": "@Icon_Crest_Pack_Smugglers_description",
    "PortraitImage": "LyShineUI/Images/mtx/mtx_product_images/crestPack_Portrait_Smugglers.png",
    "LandscapeImage": "LyShineUI/Images/mtx/mtx_product_images/crestPack_Rectangle_Smugglers.png",
    "SquareImage": "LyShineUI/Images/mtx/mtx_product_images/crestPack_Square_Smugglers.png",
    "ThumbnailImage": "LyShineUI/Images/mtx/mtx_product_images/crestPack_Thumbnail_Smugglers.png"
  },
  {
    "UniqueTagID": "butterflywing_dye",
    "IsEnabled": "1",
    "DisplayName": "@butterflywing_dye_name",
    "Description": "@butterflywing_dye_description",
    "PortraitImage": "LyShineUI/Images/mtx/mtx_product_images/dye118_Portrait_ButterflyWing.png",
    "LandscapeImage": "LyShineUI/Images/mtx/mtx_product_images/dye118_Rectangle_ButterflyWing.png",
    "SquareImage": "LyShineUI/Images/mtx/mtx_product_images/dye118_Square_ButterflyWing.png",
    "ThumbnailImage": "LyShineUI/Images/mtx/mtx_product_images/dye118_Thumbnail_ButterflyWing.png"
  },
  {
    "UniqueTagID": "EntitlementSkin_GreatAxe_FenrirsFury",
    "IsEnabled": "1",
    "DisplayName": "@fenrirsfury_name",
    "Description": "@fenrirsfury_description",
    "PortraitImage": "LyShineUI/Images/mtx/mtx_product_images/weapon_Portrait_FenrirsFury.png",
    "LandscapeImage": "LyShineUI/Images/mtx/mtx_product_images/weapon_Rectangle_FenrirsFury.png",
    "SquareImage": "LyShineUI/Images/mtx/mtx_product_images/weapon_Square_FenrirsFury.png",
    "ThumbnailImage": "LyShineUI/Images/mtx/mtx_product_images/weapon_Thumbnail_FenrirsFury.png"
  },
  {
    "UniqueTagID": "agelessbronze_dye",
    "IsEnabled": "1",
    "DisplayName": "@ageless_bronze_dye_name",
    "Description": "@ageless_bronze_description",
    "PortraitImage": "LyShineUI/Images/mtx/mtx_product_images/dye62_Portrait_AgelessBronze.png",
    "LandscapeImage": "LyShineUI/Images/mtx/mtx_product_images/dye62_Rectangle_AgelessBronze.png",
    "SquareImage": "LyShineUI/Images/mtx/mtx_product_images/dye62_Square_AgelessBronze.png",
    "ThumbnailImage": "LyShineUI/Images/mtx/mtx_product_images/dye62_Thumbnail_AgelessBronze.png"
  },
  {
    "UniqueTagID": "EntitlementSkin_Light_Demon",
    "IsEnabled": "1",
    "DisplayName": "@EntitlementSkin_Light_Demon_name",
    "Description": "@EntitlementSkin_Light_Demon_description",
    "PortraitImage": "LyShineUI/Images/mtx/mtx_product_images/armorSet_Portrait_CambionHusk.png",
    "LandscapeImage": "LyShineUI/Images/mtx/mtx_product_images/armorSet_Rectangle_CambionHusk.png",
    "SquareImage": "LyShineUI/Images/mtx/mtx_product_images/armorSet_Square_CambionHusk.png",
    "ThumbnailImage": "LyShineUI/Images/mtx/mtx_product_images/armorSet_Thumbnail_CambionHusk.png"
  },
  {
    "UniqueTagID": "twitch_pirate_itemskin",
    "IsEnabled": "1",
    "DisplayName": "@twitch_pirate_itemskin_name",
    "Description": "@twitch_pirate_itemskin_description",
    "PortraitImage": "LyShineUI/Images/mtx/mtx_product_images/armorSet_Portrait_Pirate.png",
    "LandscapeImage": "LyShineUI/Images/mtx/mtx_product_images/armorSet_Rectangle_Pirate.png",
    "SquareImage": "LyShineUI/Images/mtx/mtx_product_images/armorSet_Square_Pirate.png",
    "ThumbnailImage": "LyShineUI/Images/mtx/mtx_product_images/armorSet_Thumbnail_Pirate.png"
  },
  {
    "UniqueTagID": "EntitlementSkin_Heavy_Angel",
    "IsEnabled": "1",
    "DisplayName": "@EntitlementSkin_Heavy_Angel_name",
    "Description": "@EntitlementSkin_Heavy_Angel_description",
    "PortraitImage": "LyShineUI/Images/mtx/mtx_product_images/armorSet_Portrait_RighteousGuardian.png",
    "LandscapeImage": "LyShineUI/Images/mtx/mtx_product_images/armorSet_Rectangle_RighteousGuardian.png",
    "SquareImage": "LyShineUI/Images/mtx/mtx_product_images/armorSet_Square_RighteousGuardian.png",
    "ThumbnailImage": "LyShineUI/Images/mtx/mtx_product_images/armorSet_Thumbnail_RighteousGuardian.png"
  },
  {
    "UniqueTagID": "twitch_robinhood_itemskin",
    "IsEnabled": "0",
    "DisplayName": "@twitch_robinhood_itemskin_name",
    "Description": "@twitch_robinhood_itemskin_description",
    "PortraitImage": "LyShineUI/Images/mtx/mtx_product_images/armorSet_Portrait_Robinhood.png",
    "LandscapeImage": "LyShineUI/Images/mtx/mtx_product_images/armorSet_Rectangle_Robinhood.png",
    "SquareImage": "LyShineUI/Images/mtx/mtx_product_images/armorSet_Square_Robinhood.png",
    "ThumbnailImage": "LyShineUI/Images/mtx/mtx_product_images/armorSet_Thumbnail_Robinhood.png"
  },
  {
    "UniqueTagID": "runic_bear",
    "IsEnabled": "1",
    "DisplayName": "@runic_bear_name",
    "Description": "@runic_bear_description",
    "PortraitImage": "LyShineUI/Images/mtx/mtx_product_images/armorSet_Portrait_RunicBear.png",
    "LandscapeImage": "LyShineUI/Images/mtx/mtx_product_images/armorSet_Rectangle_RunicBear.png",
    "SquareImage": "LyShineUI/Images/mtx/mtx_product_images/armorSet_Square_RunicBear.png",
    "ThumbnailImage": "LyShineUI/Images/mtx/mtx_product_images/armorSet_Thumbnail_RunicBear.png"
  },
  {
    "UniqueTagID": "runic_fox",
    "IsEnabled": "1",
    "DisplayName": "@runic_fox_name",
    "Description": "@runic_fox_description",
    "PortraitImage": "LyShineUI/Images/mtx/mtx_product_images/armorSet_Portrait_RunicFox.png",
    "LandscapeImage": "LyShineUI/Images/mtx/mtx_product_images/armorSet_Rectangle_RunicFox.png",
    "SquareImage": "LyShineUI/Images/mtx/mtx_product_images/armorSet_Square_RunicFox.png",
    "ThumbnailImage": "LyShineUI/Images/mtx/mtx_product_images/armorSet_Thumbnail_RunicFox.png"
  },
  {
    "UniqueTagID": "EntitlementSkin_SpecialCorruptedVar1",
    "IsEnabled": "0",
    "DisplayName": "@EntitlementSkin_SpecialCorruptedVar1_name",
    "Description": "@EntitlementSkin_SpecialCorruptedVar1_description",
    "PortraitImage": "LyShineUI/Images/mtx/mtx_product_images/armorSet_Portrait_SpecialCorrupted.png",
    "LandscapeImage": "LyShineUI/Images/mtx/mtx_product_images/armorSet_Rectangle_SpecialCorrupted.png",
    "SquareImage": "LyShineUI/Images/mtx/mtx_product_images/armorSet_Square_SpecialCorrupted.png",
    "ThumbnailImage": "LyShineUI/Images/mtx/mtx_product_images/armorSet_Thumbnail_SpecialCorrupted.png"
  },
  {
    "UniqueTagID": "Icon_Crest_Pack_AnimalHead",
    "IsEnabled": "1",
    "DisplayName": "@Icon_Crest_Pack_AnimalHead_name",
    "Description": "@Icon_Crest_Pack_AnimalHead_description",
    "PortraitImage": "LyShineUI/Images/mtx/mtx_product_images/crestPack_Portrait_AnimalHeads.png",
    "LandscapeImage": "LyShineUI/Images/mtx/mtx_product_images/crestPack_Rectangle_AnimalHeads.png",
    "SquareImage": "LyShineUI/Images/mtx/mtx_product_images/crestPack_Square_AnimalHeads.png",
    "ThumbnailImage": "LyShineUI/Images/mtx/mtx_product_images/crestPack_Thumbnail_AnimalHeads.png"
  },
  {
    "UniqueTagID": "Icon_Crest_Pack_FullDeck",
    "IsEnabled": "1",
    "DisplayName": "@Icon_Crest_Pack_FullDeck_name",
    "Description": "@Icon_Crest_Pack_FullDeck_description",
    "PortraitImage": "LyShineUI/Images/mtx/mtx_product_images/crestPack_Portrait_FullDeck.png",
    "LandscapeImage": "LyShineUI/Images/mtx/mtx_product_images/crestPack_Rectangle_FullDeck.png",
    "SquareImage": "LyShineUI/Images/mtx/mtx_product_images/crestPack_Square_FullDeck.png",
    "ThumbnailImage": "LyShineUI/Images/mtx/mtx_product_images/crestPack_Thumbnail_FullDeck.png"
  },
  {
    "UniqueTagID": "Icon_Crest_Pack_Gesture",
    "IsEnabled": "1",
    "DisplayName": "@Icon_Crest_Pack_Gesture_name",
    "Description": "@Icon_Crest_Pack_Gesture_description",
    "PortraitImage": "LyShineUI/Images/mtx/mtx_product_images/crestPack_Portrait_Gesture.png",
    "LandscapeImage": "LyShineUI/Images/mtx/mtx_product_images/crestPack_Rectangle_Gesture.png",
    "SquareImage": "LyShineUI/Images/mtx/mtx_product_images/crestPack_Square_Gesture.png",
    "ThumbnailImage": "LyShineUI/Images/mtx/mtx_product_images/crestPack_Thumbnail_Gesture.png"
  },
  {
    "UniqueTagID": "twitch_pirate_crestpack",
    "IsEnabled": "0",
    "DisplayName": "@twitch_pirate_itemskin_name",
    "Description": "@twitch_pirate_itemskin_description",
    "PortraitImage": "LyShineUI/Images/mtx/mtx_product_images/crestPack_Portrait_Pirate.png",
    "LandscapeImage": "LyShineUI/Images/mtx/mtx_product_images/crestPack_Rectangle_Pirate.png",
    "SquareImage": "LyShineUI/Images/mtx/mtx_product_images/crestPack_Square_Pirate.png",
    "ThumbnailImage": "LyShineUI/Images/mtx/mtx_product_images/crestPack_Thumbnail_Pirate.png"
  },
  {
    "UniqueTagID": "Icon_Crest_Pack_RobinHood",
    "IsEnabled": "0",
    "DisplayName": "@Icon_Crest_Pack_RobinHood_name",
    "Description": "@Icon_Crest_Pack_RobinHood_description",
    "PortraitImage": "LyShineUI/Images/mtx/mtx_product_images/crestPack_Portrait_RobinHood.png",
    "LandscapeImage": "LyShineUI/Images/mtx/mtx_product_images/crestPack_Rectangle_RobinHood.png",
    "SquareImage": "LyShineUI/Images/mtx/mtx_product_images/crestPack_Square_RobinHood.png",
    "ThumbnailImage": "LyShineUI/Images/mtx/mtx_product_images/crestPack_Thumbnail_RobinHood.png"
  },
  {
    "UniqueTagID": "Icon_Crest_Pack_Thespain",
    "IsEnabled": "0",
    "DisplayName": "@Icon_Crest_Pack_Thespain_name",
    "Description": "@Icon_Crest_Pack_Thespain_description",
    "PortraitImage": "LyShineUI/Images/mtx/mtx_product_images/crestPack_Portrait_Thespian.png",
    "LandscapeImage": "LyShineUI/Images/mtx/mtx_product_images/crestPack_Rectangle_Thespian.png",
    "SquareImage": "LyShineUI/Images/mtx/mtx_product_images/crestPack_Square_Thespian.png",
    "ThumbnailImage": "LyShineUI/Images/mtx/mtx_product_images/crestPack_Thumbnail_Thespian.png"
  },
  {
    "UniqueTagID": "Icon_Crest_Pack_WeaponMaster",
    "IsEnabled": "1",
    "DisplayName": "@Icon_Crest_Pack_WeaponMaster_name",
    "Description": "@Icon_Crest_Pack_WeaponMaster_description",
    "PortraitImage": "LyShineUI/Images/mtx/mtx_product_images/crestPack_Portrait_WeaponMaster.png",
    "LandscapeImage": "LyShineUI/Images/mtx/mtx_product_images/crestPack_Rectangle_WeaponMaster.png",
    "SquareImage": "LyShineUI/Images/mtx/mtx_product_images/crestPack_Square_WeaponMaster.png",
    "ThumbnailImage": "LyShineUI/Images/mtx/mtx_product_images/crestPack_Thumbnail_WeaponMaster.png"
  },
  {
    "UniqueTagID": "primeblue_dye",
    "IsEnabled": "0",
    "DisplayName": "@primeblue_dye_name",
    "Description": "@primeblue_dye_description",
    "PortraitImage": "LyShineUI/Images/mtx/mtx_product_images/dye4_Portrait_PrimeBlue.png",
    "LandscapeImage": "LyShineUI/Images/mtx/mtx_product_images/dye4_Rectangle_PrimeBlue.png",
    "SquareImage": "LyShineUI/Images/mtx/mtx_product_images/dye4_Square_PrimeBlue.png",
    "ThumbnailImage": "LyShineUI/Images/mtx/mtx_product_images/dye4_Thumbnail_PrimeBlue.png"
  },
  {
    "UniqueTagID": "gold_dye",
    "IsEnabled": "1",
    "DisplayName": "@gold_dye_name",
    "Description": "@gold_dye_description",
    "PortraitImage": "LyShineUI/Images/mtx/mtx_product_images/dye6_Portrait_LustrousGold.png",
    "LandscapeImage": "LyShineUI/Images/mtx/mtx_product_images/dye6_Rectangle_LustrousGold.png",
    "SquareImage": "LyShineUI/Images/mtx/mtx_product_images/dye6_Square_LustrousGold.png",
    "ThumbnailImage": "LyShineUI/Images/mtx/mtx_product_images/dye6_Thumbnail_LustrousGold.png"
  },
  {
    "UniqueTagID": "amazonorange_dye",
    "IsEnabled": "0",
    "DisplayName": "@amazonorange_dye_name",
    "Description": "@amazonorange_dye_description",
    "PortraitImage": "LyShineUI/Images/mtx/mtx_product_images/dye22_Portrait_AmazonOrange.png",
    "LandscapeImage": "LyShineUI/Images/mtx/mtx_product_images/dye22_Rectangle_AmazonOrange.png",
    "SquareImage": "LyShineUI/Images/mtx/mtx_product_images/dye22_Square_AmazonOrange.png",
    "ThumbnailImage": "LyShineUI/Images/mtx/mtx_product_images/dye22_Thumbnail_AmazonOrange.png"
  },
  {
    "UniqueTagID": "twitchpurple_dye",
    "IsEnabled": "0",
    "DisplayName": "@twitchpurple_dye_name",
    "Description": "@twitchpurple_dye_description",
    "PortraitImage": "LyShineUI/Images/mtx/mtx_product_images/dye23_Portrait_TwitchPurple.png",
    "LandscapeImage": "LyShineUI/Images/mtx/mtx_product_images/dye23_Rectangle_TwitchPurple.png",
    "SquareImage": "LyShineUI/Images/mtx/mtx_product_images/dye23_Square_TwitchPurple.png",
    "ThumbnailImage": "LyShineUI/Images/mtx/mtx_product_images/dye23_Thumbnail_TwitchPurple.png"
  },
  {
    "UniqueTagID": "shipgray_dye",
    "IsEnabled": "1",
    "DisplayName": "@shipgray_dye_name",
    "Description": "@shipgray_dye_description",
    "PortraitImage": "LyShineUI/Images/mtx/mtx_product_images/dye27_Portrait_ShipGray.png",
    "LandscapeImage": "LyShineUI/Images/mtx/mtx_product_images/dye27_Rectangle_ShipGray.png",
    "SquareImage": "LyShineUI/Images/mtx/mtx_product_images/dye27_Square_ShipGray.png",
    "ThumbnailImage": "LyShineUI/Images/mtx/mtx_product_images/dye27_Thumbnail_ShipGray.png"
  },
  {
    "UniqueTagID": "softcoal_dye",
    "IsEnabled": "1",
    "DisplayName": "@softcoal_dye_name",
    "Description": "@softcoal_dye_description",
    "PortraitImage": "LyShineUI/Images/mtx/mtx_product_images/dye29_Portrait_SoftCoal.png",
    "LandscapeImage": "LyShineUI/Images/mtx/mtx_product_images/dye29_Rectangle_SoftCoal.png",
    "SquareImage": "LyShineUI/Images/mtx/mtx_product_images/dye29_Square_SoftCoal.png",
    "ThumbnailImage": "LyShineUI/Images/mtx/mtx_product_images/dye29_Thumbnail_SoftCoal.png"
  },
  {
    "UniqueTagID": "blemishedpearl_dye",
    "IsEnabled": "1",
    "DisplayName": "@blemishedpearl_dye_name",
    "Description": "@blemishedpearl_dye_description",
    "PortraitImage": "LyShineUI/Images/mtx/mtx_product_images/dye36_Portrait_BlemishedPearl.png",
    "LandscapeImage": "LyShineUI/Images/mtx/mtx_product_images/dye36_Rectangle_BlemishedPearl.png",
    "SquareImage": "LyShineUI/Images/mtx/mtx_product_images/dye36_Square_BlemishedPearl.png",
    "ThumbnailImage": "LyShineUI/Images/mtx/mtx_product_images/dye36_Thumbnail_BlemishedPearl.png"
  },
  {
    "UniqueTagID": "sandalwood_dye",
    "IsEnabled": "1",
    "DisplayName": "@sandalwood_dye_name",
    "Description": "@sandalwood_dye_description",
    "PortraitImage": "LyShineUI/Images/mtx/mtx_product_images/dye42_Portrait_Sandalwood.png",
    "LandscapeImage": "LyShineUI/Images/mtx/mtx_product_images/dye42_Rectangle_Sandalwood.png",
    "SquareImage": "LyShineUI/Images/mtx/mtx_product_images/dye42_Square_Sandalwood.png",
    "ThumbnailImage": "LyShineUI/Images/mtx/mtx_product_images/dye42_Thumbnail_Sandalwood.png"
  },
  {
    "UniqueTagID": "bleached_cofee_dye",
    "IsEnabled": "1",
    "DisplayName": "@bleached_cofee_dye_name",
    "Description": "@bleached_cofee_dye_description",
    "PortraitImage": "LyShineUI/Images/mtx/mtx_product_images/dye48_Portrait_BleachedCoffee.png",
    "LandscapeImage": "LyShineUI/Images/mtx/mtx_product_images/dye48_Rectangle_BleachedCoffee.png",
    "SquareImage": "LyShineUI/Images/mtx/mtx_product_images/dye48_Square_BleachedCoffee.png",
    "ThumbnailImage": "LyShineUI/Images/mtx/mtx_product_images/dye48_Thumbnail_BleachedCoffee.png"
  },
  {
    "UniqueTagID": "blood_dye",
    "IsEnabled": "1",
    "DisplayName": "@blood_dye_name",
    "Description": "@blood_dye_description",
    "PortraitImage": "LyShineUI/Images/mtx/mtx_product_images/dye50_Portrait_Blood.png",
    "LandscapeImage": "LyShineUI/Images/mtx/mtx_product_images/dye50_Rectangle_Blood.png",
    "SquareImage": "LyShineUI/Images/mtx/mtx_product_images/dye50_Square_Blood.png",
    "ThumbnailImage": "LyShineUI/Images/mtx/mtx_product_images/dye50_Thumbnail_Blood.png"
  },
  {
    "UniqueTagID": "viola_dye",
    "IsEnabled": "1",
    "DisplayName": "@viola_dye_name",
    "Description": "@viola_dye_description",
    "PortraitImage": "LyShineUI/Images/mtx/mtx_product_images/dye56_Portrait_Viola.png",
    "LandscapeImage": "LyShineUI/Images/mtx/mtx_product_images/dye56_Rectangle_Viola.png",
    "SquareImage": "LyShineUI/Images/mtx/mtx_product_images/dye56_Square_Viola.png",
    "ThumbnailImage": "LyShineUI/Images/mtx/mtx_product_images/dye56_Thumbnail_Viola.png"
  },
  {
    "UniqueTagID": "burntsienna_dye",
    "IsEnabled": "1",
    "DisplayName": "@burntsienna_dye_name",
    "Description": "@burntsienna_dye_description",
    "PortraitImage": "LyShineUI/Images/mtx/mtx_product_images/dye69_Portrait_BurntSienna.png",
    "LandscapeImage": "LyShineUI/Images/mtx/mtx_product_images/dye69_Rectangle_BurntSienna.png",
    "SquareImage": "LyShineUI/Images/mtx/mtx_product_images/dye69_Square_BurntSienna.png",
    "ThumbnailImage": "LyShineUI/Images/mtx/mtx_product_images/dye69_Thumbnail_BurntSienna.png"
  },
  {
    "UniqueTagID": "silt_dye",
    "IsEnabled": "1",
    "DisplayName": "@silt_dye_name",
    "Description": "@silt_dye_description",
    "PortraitImage": "LyShineUI/Images/mtx/mtx_product_images/dye74_Portrait_Silt.png",
    "LandscapeImage": "LyShineUI/Images/mtx/mtx_product_images/dye74_Rectangle_Silt.png",
    "SquareImage": "LyShineUI/Images/mtx/mtx_product_images/dye74_Square_Silt.png",
    "ThumbnailImage": "LyShineUI/Images/mtx/mtx_product_images/dye74_Thumbnail_Silt.png"
  },
  {
    "UniqueTagID": "blond_dye",
    "IsEnabled": "1",
    "DisplayName": "@blond_dye_name",
    "Description": "@blond_dye_description",
    "PortraitImage": "LyShineUI/Images/mtx/mtx_product_images/dye79_Portrait_Blond.png",
    "LandscapeImage": "LyShineUI/Images/mtx/mtx_product_images/dye79_Rectangle_Blond.png",
    "SquareImage": "LyShineUI/Images/mtx/mtx_product_images/dye79_Square_Blond.png",
    "ThumbnailImage": "LyShineUI/Images/mtx/mtx_product_images/dye79_Thumbnail_Blond.png"
  },
  {
    "UniqueTagID": "sushigreen_dye",
    "IsEnabled": "1",
    "DisplayName": "@sushigreen_dye_name",
    "Description": "@sushigreen_dye_description",
    "PortraitImage": "LyShineUI/Images/mtx/mtx_product_images/dye85_Portrait_SushiGreen.png",
    "LandscapeImage": "LyShineUI/Images/mtx/mtx_product_images/dye85_Rectangle_SushiGreen.png",
    "SquareImage": "LyShineUI/Images/mtx/mtx_product_images/dye85_Square_SushiGreen.png",
    "ThumbnailImage": "LyShineUI/Images/mtx/mtx_product_images/dye85_Thumbnail_SushiGreen.png"
  },
  {
    "UniqueTagID": "keylime_dye",
    "IsEnabled": "1",
    "DisplayName": "@keylime_dye_name",
    "Description": "@keylime_dye_description",
    "PortraitImage": "LyShineUI/Images/mtx/mtx_product_images/dye88_Portrait_KeyLime.png",
    "LandscapeImage": "LyShineUI/Images/mtx/mtx_product_images/dye88_Rectangle_KeyLime.png",
    "SquareImage": "LyShineUI/Images/mtx/mtx_product_images/dye88_Square_KeyLime.png",
    "ThumbnailImage": "LyShineUI/Images/mtx/mtx_product_images/dye88_Thumbnail_KeyLime.png"
  },
  {
    "UniqueTagID": "forestgreen_dye",
    "IsEnabled": "1",
    "DisplayName": "@forestgreen_dye_name",
    "Description": "@forestgreen_dye_description",
    "PortraitImage": "LyShineUI/Images/mtx/mtx_product_images/dye89_Portrait_ForestGreen.png",
    "LandscapeImage": "LyShineUI/Images/mtx/mtx_product_images/dye89_Rectangle_ForestGreen.png",
    "SquareImage": "LyShineUI/Images/mtx/mtx_product_images/dye89_Square_ForestGreen.png",
    "ThumbnailImage": "LyShineUI/Images/mtx/mtx_product_images/dye89_Thumbnail_ForestGreen.png"
  },
  {
    "UniqueTagID": "mantis_dye",
    "IsEnabled": "1",
    "DisplayName": "@mantis_dye_name",
    "Description": "@mantis_dye_description",
    "PortraitImage": "LyShineUI/Images/mtx/mtx_product_images/dye94_Portrait_Mantis.png",
    "LandscapeImage": "LyShineUI/Images/mtx/mtx_product_images/dye94_Rectangle_Mantis.png",
    "SquareImage": "LyShineUI/Images/mtx/mtx_product_images/dye94_Square_Mantis.png",
    "ThumbnailImage": "LyShineUI/Images/mtx/mtx_product_images/dye94_Thumbnail_Mantis.png"
  },
  {
    "UniqueTagID": "angelicsatin_dye",
    "IsEnabled": "1",
    "DisplayName": "@angelicsatin_dye_name",
    "Description": "@angelicsatin_dye_description",
    "PortraitImage": "LyShineUI/Images/mtx/mtx_product_images/dye100_Portrait_AngelicSatin.png",
    "LandscapeImage": "LyShineUI/Images/mtx/mtx_product_images/dye100_Rectangle_AngelicSatin.png",
    "SquareImage": "LyShineUI/Images/mtx/mtx_product_images/dye100_Square_AngelicSatin.png",
    "ThumbnailImage": "LyShineUI/Images/mtx/mtx_product_images/dye100_Thumbnail_AngelicSatin.png"
  },
  {
    "UniqueTagID": "tradewind_dye",
    "IsEnabled": "1",
    "DisplayName": "@tradewind_dye_name",
    "Description": "@tradewind_dye_description",
    "PortraitImage": "LyShineUI/Images/mtx/mtx_product_images/dye103_Portrait_Tradewind.png",
    "LandscapeImage": "LyShineUI/Images/mtx/mtx_product_images/dye103_Rectangle_Tradewind.png",
    "SquareImage": "LyShineUI/Images/mtx/mtx_product_images/dye103_Square_Tradewind.png",
    "ThumbnailImage": "LyShineUI/Images/mtx/mtx_product_images/dye103_Thumbnail_Tradewind.png"
  },
  {
    "UniqueTagID": "bluedsteel_dye",
    "IsEnabled": "1",
    "DisplayName": "@bluedsteel_dye_name",
    "Description": "@bluedsteel_dye_description",
    "PortraitImage": "LyShineUI/Images/mtx/mtx_product_images/dye109_Portrait_BluedSteel.png",
    "LandscapeImage": "LyShineUI/Images/mtx/mtx_product_images/dye109_Rectangle_BluedSteel.png",
    "SquareImage": "LyShineUI/Images/mtx/mtx_product_images/dye109_Square_BluedSteel.png",
    "ThumbnailImage": "LyShineUI/Images/mtx/mtx_product_images/dye109_Thumbnail_BluedSteel.png"
  },
  {
    "UniqueTagID": "supremesaphire_dye",
    "IsEnabled": "1",
    "DisplayName": "@supremesaphire_dye_name",
    "Description": "@supremesaphire_dye_description",
    "PortraitImage": "LyShineUI/Images/mtx/mtx_product_images/dye112_Portrait_SupremeSaphire.png",
    "LandscapeImage": "LyShineUI/Images/mtx/mtx_product_images/dye112_Rectangle_SupremeSaphire.png",
    "SquareImage": "LyShineUI/Images/mtx/mtx_product_images/dye112_Square_SupremeSaphire.png",
    "ThumbnailImage": "LyShineUI/Images/mtx/mtx_product_images/dye112_Thumbnail_SupremeSaphire.png"
  },
  {
    "UniqueTagID": "fiercecobalt_dye",
    "IsEnabled": "1",
    "DisplayName": "@fiercecobalt_dye_name",
    "Description": "@fiercecobalt_dye_description",
    "PortraitImage": "LyShineUI/Images/mtx/mtx_product_images/dye113_Portrait_FierceCobalt.png",
    "LandscapeImage": "LyShineUI/Images/mtx/mtx_product_images/dye113_Rectangle_FierceCobalt.png",
    "SquareImage": "LyShineUI/Images/mtx/mtx_product_images/dye113_Square_FierceCobalt.png",
    "ThumbnailImage": "LyShineUI/Images/mtx/mtx_product_images/dye113_Thumbnail_FierceCobalt.png"
  },
  {
    "UniqueTagID": "springgrape_dye",
    "IsEnabled": "1",
    "DisplayName": "@springgrape_dye_name",
    "Description": "@springgrape_dye_description",
    "PortraitImage": "LyShineUI/Images/mtx/mtx_product_images/dye117_Portrait_SpringGrape.png",
    "LandscapeImage": "LyShineUI/Images/mtx/mtx_product_images/dye117_Rectangle_SpringGrape.png",
    "SquareImage": "LyShineUI/Images/mtx/mtx_product_images/dye117_Square_SpringGrape.png",
    "ThumbnailImage": "LyShineUI/Images/mtx/mtx_product_images/dye117_Thumbnail_SpringGrape.png"
  },
  {
    "UniqueTagID": "tranquilblossom_dye",
    "IsEnabled": "1",
    "DisplayName": "@tranquilblossom_dye_name",
    "Description": "@tranquilblossom_dye_description",
    "PortraitImage": "LyShineUI/Images/mtx/mtx_product_images/dye121_Portrait_TranquilBlossom.png",
    "LandscapeImage": "LyShineUI/Images/mtx/mtx_product_images/dye121_Rectangle_TranquilBlossom.png",
    "SquareImage": "LyShineUI/Images/mtx/mtx_product_images/dye121_Square_TranquilBlossom.png",
    "ThumbnailImage": "LyShineUI/Images/mtx/mtx_product_images/dye121_Thumbnail_TranquilBlossom.png"
  },
  {
    "UniqueTagID": "deepvelvet_dye",
    "IsEnabled": "1",
    "DisplayName": "@deepvelvet_dye_name",
    "Description": "@deepvelvet_dye_description",
    "PortraitImage": "LyShineUI/Images/mtx/mtx_product_images/dye123_Portrait_DeepVelvet.png",
    "LandscapeImage": "LyShineUI/Images/mtx/mtx_product_images/dye123_Rectangle_DeepVelvet.png",
    "SquareImage": "LyShineUI/Images/mtx/mtx_product_images/dye123_Square_DeepVelvet.png",
    "ThumbnailImage": "LyShineUI/Images/mtx/mtx_product_images/dye123_Thumbnail_DeepVelvet.png"
  },
  {
    "UniqueTagID": "crushedberry_dye",
    "IsEnabled": "1",
    "DisplayName": "@crushedberry_dye_name",
    "Description": "@crushedberry_dye_description",
    "PortraitImage": "LyShineUI/Images/mtx/mtx_product_images/dye124_Portrait_CrushedBerry.png",
    "LandscapeImage": "LyShineUI/Images/mtx/mtx_product_images/dye124_Rectangle_CrushedBerry.png",
    "SquareImage": "LyShineUI/Images/mtx/mtx_product_images/dye124_Square_CrushedBerry.png",
    "ThumbnailImage": "LyShineUI/Images/mtx/mtx_product_images/dye124_Thumbnail_CrushedBerry.png"
  },
  {
    "UniqueTagID": "lavender_dye",
    "IsEnabled": "1",
    "DisplayName": "@lavender_dye_name",
    "Description": "@lavender_dye_description",
    "PortraitImage": "LyShineUI/Images/mtx/mtx_product_images/dye130_Portrait_Lavender.png",
    "LandscapeImage": "LyShineUI/Images/mtx/mtx_product_images/dye130_Rectangle_Lavender.png",
    "SquareImage": "LyShineUI/Images/mtx/mtx_product_images/dye130_Square_Lavender.png",
    "ThumbnailImage": "LyShineUI/Images/mtx/mtx_product_images/dye130_Thumbnail_Lavender.png"
  },
  {
    "UniqueTagID": "twitch_robinhood_emote_blowkiss",
    "IsEnabled": "0",
    "DisplayName": "@twitch_robinhood_emote_blowkiss_name",
    "Description": "@twitch_robinhood_emote_blowkiss_description",
    "PortraitImage": "LyShineUI/Images/mtx/mtx_product_images/emote_Portrait_BlowKiss.png",
    "LandscapeImage": "LyShineUI/Images/mtx/mtx_product_images/emote_Rectangle_BlowKiss.png",
    "SquareImage": "LyShineUI/Images/mtx/mtx_product_images/emote_Square_BlowKiss.png",
    "ThumbnailImage": "LyShineUI/Images/mtx/mtx_product_images/emote_Thumbnail_BlowKiss.png"
  },
  {
    "UniqueTagID": "coin_toss",
    "IsEnabled": "1",
    "DisplayName": "@coin_toss_name",
    "Description": "@coin_toss_description",
    "PortraitImage": "LyShineUI/Images/mtx/mtx_product_images/emote_Portrait_CoinToss.png",
    "LandscapeImage": "LyShineUI/Images/mtx/mtx_product_images/emote_Rectangle_CoinToss.png",
    "SquareImage": "LyShineUI/Images/mtx/mtx_product_images/emote_Square_CoinToss.png",
    "ThumbnailImage": "LyShineUI/Images/mtx/mtx_product_images/emote_Thumbnail_CoinToss.png"
  },
  {
    "UniqueTagID": "applause",
    "IsEnabled": "1",
    "DisplayName": "@applause_name",
    "Description": "@applause_description",
    "PortraitImage": "LyShineUI/Images/mtx/mtx_product_images/emote_Portrait_CourteousApplause.png",
    "LandscapeImage": "LyShineUI/Images/mtx/mtx_product_images/emote_Rectangle_CourteousApplause.png",
    "SquareImage": "LyShineUI/Images/mtx/mtx_product_images/emote_Square_CourteousApplause.png",
    "ThumbnailImage": "LyShineUI/Images/mtx/mtx_product_images/emote_Thumbnail_CourteousApplause.png"
  },
  {
    "UniqueTagID": "twitch_robinhood_emote_fingerwag",
    "IsEnabled": "0",
    "DisplayName": "@twitch_robinhood_emote_fingerwag_name",
    "Description": "@twitch_robinhood_emote_fingerwag_description",
    "PortraitImage": "LyShineUI/Images/mtx/mtx_product_images/emote_Portrait_FingerWag.png",
    "LandscapeImage": "LyShineUI/Images/mtx/mtx_product_images/emote_Rectangle_FingerWag.png",
    "SquareImage": "LyShineUI/Images/mtx/mtx_product_images/emote_Square_FingerWag.png",
    "ThumbnailImage": "LyShineUI/Images/mtx/mtx_product_images/emote_Thumbnail_FingerWag.png"
  },
  {
    "UniqueTagID": "twitch_pirate_emote_piratestance",
    "IsEnabled": "0",
    "DisplayName": "@twitch_pirate_emote_piratestance_name",
    "Description": "@twitch_pirate_emote_piratestance_description",
    "PortraitImage": "LyShineUI/Images/mtx/mtx_product_images/emote_Portrait_PirateStance.png",
    "LandscapeImage": "LyShineUI/Images/mtx/mtx_product_images/emote_Rectangle_PirateStance.png",
    "SquareImage": "LyShineUI/Images/mtx/mtx_product_images/emote_Square_PirateStance.png",
    "ThumbnailImage": "LyShineUI/Images/mtx/mtx_product_images/emote_Thumbnail_PirateStance.png"
  },
  {
    "UniqueTagID": "twitch_pirate_emote_throat",
    "IsEnabled": "0",
    "DisplayName": "@twitch_pirate_emote_throat_name",
    "Description": "@twitch_pirate_emote_throat_description",
    "PortraitImage": "LyShineUI/Images/mtx/mtx_product_images/emote_Portrait_ThroatSlit.png",
    "LandscapeImage": "LyShineUI/Images/mtx/mtx_product_images/emote_Rectangle_ThroatSlit.png",
    "SquareImage": "LyShineUI/Images/mtx/mtx_product_images/emote_Square_ThroatSlit.png",
    "ThumbnailImage": "LyShineUI/Images/mtx/mtx_product_images/emote_Thumbnail_ThroatSlit.png"
  },
  {
    "UniqueTagID": "thumbs",
    "IsEnabled": "1",
    "DisplayName": "@thumbs_name",
    "Description": "@thumbs_description",
    "PortraitImage": "LyShineUI/Images/mtx/mtx_product_images/emote_Portrait_Thumbs.png",
    "LandscapeImage": "LyShineUI/Images/mtx/mtx_product_images/emote_Rectangle_Thumbs.png",
    "SquareImage": "LyShineUI/Images/mtx/mtx_product_images/emote_Square_Thumbs.png",
    "ThumbnailImage": "LyShineUI/Images/mtx/mtx_product_images/emote_Thumbnail_Thumbs.png"
  },
  {
    "UniqueTagID": "dragons_coil",
    "IsEnabled": "1",
    "DisplayName": "@dragons_coil_name",
    "Description": "@dragons_coil_description",
    "PortraitImage": "LyShineUI/Images/mtx/mtx_product_images/shield_Portrait_DragonCoil.png",
    "LandscapeImage": "LyShineUI/Images/mtx/mtx_product_images/shield_Rectangle_DragonCoil.png",
    "SquareImage": "LyShineUI/Images/mtx/mtx_product_images/shield_Square_DragonCoil.png",
    "ThumbnailImage": "LyShineUI/Images/mtx/mtx_product_images/shield_Thumbnail_DragonCoil.png"
  },
  {
    "UniqueTagID": "EntitlementSkin_AnglesDemon_Spear",
    "IsEnabled": "1",
    "DisplayName": "@EntitlementSkin_AnglesDemon_Spear_name",
    "Description": "@EntitlementSkin_AnglesDemon_Spear_description",
    "PortraitImage": "LyShineUI/Images/mtx/mtx_product_images/weapon_Portrait_DivineVengeance.png",
    "LandscapeImage": "LyShineUI/Images/mtx/mtx_product_images/weapon_Rectangle_DivineVengeance.png",
    "SquareImage": "LyShineUI/Images/mtx/mtx_product_images/weapon_Square_DivineVengeance.png",
    "ThumbnailImage": "LyShineUI/Images/mtx/mtx_product_images/weapon_Thumbnail_DivineVengeance.png"
  },
  {
    "UniqueTagID": "EntitlementSkin_AnglesDemon_FireStaff",
    "IsEnabled": "1",
    "DisplayName": "@EntitlementSkin_AnglesDemon_FireStaff_name",
    "Description": "@EntitlementSkin_AnglesDemon_FireStaff_description",
    "PortraitImage": "LyShineUI/Images/mtx/mtx_product_images/weapon_Portrait_FireBrimstone.png",
    "LandscapeImage": "LyShineUI/Images/mtx/mtx_product_images/weapon_Rectangle_FireBrimstone.png",
    "SquareImage": "LyShineUI/Images/mtx/mtx_product_images/weapon_Square_FireBrimstone.png",
    "ThumbnailImage": "LyShineUI/Images/mtx/mtx_product_images/weapon_Thumbnail_FireBrimstone.png"
  },
  {
    "UniqueTagID": "twitch_pirate_weapon_sword",
    "IsEnabled": "0",
    "DisplayName": "@twitch_pirate_weapon_sword_name",
    "Description": "@twitch_pirate_weapon_sword_description",
    "PortraitImage": "LyShineUI/Images/mtx/mtx_product_images/weapon_Portrait_Gravestakes.png",
    "LandscapeImage": "LyShineUI/Images/mtx/mtx_product_images/weapon_Rectangle_Gravestakes.png",
    "SquareImage": "LyShineUI/Images/mtx/mtx_product_images/weapon_Square_Gravestakes.png",
    "ThumbnailImage": "LyShineUI/Images/mtx/mtx_product_images/weapon_Thumbnail_Gravestakes.png"
  },
  {
    "UniqueTagID": "EntitlementSkin_AnglesDemon_LifeStaff",
    "IsEnabled": "1",
    "DisplayName": "@EntitlementSkin_AnglesDemon_LifeStaff_name",
    "Description": "@EntitlementSkin_AnglesDemon_LifeStaff_description",
    "PortraitImage": "LyShineUI/Images/mtx/mtx_product_images/weapon_Portrait_HarmonicRestoration.png",
    "LandscapeImage": "LyShineUI/Images/mtx/mtx_product_images/weapon_Rectangle_HarmonicRestoration.png",
    "SquareImage": "LyShineUI/Images/mtx/mtx_product_images/weapon_Square_HarmonicRestoration.png",
    "ThumbnailImage": "LyShineUI/Images/mtx/mtx_product_images/weapon_Thumbnail_HarmonicRestoration.png"
  },
  {
    "UniqueTagID": "howl_at_dawn",
    "IsEnabled": "1",
    "DisplayName": "@howl_at_dawn_name",
    "Description": "@howl_at_dawn_description",
    "PortraitImage": "LyShineUI/Images/mtx/mtx_product_images/weapon_Portrait_HowlAtDawn.png",
    "LandscapeImage": "LyShineUI/Images/mtx/mtx_product_images/weapon_Rectangle_HowlAtDawn.png",
    "SquareImage": "LyShineUI/Images/mtx/mtx_product_images/weapon_Square_HowlAtDawn.png",
    "ThumbnailImage": "LyShineUI/Images/mtx/mtx_product_images/weapon_Thumbnail_HowlAtDawn.png"
  },
  {
    "UniqueTagID": "twin_wolves",
    "IsEnabled": "1",
    "DisplayName": "@twin_wolves_name",
    "Description": "@twin_wolves_description",
    "PortraitImage": "LyShineUI/Images/mtx/mtx_product_images/weapon_Portrait_TwinWolves.png",
    "LandscapeImage": "LyShineUI/Images/mtx/mtx_product_images/weapon_Rectangle_TwinWolves.png",
    "SquareImage": "LyShineUI/Images/mtx/mtx_product_images/weapon_Square_TwinWolves.png",
    "ThumbnailImage": "LyShineUI/Images/mtx/mtx_product_images/weapon_Thumbnail_TwinWolves.png"
  },
  {
    "UniqueTagID": "silver_dye",
    "IsEnabled": "1",
    "DisplayName": "@silver_dye_name",
    "Description": "@silver_dye_description",
    "PortraitImage": "LyShineUI/Images/mtx/mtx_product_images/dye58_Portrait_Silver.png",
    "LandscapeImage": "LyShineUI/Images/mtx/mtx_product_images/dye58_Rectangle_Silver.png",
    "SquareImage": "LyShineUI/Images/mtx/mtx_product_images/dye58_Square_Silver.png",
    "ThumbnailImage": "LyShineUI/Images/mtx/mtx_product_images/dye58_Thumbnail_Silver.png"
  },
  {
    "UniqueTagID": "Bundle_Starter",
    "IsEnabled": "0",
    "DisplayName": "@Bundle_Starter_name",
    "Description": "@Bundle_Starter_description",
    "PortraitImage": "",
    "LandscapeImage": "",
    "SquareImage": "",
    "ThumbnailImage": ""
  },
  {
    "UniqueTagID": "Bundle_Weapon_Runic",
    "IsEnabled": "0",
    "DisplayName": "@Bundle_Weapon_Runic_name",
    "Description": "@Bundle_Weapon_Runic_description",
    "PortraitImage": "",
    "LandscapeImage": "",
    "SquareImage": "",
    "ThumbnailImage": ""
  },
  {
    "UniqueTagID": "Bundle_Armor_Runic",
    "IsEnabled": "0",
    "DisplayName": "@Bundle_Armor_Runic_name",
    "Description": "@Bundle_Armor_Runic_description",
    "PortraitImage": "",
    "LandscapeImage": "",
    "SquareImage": "",
    "ThumbnailImage": ""
  },
  {
    "UniqueTagID": "Bundle_Weapon_Good_Evil",
    "IsEnabled": "0",
    "DisplayName": "@Bundle_Weapon_Good_Evil_name",
    "Description": "@Bundle_Weapon_Good_Evil_description",
    "PortraitImage": "",
    "LandscapeImage": "",
    "SquareImage": "",
    "ThumbnailImage": ""
  },
  {
    "UniqueTagID": "Bundle_Armor_Good_Evil",
    "IsEnabled": "0",
    "DisplayName": "@Bundle_Armor_Good_Evil_name",
    "Description": "@Bundle_Armor_Good_Evil_description",
    "PortraitImage": "",
    "LandscapeImage": "",
    "SquareImage": "",
    "ThumbnailImage": ""
  },
  {
    "UniqueTagID": "Bundle_Decor_Pirate",
    "IsEnabled": "1",
    "DisplayName": "@Bundle_Decor_Pirate_name",
    "Description": "@Bundle_Decor_Pirate_description",
    "PortraitImage": "LyShineUI/Images/mtx/mtx_product_images/decorSet_Portrait_Pirate.png",
    "LandscapeImage": "LyShineUI/Images/mtx/mtx_product_images/decorSet_Rectangle_Pirate.png",
    "SquareImage": "LyShineUI/Images/mtx/mtx_product_images/decorSet_Square_Pirate.png",
    "ThumbnailImage": "LyShineUI/Images/mtx/mtx_product_images/decorSet_Thumbnail_Pirate.png"
  },
  {
    "UniqueTagID": "Bundle_Emote_Launch",
    "IsEnabled": "0",
    "DisplayName": "@Bundle_Emote_Launch_name",
    "Description": "@Bundle_Emote_Launch_description",
    "PortraitImage": "",
    "LandscapeImage": "",
    "SquareImage": "",
    "ThumbnailImage": ""
  },
  {
    "UniqueTagID": "marks_of_fortune_5000",
    "IsEnabled": "1",
    "DisplayName": "Marks of Fortune",
    "Description": "Marks of Fortune",
    "PortraitImage": "lyshineui/images/mtx/placeholder_mtx_images/placeholder_image02_portrait.png",
    "LandscapeImage": "lyshineui/images/mtx/placeholder_mtx_images/placeholder_image02_rectangle.png",
    "SquareImage": "lyshineui/images/mtx/placeholder_mtx_images/placeholder_image02_square.png",
    "ThumbnailImage": "lyshineui/images/mtx/placeholder_mtx_images/placeholder_image02_thumbnail.png"
  },
  {
    "UniqueTagID": "marks_of_fortune_11000",
    "IsEnabled": "1",
    "DisplayName": "Marks of Fortune",
    "Description": "Marks of Fortune",
    "PortraitImage": "lyshineui/images/mtx/placeholder_mtx_images/placeholder_image10_portrait.png",
    "LandscapeImage": "lyshineui/images/mtx/placeholder_mtx_images/placeholder_image10_rectangle.png",
    "SquareImage": "lyshineui/images/mtx/placeholder_mtx_images/placeholder_image10_square.png",
    "ThumbnailImage": "lyshineui/images/mtx/placeholder_mtx_images/placeholder_image10_thumbnail.png"
  },
  {
    "UniqueTagID": "marks_of_fortune_23000",
    "IsEnabled": "1",
    "DisplayName": "Marks of Fortune",
    "Description": "Marks of Fortune",
    "PortraitImage": "lyshineui/images/mtx/placeholder_mtx_images/placeholder_image11_portrait.png",
    "LandscapeImage": "lyshineui/images/mtx/placeholder_mtx_images/placeholder_image11_rectangle.png",
    "SquareImage": "lyshineui/images/mtx/placeholder_mtx_images/placeholder_image11_square.png",
    "ThumbnailImage": "lyshineui/images/mtx/placeholder_mtx_images/placeholder_image11_thumbnail.png"
  },
  {
    "UniqueTagID": "marks_of_fortune_40250",
    "IsEnabled": "1",
    "DisplayName": "Marks of Fortune",
    "Description": "Marks of Fortune",
    "PortraitImage": "lyshineui/images/mtx/placeholder_mtx_images/placeholder_image12_portrait.png",
    "LandscapeImage": "lyshineui/images/mtx/placeholder_mtx_images/placeholder_image12_rectangle.png",
    "SquareImage": "lyshineui/images/mtx/placeholder_mtx_images/placeholder_image12_square.png",
    "ThumbnailImage": "lyshineui/images/mtx/placeholder_mtx_images/placeholder_image12_thumbnail.png"
  },
  {
    "UniqueTagID": "marks_of_fortune_60000",
    "IsEnabled": "1",
    "DisplayName": "Marks of Fortune",
    "Description": "Marks of Fortune",
    "PortraitImage": "lyshineui/images/mtx/placeholder_mtx_images/placeholder_image12_portrait.png",
    "LandscapeImage": "lyshineui/images/mtx/placeholder_mtx_images/placeholder_image12_rectangle.png",
    "SquareImage": "lyshineui/images/mtx/placeholder_mtx_images/placeholder_image12_square.png",
    "ThumbnailImage": "lyshineui/images/mtx/placeholder_mtx_images/placeholder_image12_thumbnail.png"
  }
]