[
  {
    "ProjectId": "BlacksmithProjectId",
    "Cost": "10000",
    "Level": "1",
    "Icon": "LyShineUI\\Images\\Icons\\Stations\\forge.png",
    "Title": "@ui_upgrade_title_BlacksmithProjectId",
    "ChatNotificationTitle": "@ui_upgrade_titleNoMarkup_BlacksmithProjectId",
    "ButtonLabel": "@ui_upgrade_button_BlacksmithProjectId",
    "Image": "LyShineUI\\Images\\icons\\items\\blueprint\\BlacksmithT4.png",
    "CurrentTier": "2",
    "Description": "@ui_upgrade_desc_BlacksmithProjectId",
    "TerritoryProgressionNeeded": "3000",
    "CompletionTimeMinutes": "1440",
    "PrevLevelProjectId": "",
    "NextLevelProjectId": "BlacksmithProjectId2",
    "ProjectType": "Settlement",
    "DisplayColumn": "Settlement",
    "ProgressionCategory": "Blacksmithing",
    "ProgressionCategoryName": "@blacksmith_station",
    "ProgressionLevel": "1",
    "LifestyleBuffEffectId": "",
    "LifestyleBuffEffectDuration": ""
  },
  {
    "ProjectId": "BlacksmithProjectId2",
    "Cost": "500000",
    "Level": "2",
    "Icon": "LyShineUI\\Images\\Icons\\Stations\\forge.png",
    "Title": "@ui_upgrade_title_BlacksmithProjectId2",
    "ChatNotificationTitle": "@ui_upgrade_titleNoMarkup_BlacksmithProjectId2",
    "ButtonLabel": "@ui_upgrade_button_BlacksmithProjectId2",
    "Image": "LyShineUI\\Images\\icons\\items\\blueprint\\BlacksmithT4.png",
    "CurrentTier": "3",
    "Description": "@ui_upgrade_desc_BlacksmithProjectId2",
    "TerritoryProgressionNeeded": "5000",
    "CompletionTimeMinutes": "1440",
    "PrevLevelProjectId": "BlacksmithProjectId",
    "NextLevelProjectId": "BlacksmithProjectId3",
    "ProjectType": "Settlement",
    "DisplayColumn": "Settlement",
    "ProgressionCategory": "Blacksmithing",
    "ProgressionCategoryName": "@blacksmith_station",
    "ProgressionLevel": "2",
    "LifestyleBuffEffectId": "",
    "LifestyleBuffEffectDuration": ""
  },
  {
    "ProjectId": "BlacksmithProjectId3",
    "Cost": "1000000",
    "Level": "3",
    "Icon": "LyShineUI\\Images\\Icons\\Stations\\forge.png",
    "Title": "@ui_upgrade_title_BlacksmithProjectId3",
    "ChatNotificationTitle": "@ui_upgrade_titleNoMarkup_BlacksmithProjectId3",
    "ButtonLabel": "@ui_upgrade_button_BlacksmithProjectId3",
    "Image": "LyShineUI\\Images\\icons\\items\\blueprint\\BlacksmithT4.png",
    "CurrentTier": "4",
    "Description": "@ui_upgrade_desc_BlacksmithProjectId3",
    "TerritoryProgressionNeeded": "10000",
    "CompletionTimeMinutes": "1440",
    "PrevLevelProjectId": "BlacksmithProjectId2",
    "NextLevelProjectId": "",
    "ProjectType": "Settlement",
    "DisplayColumn": "Settlement",
    "ProgressionCategory": "Blacksmithing",
    "ProgressionCategoryName": "@blacksmith_station",
    "ProgressionLevel": "3",
    "LifestyleBuffEffectId": "",
    "LifestyleBuffEffectDuration": ""
  },
  {
    "ProjectId": "SmeltingProjectId",
    "Cost": "10000",
    "Level": "1",
    "Icon": "LyShineUI\\Images\\Icons\\Stations\\smelter.png",
    "Title": "@ui_upgrade_title_SmeltingProjectId",
    "ChatNotificationTitle": "@ui_upgrade_titleNoMarkup_SmeltingProjectId2",
    "ButtonLabel": "@ui_upgrade_button_SmeltingProjectId",
    "Image": "LyShineUI\\Images\\icons\\items\\blueprint\\SmeltingT3.png",
    "CurrentTier": "3",
    "Description": "@ui_upgrade_desc_SmeltingProjectId",
    "TerritoryProgressionNeeded": "3000",
    "CompletionTimeMinutes": "1440",
    "PrevLevelProjectId": "",
    "NextLevelProjectId": "SmeltingProjectId2",
    "ProjectType": "Settlement",
    "DisplayColumn": "Settlement",
    "ProgressionCategory": "Smelting",
    "ProgressionCategoryName": "@smelting_station",
    "ProgressionLevel": "1",
    "LifestyleBuffEffectId": "",
    "LifestyleBuffEffectDuration": ""
  },
  {
    "ProjectId": "SmeltingProjectId2",
    "Cost": "500000",
    "Level": "2",
    "Icon": "LyShineUI\\Images\\Icons\\Stations\\smelter.png",
    "Title": "@ui_upgrade_title_SmeltingProjectId2",
    "ChatNotificationTitle": "@ui_upgrade_titleNoMarkup_SmeltingProjectId3",
    "ButtonLabel": "@ui_upgrade_button_SmeltingProjectId2",
    "Image": "LyShineUI\\Images\\icons\\items\\blueprint\\SmeltingT3.png",
    "CurrentTier": "4",
    "Description": "@ui_upgrade_desc_SmeltingProjectId2",
    "TerritoryProgressionNeeded": "5000",
    "CompletionTimeMinutes": "1440",
    "PrevLevelProjectId": "SmeltingProjectId",
    "NextLevelProjectId": "",
    "ProjectType": "Settlement",
    "DisplayColumn": "Settlement",
    "ProgressionCategory": "Smelting",
    "ProgressionCategoryName": "@smelting_station",
    "ProgressionLevel": "2",
    "LifestyleBuffEffectId": "",
    "LifestyleBuffEffectDuration": ""
  },
  {
    "ProjectId": "CarpentryProjectId",
    "Cost": "10000",
    "Level": "1",
    "Icon": "LyShineUI\\Images\\Icons\\Stations\\woodshop.png",
    "Title": "@ui_upgrade_title_CarpentryProjectId",
    "ChatNotificationTitle": "@ui_upgrade_titleNoMarkup_CarpentryProjectId2",
    "ButtonLabel": "@ui_upgrade_button_CarpentryProjectId",
    "Image": "LyShineUI\\Images\\icons\\items\\blueprint\\CarpentryT4.png",
    "CurrentTier": "3",
    "Description": "@ui_upgrade_desc_CarpentryProjectId",
    "TerritoryProgressionNeeded": "3000",
    "CompletionTimeMinutes": "1440",
    "PrevLevelProjectId": "",
    "NextLevelProjectId": "CarpentryProjectId2",
    "ProjectType": "Settlement",
    "DisplayColumn": "Settlement",
    "ProgressionCategory": "Carpentry",
    "ProgressionCategoryName": "@carpentry_station",
    "ProgressionLevel": "1",
    "LifestyleBuffEffectId": "",
    "LifestyleBuffEffectDuration": ""
  },
  {
    "ProjectId": "CarpentryProjectId2",
    "Cost": "500000",
    "Level": "2",
    "Icon": "LyShineUI\\Images\\Icons\\Stations\\woodshop.png",
    "Title": "@ui_upgrade_title_CarpentryProjectId2",
    "ChatNotificationTitle": "@ui_upgrade_titleNoMarkup_CarpentryProjectId3",
    "ButtonLabel": "@ui_upgrade_button_CarpentryProjectId2",
    "Image": "LyShineUI\\Images\\icons\\items\\blueprint\\CarpentryT4.png",
    "CurrentTier": "4",
    "Description": "@ui_upgrade_desc_CarpentryProjectId2",
    "TerritoryProgressionNeeded": "5000",
    "CompletionTimeMinutes": "1440",
    "PrevLevelProjectId": "CarpentryProjectId",
    "NextLevelProjectId": "",
    "ProjectType": "Settlement",
    "DisplayColumn": "Settlement",
    "ProgressionCategory": "Carpentry",
    "ProgressionCategoryName": "@carpentry_station",
    "ProgressionLevel": "2",
    "LifestyleBuffEffectId": "",
    "LifestyleBuffEffectDuration": ""
  },
  {
    "ProjectId": "MasonryProjectId",
    "Cost": "10000",
    "Level": "1",
    "Icon": "LyShineUI\\Images\\Icons\\Stations\\mason.png",
    "Title": "@ui_upgrade_title_MasonryProjectId",
    "ChatNotificationTitle": "@ui_upgrade_titleNoMarkup_MasonryProjectId2",
    "ButtonLabel": "@ui_upgrade_button_MasonryProjectId",
    "Image": "LyShineUI\\Images\\icons\\items\\blueprint\\MasonryT3.png",
    "CurrentTier": "3",
    "Description": "@ui_upgrade_desc_MasonryProjectId",
    "TerritoryProgressionNeeded": "3000",
    "CompletionTimeMinutes": "1440",
    "PrevLevelProjectId": "",
    "NextLevelProjectId": "MasonryProjectId2",
    "ProjectType": "Settlement",
    "DisplayColumn": "Settlement",
    "ProgressionCategory": "Masonry",
    "ProgressionCategoryName": "@masonry_station",
    "ProgressionLevel": "1",
    "LifestyleBuffEffectId": "",
    "LifestyleBuffEffectDuration": ""
  },
  {
    "ProjectId": "MasonryProjectId2",
    "Cost": "500000",
    "Level": "2",
    "Icon": "LyShineUI\\Images\\Icons\\Stations\\mason.png",
    "Title": "@ui_upgrade_title_MasonryProjectId2",
    "ChatNotificationTitle": "@ui_upgrade_titleNoMarkup_MasonryProjectId3",
    "ButtonLabel": "@ui_upgrade_button_MasonryProjectId2",
    "Image": "LyShineUI\\Images\\icons\\items\\blueprint\\MasonryT3.png",
    "CurrentTier": "4",
    "Description": "@ui_upgrade_desc_MasonryProjectId2",
    "TerritoryProgressionNeeded": "5000",
    "CompletionTimeMinutes": "1440",
    "PrevLevelProjectId": "MasonryProjectId",
    "NextLevelProjectId": "",
    "ProjectType": "Settlement",
    "DisplayColumn": "Settlement",
    "ProgressionCategory": "Masonry",
    "ProgressionCategoryName": "@masonry_station",
    "ProgressionLevel": "2",
    "LifestyleBuffEffectId": "",
    "LifestyleBuffEffectDuration": ""
  },
  {
    "ProjectId": "WeavingProjectId",
    "Cost": "10000",
    "Level": "1",
    "Icon": "LyShineUI\\Images\\Icons\\Stations\\loom.png",
    "Title": "@ui_upgrade_title_WeavingProjectId",
    "ChatNotificationTitle": "@ui_upgrade_titleNoMarkup_WeavingProjectId2",
    "ButtonLabel": "@ui_upgrade_button_WeavingProjectId",
    "Image": "LyShineUI\\Images\\icons\\items\\blueprint\\WeavingT3.png",
    "CurrentTier": "3",
    "Description": "@ui_upgrade_desc_WeavingProjectId",
    "TerritoryProgressionNeeded": "3000",
    "CompletionTimeMinutes": "1440",
    "PrevLevelProjectId": "",
    "NextLevelProjectId": "WeavingProjectId2",
    "ProjectType": "Settlement",
    "DisplayColumn": "Settlement",
    "ProgressionCategory": "Weaving",
    "ProgressionCategoryName": "@weaving_station",
    "ProgressionLevel": "1",
    "LifestyleBuffEffectId": "",
    "LifestyleBuffEffectDuration": ""
  },
  {
    "ProjectId": "WeavingProjectId2",
    "Cost": "500000",
    "Level": "2",
    "Icon": "LyShineUI\\Images\\Icons\\Stations\\loom.png",
    "Title": "@ui_upgrade_title_WeavingProjectId2",
    "ChatNotificationTitle": "@ui_upgrade_titleNoMarkup_WeavingProjectId3",
    "ButtonLabel": "@ui_upgrade_button_WeavingProjectId2",
    "Image": "LyShineUI\\Images\\icons\\items\\blueprint\\WeavingT3.png",
    "CurrentTier": "4",
    "Description": "@ui_upgrade_desc_WeavingProjectId2",
    "TerritoryProgressionNeeded": "5000",
    "CompletionTimeMinutes": "1440",
    "PrevLevelProjectId": "WeavingProjectId",
    "NextLevelProjectId": "",
    "ProjectType": "Settlement",
    "DisplayColumn": "Settlement",
    "ProgressionCategory": "Weaving",
    "ProgressionCategoryName": "@weaving_station",
    "ProgressionLevel": "2",
    "LifestyleBuffEffectId": "",
    "LifestyleBuffEffectDuration": ""
  },
  {
    "ProjectId": "TanningProjectId",
    "Cost": "10000",
    "Level": "1",
    "Icon": "LyShineUI\\Images\\Icons\\Stations\\tanning.png",
    "Title": "@ui_upgrade_title_TanningProjectId",
    "ChatNotificationTitle": "@ui_upgrade_titleNoMarkup_TanningProjectId2",
    "ButtonLabel": "@ui_upgrade_button_TanningProjectId",
    "Image": "LyShineUI\\Images\\icons\\items\\blueprint\\TanningT3.png",
    "CurrentTier": "3",
    "Description": "@ui_upgrade_desc_TanningProjectId",
    "TerritoryProgressionNeeded": "3000",
    "CompletionTimeMinutes": "1440",
    "PrevLevelProjectId": "",
    "NextLevelProjectId": "TanningProjectId2",
    "ProjectType": "Settlement",
    "DisplayColumn": "Settlement",
    "ProgressionCategory": "Tanning",
    "ProgressionCategoryName": "@tanning_station",
    "ProgressionLevel": "1",
    "LifestyleBuffEffectId": "",
    "LifestyleBuffEffectDuration": ""
  },
  {
    "ProjectId": "TanningProjectId2",
    "Cost": "500000",
    "Level": "2",
    "Icon": "LyShineUI\\Images\\Icons\\Stations\\tanning.png",
    "Title": "@ui_upgrade_title_TanningProjectId2",
    "ChatNotificationTitle": "@ui_upgrade_titleNoMarkup_TanningProjectId3",
    "ButtonLabel": "@ui_upgrade_button_TanningProjectId2",
    "Image": "LyShineUI\\Images\\icons\\items\\blueprint\\TanningT3.png",
    "CurrentTier": "4",
    "Description": "@ui_upgrade_desc_TanningProjectId2",
    "TerritoryProgressionNeeded": "5000",
    "CompletionTimeMinutes": "1440",
    "PrevLevelProjectId": "TanningProjectId",
    "NextLevelProjectId": "",
    "ProjectType": "Settlement",
    "DisplayColumn": "Settlement",
    "ProgressionCategory": "Tanning",
    "ProgressionCategoryName": "@tanning_station",
    "ProgressionLevel": "2",
    "LifestyleBuffEffectId": "",
    "LifestyleBuffEffectDuration": ""
  },
  {
    "ProjectId": "EngineeringProjectId",
    "Cost": "10000",
    "Level": "1",
    "Icon": "LyShineUI\\Images\\Icons\\Stations\\workshop.png",
    "Title": "@ui_upgrade_title_EngineeringProjectId",
    "ChatNotificationTitle": "@ui_upgrade_titleNoMarkup_EngineeringProjectId",
    "ButtonLabel": "@ui_upgrade_button_EngineeringProjectId",
    "Image": "LyShineUI\\Images\\icons\\items\\blueprint\\EngineeringT3.png",
    "CurrentTier": "2",
    "Description": "@ui_upgrade_desc_EngineeringProjectId",
    "TerritoryProgressionNeeded": "3000",
    "CompletionTimeMinutes": "1440",
    "PrevLevelProjectId": "",
    "NextLevelProjectId": "EngineeringProjectId2",
    "ProjectType": "Settlement",
    "DisplayColumn": "Settlement",
    "ProgressionCategory": "Engineering",
    "ProgressionCategoryName": "@engineering_station",
    "ProgressionLevel": "1",
    "LifestyleBuffEffectId": "",
    "LifestyleBuffEffectDuration": ""
  },
  {
    "ProjectId": "EngineeringProjectId2",
    "Cost": "500000",
    "Level": "2",
    "Icon": "LyShineUI\\Images\\Icons\\Stations\\workshop.png",
    "Title": "@ui_upgrade_title_EngineeringProjectId2",
    "ChatNotificationTitle": "@ui_upgrade_titleNoMarkup_EngineeringProjectId2",
    "ButtonLabel": "@ui_upgrade_button_EngineeringProjectId2",
    "Image": "LyShineUI\\Images\\icons\\items\\blueprint\\EngineeringT3.png",
    "CurrentTier": "3",
    "Description": "@ui_upgrade_desc_EngineeringProjectId2",
    "TerritoryProgressionNeeded": "5000",
    "CompletionTimeMinutes": "1440",
    "PrevLevelProjectId": "EngineeringProjectId",
    "NextLevelProjectId": "EngineeringProjectId3",
    "ProjectType": "Settlement",
    "DisplayColumn": "Settlement",
    "ProgressionCategory": "Engineering",
    "ProgressionCategoryName": "@engineering_station",
    "ProgressionLevel": "2",
    "LifestyleBuffEffectId": "",
    "LifestyleBuffEffectDuration": ""
  },
  {
    "ProjectId": "EngineeringProjectId3",
    "Cost": "1000000",
    "Level": "3",
    "Icon": "LyShineUI\\Images\\Icons\\Stations\\workshop.png",
    "Title": "@ui_upgrade_title_EngineeringProjectId3",
    "ChatNotificationTitle": "@ui_upgrade_titleNoMarkup_EngineeringProjectId3",
    "ButtonLabel": "@ui_upgrade_button_EngineeringProjectId3",
    "Image": "LyShineUI\\Images\\icons\\items\\blueprint\\EngineeringT3.png",
    "CurrentTier": "4",
    "Description": "@ui_upgrade_desc_EngineeringProjectId3",
    "TerritoryProgressionNeeded": "10000",
    "CompletionTimeMinutes": "1440",
    "PrevLevelProjectId": "EngineeringProjectId2",
    "NextLevelProjectId": "",
    "ProjectType": "Settlement",
    "DisplayColumn": "Settlement",
    "ProgressionCategory": "Engineering",
    "ProgressionCategoryName": "@engineering_station",
    "ProgressionLevel": "3",
    "LifestyleBuffEffectId": "",
    "LifestyleBuffEffectDuration": ""
  },
  {
    "ProjectId": "OutfittingProjectId",
    "Cost": "10000",
    "Level": "1",
    "Icon": "LyShineUI\\Images\\Icons\\Stations\\tailor.png",
    "Title": "@ui_upgrade_title_OutfittingProjectId",
    "ChatNotificationTitle": "@ui_upgrade_titleNoMarkup_OutfittingProjectId",
    "ButtonLabel": "@ui_upgrade_button_OutfittingProjectId",
    "Image": "LyShineUI\\Images\\icons\\items\\blueprint\\OutfittingT3.png",
    "CurrentTier": "2",
    "Description": "@ui_upgrade_desc_OutfittingProjectId",
    "TerritoryProgressionNeeded": "3000",
    "CompletionTimeMinutes": "1440",
    "PrevLevelProjectId": "",
    "NextLevelProjectId": "OutfittingProjectId2",
    "ProjectType": "Settlement",
    "DisplayColumn": "Settlement",
    "ProgressionCategory": "Outfitting",
    "ProgressionCategoryName": "@outfitting_station",
    "ProgressionLevel": "1",
    "LifestyleBuffEffectId": "",
    "LifestyleBuffEffectDuration": ""
  },
  {
    "ProjectId": "OutfittingProjectId2",
    "Cost": "500000",
    "Level": "2",
    "Icon": "LyShineUI\\Images\\Icons\\Stations\\tailor.png",
    "Title": "@ui_upgrade_title_OutfittingProjectId2",
    "ChatNotificationTitle": "@ui_upgrade_titleNoMarkup_OutfittingProjectId2",
    "ButtonLabel": "@ui_upgrade_button_OutfittingProjectId2",
    "Image": "LyShineUI\\Images\\icons\\items\\blueprint\\OutfittingT3.png",
    "CurrentTier": "3",
    "Description": "@ui_upgrade_desc_OutfittingProjectId2",
    "TerritoryProgressionNeeded": "5000",
    "CompletionTimeMinutes": "1440",
    "PrevLevelProjectId": "OutfittingProjectId",
    "NextLevelProjectId": "OutfittingProjectId3",
    "ProjectType": "Settlement",
    "DisplayColumn": "Settlement",
    "ProgressionCategory": "Outfitting",
    "ProgressionCategoryName": "@outfitting_station",
    "ProgressionLevel": "2",
    "LifestyleBuffEffectId": "",
    "LifestyleBuffEffectDuration": ""
  },
  {
    "ProjectId": "OutfittingProjectId3",
    "Cost": "1000000",
    "Level": "3",
    "Icon": "LyShineUI\\Images\\Icons\\Stations\\tailor.png",
    "Title": "@ui_upgrade_title_OutfittingProjectId3",
    "ChatNotificationTitle": "@ui_upgrade_titleNoMarkup_OutfittingProjectId3",
    "ButtonLabel": "@ui_upgrade_button_OutfittingProjectId3",
    "Image": "LyShineUI\\Images\\icons\\items\\blueprint\\OutfittingT3.png",
    "CurrentTier": "4",
    "Description": "@ui_upgrade_desc_OutfittingProjectId3",
    "TerritoryProgressionNeeded": "10000",
    "CompletionTimeMinutes": "1440",
    "PrevLevelProjectId": "OutfittingProjectId2",
    "NextLevelProjectId": "",
    "ProjectType": "Settlement",
    "DisplayColumn": "Settlement",
    "ProgressionCategory": "Outfitting",
    "ProgressionCategoryName": "@outfitting_station",
    "ProgressionLevel": "3",
    "LifestyleBuffEffectId": "",
    "LifestyleBuffEffectDuration": ""
  },
  {
    "ProjectId": "AlchemistProjectId",
    "Cost": "10000",
    "Level": "1",
    "Icon": "LyShineUI\\Images\\Icons\\Stations\\arcanist.png",
    "Title": "@ui_upgrade_title_AlchemistProjectId",
    "ChatNotificationTitle": "@ui_upgrade_titleNoMarkup_AlchemistProjectId",
    "ButtonLabel": "@ui_upgrade_button_AlchemistProjectId",
    "Image": "LyShineUI\\Images\\icons\\items\\blueprint\\AlchemyT3.png",
    "CurrentTier": "2",
    "Description": "@ui_upgrade_desc_AlchemistProjectId",
    "TerritoryProgressionNeeded": "3000",
    "CompletionTimeMinutes": "1440",
    "PrevLevelProjectId": "",
    "NextLevelProjectId": "AlchemistProjectId2",
    "ProjectType": "Settlement",
    "DisplayColumn": "Settlement",
    "ProgressionCategory": "Alchemy",
    "ProgressionCategoryName": "@alchemy_station",
    "ProgressionLevel": "1",
    "LifestyleBuffEffectId": "",
    "LifestyleBuffEffectDuration": ""
  },
  {
    "ProjectId": "AlchemistProjectId2",
    "Cost": "500000",
    "Level": "2",
    "Icon": "LyShineUI\\Images\\Icons\\Stations\\arcanist.png",
    "Title": "@ui_upgrade_title_AlchemistProjectId2",
    "ChatNotificationTitle": "@ui_upgrade_titleNoMarkup_AlchemistProjectId2",
    "ButtonLabel": "@ui_upgrade_button_AlchemistProjectId2",
    "Image": "LyShineUI\\Images\\icons\\items\\blueprint\\AlchemyT3.png",
    "CurrentTier": "3",
    "Description": "@ui_upgrade_desc_AlchemistProjectId2",
    "TerritoryProgressionNeeded": "5000",
    "CompletionTimeMinutes": "1440",
    "PrevLevelProjectId": "AlchemistProjectId",
    "NextLevelProjectId": "AlchemistProjectId3",
    "ProjectType": "Settlement",
    "DisplayColumn": "Settlement",
    "ProgressionCategory": "Alchemy",
    "ProgressionCategoryName": "@alchemy_station",
    "ProgressionLevel": "2",
    "LifestyleBuffEffectId": "",
    "LifestyleBuffEffectDuration": ""
  },
  {
    "ProjectId": "AlchemistProjectId3",
    "Cost": "1000000",
    "Level": "3",
    "Icon": "LyShineUI\\Images\\Icons\\Stations\\arcanist.png",
    "Title": "@ui_upgrade_title_AlchemistProjectId3",
    "ChatNotificationTitle": "@ui_upgrade_titleNoMarkup_AlchemistProjectId3",
    "ButtonLabel": "@ui_upgrade_button_AlchemistProjectId3",
    "Image": "LyShineUI\\Images\\icons\\items\\blueprint\\AlchemyT3.png",
    "CurrentTier": "4",
    "Description": "@ui_upgrade_desc_AlchemistProjectId3",
    "TerritoryProgressionNeeded": "10000",
    "CompletionTimeMinutes": "1440",
    "PrevLevelProjectId": "AlchemistProjectId2",
    "NextLevelProjectId": "",
    "ProjectType": "Settlement",
    "DisplayColumn": "Settlement",
    "ProgressionCategory": "Alchemy",
    "ProgressionCategoryName": "@alchemy_station",
    "ProgressionLevel": "3",
    "LifestyleBuffEffectId": "",
    "LifestyleBuffEffectDuration": ""
  },
  {
    "ProjectId": "CookingProjectId",
    "Cost": "10000",
    "Level": "1",
    "Icon": "LyShineUI\\Images\\Icons\\Stations\\kitchen.png",
    "Title": "@ui_upgrade_title_CookingProjectId",
    "ChatNotificationTitle": "@ui_upgrade_titleNoMarkup_CookingProjectId",
    "ButtonLabel": "@ui_upgrade_button_CookingProjectId",
    "Image": "LyShineUI\\Images\\icons\\items\\blueprint\\CookingT3.png",
    "CurrentTier": "2",
    "Description": "@ui_upgrade_desc_CookingProjectId",
    "TerritoryProgressionNeeded": "3000",
    "CompletionTimeMinutes": "1440",
    "PrevLevelProjectId": "",
    "NextLevelProjectId": "CookingProjectId2",
    "ProjectType": "Settlement",
    "DisplayColumn": "Settlement",
    "ProgressionCategory": "Cooking",
    "ProgressionCategoryName": "@cooking_station",
    "ProgressionLevel": "1",
    "LifestyleBuffEffectId": "",
    "LifestyleBuffEffectDuration": ""
  },
  {
    "ProjectId": "CookingProjectId2",
    "Cost": "500000",
    "Level": "2",
    "Icon": "LyShineUI\\Images\\Icons\\Stations\\kitchen.png",
    "Title": "@ui_upgrade_title_CookingProjectId2",
    "ChatNotificationTitle": "@ui_upgrade_titleNoMarkup_CookingProjectId2",
    "ButtonLabel": "@ui_upgrade_button_CookingProjectId2",
    "Image": "LyShineUI\\Images\\icons\\items\\blueprint\\CookingT3.png",
    "CurrentTier": "3",
    "Description": "@ui_upgrade_desc_CookingProjectId2",
    "TerritoryProgressionNeeded": "5000",
    "CompletionTimeMinutes": "1440",
    "PrevLevelProjectId": "CookingProjectId",
    "NextLevelProjectId": "CookingProjectId3",
    "ProjectType": "Settlement",
    "DisplayColumn": "Settlement",
    "ProgressionCategory": "Cooking",
    "ProgressionCategoryName": "@cooking_station",
    "ProgressionLevel": "2",
    "LifestyleBuffEffectId": "",
    "LifestyleBuffEffectDuration": ""
  },
  {
    "ProjectId": "CookingProjectId3",
    "Cost": "1000000",
    "Level": "3",
    "Icon": "LyShineUI\\Images\\Icons\\Stations\\kitchen.png",
    "Title": "@ui_upgrade_title_CookingProjectId3",
    "ChatNotificationTitle": "@ui_upgrade_titleNoMarkup_CookingProjectId3",
    "ButtonLabel": "@ui_upgrade_button_CookingProjectId3",
    "Image": "LyShineUI\\Images\\icons\\items\\blueprint\\CookingT3.png",
    "CurrentTier": "4",
    "Description": "@ui_upgrade_desc_CookingProjectId3",
    "TerritoryProgressionNeeded": "10000",
    "CompletionTimeMinutes": "1440",
    "PrevLevelProjectId": "CookingProjectId2",
    "NextLevelProjectId": "",
    "ProjectType": "Settlement",
    "DisplayColumn": "Settlement",
    "ProgressionCategory": "Cooking",
    "ProgressionCategoryName": "@cooking_station",
    "ProgressionLevel": "3",
    "LifestyleBuffEffectId": "",
    "LifestyleBuffEffectDuration": ""
  },
  {
    "ProjectId": "FortGatesProjectId",
    "Cost": "50000",
    "Level": "1",
    "Icon": "LyShineUI\\Images\\Icons\\Territory\\icon_fort_gate.png",
    "Title": "@ui_upgrade_title_FortGatesProjectId",
    "ChatNotificationTitle": "@ui_upgrade_titleNoMarkup_FortGatesProjectId",
    "ButtonLabel": "@ui_upgrade_button_FortGatesProjectId",
    "Image": "LyShineUI\\Images\\Territory\\townProjectImages\\townProject_gate.png",
    "CurrentTier": "1",
    "Description": "@ui_upgrade_desc_FortGatesProjectId",
    "TerritoryProgressionNeeded": "3000",
    "CompletionTimeMinutes": "1440",
    "PrevLevelProjectId": "",
    "NextLevelProjectId": "FortGatesProjectId2",
    "ProjectType": "Fortress",
    "DisplayColumn": "Fortress",
    "ProgressionCategory": "FortGates",
    "ProgressionCategoryName": "@ui_gates",
    "ProgressionLevel": "1",
    "LifestyleBuffEffectId": "",
    "LifestyleBuffEffectDuration": ""
  },
  {
    "ProjectId": "FortGatesProjectId2",
    "Cost": "1000000",
    "Level": "2",
    "Icon": "LyShineUI\\Images\\Icons\\Territory\\icon_fort_gate.png",
    "Title": "@ui_upgrade_title_FortGatesProjectId2",
    "ChatNotificationTitle": "@ui_upgrade_titleNoMarkup_FortGatesProjectId2",
    "ButtonLabel": "@ui_upgrade_button_FortGatesProjectId2",
    "Image": "LyShineUI\\Images\\Territory\\townProjectImages\\townProject_gate.png",
    "CurrentTier": "2",
    "Description": "@ui_upgrade_desc_FortGatesProjectId2",
    "TerritoryProgressionNeeded": "5000",
    "CompletionTimeMinutes": "1440",
    "PrevLevelProjectId": "FortGatesProjectId",
    "NextLevelProjectId": "",
    "ProjectType": "Fortress",
    "DisplayColumn": "Fortress",
    "ProgressionCategory": "FortGates",
    "ProgressionCategoryName": "@ui_gates",
    "ProgressionLevel": "2",
    "LifestyleBuffEffectId": "",
    "LifestyleBuffEffectDuration": ""
  },
  {
    "ProjectId": "FortHardPointsProjectId",
    "Cost": "50000",
    "Level": "1",
    "Icon": "LyShineUI\\Images\\Icons\\Territory\\icon_fort_hardpoint.png",
    "Title": "@ui_upgrade_title_FortHardPointsProjectId",
    "ChatNotificationTitle": "@ui_upgrade_titleNoMarkup_FortHardPointsProjectId",
    "ButtonLabel": "@ui_upgrade_button_FortHardPointsProjectId",
    "Image": "LyShineUI\\Images\\Territory\\townProjectImages\\townProject_hardpoints.png",
    "CurrentTier": "1",
    "Description": "@ui_upgrade_desc_FortHardPointsProjectId",
    "TerritoryProgressionNeeded": "3000",
    "CompletionTimeMinutes": "1440",
    "PrevLevelProjectId": "",
    "NextLevelProjectId": "FortHardPointsProjectId2",
    "ProjectType": "Fortress",
    "DisplayColumn": "Fortress",
    "ProgressionCategory": "FortHardPoints",
    "ProgressionCategoryName": "@ui_hard_points",
    "ProgressionLevel": "1",
    "LifestyleBuffEffectId": "",
    "LifestyleBuffEffectDuration": ""
  },
  {
    "ProjectId": "FortHardPointsProjectId2",
    "Cost": "1000000",
    "Level": "2",
    "Icon": "LyShineUI\\Images\\Icons\\Territory\\icon_fort_hardpoint.png",
    "Title": "@ui_upgrade_title_FortHardPointsProjectId2",
    "ChatNotificationTitle": "@ui_upgrade_titleNoMarkup_FortHardPointsProjectId2",
    "ButtonLabel": "@ui_upgrade_button_FortHardPointsProjectId2",
    "Image": "LyShineUI\\Images\\Territory\\townProjectImages\\townProject_hardpoints.png",
    "CurrentTier": "2",
    "Description": "@ui_upgrade_desc_FortHardPointsProjectId2",
    "TerritoryProgressionNeeded": "5000",
    "CompletionTimeMinutes": "1440",
    "PrevLevelProjectId": "FortHardPointsProjectId",
    "NextLevelProjectId": "",
    "ProjectType": "Fortress",
    "DisplayColumn": "Fortress",
    "ProgressionCategory": "FortHardPoints",
    "ProgressionCategoryName": "@ui_hard_points",
    "ProgressionLevel": "2",
    "LifestyleBuffEffectId": "",
    "LifestyleBuffEffectDuration": ""
  },
  {
    "ProjectId": "BallistaUpgradeProjectId",
    "Cost": "50000",
    "Level": "1",
    "Icon": "LyShineUI\\Images\\Icons\\Territory\\icon_fort_ballista.png",
    "Title": "@ui_upgrade_title_BallistaProjectId",
    "ChatNotificationTitle": "@ui_upgrade_titleNoMarkup_BallistaProjectId",
    "ButtonLabel": "@ui_upgrade_button_BallistaProjectId",
    "Image": "LyShineUI\\Images\\Territory\\townProjectImages\\townProject_ballistaT2.png",
    "CurrentTier": "1",
    "Description": "@ui_upgrade_desc_BallistaProjectId",
    "TerritoryProgressionNeeded": "3000",
    "CompletionTimeMinutes": "1440",
    "PrevLevelProjectId": "",
    "NextLevelProjectId": "BallistaUpgradeProjectId2",
    "ProjectType": "Fortress",
    "DisplayColumn": "Fortress",
    "ProgressionCategory": "BallistaUpgrade",
    "ProgressionCategoryName": "@siege_turret_ballista",
    "ProgressionLevel": "1",
    "LifestyleBuffEffectId": "",
    "LifestyleBuffEffectDuration": ""
  },
  {
    "ProjectId": "BallistaUpgradeProjectId2",
    "Cost": "1000000",
    "Level": "2",
    "Icon": "LyShineUI\\Images\\Icons\\Territory\\icon_fort_ballista.png",
    "Title": "@ui_upgrade_title_BallistaProjectId2",
    "ChatNotificationTitle": "@ui_upgrade_titleNoMarkup_BallistaProjectId2",
    "ButtonLabel": "@ui_upgrade_button_BallistaProjectId2",
    "Image": "LyShineUI\\Images\\Territory\\townProjectImages\\townProject_ballistaT3.png",
    "CurrentTier": "2",
    "Description": "@ui_upgrade_desc_BallistaProjectId2",
    "TerritoryProgressionNeeded": "5000",
    "CompletionTimeMinutes": "1440",
    "PrevLevelProjectId": "BallistaUpgradeProjectId",
    "NextLevelProjectId": "",
    "ProjectType": "Fortress",
    "DisplayColumn": "Fortress",
    "ProgressionCategory": "BallistaUpgrade",
    "ProgressionCategoryName": "@siege_turret_ballista",
    "ProgressionLevel": "2",
    "LifestyleBuffEffectId": "",
    "LifestyleBuffEffectDuration": ""
  },
  {
    "ProjectId": "FireBarrelUpgradeProjectId",
    "Cost": "50000",
    "Level": "1",
    "Icon": "LyShineUI\\Images\\Icons\\Territory\\icon_fort_firebarrel.png",
    "Title": "@ui_upgrade_title_FireBarrelProjectId",
    "ChatNotificationTitle": "@ui_upgrade_titleNoMarkup_FireBarrelProjectId",
    "ButtonLabel": "@ui_upgrade_button_FireBarrelProjectId",
    "Image": "LyShineUI\\Images\\Territory\\townProjectImages\\townProject_firebarrelT2.png",
    "CurrentTier": "1",
    "Description": "@ui_upgrade_desc_FireBarrelProjectId",
    "TerritoryProgressionNeeded": "3000",
    "CompletionTimeMinutes": "1440",
    "PrevLevelProjectId": "",
    "NextLevelProjectId": "FireBarrelUpgradeProjectId2",
    "ProjectType": "Fortress",
    "DisplayColumn": "Fortress",
    "ProgressionCategory": "FireBarrelUpgrade",
    "ProgressionCategoryName": "@siege_turret_firebarrel",
    "ProgressionLevel": "1",
    "LifestyleBuffEffectId": "",
    "LifestyleBuffEffectDuration": ""
  },
  {
    "ProjectId": "FireBarrelUpgradeProjectId2",
    "Cost": "1000000",
    "Level": "2",
    "Icon": "LyShineUI\\Images\\Icons\\Territory\\icon_fort_firebarrel.png",
    "Title": "@ui_upgrade_title_FireBarrelProjectId2",
    "ChatNotificationTitle": "@ui_upgrade_titleNoMarkup_FireBarrelProjectId2",
    "ButtonLabel": "@ui_upgrade_button_FireBarrelProjectId2",
    "Image": "LyShineUI\\Images\\Territory\\townProjectImages\\townProject_firebarrelT3.png",
    "CurrentTier": "2",
    "Description": "@ui_upgrade_desc_FireBarrelProjectId2",
    "TerritoryProgressionNeeded": "5000",
    "CompletionTimeMinutes": "1440",
    "PrevLevelProjectId": "FireBarrelUpgradeProjectId",
    "NextLevelProjectId": "",
    "ProjectType": "Fortress",
    "DisplayColumn": "Fortress",
    "ProgressionCategory": "FireBarrelUpgrade",
    "ProgressionCategoryName": "@siege_turret_firebarrel",
    "ProgressionLevel": "2",
    "LifestyleBuffEffectId": "",
    "LifestyleBuffEffectDuration": ""
  },
  {
    "ProjectId": "RepeaterUpgradeProjectId",
    "Cost": "50000",
    "Level": "1",
    "Icon": "LyShineUI\\Images\\Icons\\Territory\\icon_fort_repeater.png",
    "Title": "@ui_upgrade_title_RepeaterProjectId",
    "ChatNotificationTitle": "@ui_upgrade_titleNoMarkup_RepeaterProjectId",
    "ButtonLabel": "@ui_upgrade_button_RepeaterProjectId",
    "Image": "LyShineUI\\Images\\Territory\\townProjectImages\\townProject_repeaterT2.png",
    "CurrentTier": "1",
    "Description": "@ui_upgrade_desc_RepeaterProjectId",
    "TerritoryProgressionNeeded": "3000",
    "CompletionTimeMinutes": "1440",
    "PrevLevelProjectId": "",
    "NextLevelProjectId": "RepeaterUpgradeProjectId2",
    "ProjectType": "Fortress",
    "DisplayColumn": "Fortress",
    "ProgressionCategory": "RepeaterUpgrade",
    "ProgressionCategoryName": "@siege_turret_repeater",
    "ProgressionLevel": "1",
    "LifestyleBuffEffectId": "",
    "LifestyleBuffEffectDuration": ""
  },
  {
    "ProjectId": "RepeaterUpgradeProjectId2",
    "Cost": "1000000",
    "Level": "2",
    "Icon": "LyShineUI\\Images\\Icons\\Territory\\icon_fort_repeater.png",
    "Title": "@ui_upgrade_title_RepeaterProjectId2",
    "ChatNotificationTitle": "@ui_upgrade_titleNoMarkup_RepeaterProjectId2",
    "ButtonLabel": "@ui_upgrade_button_RepeaterProjectId2",
    "Image": "LyShineUI\\Images\\Territory\\townProjectImages\\townProject_repeaterT3.png",
    "CurrentTier": "2",
    "Description": "@ui_upgrade_desc_RepeaterProjectId2",
    "TerritoryProgressionNeeded": "5000",
    "CompletionTimeMinutes": "1440",
    "PrevLevelProjectId": "RepeaterUpgradeProjectId",
    "NextLevelProjectId": "",
    "ProjectType": "Fortress",
    "DisplayColumn": "Fortress",
    "ProgressionCategory": "RepeaterUpgrade",
    "ProgressionCategoryName": "@siege_turret_repeater",
    "ProgressionLevel": "2",
    "LifestyleBuffEffectId": "",
    "LifestyleBuffEffectDuration": ""
  },
  {
    "ProjectId": "HornUpgradeProjectId",
    "Cost": "50000",
    "Level": "1",
    "Icon": "LyShineUI\\Images\\Icons\\Territory\\icon_fort_horn.png",
    "Title": "@ui_upgrade_title_HornProjectId",
    "ChatNotificationTitle": "@ui_upgrade_titleNoMarkup_HornProjectId",
    "ButtonLabel": "@ui_upgrade_button_HornProjectId",
    "Image": "LyShineUI\\Images\\Territory\\townProjectImages\\townProject_warhornT2.png",
    "CurrentTier": "1",
    "Description": "@ui_upgrade_desc_HornProjectId",
    "TerritoryProgressionNeeded": "3000",
    "CompletionTimeMinutes": "1440",
    "PrevLevelProjectId": "",
    "NextLevelProjectId": "HornUpgradeProjectId2",
    "ProjectType": "Fortress",
    "DisplayColumn": "Fortress",
    "ProgressionCategory": "HornUpgrade",
    "ProgressionCategoryName": "@ui_warhorns",
    "ProgressionLevel": "1",
    "LifestyleBuffEffectId": "",
    "LifestyleBuffEffectDuration": ""
  },
  {
    "ProjectId": "HornUpgradeProjectId2",
    "Cost": "1000000",
    "Level": "2",
    "Icon": "LyShineUI\\Images\\Icons\\Territory\\icon_fort_horn.png",
    "Title": "@ui_upgrade_title_HornProjectId2",
    "ChatNotificationTitle": "@ui_upgrade_titleNoMarkup_HornProjectId2",
    "ButtonLabel": "@ui_upgrade_button_HornProjectId2",
    "Image": "LyShineUI\\Images\\Territory\\townProjectImages\\townProject_warhornT3.png",
    "CurrentTier": "2",
    "Description": "@ui_upgrade_desc_HornProjectId2",
    "TerritoryProgressionNeeded": "5000",
    "CompletionTimeMinutes": "1440",
    "PrevLevelProjectId": "HornUpgradeProjectId",
    "NextLevelProjectId": "",
    "ProjectType": "Fortress",
    "DisplayColumn": "Fortress",
    "ProgressionCategory": "HornUpgrade",
    "ProgressionCategoryName": "@ui_warhorns",
    "ProgressionLevel": "2",
    "LifestyleBuffEffectId": "",
    "LifestyleBuffEffectDuration": ""
  },
  {
    "ProjectId": "ExplosiveUpgradeProjectId",
    "Cost": "50000",
    "Level": "1",
    "Icon": "LyShineUI\\Images\\Icons\\Territory\\icon_fort_explosive.png",
    "Title": "@ui_upgrade_title_ExplosiveProjectId",
    "ChatNotificationTitle": "@ui_upgrade_titleNoMarkup_ExplosiveProjectId",
    "ButtonLabel": "@ui_upgrade_button_ExplosiveProjectId",
    "Image": "LyShineUI\\Images\\Territory\\townProjectImages\\townProject_explosiveLauncherT2.png",
    "CurrentTier": "1",
    "Description": "@ui_upgrade_desc_ExplosiveProjectId",
    "TerritoryProgressionNeeded": "3000",
    "CompletionTimeMinutes": "1440",
    "PrevLevelProjectId": "",
    "NextLevelProjectId": "ExplosiveUpgradeProjectId2",
    "ProjectType": "Fortress",
    "DisplayColumn": "Fortress",
    "ProgressionCategory": "ExplosiveUpgrade",
    "ProgressionCategoryName": "@siege_turret_explosive",
    "ProgressionLevel": "1",
    "LifestyleBuffEffectId": "",
    "LifestyleBuffEffectDuration": ""
  },
  {
    "ProjectId": "ExplosiveUpgradeProjectId2",
    "Cost": "1000000",
    "Level": "2",
    "Icon": "LyShineUI\\Images\\Icons\\Territory\\icon_fort_explosive.png",
    "Title": "@ui_upgrade_title_ExplosiveProjectId2",
    "ChatNotificationTitle": "@ui_upgrade_titleNoMarkup_ExplosiveProjectId2",
    "ButtonLabel": "@ui_upgrade_button_ExplosiveProjectId2",
    "Image": "LyShineUI\\Images\\Territory\\townProjectImages\\townProject_explosiveLauncherT3.png",
    "CurrentTier": "2",
    "Description": "@ui_upgrade_desc_ExplosiveProjectId2",
    "TerritoryProgressionNeeded": "5000",
    "CompletionTimeMinutes": "1440",
    "PrevLevelProjectId": "ExplosiveUpgradeProjectId",
    "NextLevelProjectId": "",
    "ProjectType": "Fortress",
    "DisplayColumn": "Fortress",
    "ProgressionCategory": "ExplosiveUpgrade",
    "ProgressionCategoryName": "@siege_turret_explosive",
    "ProgressionLevel": "2",
    "LifestyleBuffEffectId": "",
    "LifestyleBuffEffectDuration": ""
  },
  {
    "ProjectId": "LumberJackSpiritProjectId",
    "Cost": "250000",
    "Level": "1",
    "Icon": "LyShineUI\\Images\\Icons\\Territory\\icon_lifestyle_logging.png",
    "Title": "@lifestyle_title_LumberJackSpiritProjectId",
    "ChatNotificationTitle": "@lifestyle_title_LumberJackSpiritProjectId",
    "ButtonLabel": "@lifestyle_button_LumberJackSpiritProjectId",
    "Image": "LyShineUI\\Images\\Territory\\townProjectImages\\townProject_loggingBuff.png",
    "CurrentTier": "2",
    "Description": "@lifestyle_desc_LumberJackSpiritProjectId",
    "TerritoryProgressionNeeded": "3500",
    "CompletionTimeMinutes": "1440",
    "PrevLevelProjectId": "",
    "NextLevelProjectId": "",
    "ProjectType": "Lifestyle",
    "DisplayColumn": "Lifestyle",
    "ProgressionCategory": "LumberJackSpirit",
    "ProgressionCategoryName": "@lifestyle_gathering_buff",
    "ProgressionLevel": "1",
    "LifestyleBuffEffectId": "LumberJackSpiritLSB",
    "LifestyleBuffEffectDuration": "4320"
  },
  {
    "ProjectId": "MinersResolveProjectId",
    "Cost": "250000",
    "Level": "1",
    "Icon": "LyShineUI\\Images\\Icons\\Territory\\icon_lifestyle_mining.png",
    "Title": "@lifestyle_title_MinersResolveProjectId",
    "ChatNotificationTitle": "@lifestyle_title_MinersResolveProjectId",
    "ButtonLabel": "@lifestyle_button_MinersResolveProjectId",
    "Image": "LyShineUI\\Images\\Territory\\townProjectImages\\townProject_miningBuff.png",
    "CurrentTier": "2",
    "Description": "@lifestyle_desc_MinersResolveProjectId",
    "TerritoryProgressionNeeded": "3500",
    "CompletionTimeMinutes": "1440",
    "PrevLevelProjectId": "",
    "NextLevelProjectId": "",
    "ProjectType": "Lifestyle",
    "DisplayColumn": "Lifestyle",
    "ProgressionCategory": "MinersResolve",
    "ProgressionCategoryName": "@lifestyle_gathering_buff",
    "ProgressionLevel": "1",
    "LifestyleBuffEffectId": "MinersResolveLSB",
    "LifestyleBuffEffectDuration": "4320"
  },
  {
    "ProjectId": "HuntersBountyProjectId",
    "Cost": "250000",
    "Level": "1",
    "Icon": "LyShineUI\\Images\\Icons\\Territory\\icon_lifestyle_skinning.png",
    "Title": "@lifestyle_title_HuntersBountyProjectId",
    "ChatNotificationTitle": "@lifestyle_title_HuntersBountyProjectId",
    "ButtonLabel": "@lifestyle_button_HuntersBountyProjectId",
    "Image": "LyShineUI\\Images\\Territory\\townProjectImages\\townProject_skinningBuff.png",
    "CurrentTier": "2",
    "Description": "@lifestyle_desc_HuntersBountyProjectId",
    "TerritoryProgressionNeeded": "3500",
    "CompletionTimeMinutes": "1440",
    "PrevLevelProjectId": "",
    "NextLevelProjectId": "",
    "ProjectType": "Lifestyle",
    "DisplayColumn": "Lifestyle",
    "ProgressionCategory": "HuntersBounty",
    "ProgressionCategoryName": "@lifestyle_gathering_buff",
    "ProgressionLevel": "1",
    "LifestyleBuffEffectId": "HuntersBountyLSB",
    "LifestyleBuffEffectDuration": "4320"
  },
  {
    "ProjectId": "FarmersHarvestProjectId",
    "Cost": "250000",
    "Level": "1",
    "Icon": "LyShineUI\\Images\\Icons\\Territory\\icon_lifestyle_farming.png",
    "Title": "@lifestyle_title_FarmersHarvestProjectId",
    "ChatNotificationTitle": "@lifestyle_title_FarmersHarvestProjectId",
    "ButtonLabel": "@lifestyle_button_FarmersHarvestProjectId",
    "Image": "LyShineUI\\Images\\Territory\\townProjectImages\\townProject_farmingBuff.png",
    "CurrentTier": "2",
    "Description": "@lifestyle_desc_FarmersHarvestProjectId",
    "TerritoryProgressionNeeded": "3500",
    "CompletionTimeMinutes": "1440",
    "PrevLevelProjectId": "",
    "NextLevelProjectId": "",
    "ProjectType": "Lifestyle",
    "DisplayColumn": "Lifestyle",
    "ProgressionCategory": "FarmersHarvest",
    "ProgressionCategoryName": "@lifestyle_gathering_buff",
    "ProgressionLevel": "1",
    "LifestyleBuffEffectId": "FarmersHarvestLSB",
    "LifestyleBuffEffectDuration": "4320"
  },
  {
    "ProjectId": "ArcaneBlessingProjectId",
    "Cost": "250000",
    "Level": "1",
    "Icon": "LyShineUI\\Images\\Icons\\Territory\\icon_lifestyle_damage.png",
    "Title": "@lifestyle_title_ArcaneBlessingProjectId",
    "ChatNotificationTitle": "@lifestyle_title_ArcaneBlessingProjectId",
    "ButtonLabel": "@lifestyle_button_ArcaneBlessingProjectId",
    "Image": "LyShineUI\\Images\\Territory\\townProjectImages\\townProject_damageBuff.png",
    "CurrentTier": "2",
    "Description": "@lifestyle_desc_ArcaneBlessingProjectId",
    "TerritoryProgressionNeeded": "3500",
    "CompletionTimeMinutes": "1440",
    "PrevLevelProjectId": "",
    "NextLevelProjectId": "",
    "ProjectType": "Lifestyle",
    "DisplayColumn": "Lifestyle",
    "ProgressionCategory": "ArcaneBlessing",
    "ProgressionCategoryName": "@lifestyle_combat_buff",
    "ProgressionLevel": "1",
    "LifestyleBuffEffectId": "ArcaneBlessingLSB",
    "LifestyleBuffEffectDuration": "4320"
  },
  {
    "ProjectId": "HaleAndHeartyProjectId",
    "Cost": "250000",
    "Level": "1",
    "Icon": "LyShineUI\\Images\\Icons\\Territory\\icon_lifestyle_HP.png",
    "Title": "@lifestyle_title_HaleAndHeartyProjectId",
    "ChatNotificationTitle": "@lifestyle_title_HaleAndHeartyProjectId",
    "ButtonLabel": "@lifestyle_button_HaleAndHeartyProjectId",
    "Image": "LyShineUI\\Images\\Territory\\townProjectImages\\townProject_hpBuff.png",
    "CurrentTier": "2",
    "Description": "@lifestyle_desc_HaleAndHeartyProjectId",
    "TerritoryProgressionNeeded": "3500",
    "CompletionTimeMinutes": "1440",
    "PrevLevelProjectId": "",
    "NextLevelProjectId": "",
    "ProjectType": "Lifestyle",
    "DisplayColumn": "Lifestyle",
    "ProgressionCategory": "HaleAndHearty",
    "ProgressionCategoryName": "@lifestyle_combat_buff",
    "ProgressionLevel": "1",
    "LifestyleBuffEffectId": "HaleandHeartyLSB",
    "LifestyleBuffEffectDuration": "4320"
  },
  {
    "ProjectId": "StalwartProjectId",
    "Cost": "250000",
    "Level": "1",
    "Icon": "LyShineUI\\Images\\Icons\\Territory\\icon_lifestyle_defense.png",
    "Title": "@lifestyle_title_StalwartProjectId",
    "ChatNotificationTitle": "@lifestyle_title_StalwartProjectId",
    "ButtonLabel": "@lifestyle_button_StalwartProjectId",
    "Image": "LyShineUI\\Images\\Territory\\townProjectImages\\townProject_defenseBuff.png",
    "CurrentTier": "2",
    "Description": "@lifestyle_desc_StalwartProjectId",
    "TerritoryProgressionNeeded": "3500",
    "CompletionTimeMinutes": "1440",
    "PrevLevelProjectId": "",
    "NextLevelProjectId": "",
    "ProjectType": "Lifestyle",
    "DisplayColumn": "Lifestyle",
    "ProgressionCategory": "Stalwart",
    "ProgressionCategoryName": "@lifestyle_combat_buff",
    "ProgressionLevel": "1",
    "LifestyleBuffEffectId": "StalwartLSB",
    "LifestyleBuffEffectDuration": "4320"
  },
  {
    "ProjectId": "OutfittersInspirationProjectId",
    "Cost": "250000",
    "Level": "1",
    "Icon": "LyShineUI\\Images\\Icons\\Territory\\icon_lifestyle_outfitting.png",
    "Title": "@lifestyle_title_OutfittersInspirationProjectId",
    "ChatNotificationTitle": "@lifestyle_title_OutfittersInspirationProjectId",
    "ButtonLabel": "@lifestyle_button_OutfittersInspirationProjectId",
    "Image": "LyShineUI\\Images\\Territory\\townProjectImages\\townProject_outfittingBuff.png",
    "CurrentTier": "2",
    "Description": "@lifestyle_desc_OutfittersInspirationProjectId",
    "TerritoryProgressionNeeded": "3500",
    "CompletionTimeMinutes": "1440",
    "PrevLevelProjectId": "",
    "NextLevelProjectId": "",
    "ProjectType": "Lifestyle",
    "DisplayColumn": "Lifestyle",
    "ProgressionCategory": "OutfittersInspiration",
    "ProgressionCategoryName": "@lifestyle_crafting_buff",
    "ProgressionLevel": "1",
    "LifestyleBuffEffectId": "OutfittersInspirationLSB",
    "LifestyleBuffEffectDuration": "4320"
  },
  {
    "ProjectId": "BlacksmithTemperamentProjectId",
    "Cost": "250000",
    "Level": "1",
    "Icon": "LyShineUI\\Images\\Icons\\Territory\\icon_lifestyle_blacksmith.png",
    "Title": "@lifestyle_title_BlacksmithTemperamentProjectId",
    "ChatNotificationTitle": "@lifestyle_title_BlacksmithTemperamentProjectId",
    "ButtonLabel": "@lifestyle_button_BlacksmithTemperamentProjectId",
    "Image": "LyShineUI\\Images\\Territory\\townProjectImages\\townProject_blacksmithBuff.png",
    "CurrentTier": "2",
    "Description": "@lifestyle_desc_BlacksmithTemperamentProjectId",
    "TerritoryProgressionNeeded": "3500",
    "CompletionTimeMinutes": "1440",
    "PrevLevelProjectId": "",
    "NextLevelProjectId": "",
    "ProjectType": "Lifestyle",
    "DisplayColumn": "Lifestyle",
    "ProgressionCategory": "BlacksmithTemperament",
    "ProgressionCategoryName": "@lifestyle_crafting_buff",
    "ProgressionLevel": "1",
    "LifestyleBuffEffectId": "BlacksmithTemperamentLSB",
    "LifestyleBuffEffectDuration": "4320"
  },
  {
    "ProjectId": "ArcaneWisdomProjectId",
    "Cost": "250000",
    "Level": "1",
    "Icon": "LyShineUI\\Images\\Icons\\Territory\\icon_lifestyle_arcane.png",
    "Title": "@lifestyle_title_ArcaneWisdomProjectId",
    "ChatNotificationTitle": "@lifestyle_title_ArcaneWisdomProjectId",
    "ButtonLabel": "@lifestyle_button_ArcaneWisdomProjectId",
    "Image": "LyShineUI\\Images\\Territory\\townProjectImages\\townProject_alchemyBuff.png",
    "CurrentTier": "2",
    "Description": "@lifestyle_desc_ArcaneWisdomProjectId",
    "TerritoryProgressionNeeded": "3500",
    "CompletionTimeMinutes": "1440",
    "PrevLevelProjectId": "",
    "NextLevelProjectId": "",
    "ProjectType": "Lifestyle",
    "DisplayColumn": "Lifestyle",
    "ProgressionCategory": "ArcaneWisdom",
    "ProgressionCategoryName": "@lifestyle_crafting_buff",
    "ProgressionLevel": "1",
    "LifestyleBuffEffectId": "ArcaneWisdomLSB",
    "LifestyleBuffEffectDuration": "4320"
  },
  {
    "ProjectId": "ChefsPassionProjectId",
    "Cost": "250000",
    "Level": "1",
    "Icon": "LyShineUI\\Images\\Icons\\Territory\\icon_lifestyle_cooking.png",
    "Title": "@lifestyle_title_ChefsPassionProjectId",
    "ChatNotificationTitle": "@lifestyle_title_ChefsPassionProjectId",
    "ButtonLabel": "@lifestyle_button_ChefsPassionProjectId",
    "Image": "LyShineUI\\Images\\Territory\\townProjectImages\\townProject_cookingBuff.png",
    "CurrentTier": "2",
    "Description": "@lifestyle_desc_ChefsPassionProjectId",
    "TerritoryProgressionNeeded": "3500",
    "CompletionTimeMinutes": "1440",
    "PrevLevelProjectId": "",
    "NextLevelProjectId": "",
    "ProjectType": "Lifestyle",
    "DisplayColumn": "Lifestyle",
    "ProgressionCategory": "ChefsPassion",
    "ProgressionCategoryName": "@lifestyle_crafting_buff",
    "ProgressionLevel": "1",
    "LifestyleBuffEffectId": "ChefsPassionLSB",
    "LifestyleBuffEffectDuration": "4320"
  },
  {
    "ProjectId": "EngineersPatienceProjectId",
    "Cost": "250000",
    "Level": "1",
    "Icon": "LyShineUI\\Images\\Icons\\Territory\\icon_lifestyle_engineering.png",
    "Title": "@lifestyle_title_EngineersPatienceProjectId",
    "ChatNotificationTitle": "@lifestyle_title_EngineersPatienceProjectId",
    "ButtonLabel": "@lifestyle_button_EngineersPatienceProjectId",
    "Image": "LyShineUI\\Images\\Territory\\townProjectImages\\townProject_engineeringBuff.png",
    "CurrentTier": "2",
    "Description": "@lifestyle_desc_EngineersPatienceProjectId",
    "TerritoryProgressionNeeded": "3500",
    "CompletionTimeMinutes": "1440",
    "PrevLevelProjectId": "",
    "NextLevelProjectId": "",
    "ProjectType": "Lifestyle",
    "DisplayColumn": "Lifestyle",
    "ProgressionCategory": "EngineersPatience",
    "ProgressionCategoryName": "@lifestyle_crafting_buff",
    "ProgressionLevel": "1",
    "LifestyleBuffEffectId": "EngineersPatienceLSB",
    "LifestyleBuffEffectDuration": "4320"
  },
  {
    "ProjectId": "CommunityProjectId",
    "Cost": "0",
    "Level": "1",
    "Icon": "LyShineUI\\Images\\Icons\\Territory\\icon_lifestyle_HP.png",
    "Title": "@ui_AlwaysAvailableProjectId",
    "ChatNotificationTitle": "@ui_AlwaysAvailableProjectId",
    "ButtonLabel": "@ui_upgrade_button_CookingProjectId",
    "Image": "LyShineUI\\Images\\Territory\\townProjectImages\\townProject_hpBuff.png",
    "CurrentTier": "1",
    "Description": "@ui_always_available_projectId",
    "TerritoryProgressionNeeded": "0",
    "CompletionTimeMinutes": "1",
    "PrevLevelProjectId": "",
    "NextLevelProjectId": "",
    "ProjectType": "AlwaysAvailable",
    "DisplayColumn": "AlwaysAvailable",
    "ProgressionCategory": "AlwaysAvailable",
    "ProgressionCategoryName": "@ui_always_available_category",
    "ProgressionLevel": "1",
    "LifestyleBuffEffectId": "",
    "LifestyleBuffEffectDuration": ""
  }
]