[
  {
    "SpellID": "Rapier_Evasion_Spell",
    "StatusEffects": "",
    "StatusEffectDurations": "",
    "Revive": "",
    "Siphon": "",
    "AttachToOwner": "1",
    "StickWhenAttached": "",
    "StoreOffsetWhenStuckToGDE": "",
    "SpawnSecondaryOnElapsed": "",
    "SpawnSecondaryOnCollision": "",
    "EndOnCasterDeath": "1",
    "IgnoreTargetIfAtDeathsDoor": "",
    "IgnoreTargetIfDead": "",
    "UseCameraTargetLock": "",
    "TrackNumInVolume": "",
    "ClearOnExit": "0",
    "ClearOnEnd": "1",
    "ManaCost": "",
    "UseStatusEffectDuration": "1",
    "Duration": "8000",
    "DurationScaling": "",
    "Height": "5",
    "Length": "",
    "Radius": "3",
    "InnerRadius": "",
    "RadiusScaling": "",
    "MaxRadiusScaling": "",
    "CastDistance": "0",
    "CastHeight": "5",
    "CastRadius": "",
    "ConeAngle": "",
    "ConeWidth": "",
    "ChannelTime": "0",
    "ChainDelayDuration": "",
    "MaxChainNum": "",
    "UseChainCasterPaperdoll": "",
    "NumToSpawn": "",
    "NumToSpawnBeforeFail": "",
    "SpawnRate": "",
    "SpawnAngle": "",
    "SecondarySpellProjectileLaunchAngles": "",
    "ScaleWithCharacterBoundingBox": "",
    "ScaleWithDynamicScale": "",
    "TargetTypes": "Friend",
    "SpellTypes": "Ability",
    "CastingTypes": "AoE",
    "HitAiTarget": "",
    "OverrideTargetForAiThreat": "",
    "ShapeTypes": "Sphere",
    "DamageType": "",
    "CheckObstructions": "",
    "IgnoreOverheadCollision": "1",
    "IgnoreStructures": "",
    "IgnoreSelf": "",
    "RangedAttackProfile": "",
    "RangedAttackName": "",
    "FireJointName": "",
    "ProjPosOffsetX": "",
    "ProjPosOffsetY": "",
    "ProjPosOffsetZ": "",
    "ProjRotOffsetX": "",
    "ProjRotOffsetY": "",
    "ProjRotOffsetZ": "",
    "CharRelPosOffsetX": "",
    "CharRelPosOffsetY": "",
    "CharRelPosOffsetZ": "",
    "CharRelRotOffsetX": "",
    "CharRelRotOffsetY": "",
    "CharRelRotOffsetZ": "",
    "ProjRaycastOrientation": "",
    "DamageTable": "",
    "DamageTableRow": "",
    "AbilityId": "",
    "TargetAbilityCondition": "",
    "BeamEffect": "",
    "IndicatorVFX": "",
    "SpellPrefabPath": "Items/Weapons/spell_aoe_leadership",
    "SecondaryPrefabPath": "",
    "SecondarySpellID": "",
    "TertiaryPrefabPath": "",
    "TertiarySpellID": ""
  },
  {
    "SpellID": "Rapier_Evasion_Spell_Mod1",
    "StatusEffects": "Rapier_Evasion_Effect_Mod1",
    "StatusEffectDurations": "",
    "Revive": "",
    "Siphon": "",
    "AttachToOwner": "1",
    "StickWhenAttached": "",
    "StoreOffsetWhenStuckToGDE": "",
    "SpawnSecondaryOnElapsed": "",
    "SpawnSecondaryOnCollision": "",
    "EndOnCasterDeath": "1",
    "IgnoreTargetIfAtDeathsDoor": "",
    "IgnoreTargetIfDead": "",
    "UseCameraTargetLock": "",
    "TrackNumInVolume": "",
    "ClearOnExit": "0",
    "ClearOnEnd": "1",
    "ManaCost": "",
    "UseStatusEffectDuration": "1",
    "Duration": "8000",
    "DurationScaling": "",
    "Height": "5",
    "Length": "",
    "Radius": "3",
    "InnerRadius": "",
    "RadiusScaling": "",
    "MaxRadiusScaling": "",
    "CastDistance": "0",
    "CastHeight": "5",
    "CastRadius": "",
    "ConeAngle": "",
    "ConeWidth": "",
    "ChannelTime": "0",
    "ChainDelayDuration": "",
    "MaxChainNum": "",
    "UseChainCasterPaperdoll": "",
    "NumToSpawn": "",
    "NumToSpawnBeforeFail": "",
    "SpawnRate": "",
    "SpawnAngle": "",
    "SecondarySpellProjectileLaunchAngles": "",
    "ScaleWithCharacterBoundingBox": "",
    "ScaleWithDynamicScale": "",
    "TargetTypes": "Friend",
    "SpellTypes": "Ability",
    "CastingTypes": "AoE",
    "HitAiTarget": "",
    "OverrideTargetForAiThreat": "",
    "ShapeTypes": "Sphere",
    "DamageType": "",
    "CheckObstructions": "",
    "IgnoreOverheadCollision": "1",
    "IgnoreStructures": "",
    "IgnoreSelf": "",
    "RangedAttackProfile": "",
    "RangedAttackName": "",
    "FireJointName": "",
    "ProjPosOffsetX": "",
    "ProjPosOffsetY": "",
    "ProjPosOffsetZ": "",
    "ProjRotOffsetX": "",
    "ProjRotOffsetY": "",
    "ProjRotOffsetZ": "",
    "CharRelPosOffsetX": "",
    "CharRelPosOffsetY": "",
    "CharRelPosOffsetZ": "",
    "CharRelRotOffsetX": "",
    "CharRelRotOffsetY": "",
    "CharRelRotOffsetZ": "",
    "ProjRaycastOrientation": "",
    "DamageTable": "",
    "DamageTableRow": "",
    "AbilityId": "",
    "TargetAbilityCondition": "",
    "BeamEffect": "",
    "IndicatorVFX": "",
    "SpellPrefabPath": "Items/Weapons/spell_aoe_leadership",
    "SecondaryPrefabPath": "",
    "SecondarySpellID": "",
    "TertiaryPrefabPath": "",
    "TertiarySpellID": ""
  },
  {
    "SpellID": "Rapier_Evasion_Spell_Mod2",
    "StatusEffects": "Rapier_Evasion_Effect_Mod2",
    "StatusEffectDurations": "",
    "Revive": "",
    "Siphon": "",
    "AttachToOwner": "1",
    "StickWhenAttached": "",
    "StoreOffsetWhenStuckToGDE": "",
    "SpawnSecondaryOnElapsed": "",
    "SpawnSecondaryOnCollision": "",
    "EndOnCasterDeath": "1",
    "IgnoreTargetIfAtDeathsDoor": "",
    "IgnoreTargetIfDead": "",
    "UseCameraTargetLock": "",
    "TrackNumInVolume": "",
    "ClearOnExit": "0",
    "ClearOnEnd": "1",
    "ManaCost": "",
    "UseStatusEffectDuration": "1",
    "Duration": "8000",
    "DurationScaling": "",
    "Height": "5",
    "Length": "",
    "Radius": "3",
    "InnerRadius": "",
    "RadiusScaling": "",
    "MaxRadiusScaling": "",
    "CastDistance": "0",
    "CastHeight": "5",
    "CastRadius": "",
    "ConeAngle": "",
    "ConeWidth": "",
    "ChannelTime": "0",
    "ChainDelayDuration": "",
    "MaxChainNum": "",
    "UseChainCasterPaperdoll": "",
    "NumToSpawn": "",
    "NumToSpawnBeforeFail": "",
    "SpawnRate": "",
    "SpawnAngle": "",
    "SecondarySpellProjectileLaunchAngles": "",
    "ScaleWithCharacterBoundingBox": "",
    "ScaleWithDynamicScale": "",
    "TargetTypes": "Friend",
    "SpellTypes": "Ability",
    "CastingTypes": "AoE",
    "HitAiTarget": "",
    "OverrideTargetForAiThreat": "",
    "ShapeTypes": "Sphere",
    "DamageType": "",
    "CheckObstructions": "",
    "IgnoreOverheadCollision": "1",
    "IgnoreStructures": "",
    "IgnoreSelf": "",
    "RangedAttackProfile": "",
    "RangedAttackName": "",
    "FireJointName": "",
    "ProjPosOffsetX": "",
    "ProjPosOffsetY": "",
    "ProjPosOffsetZ": "",
    "ProjRotOffsetX": "",
    "ProjRotOffsetY": "",
    "ProjRotOffsetZ": "",
    "CharRelPosOffsetX": "",
    "CharRelPosOffsetY": "",
    "CharRelPosOffsetZ": "",
    "CharRelRotOffsetX": "",
    "CharRelRotOffsetY": "",
    "CharRelRotOffsetZ": "",
    "ProjRaycastOrientation": "",
    "DamageTable": "",
    "DamageTableRow": "",
    "AbilityId": "",
    "TargetAbilityCondition": "",
    "BeamEffect": "",
    "IndicatorVFX": "",
    "SpellPrefabPath": "Items/Weapons/spell_aoe_leadership",
    "SecondaryPrefabPath": "",
    "SecondarySpellID": "",
    "TertiaryPrefabPath": "",
    "TertiarySpellID": ""
  },
  {
    "SpellID": "Rapier_Evasion_Spell_Mod3",
    "StatusEffects": "Rapier_Evasion_Effect_Mod3",
    "StatusEffectDurations": "",
    "Revive": "",
    "Siphon": "",
    "AttachToOwner": "1",
    "StickWhenAttached": "",
    "StoreOffsetWhenStuckToGDE": "",
    "SpawnSecondaryOnElapsed": "",
    "SpawnSecondaryOnCollision": "",
    "EndOnCasterDeath": "1",
    "IgnoreTargetIfAtDeathsDoor": "",
    "IgnoreTargetIfDead": "",
    "UseCameraTargetLock": "",
    "TrackNumInVolume": "",
    "ClearOnExit": "0",
    "ClearOnEnd": "1",
    "ManaCost": "",
    "UseStatusEffectDuration": "1",
    "Duration": "10000",
    "DurationScaling": "",
    "Height": "5",
    "Length": "",
    "Radius": "3",
    "InnerRadius": "",
    "RadiusScaling": "",
    "MaxRadiusScaling": "",
    "CastDistance": "0",
    "CastHeight": "5",
    "CastRadius": "",
    "ConeAngle": "",
    "ConeWidth": "",
    "ChannelTime": "0",
    "ChainDelayDuration": "",
    "MaxChainNum": "",
    "UseChainCasterPaperdoll": "",
    "NumToSpawn": "",
    "NumToSpawnBeforeFail": "",
    "SpawnRate": "",
    "SpawnAngle": "",
    "SecondarySpellProjectileLaunchAngles": "",
    "ScaleWithCharacterBoundingBox": "",
    "ScaleWithDynamicScale": "",
    "TargetTypes": "Friend",
    "SpellTypes": "Ability",
    "CastingTypes": "AoE",
    "HitAiTarget": "",
    "OverrideTargetForAiThreat": "",
    "ShapeTypes": "Sphere",
    "DamageType": "",
    "CheckObstructions": "",
    "IgnoreOverheadCollision": "1",
    "IgnoreStructures": "",
    "IgnoreSelf": "",
    "RangedAttackProfile": "",
    "RangedAttackName": "",
    "FireJointName": "",
    "ProjPosOffsetX": "",
    "ProjPosOffsetY": "",
    "ProjPosOffsetZ": "",
    "ProjRotOffsetX": "",
    "ProjRotOffsetY": "",
    "ProjRotOffsetZ": "",
    "CharRelPosOffsetX": "",
    "CharRelPosOffsetY": "",
    "CharRelPosOffsetZ": "",
    "CharRelRotOffsetX": "",
    "CharRelRotOffsetY": "",
    "CharRelRotOffsetZ": "",
    "ProjRaycastOrientation": "",
    "DamageTable": "",
    "DamageTableRow": "",
    "AbilityId": "",
    "TargetAbilityCondition": "",
    "BeamEffect": "",
    "IndicatorVFX": "",
    "SpellPrefabPath": "Items/Weapons/spell_spawn_rapier_smoke",
    "SecondaryPrefabPath": "",
    "SecondarySpellID": "",
    "TertiaryPrefabPath": "",
    "TertiarySpellID": ""
  },
  {
    "SpellID": "Rapier_Evasion_AllVision_Mod3",
    "StatusEffects": "Rapier_AllVision_Effect_Mod3",
    "StatusEffectDurations": "",
    "Revive": "",
    "Siphon": "",
    "AttachToOwner": "0",
    "StickWhenAttached": "",
    "StoreOffsetWhenStuckToGDE": "",
    "SpawnSecondaryOnElapsed": "",
    "SpawnSecondaryOnCollision": "",
    "EndOnCasterDeath": "1",
    "IgnoreTargetIfAtDeathsDoor": "",
    "IgnoreTargetIfDead": "",
    "UseCameraTargetLock": "",
    "TrackNumInVolume": "",
    "ClearOnExit": "0",
    "ClearOnEnd": "1",
    "ManaCost": "",
    "UseStatusEffectDuration": "1",
    "Duration": "10000",
    "DurationScaling": "",
    "Height": "5",
    "Length": "",
    "Radius": "2",
    "InnerRadius": "",
    "RadiusScaling": "",
    "MaxRadiusScaling": "",
    "CastDistance": "0",
    "CastHeight": "5",
    "CastRadius": "",
    "ConeAngle": "",
    "ConeWidth": "",
    "ChannelTime": "0",
    "ChainDelayDuration": "",
    "MaxChainNum": "",
    "UseChainCasterPaperdoll": "",
    "NumToSpawn": "",
    "NumToSpawnBeforeFail": "",
    "SpawnRate": "",
    "SpawnAngle": "",
    "SecondarySpellProjectileLaunchAngles": "",
    "ScaleWithCharacterBoundingBox": "",
    "ScaleWithDynamicScale": "",
    "TargetTypes": "Group",
    "SpellTypes": "Ability",
    "CastingTypes": "AoE",
    "HitAiTarget": "",
    "OverrideTargetForAiThreat": "",
    "ShapeTypes": "Sphere",
    "DamageType": "",
    "CheckObstructions": "",
    "IgnoreOverheadCollision": "1",
    "IgnoreStructures": "",
    "IgnoreSelf": "",
    "RangedAttackProfile": "",
    "RangedAttackName": "",
    "FireJointName": "",
    "ProjPosOffsetX": "",
    "ProjPosOffsetY": "",
    "ProjPosOffsetZ": "",
    "ProjRotOffsetX": "",
    "ProjRotOffsetY": "",
    "ProjRotOffsetZ": "",
    "CharRelPosOffsetX": "",
    "CharRelPosOffsetY": "",
    "CharRelPosOffsetZ": "",
    "CharRelRotOffsetX": "",
    "CharRelRotOffsetY": "",
    "CharRelRotOffsetZ": "",
    "ProjRaycastOrientation": "",
    "DamageTable": "",
    "DamageTableRow": "",
    "AbilityId": "",
    "TargetAbilityCondition": "",
    "BeamEffect": "",
    "IndicatorVFX": "",
    "SpellPrefabPath": "Items/Weapons/spell_aoe_leadership",
    "SecondaryPrefabPath": "",
    "SecondarySpellID": "",
    "TertiaryPrefabPath": "",
    "TertiarySpellID": ""
  }
]