[
  {
    "DamageID": "KillClearGate",
    "WeaponCategory": "Unarmed",
    "IgnoreInvulnerable": "1",
    "NoReaction": "0",
    "SurfaceImpactEffect": "Bullet",
    "AttackType": "Heavy",
    "DamageType": "Strike",
    "IsRanged": "",
    "StatusEffect": "Dungeon_FallToDeath",
    "EffectOnlyOnDamage": "1",
    "DeflectDamageID": "1",
    "CanCrit": "0",
    "DmgCoef": "1",
    "DmgCoefHead": "1",
    "DmgCoefCrit": "1",
    "PowerLevel": "4",
    "BlockPowerLevel": "4",
    "CritPowerLevel": "4",
    "HitStun": "10",
    "BlockHitStun": "5",
    "CritHitStun": "10",
    "ImpactDistanceX": "0",
    "ImpactDistanceY": "0.5",
    "ImpactDistanceZ": "0",
    "ImpactDecayRate": "0.8",
    "CritImpactDistanceX": "0",
    "CritImpactDistanceY": "0.5",
    "CritImpactDistanceZ": "0",
    "CritImpactDecayRate": "0.8",
    "BlockImpactDistanceX": "0",
    "BlockImpactDistanceY": "8",
    "BlockImpactDistanceZ": "0",
    "BlockImpactDecayRate": "0.8",
    "AddDmg": "0",
    "StaggerDmgModifier": "0.3",
    "CritStaggerDmgModifier": "0.3",
    "StaggerResistModifier": "1",
    "CameraShakeID": "",
    "CritCameraShakeID": "",
    "ImpactRating": "3",
    "BlockStaminaDmgMod": "0.8",
    "BlockAbsorptionModifier": "1",
    "LOSCheckVerticalAngleOffset": "0.5",
    "stunBreakoutIncrementer": ""
  },
  {
    "DamageID": "CloseGate",
    "WeaponCategory": "Unarmed",
    "IgnoreInvulnerable": "1",
    "NoReaction": "0",
    "SurfaceImpactEffect": "Bullet",
    "AttackType": "Heavy",
    "DamageType": "Strike",
    "IsRanged": "",
    "StatusEffect": "",
    "EffectOnlyOnDamage": "",
    "DeflectDamageID": "1",
    "CanCrit": "0",
    "DmgCoef": "1",
    "DmgCoefHead": "1",
    "DmgCoefCrit": "1",
    "PowerLevel": "4",
    "BlockPowerLevel": "4",
    "CritPowerLevel": "4",
    "HitStun": "10",
    "BlockHitStun": "5",
    "CritHitStun": "10",
    "ImpactDistanceX": "0",
    "ImpactDistanceY": "2",
    "ImpactDistanceZ": "0",
    "ImpactDecayRate": "0.8",
    "CritImpactDistanceX": "0",
    "CritImpactDistanceY": "2",
    "CritImpactDistanceZ": "0",
    "CritImpactDecayRate": "0.8",
    "BlockImpactDistanceX": "0",
    "BlockImpactDistanceY": "8",
    "BlockImpactDistanceZ": "0",
    "BlockImpactDecayRate": "0.8",
    "AddDmg": "0",
    "StaggerDmgModifier": "0.3",
    "CritStaggerDmgModifier": "0.3",
    "StaggerResistModifier": "1",
    "CameraShakeID": "Small",
    "CritCameraShakeID": "Small",
    "ImpactRating": "3",
    "BlockStaminaDmgMod": "0.8",
    "BlockAbsorptionModifier": "1",
    "LOSCheckVerticalAngleOffset": "0.5",
    "stunBreakoutIncrementer": ""
  }
]