[
  {
    "ItemSoundID": "default",
    "Sheathe": "Play_Sheathe_1H_Axe_T1",
    "Unsheathe": "Play_Unsheathe_1H_Axe_T1",
    "SheatheFLY": "",
    "UnsheatheFLY": "",
    "Defense": "Play_1H_Melee_Block"
  },
  {
    "ItemSoundID": "1H_Axe",
    "Sheathe": "Play_Sheathe_1H_Axe_T1",
    "Unsheathe": "Play_Unsheathe_1H_Axe_T1",
    "SheatheFLY": "",
    "UnsheatheFLY": "",
    "Defense": "Play_1H_Melee_Block"
  },
  {
    "ItemSoundID": "1H_Axe_Proficient",
    "Sheathe": "",
    "Unsheathe": "Play_Unsheathe_1H_Axe_T2",
    "SheatheFLY": "",
    "UnsheatheFLY": "",
    "Defense": "Play_1H_Melee_Block"
  },
  {
    "ItemSoundID": "1H_Club",
    "Sheathe": "Play_Sheathe_1H_Club_T1",
    "Unsheathe": "Play_Unsheathe_1H_Club_T1",
    "SheatheFLY": "",
    "UnsheatheFLY": "",
    "Defense": "Play_1H_Melee_Block"
  },
  {
    "ItemSoundID": "1H_Club_Proficient",
    "Sheathe": "",
    "Unsheathe": "Play_Unsheathe_1H_Club_T2",
    "SheatheFLY": "",
    "UnsheatheFLY": "",
    "Defense": "Play_1H_Melee_Block"
  },
  {
    "ItemSoundID": "1H_Knife",
    "Sheathe": "Play_Sheathe_1H_Knife_T1",
    "Unsheathe": "Play_Unsheathe_1H_Knife_T1",
    "SheatheFLY": "",
    "UnsheatheFLY": "",
    "Defense": "Play_1H_Melee_Block"
  },
  {
    "ItemSoundID": "1H_Knife_Proficient",
    "Sheathe": "",
    "Unsheathe": "Play_Unsheathe_1H_Knife_T2",
    "SheatheFLY": "",
    "UnsheatheFLY": "",
    "Defense": "Play_1H_Melee_Block"
  },
  {
    "ItemSoundID": "1H_Melee_Default",
    "Sheathe": "Play_Sheathe_1H_Axe_T1",
    "Unsheathe": "Play_Unsheathe_1H_Axe_T1",
    "SheatheFLY": "",
    "UnsheatheFLY": "",
    "Defense": "Play_1H_Melee_Block"
  },
  {
    "ItemSoundID": "1H_Melee_Default_Proficient",
    "Sheathe": "",
    "Unsheathe": "Play_Unsheathe_1H_Axe_T2",
    "SheatheFLY": "",
    "UnsheatheFLY": "",
    "Defense": "Play_1H_Melee_Block"
  },
  {
    "ItemSoundID": "1H_Pick",
    "Sheathe": "Play_Sheathe_1H_Pick_T1",
    "Unsheathe": "Play_Unsheathe_1H_Pick_T1",
    "SheatheFLY": "",
    "UnsheatheFLY": "",
    "Defense": "Play_1H_Melee_Block"
  },
  {
    "ItemSoundID": "1H_Pistol",
    "Sheathe": "Play_Sheathe_1H_Pistol_T1",
    "Unsheathe": "Play_Unsheathe_1H_Pistol_T1",
    "SheatheFLY": "",
    "UnsheatheFLY": "",
    "Defense": "Play_1H_Melee_Block"
  },
  {
    "ItemSoundID": "1H_Pistol_Proficient",
    "Sheathe": "Play_Sheathe_1H_Pistol_T2",
    "Unsheathe": "Play_Unsheathe_1H_Pistol_T2",
    "SheatheFLY": "",
    "UnsheatheFLY": "",
    "Defense": "Play_1H_Melee_Block"
  },
  {
    "ItemSoundID": "1H_Rapier",
    "Sheathe": "Play_Sheathe_1H_Rapier",
    "Unsheathe": "Play_Unsheathe_1H_Rapier",
    "SheatheFLY": "",
    "UnsheatheFLY": "",
    "Defense": "Play_1H_Melee_Block"
  },
  {
    "ItemSoundID": "1H_Rapier_Proficient",
    "Sheathe": "",
    "Unsheathe": "Play_Unsheathe_1H_Sword_T2",
    "SheatheFLY": "",
    "UnsheatheFLY": "",
    "Defense": "Play_1H_Melee_Block"
  },
  {
    "ItemSoundID": "1H_ShieldA_metal",
    "Sheathe": "Play_1H_ShieldA_Metal_Sheathe",
    "Unsheathe": "Play_1H_ShieldA_Metal_Unsheathe",
    "SheatheFLY": "Play_1H_ShieldA_Metal_FLY_Sheathed",
    "UnsheatheFLY": "Play_1H_ShieldA_Metal_FLY_Unsheathed",
    "Defense": "Play_1H_ShieldA_Metal_Defense"
  },
  {
    "ItemSoundID": "1H_ShieldA_wood",
    "Sheathe": "Play_1H_ShieldA_Wood_Sheathe",
    "Unsheathe": "Play_1H_ShieldA_Wood_Unsheathe",
    "SheatheFLY": "Play_1H_ShieldA_Wood_FLY_Sheathed",
    "UnsheatheFLY": "Play_1H_ShieldA_Wood_FLY_Unsheathed",
    "Defense": "Play_1H_ShieldA_Wood_Defense"
  },
  {
    "ItemSoundID": "1H_Sickle",
    "Sheathe": "Play_Sheathe_1H_Sickle_T1",
    "Unsheathe": "Play_Unsheathe_1H_Sickle_T1",
    "SheatheFLY": "",
    "UnsheatheFLY": "",
    "Defense": "Play_1H_Melee_Block"
  },
  {
    "ItemSoundID": "1H_Sword",
    "Sheathe": "Play_Sheathe_1H_Sword_T1",
    "Unsheathe": "Play_Unsheathe_1H_Sword_T1",
    "SheatheFLY": "",
    "UnsheatheFLY": "",
    "Defense": "Play_1H_Melee_Block"
  },
  {
    "ItemSoundID": "1H_Sword_Proficient",
    "Sheathe": "",
    "Unsheathe": "Play_Unsheathe_1H_Sword_T2",
    "SheatheFLY": "",
    "UnsheatheFLY": "",
    "Defense": "Play_1H_Melee_Block"
  },
  {
    "ItemSoundID": "1H_Torch",
    "Sheathe": "Play_Sheathe_1H_Torch_T1",
    "Unsheathe": "Play_Unsheathe_1H_Torch_T1",
    "SheatheFLY": "",
    "UnsheatheFLY": "",
    "Defense": "Play_1H_Melee_Block"
  },
  {
    "ItemSoundID": "2H_Axe",
    "Sheathe": "Play_Sheathe_2H_Axe_T1",
    "Unsheathe": "Play_Unsheathe_2H_Axe_T1",
    "SheatheFLY": "",
    "UnsheatheFLY": "",
    "Defense": "Play_1H_Melee_Block"
  },
  {
    "ItemSoundID": "2H_Axe_Proficient",
    "Sheathe": "",
    "Unsheathe": "Play_Unsheathe_2H_Axe_T2",
    "SheatheFLY": "",
    "UnsheatheFLY": "",
    "Defense": "Play_1H_Melee_Block"
  },
  {
    "ItemSoundID": "2H_Bow",
    "Sheathe": "Play_Sheathe_2H_Bow_T1",
    "Unsheathe": "Play_Unsheathe_2H_Bow_T1",
    "SheatheFLY": "",
    "UnsheatheFLY": "",
    "Defense": "Play_1H_Melee_Block"
  },
  {
    "ItemSoundID": "2H_Club",
    "Sheathe": "Play_Sheathe_2H_Club_T1",
    "Unsheathe": "Play_Unsheathe_2H_Club_T1",
    "SheatheFLY": "",
    "UnsheatheFLY": "",
    "Defense": "Play_1H_Melee_Block"
  },
  {
    "ItemSoundID": "2H_Club_Proficient",
    "Sheathe": "",
    "Unsheathe": "Play_Unsheathe_2H_Club_T2",
    "SheatheFLY": "",
    "UnsheatheFLY": "",
    "Defense": "Play_1H_Melee_Block"
  },
  {
    "ItemSoundID": "2H_GreatAxe",
    "Sheathe": "Play_Sheathe_2H_GreatAxe_T1",
    "Unsheathe": "Play_Unsheathe_2H_GreatAxe_T1",
    "SheatheFLY": "",
    "UnsheatheFLY": "",
    "Defense": "Play_1H_Melee_Block"
  },
  {
    "ItemSoundID": "2H_GreatAxe_Proficient",
    "Sheathe": "",
    "Unsheathe": "Play_Unsheathe_2H_GreatAxe_T2",
    "SheatheFLY": "",
    "UnsheatheFLY": "",
    "Defense": "Play_1H_Melee_Block"
  },
  {
    "ItemSoundID": "2H_Melee_Default",
    "Sheathe": "Play_Sheathe_2H_Axe_T1",
    "Unsheathe": "Play_Unsheathe_2H_Axe_T1",
    "SheatheFLY": "",
    "UnsheatheFLY": "",
    "Defense": "Play_1H_Melee_Block"
  },
  {
    "ItemSoundID": "2H_Melee_Default_Proficient",
    "Sheathe": "",
    "Unsheathe": "Play_Unsheathe_2H_Axe_T2",
    "SheatheFLY": "",
    "UnsheatheFLY": "",
    "Defense": "Play_1H_Melee_Block"
  },
  {
    "ItemSoundID": "2H_Pick",
    "Sheathe": "Play_Sheathe_2H_Pick_T1",
    "Unsheathe": "Play_Unsheathe_2H_Pick_T1",
    "SheatheFLY": "",
    "UnsheatheFLY": "",
    "Defense": "Play_1H_Melee_Block"
  },
  {
    "ItemSoundID": "2H_Rifle",
    "Sheathe": "Play_Sheathe_2H_Musket_T1",
    "Unsheathe": "Play_Unsheathe_2H_Musket_T1",
    "SheatheFLY": "",
    "UnsheatheFLY": "",
    "Defense": "Play_1H_Melee_Block"
  },
  {
    "ItemSoundID": "2H_Spear",
    "Sheathe": "Play_Sheathe_2H_Spear_T1",
    "Unsheathe": "Play_Unsheathe_2H_Spear_T1",
    "SheatheFLY": "",
    "UnsheatheFLY": "",
    "Defense": "Play_1H_Melee_Block"
  },
  {
    "ItemSoundID": "2H_Spear_Proficient",
    "Sheathe": "",
    "Unsheathe": "Play_Unsheathe_2H_Spear_T2",
    "SheatheFLY": "",
    "UnsheatheFLY": "",
    "Defense": "Play_1H_Melee_Block"
  },
  {
    "ItemSoundID": "2H_WarHammer",
    "Sheathe": "Play_Sheathe_2H_WarHammer_T1",
    "Unsheathe": "Play_Unsheathe_2H_WarHammer_T1",
    "SheatheFLY": "",
    "UnsheatheFLY": "",
    "Defense": "Play_1H_Melee_Block"
  },
  {
    "ItemSoundID": "2H_WarHammer_Proficient",
    "Sheathe": "",
    "Unsheathe": "Play_Unsheathe_2H_WarHammer_T2",
    "SheatheFLY": "",
    "UnsheatheFLY": "",
    "Defense": "Play_1H_Melee_Block"
  },
  {
    "ItemSoundID": "MagicStaff",
    "Sheathe": "Play_Sheathe_2H_WarHammer_T1",
    "Unsheathe": "Play_Unsheathe_2H_WarHammer_T2",
    "SheatheFLY": "",
    "UnsheatheFLY": "",
    "Defense": "Play_1H_Melee_Block"
  },
  {
    "ItemSoundID": "MagicStaff_Life",
    "Sheathe": "Play_Sheathe_2H_StaffLife_T1",
    "Unsheathe": "Play_Unsheathe_2H_StaffLife_T1",
    "SheatheFLY": "",
    "UnsheatheFLY": "",
    "Defense": "Play_1H_Melee_Block"
  }
]