[
  {
    "Modifiers": "Boss",
    "Experience": "5",
    "Currency": "1.5",
    "TerritoryStanding": "150",
    "Azoth": "1",
    "LootDropModifier": "1",
    "FactionReputationModifier": "",
    "FactionTokenModifier": "",
    "Notes": "??",
    "Found in": "Flags on vitals"
  },
  {
    "Modifiers": "Critter",
    "Experience": "0",
    "Currency": "0",
    "TerritoryStanding": "0",
    "Azoth": "0",
    "LootDropModifier": "1",
    "FactionReputationModifier": "",
    "FactionTokenModifier": "",
    "Notes": "Turkeys",
    "Found in": "Flags on vitals"
  },
  {
    "Modifiers": "Darkness",
    "Experience": "0.5",
    "Currency": "0",
    "TerritoryStanding": "0",
    "Azoth": "0",
    "LootDropModifier": "1",
    "FactionReputationModifier": "",
    "FactionTokenModifier": "",
    "Notes": "Creatures from darkness even",
    "Found in": "Flags on vitals"
  },
  {
    "Modifiers": "Elite",
    "Experience": "3",
    "Currency": "1.35",
    "TerritoryStanding": "35",
    "Azoth": "1",
    "LootDropModifier": "1",
    "FactionReputationModifier": "",
    "FactionTokenModifier": "",
    "Notes": "Gold creatures (elite POI's)",
    "Found in": "Flags on vitals"
  },
  {
    "Modifiers": "Elite-",
    "Experience": "2.25",
    "Currency": "1.35",
    "TerritoryStanding": "35",
    "Azoth": "1",
    "LootDropModifier": "1",
    "FactionReputationModifier": "",
    "FactionTokenModifier": "",
    "Notes": "swarming",
    "Found in": "Flags on vitals"
  },
  {
    "Modifiers": "Elite+",
    "Experience": "4",
    "Currency": "1.35",
    "TerritoryStanding": "35",
    "Azoth": "1",
    "LootDropModifier": "1",
    "FactionReputationModifier": "",
    "FactionTokenModifier": "",
    "Notes": "captian",
    "Found in": "Flags on vitals"
  },
  {
    "Modifiers": "EliteMiniBoss",
    "Experience": "5",
    "Currency": "1.5",
    "TerritoryStanding": "150",
    "Azoth": "1",
    "LootDropModifier": "1",
    "FactionReputationModifier": "",
    "FactionTokenModifier": "",
    "Notes": "Elite POI Mini boss",
    "Found in": "Flags on vitals"
  },
  {
    "Modifiers": "EliteBoss",
    "Experience": "10",
    "Currency": "1.5",
    "TerritoryStanding": "150",
    "Azoth": "1",
    "LootDropModifier": "1",
    "FactionReputationModifier": "",
    "FactionTokenModifier": "",
    "Notes": "Big boss of area",
    "Found in": "Flags on vitals"
  },
  {
    "Modifiers": "Solo",
    "Experience": "1",
    "Currency": "1",
    "TerritoryStanding": "5",
    "Azoth": "1",
    "LootDropModifier": "1",
    "FactionReputationModifier": "",
    "FactionTokenModifier": "",
    "Notes": "Base creature",
    "Found in": "Flags on vitals"
  },
  {
    "Modifiers": "Solo-",
    "Experience": "0.5",
    "Currency": "0.5",
    "TerritoryStanding": "2",
    "Azoth": "1",
    "LootDropModifier": "1",
    "FactionReputationModifier": "",
    "FactionTokenModifier": "",
    "Notes": "swarmer creatures",
    "Found in": "Flags on vitals"
  },
  {
    "Modifiers": "Solo+",
    "Experience": "2",
    "Currency": "1.1499999999999999",
    "TerritoryStanding": "15",
    "Azoth": "1",
    "LootDropModifier": "1",
    "FactionReputationModifier": "",
    "FactionTokenModifier": "",
    "Notes": "Silver",
    "Found in": "Flags on vitals"
  },
  {
    "Modifiers": "Named_Solo+",
    "Experience": "2",
    "Currency": "1.1499999999999999",
    "TerritoryStanding": "15",
    "Azoth": "1",
    "LootDropModifier": "1",
    "FactionReputationModifier": "",
    "FactionTokenModifier": "",
    "Notes": "Sliver",
    "Found in": "Flags on vitals"
  },
  {
    "Modifiers": "Arena",
    "Experience": "5",
    "Currency": "7",
    "TerritoryStanding": "250",
    "Azoth": "4",
    "LootDropModifier": "1",
    "FactionReputationModifier": "",
    "FactionTokenModifier": "",
    "Notes": "Spriggen Event",
    "Found in": "Flags on vitals"
  },
  {
    "Modifiers": "DarknessMajor",
    "Experience": "1.25",
    "Currency": "1.5",
    "TerritoryStanding": "375",
    "Azoth": "4",
    "LootDropModifier": "1",
    "FactionReputationModifier": "",
    "FactionTokenModifier": "",
    "Notes": "Quests",
    "Found in": "Flags on Quests (not hooked up)"
  },
  {
    "Modifiers": "DarknessMinor",
    "Experience": "0.35",
    "Currency": "0.25",
    "TerritoryStanding": "250",
    "Azoth": "2",
    "LootDropModifier": "1",
    "FactionReputationModifier": "",
    "FactionTokenModifier": "",
    "Notes": "Quests",
    "Found in": "Flags on Quests (not hooked up)"
  },
  {
    "Modifiers": "Mission",
    "Experience": "1.5",
    "Currency": "1",
    "TerritoryStanding": "250",
    "Azoth": "0",
    "LootDropModifier": "1",
    "FactionReputationModifier": "",
    "FactionTokenModifier": "",
    "Notes": "Quests",
    "Found in": "Flags on Quests (not hooked up)"
  },
  {
    "Modifiers": "Mission-",
    "Experience": "0.75",
    "Currency": "0.5",
    "TerritoryStanding": "125",
    "Azoth": "0",
    "LootDropModifier": "1",
    "FactionReputationModifier": "",
    "FactionTokenModifier": "",
    "Notes": "Quests",
    "Found in": "Flags on Quests (not hooked up)"
  },
  {
    "Modifiers": "Mission+",
    "Experience": "2",
    "Currency": "1.5",
    "TerritoryStanding": "375",
    "Azoth": "0",
    "LootDropModifier": "1",
    "FactionReputationModifier": "",
    "FactionTokenModifier": "",
    "Notes": "Quests",
    "Found in": "Flags on Quests (not hooked up)"
  },
  {
    "Modifiers": "MissionPvP",
    "Experience": "1.8",
    "Currency": "1.1499999999999999",
    "TerritoryStanding": "40",
    "Azoth": "0",
    "LootDropModifier": "1",
    "FactionReputationModifier": "",
    "FactionTokenModifier": "",
    "Notes": "Quests",
    "Found in": "Flags on Quests (not hooked up)"
  },
  {
    "Modifiers": "MissionPvP-",
    "Experience": "0.9",
    "Currency": "0.55000000000000004",
    "TerritoryStanding": "15",
    "Azoth": "0",
    "LootDropModifier": "1",
    "FactionReputationModifier": "",
    "FactionTokenModifier": "",
    "Notes": "Quests",
    "Found in": "Flags on Quests (not hooked up)"
  },
  {
    "Modifiers": "MissionPvP+",
    "Experience": "2.25",
    "Currency": "1.75",
    "TerritoryStanding": "75",
    "Azoth": "0",
    "LootDropModifier": "1",
    "FactionReputationModifier": "",
    "FactionTokenModifier": "",
    "Notes": "Quests",
    "Found in": "Flags on Quests (not hooked up)"
  },
  {
    "Modifiers": "Project",
    "Experience": "0.5",
    "Currency": "0.5",
    "TerritoryStanding": "500",
    "Azoth": "0",
    "LootDropModifier": "1",
    "FactionReputationModifier": "",
    "FactionTokenModifier": "",
    "Notes": "Quests",
    "Found in": "Flags on Quests (not hooked up)"
  },
  {
    "Modifiers": "Project-",
    "Experience": "0.25",
    "Currency": "0.25",
    "TerritoryStanding": "250",
    "Azoth": "0",
    "LootDropModifier": "1",
    "FactionReputationModifier": "",
    "FactionTokenModifier": "",
    "Notes": "Quests",
    "Found in": "Flags on Quests (not hooked up)"
  },
  {
    "Modifiers": "Project+",
    "Experience": "0.85",
    "Currency": "0.75",
    "TerritoryStanding": "750",
    "Azoth": "0",
    "LootDropModifier": "1",
    "FactionReputationModifier": "",
    "FactionTokenModifier": "",
    "Notes": "Quests",
    "Found in": "Flags on Quests (not hooked up)"
  },
  {
    "Modifiers": "Quest",
    "Experience": "2",
    "Currency": "1",
    "TerritoryStanding": "175",
    "Azoth": "1",
    "LootDropModifier": "1",
    "FactionReputationModifier": "",
    "FactionTokenModifier": "",
    "Notes": "Quests",
    "Found in": "Flags on Quests (not hooked up)"
  },
  {
    "Modifiers": "Quest-",
    "Experience": "1",
    "Currency": "0.5",
    "TerritoryStanding": "100",
    "Azoth": "0.5",
    "LootDropModifier": "1",
    "FactionReputationModifier": "",
    "FactionTokenModifier": "",
    "Notes": "Quests",
    "Found in": "Flags on Quests (not hooked up)"
  },
  {
    "Modifiers": "Quest+",
    "Experience": "2.5",
    "Currency": "1.5",
    "TerritoryStanding": "250",
    "Azoth": "2",
    "LootDropModifier": "1",
    "FactionReputationModifier": "",
    "FactionTokenModifier": "",
    "Notes": "Quests",
    "Found in": "Flags on Quests (not hooked up)"
  },
  {
    "Modifiers": "Dungeon",
    "Experience": "1",
    "Currency": "1.35",
    "TerritoryStanding": "0",
    "Azoth": "1",
    "LootDropModifier": "1",
    "FactionReputationModifier": "",
    "FactionTokenModifier": "15",
    "Notes": "Gold",
    "Found in": "Flags on vitals"
  },
  {
    "Modifiers": "Dungeon-",
    "Experience": "1",
    "Currency": "1.35",
    "TerritoryStanding": "0",
    "Azoth": "1",
    "LootDropModifier": "1",
    "FactionReputationModifier": "",
    "FactionTokenModifier": "",
    "Notes": "Gold Swarp",
    "Found in": "Flags on vitals"
  },
  {
    "Modifiers": "Dungeon+",
    "Experience": "1",
    "Currency": "1.35",
    "TerritoryStanding": "0",
    "Azoth": "1",
    "LootDropModifier": "1",
    "FactionReputationModifier": "",
    "FactionTokenModifier": "",
    "Notes": "Gold Captain",
    "Found in": "Flags on vitals"
  },
  {
    "Modifiers": "DungeonMiniBoss",
    "Experience": "10",
    "Currency": "2",
    "TerritoryStanding": "0",
    "Azoth": "1",
    "LootDropModifier": "1",
    "FactionReputationModifier": "",
    "FactionTokenModifier": "",
    "Notes": "Gold Boss",
    "Found in": "Flags on vitals"
  },
  {
    "Modifiers": "DungeonBoss",
    "Experience": "15",
    "Currency": "3",
    "TerritoryStanding": "0",
    "Azoth": "1",
    "LootDropModifier": "1",
    "FactionReputationModifier": "",
    "FactionTokenModifier": "",
    "Notes": "Gold End boss",
    "Found in": "Flags on vitals"
  },
  {
    "Modifiers": "OutpostRushSolo",
    "Experience": "0",
    "Currency": "0",
    "TerritoryStanding": "0",
    "Azoth": "0",
    "LootDropModifier": "1",
    "FactionReputationModifier": "",
    "FactionTokenModifier": "",
    "Notes": "Outpost (stay 0)",
    "Found in": ""
  },
  {
    "Modifiers": "OutpostRushSolo+",
    "Experience": "0",
    "Currency": "0",
    "TerritoryStanding": "0",
    "Azoth": "0",
    "LootDropModifier": "1",
    "FactionReputationModifier": "",
    "FactionTokenModifier": "",
    "Notes": "Outpost (stay 0)",
    "Found in": ""
  },
  {
    "Modifiers": "OutpostRushElite",
    "Experience": "0",
    "Currency": "0",
    "TerritoryStanding": "0",
    "Azoth": "0",
    "LootDropModifier": "1",
    "FactionReputationModifier": "",
    "FactionTokenModifier": "",
    "Notes": "Outpost (stay 0)",
    "Found in": ""
  },
  {
    "Modifiers": "OutpostRushElite+",
    "Experience": "0",
    "Currency": "0",
    "TerritoryStanding": "0",
    "Azoth": "0",
    "LootDropModifier": "1",
    "FactionReputationModifier": "",
    "FactionTokenModifier": "",
    "Notes": "Outpost (stay 0)",
    "Found in": ""
  },
  {
    "Modifiers": "FactionMissionBonus",
    "Experience": "2",
    "Currency": "9",
    "TerritoryStanding": "0",
    "Azoth": "0",
    "LootDropModifier": "1",
    "FactionReputationModifier": "",
    "FactionTokenModifier": "",
    "Notes": "Multipler for faction missions",
    "Found in": ""
  },
  {
    "Modifiers": "ObjectivePOI",
    "Experience": "15",
    "Currency": "10",
    "TerritoryStanding": "350",
    "Azoth": "0",
    "LootDropModifier": "1",
    "FactionReputationModifier": "",
    "FactionTokenModifier": "",
    "Notes": "Pending approval",
    "Found in": "New POI repeatable objectives"
  },
  {
    "Modifiers": "ObjectivePOI-",
    "Experience": "12.5",
    "Currency": "7.5",
    "TerritoryStanding": "275",
    "Azoth": "0",
    "LootDropModifier": "1",
    "FactionReputationModifier": "",
    "FactionTokenModifier": "",
    "Notes": "Pending approval",
    "Found in": "New POI repeatable objectives"
  },
  {
    "Modifiers": "ObjectivePOI+",
    "Experience": "20",
    "Currency": "12.5",
    "TerritoryStanding": "425",
    "Azoth": "0",
    "LootDropModifier": "1",
    "FactionReputationModifier": "",
    "FactionTokenModifier": "",
    "Notes": "Pending approval",
    "Found in": "New POI repeatable objectives"
  },
  {
    "Modifiers": "PvpKill_Low",
    "Experience": "2",
    "Currency": "10",
    "TerritoryStanding": "0",
    "Azoth": "0",
    "LootDropModifier": "0.5",
    "FactionReputationModifier": "100",
    "FactionTokenModifier": "100",
    "Notes": "PvP",
    "Found in": "Flags on Player Kills in PvP"
  },
  {
    "Modifiers": "PvpKill_High",
    "Experience": "4",
    "Currency": "20",
    "TerritoryStanding": "0",
    "Azoth": "0",
    "LootDropModifier": "1",
    "FactionReputationModifier": "200",
    "FactionTokenModifier": "200",
    "Notes": "PvP",
    "Found in": "Flags on Player Kills in PvP"
  },
  {
    "Modifiers": "PvpKill_ExtraHigh",
    "Experience": "8",
    "Currency": "30",
    "TerritoryStanding": "0",
    "Azoth": "0",
    "LootDropModifier": "1",
    "FactionReputationModifier": "400",
    "FactionTokenModifier": "400",
    "Notes": "PvP",
    "Found in": "Flags on Player Kills in PvP"
  },
  {
    "Modifiers": "Player",
    "Experience": "5",
    "Currency": "1",
    "TerritoryStanding": "0",
    "Azoth": "0",
    "LootDropModifier": "1",
    "FactionReputationModifier": "",
    "FactionTokenModifier": "",
    "Notes": "Player Kill",
    "Found in": "Vitals Gameevent Override"
  },
  {
    "Modifiers": "Invasion_T1",
    "Experience": "1",
    "Currency": "5",
    "TerritoryStanding": "1",
    "Azoth": "1",
    "LootDropModifier": "1",
    "FactionReputationModifier": "1",
    "FactionTokenModifier": "1",
    "Notes": "Invasion Bad Performance",
    "Found in": "Invasion Reward"
  },
  {
    "Modifiers": "Invasion_T2",
    "Experience": "1.125",
    "Currency": "6",
    "TerritoryStanding": "1.125",
    "Azoth": "1.125",
    "LootDropModifier": "1",
    "FactionReputationModifier": "1.125",
    "FactionTokenModifier": "1.125",
    "Notes": "Invasion OK Performance",
    "Found in": "Invasion Reward"
  },
  {
    "Modifiers": "Invasion_T3",
    "Experience": "1.4",
    "Currency": "7",
    "TerritoryStanding": "1.4",
    "Azoth": "1.4",
    "LootDropModifier": "1",
    "FactionReputationModifier": "1.4",
    "FactionTokenModifier": "1.4",
    "Notes": "Invasion Good Performance",
    "Found in": "Invasion Reward"
  },
  {
    "Modifiers": "Invasion_T4",
    "Experience": "1.6",
    "Currency": "8",
    "TerritoryStanding": "1.6",
    "Azoth": "1.6",
    "LootDropModifier": "1",
    "FactionReputationModifier": "1.6",
    "FactionTokenModifier": "1.6",
    "Notes": "Invasion Top Tier Performance",
    "Found in": "Invasion Reward"
  },
  {
    "Modifiers": "War_T1",
    "Experience": "1",
    "Currency": "5",
    "TerritoryStanding": "0",
    "Azoth": "1",
    "LootDropModifier": "1",
    "FactionReputationModifier": "1",
    "FactionTokenModifier": "1",
    "Notes": "War Bad Performance",
    "Found in": "War Reward"
  },
  {
    "Modifiers": "War_T2",
    "Experience": "2",
    "Currency": "6",
    "TerritoryStanding": "0",
    "Azoth": "1.125",
    "LootDropModifier": "1",
    "FactionReputationModifier": "1.125",
    "FactionTokenModifier": "1.125",
    "Notes": "War OK Performance",
    "Found in": "War Reward"
  },
  {
    "Modifiers": "War_T3",
    "Experience": "4",
    "Currency": "7",
    "TerritoryStanding": "0",
    "Azoth": "1.4",
    "LootDropModifier": "1",
    "FactionReputationModifier": "1.4",
    "FactionTokenModifier": "1.4",
    "Notes": "War Good Performance",
    "Found in": "War Reward"
  },
  {
    "Modifiers": "War_T4",
    "Experience": "8",
    "Currency": "8",
    "TerritoryStanding": "0",
    "Azoth": "1.6",
    "LootDropModifier": "1",
    "FactionReputationModifier": "1.6",
    "FactionTokenModifier": "1.6",
    "Notes": "War Top Tier Performance",
    "Found in": "War Reward"
  },
  {
    "Modifiers": "OutpostRush_T1",
    "Experience": "0",
    "Currency": "2",
    "TerritoryStanding": "0",
    "Azoth": "0.5",
    "LootDropModifier": "1",
    "FactionReputationModifier": "0",
    "FactionTokenModifier": "0",
    "Notes": "OR Bad Performance",
    "Found in": "OR Reward"
  },
  {
    "Modifiers": "OutpostRush_T2",
    "Experience": "0",
    "Currency": "3",
    "TerritoryStanding": "0",
    "Azoth": "0.7",
    "LootDropModifier": "1",
    "FactionReputationModifier": "0",
    "FactionTokenModifier": "0",
    "Notes": "OR OK Performance",
    "Found in": "OR Reward"
  },
  {
    "Modifiers": "OutpostRush_T3",
    "Experience": "0",
    "Currency": "3.5",
    "TerritoryStanding": "0",
    "Azoth": "0.8",
    "LootDropModifier": "1",
    "FactionReputationModifier": "0",
    "FactionTokenModifier": "0",
    "Notes": "OR Good Performance",
    "Found in": "OR Reward"
  },
  {
    "Modifiers": "OutpostRush_T4",
    "Experience": "0",
    "Currency": "4",
    "TerritoryStanding": "0",
    "Azoth": "1",
    "LootDropModifier": "1",
    "FactionReputationModifier": "0",
    "FactionTokenModifier": "0",
    "Notes": "OR Top Tier Performance",
    "Found in": "OR Reward"
  }
]