[
  {
    "VariantID": "SingleStone_a",
    "StartMesh": "Objects\\Nature\\Rock_Dressing\\Dressing_Forest\\jav_fst_smallrock_flint_a.cgf",
    "GatherableEntryID": "SingleStone",
    "GatheringRadius": "7.0000000000000007E-2",
    "InteractionRadius": "1.8",
    "DetectableRadius": "0.5",
    "DepletedVFX": "Gatherable.Rock.Base_Pickup_A",
    "VegAreaDataSet": "GroundCover/ObjectSets/Nature/bush_01.vegsetdb",
    "VegAreaClearRadius": "0.6",
    "VegAreaInnerRadius": "0.61",
    "VegAreaOuterRadius": "0.7",
    "StartMeshLOD": "100",
    "EndMeshLOD": "100",
    "AOIRadius": "25",
    "MarkerRadius": "8",
    "InteractTag": "",
    "InteractOnlyOnQuest": ""
  },
  {
    "VariantID": "SingleStone_b",
    "StartMesh": "Objects\\Nature\\Rock_Dressing\\Dressing_Forest\\jav_fst_smallrock_flint_b.cgf",
    "GatherableEntryID": "SingleStone",
    "GatheringRadius": "7.0000000000000007E-2",
    "InteractionRadius": "1.8",
    "DetectableRadius": "0.5",
    "DepletedVFX": "Gatherable.Rock.Base_Pickup_A",
    "VegAreaDataSet": "GroundCover/ObjectSets/Nature/bush_01.vegsetdb",
    "VegAreaClearRadius": "0.62",
    "VegAreaInnerRadius": "0.63",
    "VegAreaOuterRadius": "0.72",
    "StartMeshLOD": "100",
    "EndMeshLOD": "100",
    "AOIRadius": "25",
    "MarkerRadius": "8",
    "InteractTag": "",
    "InteractOnlyOnQuest": ""
  },
  {
    "VariantID": "SingleStone_c",
    "StartMesh": "Objects\\Nature\\Rock_Dressing\\Dressing_Forest\\jav_fst_smallrock_flint_c.cgf",
    "GatherableEntryID": "SingleStone",
    "GatheringRadius": "7.0000000000000007E-2",
    "InteractionRadius": "1.8",
    "DetectableRadius": "0.5",
    "DepletedVFX": "Gatherable.Rock.Base_Pickup_A",
    "VegAreaDataSet": "GroundCover/ObjectSets/Nature/bush_01.vegsetdb",
    "VegAreaClearRadius": "0.5",
    "VegAreaInnerRadius": "0.51",
    "VegAreaOuterRadius": "0.61",
    "StartMeshLOD": "100",
    "EndMeshLOD": "100",
    "AOIRadius": "25",
    "MarkerRadius": "8",
    "InteractTag": "",
    "InteractOnlyOnQuest": ""
  },
  {
    "VariantID": "PotionHealthT1",
    "StartMesh": "Objects\\Crafting\\Props\\Shopwares\\AlchemyProps\\JAV_PRP_Glass bottles_A.cgf",
    "GatherableEntryID": "ItemPotionHealT1",
    "GatheringRadius": "0.01",
    "InteractionRadius": "1.8",
    "DetectableRadius": "0.25",
    "DepletedVFX": "Gatherable.Rock.Base_Pickup_A",
    "VegAreaDataSet": "",
    "VegAreaClearRadius": "0.5",
    "VegAreaInnerRadius": "0.51",
    "VegAreaOuterRadius": "0.61",
    "StartMeshLOD": "100",
    "EndMeshLOD": "100",
    "AOIRadius": "25",
    "MarkerRadius": "8",
    "InteractTag": "",
    "InteractOnlyOnQuest": ""
  }
]