[
  {
    "FactionType": "None",
    "DisplayName": "@ui_tooltip_none",
    "DisplayDesc": "",
    "ForegroundColorIndex": "0",
    "ForegroundCrestIndex": "0",
    "BackgroundColorIndex": "0",
    "BackgroundCrestIndex": "0"
  },
  {
    "FactionType": "Faction1",
    "DisplayName": "@owg_merchant_guildname",
    "DisplayDesc": "@owg_merchant_desc",
    "ForegroundColorIndex": "0",
    "ForegroundCrestIndex": "2",
    "BackgroundColorIndex": "0",
    "BackgroundCrestIndex": "2"
  },
  {
    "FactionType": "Faction2",
    "DisplayName": "@owg_procurer_guildname",
    "DisplayDesc": "@owg_procurer_desc",
    "ForegroundColorIndex": "0",
    "ForegroundCrestIndex": "3",
    "BackgroundColorIndex": "0",
    "BackgroundCrestIndex": "3"
  },
  {
    "FactionType": "Faction3",
    "DisplayName": "@owg_explorer_guildname",
    "DisplayDesc": "@owg_explorer_desc",
    "ForegroundColorIndex": "0",
    "ForegroundCrestIndex": "4",
    "BackgroundColorIndex": "0",
    "BackgroundCrestIndex": "4"
  }
]