[
  {
    "DamageID": "Spike_T0",
    "WeaponCategory": "Unarmed",
    "IgnoreInvulnerable": "0",
    "NoReaction": "0",
    "IsRanged": "",
    "IsSiege": "1",
    "DamageType": "Standard",
    "Affliction": "",
    "AddAffliction": "",
    "AfflictionPercent": "",
    "StatusEffect": "",
    "EffectOnlyOnDamage": "",
    "SurfaceImpactEffect": "Bullet",
    "DeflectDamageID": "",
    "CanCrit": "0",
    "DmgCoef": "1",
    "DmgCoefHead": "1",
    "DmgCoefCrit": "",
    "PowerLevel": "2",
    "BlockPowerLevel": "2",
    "CritPowerLevel": "2",
    "HitStun": "0",
    "BlockHitStun": "0",
    "CritHitStun": "0",
    "ImpactDistanceX": "0",
    "ImpactDistanceY": "1",
    "ImpactDistanceZ": "0",
    "ImpactDecayRate": "0.8",
    "BlockImpactDistanceX": "0",
    "BlockImpactDistanceY": "0",
    "BlockImpactDistanceZ": "0",
    "BlockImpactDecayRate": "0",
    "AddDmg": "0",
    "StaggerDmgModifier": "1",
    "CritStaggerDmgModifier": "1",
    "CameraShakeID": "",
    "TargetCameraShakeID": "",
    "BlockCameraShakeID": "",
    "BlockTargetCameraShakeID": "",
    "ImpactRating": "0",
    "BlockStaminaDmgMod": "1",
    "BlockAbsorptionModifier": "1",
    "StunBreakoutIncrement": "1",
    "DamageReceiverCooldown": ""
  },
  {
    "DamageID": "PowderKeg_T1",
    "WeaponCategory": "Unarmed",
    "IgnoreInvulnerable": "0",
    "NoReaction": "0",
    "IsRanged": "",
    "IsSiege": "1",
    "DamageType": "Siege",
    "Affliction": "",
    "AddAffliction": "",
    "AfflictionPercent": "",
    "StatusEffect": "",
    "EffectOnlyOnDamage": "",
    "SurfaceImpactEffect": "Bullet",
    "DeflectDamageID": "",
    "CanCrit": "0",
    "DmgCoef": "1",
    "DmgCoefHead": "1",
    "DmgCoefCrit": "",
    "PowerLevel": "2",
    "BlockPowerLevel": "2",
    "CritPowerLevel": "2",
    "HitStun": "0",
    "BlockHitStun": "0",
    "CritHitStun": "0",
    "ImpactDistanceX": "0",
    "ImpactDistanceY": "1",
    "ImpactDistanceZ": "0",
    "ImpactDecayRate": "0.8",
    "BlockImpactDistanceX": "0",
    "BlockImpactDistanceY": "0",
    "BlockImpactDistanceZ": "0",
    "BlockImpactDecayRate": "0",
    "AddDmg": "0",
    "StaggerDmgModifier": "1",
    "CritStaggerDmgModifier": "1",
    "CameraShakeID": "",
    "TargetCameraShakeID": "",
    "BlockCameraShakeID": "",
    "BlockTargetCameraShakeID": "",
    "ImpactRating": "0",
    "BlockStaminaDmgMod": "1",
    "BlockAbsorptionModifier": "1",
    "StunBreakoutIncrement": "1",
    "DamageReceiverCooldown": ""
  },
  {
    "DamageID": "Disease",
    "WeaponCategory": "Unarmed",
    "IgnoreInvulnerable": "0",
    "NoReaction": "1",
    "IsRanged": "",
    "IsSiege": "1",
    "DamageType": "",
    "Affliction": "",
    "AddAffliction": "",
    "AfflictionPercent": "",
    "StatusEffect": "",
    "EffectOnlyOnDamage": "",
    "SurfaceImpactEffect": "Bullet",
    "DeflectDamageID": "",
    "CanCrit": "0",
    "DmgCoef": "1",
    "DmgCoefHead": "1",
    "DmgCoefCrit": "",
    "PowerLevel": "2",
    "BlockPowerLevel": "2",
    "CritPowerLevel": "2",
    "HitStun": "0",
    "BlockHitStun": "0",
    "CritHitStun": "0",
    "ImpactDistanceX": "0",
    "ImpactDistanceY": "1",
    "ImpactDistanceZ": "0",
    "ImpactDecayRate": "0.8",
    "BlockImpactDistanceX": "0",
    "BlockImpactDistanceY": "0",
    "BlockImpactDistanceZ": "0",
    "BlockImpactDecayRate": "0",
    "AddDmg": "0",
    "StaggerDmgModifier": "1",
    "CritStaggerDmgModifier": "1",
    "CameraShakeID": "",
    "TargetCameraShakeID": "",
    "BlockCameraShakeID": "",
    "BlockTargetCameraShakeID": "",
    "ImpactRating": "0",
    "BlockStaminaDmgMod": "1",
    "BlockAbsorptionModifier": "1",
    "StunBreakoutIncrement": "1",
    "DamageReceiverCooldown": ""
  },
  {
    "DamageID": "Tower_T0",
    "WeaponCategory": "Unarmed",
    "IgnoreInvulnerable": "0",
    "NoReaction": "0",
    "IsRanged": "",
    "IsSiege": "1",
    "DamageType": "Standard",
    "Affliction": "",
    "AddAffliction": "",
    "AfflictionPercent": "",
    "StatusEffect": "",
    "EffectOnlyOnDamage": "",
    "SurfaceImpactEffect": "Bullet",
    "DeflectDamageID": "",
    "CanCrit": "0",
    "DmgCoef": "1",
    "DmgCoefHead": "1",
    "DmgCoefCrit": "",
    "PowerLevel": "2",
    "BlockPowerLevel": "2",
    "CritPowerLevel": "2",
    "HitStun": "0",
    "BlockHitStun": "0",
    "CritHitStun": "0",
    "ImpactDistanceX": "0",
    "ImpactDistanceY": "1",
    "ImpactDistanceZ": "0",
    "ImpactDecayRate": "0.8",
    "BlockImpactDistanceX": "0",
    "BlockImpactDistanceY": "0",
    "BlockImpactDistanceZ": "0",
    "BlockImpactDecayRate": "0",
    "AddDmg": "0",
    "StaggerDmgModifier": "1",
    "CritStaggerDmgModifier": "1",
    "CameraShakeID": "",
    "TargetCameraShakeID": "",
    "BlockCameraShakeID": "",
    "BlockTargetCameraShakeID": "",
    "ImpactRating": "0",
    "BlockStaminaDmgMod": "1",
    "BlockAbsorptionModifier": "1",
    "StunBreakoutIncrement": "1",
    "DamageReceiverCooldown": ""
  },
  {
    "DamageID": "FireTrebuchet_DoT",
    "WeaponCategory": "Unarmed",
    "IgnoreInvulnerable": "0",
    "NoReaction": "1",
    "IsRanged": "",
    "IsSiege": "1",
    "DamageType": "Fire",
    "Affliction": "",
    "AddAffliction": "",
    "AfflictionPercent": "",
    "StatusEffect": "",
    "EffectOnlyOnDamage": "",
    "SurfaceImpactEffect": "Bullet",
    "DeflectDamageID": "",
    "CanCrit": "0",
    "DmgCoef": "1",
    "DmgCoefHead": "1",
    "DmgCoefCrit": "",
    "PowerLevel": "1",
    "BlockPowerLevel": "1",
    "CritPowerLevel": "1",
    "HitStun": "0",
    "BlockHitStun": "0",
    "CritHitStun": "0",
    "ImpactDistanceX": "0",
    "ImpactDistanceY": "0",
    "ImpactDistanceZ": "0",
    "ImpactDecayRate": "0",
    "BlockImpactDistanceX": "0",
    "BlockImpactDistanceY": "0",
    "BlockImpactDistanceZ": "0",
    "BlockImpactDecayRate": "0",
    "AddDmg": "0",
    "StaggerDmgModifier": "1",
    "CritStaggerDmgModifier": "1",
    "CameraShakeID": "",
    "TargetCameraShakeID": "",
    "BlockCameraShakeID": "",
    "BlockTargetCameraShakeID": "",
    "ImpactRating": "0",
    "BlockStaminaDmgMod": "1",
    "BlockAbsorptionModifier": "1",
    "StunBreakoutIncrement": "0",
    "DamageReceiverCooldown": ""
  },
  {
    "DamageID": "FireTrebuchet_Explosion",
    "WeaponCategory": "Unarmed",
    "IgnoreInvulnerable": "0",
    "NoReaction": "0",
    "IsRanged": "",
    "IsSiege": "1",
    "DamageType": "Fire",
    "Affliction": "",
    "AddAffliction": "",
    "AfflictionPercent": "",
    "StatusEffect": "",
    "EffectOnlyOnDamage": "",
    "SurfaceImpactEffect": "Bullet",
    "DeflectDamageID": "",
    "CanCrit": "0",
    "DmgCoef": "1",
    "DmgCoefHead": "1",
    "DmgCoefCrit": "",
    "PowerLevel": "4",
    "BlockPowerLevel": "3",
    "CritPowerLevel": "4",
    "HitStun": "50",
    "BlockHitStun": "30",
    "CritHitStun": "50",
    "ImpactDistanceX": "0",
    "ImpactDistanceY": "8",
    "ImpactDistanceZ": "0",
    "ImpactDecayRate": "0.8",
    "BlockImpactDistanceX": "0",
    "BlockImpactDistanceY": "8",
    "BlockImpactDistanceZ": "0",
    "BlockImpactDecayRate": "0.8",
    "AddDmg": "0",
    "StaggerDmgModifier": "1",
    "CritStaggerDmgModifier": "1",
    "CameraShakeID": "",
    "TargetCameraShakeID": "",
    "BlockCameraShakeID": "",
    "BlockTargetCameraShakeID": "",
    "ImpactRating": "4",
    "BlockStaminaDmgMod": "1",
    "BlockAbsorptionModifier": "1",
    "StunBreakoutIncrement": "1",
    "DamageReceiverCooldown": ""
  },
  {
    "DamageID": "Cannon_Projectile",
    "WeaponCategory": "Ballista",
    "IgnoreInvulnerable": "0",
    "NoReaction": "0",
    "IsRanged": "1",
    "IsSiege": "1",
    "DamageType": "Siege",
    "Affliction": "",
    "AddAffliction": "",
    "AfflictionPercent": "",
    "StatusEffect": "",
    "EffectOnlyOnDamage": "",
    "SurfaceImpactEffect": "Bullet",
    "DeflectDamageID": "",
    "CanCrit": "1",
    "DmgCoef": "1",
    "DmgCoefHead": "1.3",
    "DmgCoefCrit": "1.3",
    "PowerLevel": "4",
    "BlockPowerLevel": "3",
    "CritPowerLevel": "4",
    "HitStun": "50",
    "BlockHitStun": "30",
    "CritHitStun": "50",
    "ImpactDistanceX": "0",
    "ImpactDistanceY": "8",
    "ImpactDistanceZ": "0",
    "ImpactDecayRate": "0.8",
    "BlockImpactDistanceX": "0",
    "BlockImpactDistanceY": "8",
    "BlockImpactDistanceZ": "0",
    "BlockImpactDecayRate": "0.8",
    "AddDmg": "0",
    "StaggerDmgModifier": "1",
    "CritStaggerDmgModifier": "1",
    "CameraShakeID": "",
    "TargetCameraShakeID": "Small",
    "BlockCameraShakeID": "",
    "BlockTargetCameraShakeID": "Small",
    "ImpactRating": "4",
    "BlockStaminaDmgMod": "1",
    "BlockAbsorptionModifier": "1",
    "StunBreakoutIncrement": "1",
    "DamageReceiverCooldown": ""
  },
  {
    "DamageID": "WitheredTrebuchet_Projectile",
    "WeaponCategory": "Unarmed",
    "IgnoreInvulnerable": "0",
    "NoReaction": "0",
    "IsRanged": "1",
    "IsSiege": "1",
    "DamageType": "Strike",
    "Affliction": "",
    "AddAffliction": "",
    "AfflictionPercent": "",
    "StatusEffect": "",
    "EffectOnlyOnDamage": "",
    "SurfaceImpactEffect": "Bullet",
    "DeflectDamageID": "",
    "CanCrit": "0",
    "DmgCoef": "1",
    "DmgCoefHead": "1",
    "DmgCoefCrit": "",
    "PowerLevel": "4",
    "BlockPowerLevel": "3",
    "CritPowerLevel": "4",
    "HitStun": "50",
    "BlockHitStun": "30",
    "CritHitStun": "50",
    "ImpactDistanceX": "0",
    "ImpactDistanceY": "4",
    "ImpactDistanceZ": "0",
    "ImpactDecayRate": "0.8",
    "BlockImpactDistanceX": "0",
    "BlockImpactDistanceY": "4",
    "BlockImpactDistanceZ": "0",
    "BlockImpactDecayRate": "0.8",
    "AddDmg": "0",
    "StaggerDmgModifier": "1",
    "CritStaggerDmgModifier": "1",
    "CameraShakeID": "",
    "TargetCameraShakeID": "",
    "BlockCameraShakeID": "",
    "BlockTargetCameraShakeID": "",
    "ImpactRating": "4",
    "BlockStaminaDmgMod": "1",
    "BlockAbsorptionModifier": "1",
    "StunBreakoutIncrement": "1",
    "DamageReceiverCooldown": ""
  },
  {
    "DamageID": "WitheredTrebuchet_DoT",
    "WeaponCategory": "Unarmed",
    "IgnoreInvulnerable": "0",
    "NoReaction": "1",
    "IsRanged": "",
    "IsSiege": "1",
    "DamageType": "AfflictionDisease",
    "Affliction": "AfflictionDisease",
    "AddAffliction": "",
    "AfflictionPercent": "",
    "StatusEffect": "",
    "EffectOnlyOnDamage": "",
    "SurfaceImpactEffect": "Bullet",
    "DeflectDamageID": "",
    "CanCrit": "0",
    "DmgCoef": "1",
    "DmgCoefHead": "1",
    "DmgCoefCrit": "",
    "PowerLevel": "1",
    "BlockPowerLevel": "1",
    "CritPowerLevel": "1",
    "HitStun": "0",
    "BlockHitStun": "0",
    "CritHitStun": "0",
    "ImpactDistanceX": "0",
    "ImpactDistanceY": "0",
    "ImpactDistanceZ": "0",
    "ImpactDecayRate": "0",
    "BlockImpactDistanceX": "0",
    "BlockImpactDistanceY": "0",
    "BlockImpactDistanceZ": "0",
    "BlockImpactDecayRate": "0",
    "AddDmg": "0",
    "StaggerDmgModifier": "1",
    "CritStaggerDmgModifier": "1",
    "CameraShakeID": "",
    "TargetCameraShakeID": "",
    "BlockCameraShakeID": "",
    "BlockTargetCameraShakeID": "",
    "ImpactRating": "0",
    "BlockStaminaDmgMod": "1",
    "BlockAbsorptionModifier": "1",
    "StunBreakoutIncrement": "1",
    "DamageReceiverCooldown": ""
  },
  {
    "DamageID": "WitheredTrebuchet_Risen_Explosion",
    "WeaponCategory": "Unarmed",
    "IgnoreInvulnerable": "0",
    "NoReaction": "0",
    "IsRanged": "",
    "IsSiege": "1",
    "DamageType": "Strike",
    "Affliction": "",
    "AddAffliction": "",
    "AfflictionPercent": "",
    "StatusEffect": "",
    "EffectOnlyOnDamage": "",
    "SurfaceImpactEffect": "Bullet",
    "DeflectDamageID": "",
    "CanCrit": "0",
    "DmgCoef": "1",
    "DmgCoefHead": "1",
    "DmgCoefCrit": "",
    "PowerLevel": "2",
    "BlockPowerLevel": "2",
    "CritPowerLevel": "2",
    "HitStun": "25",
    "BlockHitStun": "20",
    "CritHitStun": "25",
    "ImpactDistanceX": "0",
    "ImpactDistanceY": "2",
    "ImpactDistanceZ": "0",
    "ImpactDecayRate": "0.8",
    "BlockImpactDistanceX": "0",
    "BlockImpactDistanceY": "2",
    "BlockImpactDistanceZ": "0",
    "BlockImpactDecayRate": "0.8",
    "AddDmg": "0",
    "StaggerDmgModifier": "1",
    "CritStaggerDmgModifier": "1",
    "CameraShakeID": "",
    "TargetCameraShakeID": "",
    "BlockCameraShakeID": "",
    "BlockTargetCameraShakeID": "",
    "ImpactRating": "2",
    "BlockStaminaDmgMod": "1",
    "BlockAbsorptionModifier": "1",
    "StunBreakoutIncrement": "1",
    "DamageReceiverCooldown": ""
  },
  {
    "DamageID": "BallistaTurret_Projectile",
    "WeaponCategory": "Ballista",
    "IgnoreInvulnerable": "0",
    "NoReaction": "0",
    "IsRanged": "1",
    "IsSiege": "1",
    "DamageType": "Siege",
    "Affliction": "",
    "AddAffliction": "",
    "AfflictionPercent": "",
    "StatusEffect": "",
    "EffectOnlyOnDamage": "",
    "SurfaceImpactEffect": "Bullet",
    "DeflectDamageID": "",
    "CanCrit": "1",
    "DmgCoef": "1",
    "DmgCoefHead": "1.3",
    "DmgCoefCrit": "1.3",
    "PowerLevel": "4",
    "BlockPowerLevel": "3",
    "CritPowerLevel": "4",
    "HitStun": "50",
    "BlockHitStun": "30",
    "CritHitStun": "50",
    "ImpactDistanceX": "0",
    "ImpactDistanceY": "4",
    "ImpactDistanceZ": "0",
    "ImpactDecayRate": "0.8",
    "BlockImpactDistanceX": "0",
    "BlockImpactDistanceY": "4",
    "BlockImpactDistanceZ": "0",
    "BlockImpactDecayRate": "0.8",
    "AddDmg": "0",
    "StaggerDmgModifier": "1",
    "CritStaggerDmgModifier": "1",
    "CameraShakeID": "",
    "TargetCameraShakeID": "Small",
    "BlockCameraShakeID": "",
    "BlockTargetCameraShakeID": "Small",
    "ImpactRating": "4",
    "BlockStaminaDmgMod": "1",
    "BlockAbsorptionModifier": "1",
    "StunBreakoutIncrement": "1",
    "DamageReceiverCooldown": ""
  },
  {
    "DamageID": "LandMine_Explosion",
    "WeaponCategory": "Unarmed",
    "IgnoreInvulnerable": "0",
    "NoReaction": "0",
    "IsRanged": "",
    "IsSiege": "1",
    "DamageType": "Strike",
    "Affliction": "",
    "AddAffliction": "",
    "AfflictionPercent": "",
    "StatusEffect": "",
    "EffectOnlyOnDamage": "",
    "SurfaceImpactEffect": "Bullet",
    "DeflectDamageID": "",
    "CanCrit": "0",
    "DmgCoef": "1",
    "DmgCoefHead": "1",
    "DmgCoefCrit": "",
    "PowerLevel": "4",
    "BlockPowerLevel": "3",
    "CritPowerLevel": "4",
    "HitStun": "50",
    "BlockHitStun": "30",
    "CritHitStun": "50",
    "ImpactDistanceX": "0",
    "ImpactDistanceY": "8",
    "ImpactDistanceZ": "0",
    "ImpactDecayRate": "0.8",
    "BlockImpactDistanceX": "0",
    "BlockImpactDistanceY": "8",
    "BlockImpactDistanceZ": "0",
    "BlockImpactDecayRate": "0.8",
    "AddDmg": "0",
    "StaggerDmgModifier": "1",
    "CritStaggerDmgModifier": "1",
    "CameraShakeID": "",
    "TargetCameraShakeID": "",
    "BlockCameraShakeID": "",
    "BlockTargetCameraShakeID": "",
    "ImpactRating": "4",
    "BlockStaminaDmgMod": "1",
    "BlockAbsorptionModifier": "1",
    "StunBreakoutIncrement": "1",
    "DamageReceiverCooldown": ""
  },
  {
    "DamageID": "FireMine_Explosion",
    "WeaponCategory": "Unarmed",
    "IgnoreInvulnerable": "0",
    "NoReaction": "1",
    "IsRanged": "",
    "IsSiege": "1",
    "DamageType": "Fire",
    "Affliction": "",
    "AddAffliction": "",
    "AfflictionPercent": "",
    "StatusEffect": "",
    "EffectOnlyOnDamage": "",
    "SurfaceImpactEffect": "Bullet",
    "DeflectDamageID": "",
    "CanCrit": "0",
    "DmgCoef": "1",
    "DmgCoefHead": "1",
    "DmgCoefCrit": "",
    "PowerLevel": "1",
    "BlockPowerLevel": "1",
    "CritPowerLevel": "1",
    "HitStun": "0",
    "BlockHitStun": "0",
    "CritHitStun": "0",
    "ImpactDistanceX": "0",
    "ImpactDistanceY": "0",
    "ImpactDistanceZ": "0",
    "ImpactDecayRate": "0",
    "BlockImpactDistanceX": "0",
    "BlockImpactDistanceY": "0",
    "BlockImpactDistanceZ": "0",
    "BlockImpactDecayRate": "0",
    "AddDmg": "0",
    "StaggerDmgModifier": "1",
    "CritStaggerDmgModifier": "1",
    "CameraShakeID": "",
    "TargetCameraShakeID": "",
    "BlockCameraShakeID": "",
    "BlockTargetCameraShakeID": "",
    "ImpactRating": "0",
    "BlockStaminaDmgMod": "1",
    "BlockAbsorptionModifier": "1",
    "StunBreakoutIncrement": "1",
    "DamageReceiverCooldown": ""
  },
  {
    "DamageID": "FireMine_DoT",
    "WeaponCategory": "Unarmed",
    "IgnoreInvulnerable": "0",
    "NoReaction": "1",
    "IsRanged": "",
    "IsSiege": "1",
    "DamageType": "Fire",
    "Affliction": "",
    "AddAffliction": "",
    "AfflictionPercent": "",
    "StatusEffect": "",
    "EffectOnlyOnDamage": "",
    "SurfaceImpactEffect": "Bullet",
    "DeflectDamageID": "",
    "CanCrit": "0",
    "DmgCoef": "1",
    "DmgCoefHead": "1",
    "DmgCoefCrit": "",
    "PowerLevel": "1",
    "BlockPowerLevel": "1",
    "CritPowerLevel": "1",
    "HitStun": "0",
    "BlockHitStun": "0",
    "CritHitStun": "0",
    "ImpactDistanceX": "0",
    "ImpactDistanceY": "0",
    "ImpactDistanceZ": "0",
    "ImpactDecayRate": "0",
    "BlockImpactDistanceX": "0",
    "BlockImpactDistanceY": "0",
    "BlockImpactDistanceZ": "0",
    "BlockImpactDecayRate": "0",
    "AddDmg": "0",
    "StaggerDmgModifier": "1",
    "CritStaggerDmgModifier": "1",
    "CameraShakeID": "",
    "TargetCameraShakeID": "",
    "BlockCameraShakeID": "",
    "BlockTargetCameraShakeID": "",
    "ImpactRating": "0",
    "BlockStaminaDmgMod": "1",
    "BlockAbsorptionModifier": "1",
    "StunBreakoutIncrement": "1",
    "DamageReceiverCooldown": "0.49"
  },
  {
    "DamageID": "RepeaterTurret_Projectile",
    "WeaponCategory": "Bow",
    "IgnoreInvulnerable": "0",
    "NoReaction": "0",
    "IsRanged": "1",
    "IsSiege": "1",
    "DamageType": "Thrust",
    "Affliction": "",
    "AddAffliction": "",
    "AfflictionPercent": "",
    "StatusEffect": "",
    "EffectOnlyOnDamage": "",
    "SurfaceImpactEffect": "Bullet",
    "DeflectDamageID": "",
    "CanCrit": "1",
    "DmgCoef": "1",
    "DmgCoefHead": "1.1499999999999999",
    "DmgCoefCrit": "1.1499999999999999",
    "PowerLevel": "0",
    "BlockPowerLevel": "0",
    "CritPowerLevel": "0",
    "HitStun": "0",
    "BlockHitStun": "0",
    "CritHitStun": "0",
    "ImpactDistanceX": "0",
    "ImpactDistanceY": "0",
    "ImpactDistanceZ": "0",
    "ImpactDecayRate": "0",
    "BlockImpactDistanceX": "0",
    "BlockImpactDistanceY": "0",
    "BlockImpactDistanceZ": "0",
    "BlockImpactDecayRate": "0",
    "AddDmg": "0",
    "StaggerDmgModifier": "1",
    "CritStaggerDmgModifier": "1",
    "CameraShakeID": "",
    "TargetCameraShakeID": "",
    "BlockCameraShakeID": "",
    "BlockTargetCameraShakeID": "",
    "ImpactRating": "0",
    "BlockStaminaDmgMod": "1",
    "BlockAbsorptionModifier": "1",
    "StunBreakoutIncrement": "1",
    "DamageReceiverCooldown": ""
  },
  {
    "DamageID": "FireBarrelDropper_Explosion",
    "WeaponCategory": "Unarmed",
    "IgnoreInvulnerable": "0",
    "NoReaction": "1",
    "IsRanged": "",
    "IsSiege": "1",
    "DamageType": "Fire",
    "Affliction": "",
    "AddAffliction": "",
    "AfflictionPercent": "",
    "StatusEffect": "",
    "EffectOnlyOnDamage": "",
    "SurfaceImpactEffect": "Bullet",
    "DeflectDamageID": "",
    "CanCrit": "0",
    "DmgCoef": "1",
    "DmgCoefHead": "1",
    "DmgCoefCrit": "",
    "PowerLevel": "1",
    "BlockPowerLevel": "1",
    "CritPowerLevel": "1",
    "HitStun": "0",
    "BlockHitStun": "0",
    "CritHitStun": "0",
    "ImpactDistanceX": "0",
    "ImpactDistanceY": "0",
    "ImpactDistanceZ": "0",
    "ImpactDecayRate": "0",
    "BlockImpactDistanceX": "0",
    "BlockImpactDistanceY": "0",
    "BlockImpactDistanceZ": "0",
    "BlockImpactDecayRate": "0",
    "AddDmg": "0",
    "StaggerDmgModifier": "1",
    "CritStaggerDmgModifier": "1",
    "CameraShakeID": "",
    "TargetCameraShakeID": "",
    "BlockCameraShakeID": "",
    "BlockTargetCameraShakeID": "",
    "ImpactRating": "0",
    "BlockStaminaDmgMod": "1",
    "BlockAbsorptionModifier": "1",
    "StunBreakoutIncrement": "1",
    "DamageReceiverCooldown": ""
  },
  {
    "DamageID": "FireBarrelDropper_DoT",
    "WeaponCategory": "Unarmed",
    "IgnoreInvulnerable": "0",
    "NoReaction": "1",
    "IsRanged": "",
    "IsSiege": "1",
    "DamageType": "Fire",
    "Affliction": "",
    "AddAffliction": "",
    "AfflictionPercent": "",
    "StatusEffect": "",
    "EffectOnlyOnDamage": "",
    "SurfaceImpactEffect": "Bullet",
    "DeflectDamageID": "",
    "CanCrit": "0",
    "DmgCoef": "1",
    "DmgCoefHead": "1",
    "DmgCoefCrit": "",
    "PowerLevel": "1",
    "BlockPowerLevel": "1",
    "CritPowerLevel": "1",
    "HitStun": "0",
    "BlockHitStun": "0",
    "CritHitStun": "0",
    "ImpactDistanceX": "0",
    "ImpactDistanceY": "0",
    "ImpactDistanceZ": "0",
    "ImpactDecayRate": "0",
    "BlockImpactDistanceX": "0",
    "BlockImpactDistanceY": "0",
    "BlockImpactDistanceZ": "0",
    "BlockImpactDecayRate": "0",
    "AddDmg": "0",
    "StaggerDmgModifier": "1",
    "CritStaggerDmgModifier": "1",
    "CameraShakeID": "",
    "TargetCameraShakeID": "",
    "BlockCameraShakeID": "",
    "BlockTargetCameraShakeID": "",
    "ImpactRating": "0",
    "BlockStaminaDmgMod": "1",
    "BlockAbsorptionModifier": "1",
    "StunBreakoutIncrement": "1",
    "DamageReceiverCooldown": "0.49"
  },
  {
    "DamageID": "BombTurret_Explosion",
    "WeaponCategory": "Unarmed",
    "IgnoreInvulnerable": "0",
    "NoReaction": "0",
    "IsRanged": "",
    "IsSiege": "1",
    "DamageType": "Strike",
    "Affliction": "",
    "AddAffliction": "",
    "AfflictionPercent": "",
    "StatusEffect": "",
    "EffectOnlyOnDamage": "",
    "SurfaceImpactEffect": "Bullet",
    "DeflectDamageID": "",
    "CanCrit": "0",
    "DmgCoef": "1",
    "DmgCoefHead": "1",
    "DmgCoefCrit": "",
    "PowerLevel": "3",
    "BlockPowerLevel": "2",
    "CritPowerLevel": "4",
    "HitStun": "30",
    "BlockHitStun": "20",
    "CritHitStun": "50",
    "ImpactDistanceX": "0",
    "ImpactDistanceY": "4",
    "ImpactDistanceZ": "0",
    "ImpactDecayRate": "0.8",
    "BlockImpactDistanceX": "0",
    "BlockImpactDistanceY": "2",
    "BlockImpactDistanceZ": "0",
    "BlockImpactDecayRate": "0.8",
    "AddDmg": "0",
    "StaggerDmgModifier": "1",
    "CritStaggerDmgModifier": "1",
    "CameraShakeID": "",
    "TargetCameraShakeID": "Small",
    "BlockCameraShakeID": "",
    "BlockTargetCameraShakeID": "Small",
    "ImpactRating": "4",
    "BlockStaminaDmgMod": "1",
    "BlockAbsorptionModifier": "1",
    "StunBreakoutIncrement": "1",
    "DamageReceiverCooldown": ""
  },
  {
    "DamageID": "VoidSpike",
    "WeaponCategory": "Beam_VoidSpike",
    "IgnoreInvulnerable": "0",
    "NoReaction": "0",
    "IsRanged": "1",
    "IsSiege": "1",
    "DamageType": "Corruption",
    "Affliction": "",
    "AddAffliction": "",
    "AfflictionPercent": "",
    "StatusEffect": "",
    "EffectOnlyOnDamage": "",
    "SurfaceImpactEffect": "Bullet",
    "DeflectDamageID": "",
    "CanCrit": "0",
    "DmgCoef": "1",
    "DmgCoefHead": "1",
    "DmgCoefCrit": "",
    "PowerLevel": "0",
    "BlockPowerLevel": "0",
    "CritPowerLevel": "0",
    "HitStun": "0",
    "BlockHitStun": "0",
    "CritHitStun": "0",
    "ImpactDistanceX": "0",
    "ImpactDistanceY": "0",
    "ImpactDistanceZ": "0",
    "ImpactDecayRate": "0",
    "BlockImpactDistanceX": "0",
    "BlockImpactDistanceY": "0",
    "BlockImpactDistanceZ": "0",
    "BlockImpactDecayRate": "0",
    "AddDmg": "0",
    "StaggerDmgModifier": "1",
    "CritStaggerDmgModifier": "1",
    "CameraShakeID": "",
    "TargetCameraShakeID": "",
    "BlockCameraShakeID": "",
    "BlockTargetCameraShakeID": "",
    "ImpactRating": "0",
    "BlockStaminaDmgMod": "1",
    "BlockAbsorptionModifier": "1",
    "StunBreakoutIncrement": "1",
    "DamageReceiverCooldown": ""
  },
  {
    "DamageID": "FrostTrebuchet_DoT",
    "WeaponCategory": "Unarmed",
    "IgnoreInvulnerable": "0",
    "NoReaction": "1",
    "IsRanged": "",
    "IsSiege": "1",
    "DamageType": "AfflictionFrostbite",
    "Affliction": "AfflictionFrostbite",
    "AddAffliction": "",
    "AfflictionPercent": "",
    "StatusEffect": "",
    "EffectOnlyOnDamage": "",
    "SurfaceImpactEffect": "Bullet",
    "DeflectDamageID": "",
    "CanCrit": "0",
    "DmgCoef": "1",
    "DmgCoefHead": "1",
    "DmgCoefCrit": "",
    "PowerLevel": "1",
    "BlockPowerLevel": "1",
    "CritPowerLevel": "1",
    "HitStun": "0",
    "BlockHitStun": "0",
    "CritHitStun": "0",
    "ImpactDistanceX": "0",
    "ImpactDistanceY": "0",
    "ImpactDistanceZ": "0",
    "ImpactDecayRate": "0",
    "BlockImpactDistanceX": "0",
    "BlockImpactDistanceY": "0",
    "BlockImpactDistanceZ": "0",
    "BlockImpactDecayRate": "0",
    "AddDmg": "0",
    "StaggerDmgModifier": "1",
    "CritStaggerDmgModifier": "1",
    "CameraShakeID": "",
    "TargetCameraShakeID": "",
    "BlockCameraShakeID": "",
    "BlockTargetCameraShakeID": "",
    "ImpactRating": "0",
    "BlockStaminaDmgMod": "1",
    "BlockAbsorptionModifier": "1",
    "StunBreakoutIncrement": "0",
    "DamageReceiverCooldown": ""
  },
  {
    "DamageID": "Darkness_CorruptionEruption_DT1",
    "WeaponCategory": "Unarmed",
    "IgnoreInvulnerable": "0",
    "NoReaction": "0",
    "IsRanged": "",
    "IsSiege": "1",
    "DamageType": "Strike",
    "Affliction": "",
    "AddAffliction": "",
    "AfflictionPercent": "",
    "StatusEffect": "",
    "EffectOnlyOnDamage": "",
    "SurfaceImpactEffect": "Bullet",
    "DeflectDamageID": "",
    "CanCrit": "0",
    "DmgCoef": "1",
    "DmgCoefHead": "1",
    "DmgCoefCrit": "",
    "PowerLevel": "4",
    "BlockPowerLevel": "3",
    "CritPowerLevel": "4",
    "HitStun": "50",
    "BlockHitStun": "30",
    "CritHitStun": "50",
    "ImpactDistanceX": "0",
    "ImpactDistanceY": "8",
    "ImpactDistanceZ": "0",
    "ImpactDecayRate": "0.8",
    "BlockImpactDistanceX": "0",
    "BlockImpactDistanceY": "8",
    "BlockImpactDistanceZ": "0",
    "BlockImpactDecayRate": "0.8",
    "AddDmg": "0",
    "StaggerDmgModifier": "1",
    "CritStaggerDmgModifier": "1",
    "CameraShakeID": "",
    "TargetCameraShakeID": "",
    "BlockCameraShakeID": "",
    "BlockTargetCameraShakeID": "",
    "ImpactRating": "4",
    "BlockStaminaDmgMod": "1",
    "BlockAbsorptionModifier": "1",
    "StunBreakoutIncrement": "1",
    "DamageReceiverCooldown": ""
  },
  {
    "DamageID": "DungeonLaserBeam",
    "WeaponCategory": "Beam_Laser",
    "IgnoreInvulnerable": "1",
    "NoReaction": "0",
    "IsRanged": "1",
    "IsSiege": "1",
    "DamageType": "Arcane",
    "Affliction": "",
    "AddAffliction": "",
    "AfflictionPercent": "",
    "StatusEffect": "StatusEffect_Boss_TeamWipe",
    "EffectOnlyOnDamage": "",
    "SurfaceImpactEffect": "Bullet",
    "DeflectDamageID": "",
    "CanCrit": "0",
    "DmgCoef": "1",
    "DmgCoefHead": "1",
    "DmgCoefCrit": "",
    "PowerLevel": "66",
    "BlockPowerLevel": "0",
    "CritPowerLevel": "0",
    "HitStun": "0",
    "BlockHitStun": "0",
    "CritHitStun": "0",
    "ImpactDistanceX": "0",
    "ImpactDistanceY": "0",
    "ImpactDistanceZ": "0",
    "ImpactDecayRate": "0",
    "BlockImpactDistanceX": "0",
    "BlockImpactDistanceY": "0",
    "BlockImpactDistanceZ": "0",
    "BlockImpactDecayRate": "0",
    "AddDmg": "0",
    "StaggerDmgModifier": "1",
    "CritStaggerDmgModifier": "1",
    "CameraShakeID": "",
    "TargetCameraShakeID": "",
    "BlockCameraShakeID": "",
    "BlockTargetCameraShakeID": "",
    "ImpactRating": "0",
    "BlockStaminaDmgMod": "1",
    "BlockAbsorptionModifier": "1",
    "StunBreakoutIncrement": "1",
    "DamageReceiverCooldown": ""
  }
]