[
  {
    "GameModeId": "TestMode1",
    "ScriptName": "GameModeTest",
    "SlicePath": "GameModes/GameModeTest_01",
    "RequiresTeamRaids": "0",
    "AdvanceThroughStatesOnUpdate": "0",
    "DisplayName": "",
    "Description": "",
    "RequirementText": "",
    "IconPath": "",
    "BackgroundImagePath": "",
    "CoatlicueName": "",
    "WorldBounds": "",
    "TeamTeleportData": "",
    "FeatureFlag": "javelin.enable-game-mode-tests",
    "ItemClassesToRemoveOnExit": "",
    "ClearBattleTokensOnExit": "False",
    "RequiresGameModeGDEException": "True",
    "RequiredLevel": "",
    "QueueReadyThreshold": "",
    "BackfillReadyThreshold": "",
    "NumTeams": "",
    "TeamCapacity": "",
    "PossibleItemDropIds": "",
    "MinGroupSize": "",
    "PreserveOldGroup": "",
    "IsDungeon": "",
    "RestrictGathering": "0",
    "RestrictWaterGathering": "0",
    "MapId": "",
    "LootTags": "TestMode1",
    "ContainerLevel": "",
    "VictoryDelaySec": "",
    "MaxAI": "",
    "AISpawnRadius": "",
    "AIDespawnRadius": "",
    "ProjectedCpuUsePercent": "",
    "ProjectedMemoryUseMb": "",
    "ProjectedDurationMinutes": "",
    "Priority": "",
    "PauseTimeOfDay": "0",
    "FreezeTime": "0",
    "AILevelAdjustedPerceptionEnabled": "0"
  },
  {
    "GameModeId": "TestMode2",
    "ScriptName": "GameModeTest",
    "SlicePath": "GameModes/GameModeTest_02",
    "RequiresTeamRaids": "0",
    "AdvanceThroughStatesOnUpdate": "0",
    "DisplayName": "",
    "Description": "",
    "RequirementText": "",
    "IconPath": "",
    "BackgroundImagePath": "",
    "CoatlicueName": "",
    "WorldBounds": "",
    "TeamTeleportData": "",
    "FeatureFlag": "javelin.enable-game-mode-tests",
    "ItemClassesToRemoveOnExit": "",
    "ClearBattleTokensOnExit": "False",
    "RequiresGameModeGDEException": "True",
    "RequiredLevel": "",
    "QueueReadyThreshold": "",
    "BackfillReadyThreshold": "",
    "NumTeams": "",
    "TeamCapacity": "",
    "PossibleItemDropIds": "",
    "MinGroupSize": "",
    "PreserveOldGroup": "",
    "IsDungeon": "",
    "RestrictGathering": "0",
    "RestrictWaterGathering": "0",
    "MapId": "",
    "LootTags": "TestMode2",
    "ContainerLevel": "",
    "VictoryDelaySec": "",
    "MaxAI": "",
    "AISpawnRadius": "",
    "AIDespawnRadius": "",
    "ProjectedCpuUsePercent": "",
    "ProjectedMemoryUseMb": "",
    "ProjectedDurationMinutes": "",
    "Priority": "",
    "PauseTimeOfDay": "0",
    "FreezeTime": "0",
    "AILevelAdjustedPerceptionEnabled": "0"
  },
  {
    "GameModeId": "Duel",
    "ScriptName": "Duel",
    "SlicePath": "GameModes/GameMode_Duel",
    "RequiresTeamRaids": "0",
    "AdvanceThroughStatesOnUpdate": "0",
    "DisplayName": "",
    "Description": "",
    "RequirementText": "",
    "IconPath": "",
    "BackgroundImagePath": "",
    "CoatlicueName": "",
    "WorldBounds": "",
    "TeamTeleportData": "",
    "FeatureFlag": "javelin.enable-game-mode-duels",
    "ItemClassesToRemoveOnExit": "",
    "ClearBattleTokensOnExit": "False",
    "RequiresGameModeGDEException": "True",
    "RequiredLevel": "",
    "QueueReadyThreshold": "",
    "BackfillReadyThreshold": "",
    "NumTeams": "",
    "TeamCapacity": "",
    "PossibleItemDropIds": "",
    "MinGroupSize": "",
    "PreserveOldGroup": "",
    "IsDungeon": "",
    "RestrictGathering": "0",
    "RestrictWaterGathering": "0",
    "MapId": "",
    "LootTags": "Duel",
    "ContainerLevel": "",
    "VictoryDelaySec": "",
    "MaxAI": "",
    "AISpawnRadius": "",
    "AIDespawnRadius": "",
    "ProjectedCpuUsePercent": "",
    "ProjectedMemoryUseMb": "",
    "ProjectedDurationMinutes": "",
    "Priority": "",
    "PauseTimeOfDay": "0",
    "FreezeTime": "0",
    "AILevelAdjustedPerceptionEnabled": "0"
  },
  {
    "GameModeId": "OutpostRush",
    "ScriptName": "OutpostRush",
    "SlicePath": "POIs/OutpostRush/OutpostRush_Layout_00",
    "RequiresTeamRaids": "1",
    "AdvanceThroughStatesOnUpdate": "0",
    "DisplayName": "@ui_outpost_rush_signup_title",
    "Description": "",
    "RequirementText": "",
    "IconPath": "LyShineUI/Images/Icons/OutpostRush/icon_outpostRush.dds",
    "BackgroundImagePath": "",
    "CoatlicueName": "coatlicue\\NewWorld_VitaeEterna",
    "WorldBounds": "937.0,10562.0,704.0,1056.0",
    "TeamTeleportData": "1241,10746,96,0+1309,11279,66,180",
    "FeatureFlag": "javelin.enable-game-mode-outpost-rush",
    "ItemClassesToRemoveOnExit": "OutpostRushOnly",
    "ClearBattleTokensOnExit": "True",
    "RequiresGameModeGDEException": "True",
    "RequiredLevel": "60",
    "QueueReadyThreshold": "32",
    "BackfillReadyThreshold": "39",
    "NumTeams": "2",
    "TeamCapacity": "20",
    "PossibleItemDropIds": "",
    "MinGroupSize": "",
    "PreserveOldGroup": "1",
    "IsDungeon": "",
    "RestrictGathering": "1",
    "RestrictWaterGathering": "0",
    "MapId": "",
    "LootTags": "OutpostRush",
    "ContainerLevel": "",
    "VictoryDelaySec": "",
    "MaxAI": "OpenWorld",
    "AISpawnRadius": "OpenWorld",
    "AIDespawnRadius": "OpenWorld",
    "ProjectedCpuUsePercent": "8",
    "ProjectedMemoryUseMb": "1024",
    "ProjectedDurationMinutes": "15",
    "Priority": "1",
    "PauseTimeOfDay": "0",
    "FreezeTime": "0",
    "AILevelAdjustedPerceptionEnabled": "0"
  },
  {
    "GameModeId": "DungeonAmrine",
    "ScriptName": "DungeonAmrine",
    "SlicePath": "Dungeon/LevelScripts/AmrineDungeon",
    "RequiresTeamRaids": "0",
    "AdvanceThroughStatesOnUpdate": "1",
    "DisplayName": "@dungeon_amrine_title",
    "Description": "@dungeon_amrine_description",
    "RequirementText": "@dungeon_amrine_required_equipment",
    "IconPath": "LyShineUI/Images/Map/Icon/POIs/expedition_amrine.dds",
    "BackgroundImagePath": "LyShineUI/Images/Dungeons/dungeonImages/dungeonImages_DungeonAmrine.dds",
    "CoatlicueName": "coatlicue\\NW_Dungeon_Windsward_00",
    "WorldBounds": "610.0,560.0,352.0,512.0",
    "TeamTeleportData": "645.0,663.0,153.0,0",
    "FeatureFlag": "javelin.enable-game-mode-amrine-dungeon",
    "ItemClassesToRemoveOnExit": "DungeonItem",
    "ClearBattleTokensOnExit": "False",
    "RequiresGameModeGDEException": "True",
    "RequiredLevel": "25",
    "QueueReadyThreshold": "",
    "BackfillReadyThreshold": "",
    "NumTeams": "",
    "TeamCapacity": "",
    "PossibleItemDropIds": "1hRapier_SimonGreysToothpickT3,2hStaffFire_FlareSparkT3,2hGreataxe_DarknessDefinedT3,Ring_SimonsHacksilverRingT3,Amulet_NakashimasKeepsakeT3",
    "MinGroupSize": "3",
    "PreserveOldGroup": "",
    "IsDungeon": "1",
    "RestrictGathering": "0",
    "RestrictWaterGathering": "1",
    "MapId": "NW_Dungeon_Windsward_00",
    "LootTags": "Amrine,Lost",
    "ContainerLevel": "25",
    "VictoryDelaySec": "4",
    "MaxAI": "OpenWorld",
    "AISpawnRadius": "OpenWorld",
    "AIDespawnRadius": "OpenWorld",
    "ProjectedCpuUsePercent": "1",
    "ProjectedMemoryUseMb": "512",
    "ProjectedDurationMinutes": "10",
    "Priority": "2",
    "PauseTimeOfDay": "0",
    "FreezeTime": "0",
    "AILevelAdjustedPerceptionEnabled": "0"
  },
  {
    "GameModeId": "DungeonEdengrove00",
    "ScriptName": "DungeonEdengrove00",
    "SlicePath": "Dungeon/LevelScripts/Edengrove00Dungeon",
    "RequiresTeamRaids": "0",
    "AdvanceThroughStatesOnUpdate": "1",
    "DisplayName": "@dungeon_edengrove00_title",
    "Description": "@dungeon_edengrove00_description",
    "RequirementText": "@dungeon_edengrove00_required_equipment",
    "IconPath": "LyShineUI/Images/Map/Icon/POIs/expedition_genesis.dds",
    "BackgroundImagePath": "LyShineUI/Images/Dungeons/dungeonImages/dungeonImages_DungeonEdengrove00.dds",
    "CoatlicueName": "coatlicue\\NW_Dungeon_Edengrove_00",
    "WorldBounds": "384.0,1024.0,640.0,800.0",
    "TeamTeleportData": "675.0, 1166.0, 186.0,0",
    "FeatureFlag": "javelin.enable-game-mode-edengrove00-dungeon",
    "ItemClassesToRemoveOnExit": "DungeonItem",
    "ClearBattleTokensOnExit": "0",
    "RequiresGameModeGDEException": "1",
    "RequiredLevel": "60",
    "QueueReadyThreshold": "",
    "BackfillReadyThreshold": "",
    "NumTeams": "",
    "TeamCapacity": "",
    "PossibleItemDropIds": "2hSpear_AngryEarthExterminatorT5,EarringT5_MistyKismetCharm,2hBow_CreepingRecurveT5,EarringT5_DoomsChanceEarring,1hLongsword_PrimordialEdgeT5,2hStaffFire_FirebinderT5",
    "MinGroupSize": "3",
    "PreserveOldGroup": "",
    "IsDungeon": "1",
    "RestrictGathering": "0",
    "RestrictWaterGathering": "1",
    "MapId": "NW_Dungeon_Edengrove_00",
    "LootTags": "Edengrove00,AngryEarth",
    "ContainerLevel": "65",
    "VictoryDelaySec": "4",
    "MaxAI": "OpenWorld",
    "AISpawnRadius": "OpenWorld",
    "AIDespawnRadius": "OpenWorld",
    "ProjectedCpuUsePercent": "1",
    "ProjectedMemoryUseMb": "512",
    "ProjectedDurationMinutes": "10",
    "Priority": "2",
    "PauseTimeOfDay": "0",
    "FreezeTime": "0",
    "AILevelAdjustedPerceptionEnabled": "0"
  },
  {
    "GameModeId": "DungeonShatteredObelisk",
    "ScriptName": "DungeonShatteredObelisk",
    "SlicePath": "Dungeon/LevelScripts/ShatteredObeliskDungeon",
    "RequiresTeamRaids": "0",
    "AdvanceThroughStatesOnUpdate": "1",
    "DisplayName": "@dungeon_everfall_title",
    "Description": "@dungeon_everfall_description",
    "RequirementText": "@dungeon_everfall_required_equipment",
    "IconPath": "LyShineUI/Images/Map/Icon/POIs/expedition_obelisk.dds",
    "BackgroundImagePath": "LyShineUI/Images/Dungeons/dungeonImages/dungeonImages_DungeonShatteredObelisk.dds",
    "CoatlicueName": "coatlicue\\NW_Dungeon_Everfall_00",
    "WorldBounds": "0.0,0.0,1056.0,864.0",
    "TeamTeleportData": "965.0, 576.0, 324.0,90",
    "FeatureFlag": "javelin.enable-game-mode-shatteredobelisk-dungeon",
    "ItemClassesToRemoveOnExit": "DungeonItem",
    "ClearBattleTokensOnExit": "0",
    "RequiresGameModeGDEException": "1",
    "RequiredLevel": "35",
    "QueueReadyThreshold": "",
    "BackfillReadyThreshold": "",
    "NumTeams": "",
    "TeamCapacity": "",
    "PossibleItemDropIds": "Amulet_GraveguardsSealT3,2hStaffFire_StaffoftheImmolatedVeilT3,1hRapier_ObsidianRapierT3,1hGauntletIce_CreepingColdT3,1hThrowingAxe_FleetingRealityT3",
    "MinGroupSize": "3",
    "PreserveOldGroup": "",
    "IsDungeon": "1",
    "RestrictGathering": "0",
    "RestrictWaterGathering": "1",
    "MapId": "NW_Dungeon_Everfall_00",
    "LootTags": "ShatteredObelisk,Ancient",
    "ContainerLevel": "35",
    "VictoryDelaySec": "4",
    "MaxAI": "OpenWorld",
    "AISpawnRadius": "OpenWorld",
    "AIDespawnRadius": "OpenWorld",
    "ProjectedCpuUsePercent": "2",
    "ProjectedMemoryUseMb": "512",
    "ProjectedDurationMinutes": "10",
    "Priority": "2",
    "PauseTimeOfDay": "0",
    "FreezeTime": "0",
    "AILevelAdjustedPerceptionEnabled": "0"
  },
  {
    "GameModeId": "DungeonRestlessShores01",
    "ScriptName": "DungeonRestlessShores01",
    "SlicePath": "Dungeon/LevelScripts/RestlessShores01Dungeon",
    "RequiresTeamRaids": "0",
    "AdvanceThroughStatesOnUpdate": "1",
    "DisplayName": "@dungeon_restlessshores01_title",
    "Description": "@dungeon_restlessshores01_description",
    "RequirementText": "@dungeon_restlessshores01_required_equipment",
    "IconPath": "LyShineUI/Images/Map/Icon/POIs/expedition_depths.dds",
    "BackgroundImagePath": "LyShineUI/Images/Dungeons/dungeonImages/dungeonImages_DungeonRestlessShores01.dds",
    "CoatlicueName": "coatlicue\\NW_Dungeon_RestlessShores_01",
    "WorldBounds": "500.0,780.0,1152.0,1440.0",
    "TeamTeleportData": "992.0,1007.0,150.0,180",
    "FeatureFlag": "javelin.enable-game-mode-restlessshores01-dungeon",
    "ItemClassesToRemoveOnExit": "DungeonItem",
    "ClearBattleTokensOnExit": "0",
    "RequiresGameModeGDEException": "1",
    "RequiredLevel": "45",
    "QueueReadyThreshold": "",
    "BackfillReadyThreshold": "",
    "NumTeams": "",
    "TeamCapacity": "",
    "PossibleItemDropIds": "2hMusket_TundraWardensRifleT4,2hStaffLife_StaffofDuplicitiousIntentT4,1hLongsword_WillingSacrificeT4,RingT4_HolyPledgersBand,2hBow_CorruptionInfusedLongbowT4",
    "MinGroupSize": "3",
    "PreserveOldGroup": "",
    "IsDungeon": "1",
    "RestrictGathering": "0",
    "RestrictWaterGathering": "1",
    "MapId": "NW_Dungeon_RestlessShores_01",
    "LootTags": "RestlessShores01,Corrupted",
    "ContainerLevel": "45",
    "VictoryDelaySec": "4",
    "MaxAI": "OpenWorld",
    "AISpawnRadius": "OpenWorld",
    "AIDespawnRadius": "OpenWorld",
    "ProjectedCpuUsePercent": "1",
    "ProjectedMemoryUseMb": "512",
    "ProjectedDurationMinutes": "10",
    "Priority": "2",
    "PauseTimeOfDay": "0",
    "FreezeTime": "0",
    "AILevelAdjustedPerceptionEnabled": "0"
  },
  {
    "GameModeId": "DungeonReekwater00",
    "ScriptName": "DungeonReekwater00",
    "SlicePath": "Dungeon/LevelScripts/Reekwater00Dungeon",
    "RequiresTeamRaids": "0",
    "AdvanceThroughStatesOnUpdate": "1",
    "DisplayName": "@dungeon_reekwater_title",
    "Description": "@dungeon_reekwater_description",
    "RequirementText": "@dungeon_reekwater_required_equipment",
    "IconPath": "LyShineUI/Images/Map/Icon/POIs/expedition_lazarus.dds",
    "BackgroundImagePath": "LyShineUI/Images/Dungeons/dungeonImages/dungeonImages_DungeonReekwater00.dds",
    "CoatlicueName": "coatlicue\\NW_Dungeon_Reekwater_00",
    "WorldBounds": "610.0,560.0,512.0,512.0",
    "TeamTeleportData": "801.0,569.0,205.0,0",
    "FeatureFlag": "javelin.enable-game-mode-reekwater00-dungeon",
    "ItemClassesToRemoveOnExit": "DungeonItem",
    "ClearBattleTokensOnExit": "FALSE",
    "RequiresGameModeGDEException": "TRUE",
    "RequiredLevel": "60",
    "QueueReadyThreshold": "",
    "BackfillReadyThreshold": "",
    "NumTeams": "",
    "TeamCapacity": "",
    "PossibleItemDropIds": "1hThrowingAxe_SolT5,2hStaffLife_WilloftheAncientsT5,Ring_FeatherweightRingT5,2hBow_LazarusBowT5,1hGauntletIce_FrostgraspT5",
    "MinGroupSize": "3",
    "PreserveOldGroup": "",
    "IsDungeon": "1",
    "RestrictGathering": "0",
    "RestrictWaterGathering": "1",
    "MapId": "NW_Dungeon_Reekwater_00",
    "LootTags": "Reekwater00,Ancient",
    "ContainerLevel": "65",
    "VictoryDelaySec": "4",
    "MaxAI": "OpenWorld",
    "AISpawnRadius": "OpenWorld",
    "AIDespawnRadius": "OpenWorld",
    "ProjectedCpuUsePercent": "1",
    "ProjectedMemoryUseMb": "512",
    "ProjectedDurationMinutes": "10",
    "Priority": "2",
    "PauseTimeOfDay": "0",
    "FreezeTime": "0",
    "AILevelAdjustedPerceptionEnabled": "0"
  },
  {
    "GameModeId": "DungeonEbonscale00",
    "ScriptName": "DungeonEbonscale00",
    "SlicePath": "Dungeon/LevelScripts/Ebonscale00Dungeon",
    "RequiresTeamRaids": "0",
    "AdvanceThroughStatesOnUpdate": "1",
    "DisplayName": "@dungeon_ebonscale00_title",
    "Description": "@dungeon_ebonscale00_description",
    "RequirementText": "@dungeon_ebonscale_required_equipment",
    "IconPath": "LyShineUI/Images/Map/Icon/POIs/expedition_shipyard.dds",
    "BackgroundImagePath": "LyShineUI/Images/Dungeons/dungeonImages/dungeonImages_DungeonEbonscale00.dds",
    "CoatlicueName": "coatlicue\\NewWorld_VitaeEterna",
    "WorldBounds": "4480.0,4096.0,608.0,544.0",
    "TeamTeleportData": "5039.0, 4321.0, 41,0",
    "FeatureFlag": "javelin.enable-game-mode-ebonscale00-dungeon",
    "ItemClassesToRemoveOnExit": "DungeonItem",
    "ClearBattleTokensOnExit": "0",
    "RequiresGameModeGDEException": "1",
    "RequiredLevel": "55",
    "QueueReadyThreshold": "",
    "BackfillReadyThreshold": "",
    "NumTeams": "",
    "TeamCapacity": "",
    "PossibleItemDropIds": "2hBow_TempestsCallT4,2hStaffFire_FlamewakeT4,RingT4_BandofOceansOath,1hRapier_RapierofForgottenQueensT4,2hGreataxe_InnerPeaceT4",
    "MinGroupSize": "3",
    "PreserveOldGroup": "",
    "IsDungeon": "1",
    "RestrictGathering": "0",
    "RestrictWaterGathering": "1",
    "MapId": "NewWorld_VitaeEterna",
    "LootTags": "Ebonscale00,Corrupted",
    "ContainerLevel": "55",
    "VictoryDelaySec": "4",
    "MaxAI": "OpenWorld",
    "AISpawnRadius": "OpenWorld",
    "AIDespawnRadius": "OpenWorld",
    "ProjectedCpuUsePercent": "1",
    "ProjectedMemoryUseMb": "512",
    "ProjectedDurationMinutes": "10",
    "Priority": "2",
    "PauseTimeOfDay": "1",
    "FreezeTime": "0",
    "AILevelAdjustedPerceptionEnabled": "0"
  }
]