[
  {
    "Rank": "0",
    "DisplayName": "",
    "MaximumInfluence": "50",
    "RequiredLevel": "0",
    "InfluenceCost": "0",
    "CurrencyCost": "0",
    "SanityCheck": "",
    "AdditionalProgressionPoints": "0",
    "AzothRespecCost": "0"
  },
  {
    "Rank": "1",
    "DisplayName": "",
    "MaximumInfluence": "100",
    "RequiredLevel": "0",
    "InfluenceCost": "50",
    "CurrencyCost": "0",
    "SanityCheck": "1",
    "AdditionalProgressionPoints": "0",
    "AzothRespecCost": "0"
  },
  {
    "Rank": "2",
    "DisplayName": "",
    "MaximumInfluence": "200",
    "RequiredLevel": "0",
    "InfluenceCost": "100",
    "CurrencyCost": "0",
    "SanityCheck": "1",
    "AdditionalProgressionPoints": "0",
    "AzothRespecCost": "0"
  },
  {
    "Rank": "3",
    "DisplayName": "",
    "MaximumInfluence": "400",
    "RequiredLevel": "0",
    "InfluenceCost": "200",
    "CurrencyCost": "0",
    "SanityCheck": "1",
    "AdditionalProgressionPoints": "0",
    "AzothRespecCost": "0"
  },
  {
    "Rank": "4",
    "DisplayName": "",
    "MaximumInfluence": "700",
    "RequiredLevel": "0",
    "InfluenceCost": "400",
    "CurrencyCost": "0",
    "SanityCheck": "1",
    "AdditionalProgressionPoints": "0",
    "AzothRespecCost": "0"
  },
  {
    "Rank": "5",
    "DisplayName": "",
    "MaximumInfluence": "1100",
    "RequiredLevel": "0",
    "InfluenceCost": "700",
    "CurrencyCost": "0",
    "SanityCheck": "1",
    "AdditionalProgressionPoints": "0",
    "AzothRespecCost": "0"
  },
  {
    "Rank": "6",
    "DisplayName": "",
    "MaximumInfluence": "1600",
    "RequiredLevel": "0",
    "InfluenceCost": "1100",
    "CurrencyCost": "0",
    "SanityCheck": "1",
    "AdditionalProgressionPoints": "0",
    "AzothRespecCost": "0"
  },
  {
    "Rank": "7",
    "DisplayName": "",
    "MaximumInfluence": "2200",
    "RequiredLevel": "0",
    "InfluenceCost": "1600",
    "CurrencyCost": "0",
    "SanityCheck": "1",
    "AdditionalProgressionPoints": "0",
    "AzothRespecCost": "0"
  },
  {
    "Rank": "8",
    "DisplayName": "",
    "MaximumInfluence": "2900",
    "RequiredLevel": "0",
    "InfluenceCost": "2200",
    "CurrencyCost": "0",
    "SanityCheck": "1",
    "AdditionalProgressionPoints": "0",
    "AzothRespecCost": "0"
  },
  {
    "Rank": "9",
    "DisplayName": "",
    "MaximumInfluence": "3700",
    "RequiredLevel": "0",
    "InfluenceCost": "2900",
    "CurrencyCost": "0",
    "SanityCheck": "1",
    "AdditionalProgressionPoints": "0",
    "AzothRespecCost": "0"
  },
  {
    "Rank": "10",
    "DisplayName": "",
    "MaximumInfluence": "4600",
    "RequiredLevel": "0",
    "InfluenceCost": "3700",
    "CurrencyCost": "0",
    "SanityCheck": "1",
    "AdditionalProgressionPoints": "0",
    "AzothRespecCost": "25"
  },
  {
    "Rank": "11",
    "DisplayName": "",
    "MaximumInfluence": "5600",
    "RequiredLevel": "0",
    "InfluenceCost": "4600",
    "CurrencyCost": "0",
    "SanityCheck": "1",
    "AdditionalProgressionPoints": "0",
    "AzothRespecCost": "25"
  },
  {
    "Rank": "12",
    "DisplayName": "",
    "MaximumInfluence": "6600",
    "RequiredLevel": "0",
    "InfluenceCost": "5600",
    "CurrencyCost": "0",
    "SanityCheck": "1",
    "AdditionalProgressionPoints": "0",
    "AzothRespecCost": "50"
  },
  {
    "Rank": "13",
    "DisplayName": "",
    "MaximumInfluence": "7600",
    "RequiredLevel": "0",
    "InfluenceCost": "6600",
    "CurrencyCost": "0",
    "SanityCheck": "1",
    "AdditionalProgressionPoints": "0",
    "AzothRespecCost": "50"
  },
  {
    "Rank": "14",
    "DisplayName": "",
    "MaximumInfluence": "8600",
    "RequiredLevel": "0",
    "InfluenceCost": "7600",
    "CurrencyCost": "0",
    "SanityCheck": "1",
    "AdditionalProgressionPoints": "0",
    "AzothRespecCost": "75"
  },
  {
    "Rank": "15",
    "DisplayName": "",
    "MaximumInfluence": "10100",
    "RequiredLevel": "0",
    "InfluenceCost": "8600",
    "CurrencyCost": "0",
    "SanityCheck": "1",
    "AdditionalProgressionPoints": "0",
    "AzothRespecCost": "100"
  },
  {
    "Rank": "16",
    "DisplayName": "",
    "MaximumInfluence": "12100",
    "RequiredLevel": "0",
    "InfluenceCost": "10100",
    "CurrencyCost": "0",
    "SanityCheck": "1",
    "AdditionalProgressionPoints": "0",
    "AzothRespecCost": "125"
  },
  {
    "Rank": "17",
    "DisplayName": "",
    "MaximumInfluence": "14100",
    "RequiredLevel": "0",
    "InfluenceCost": "12100",
    "CurrencyCost": "0",
    "SanityCheck": "1",
    "AdditionalProgressionPoints": "0",
    "AzothRespecCost": "150"
  },
  {
    "Rank": "18",
    "DisplayName": "",
    "MaximumInfluence": "16100",
    "RequiredLevel": "0",
    "InfluenceCost": "14100",
    "CurrencyCost": "0",
    "SanityCheck": "1",
    "AdditionalProgressionPoints": "0",
    "AzothRespecCost": "175"
  },
  {
    "Rank": "19",
    "DisplayName": "",
    "MaximumInfluence": "20000",
    "RequiredLevel": "0",
    "InfluenceCost": "16100",
    "CurrencyCost": "0",
    "SanityCheck": "1",
    "AdditionalProgressionPoints": "0",
    "AzothRespecCost": "200"
  }
]