[
  {
    "SkillID": "Expertise",
    "Name": "Expertise",
    "CategoryID": "General",
    "CategoryDisplay": "General Skills",
    "MaxLevel": "50",
    "Icon": "1H_Sword_T0",
    "PassiveStatusEffect": "skillExpertise",
    "Perks": "Expertise_1=5+Expertise_2=10+Expertise_3=15+Expertise_4=20+Expertise_5=25+Expertise_6=30+Expertise_7=35+Expertise_8=40+Expertise_9=45+Expertise_10=50",
    "Description": "General skill that gains exp along with other skills"
  },
  {
    "SkillID": "Swords",
    "Name": "Swords",
    "CategoryID": "Combat",
    "CategoryDisplay": "Combat Skills",
    "MaxLevel": "25",
    "Icon": "1H_Sword_T0",
    "PassiveStatusEffect": "skillSwords",
    "Perks": "Swords_1=8+Swords_2=16+Swords_3=25",
    "Description": "The Swords skill encompasses all one-handed and two-handed swords."
  },
  {
    "SkillID": "Guns",
    "Name": "Guns",
    "CategoryID": "Combat",
    "CategoryDisplay": "Combat Skills",
    "MaxLevel": "25",
    "Icon": "2H_Rifle_T0",
    "PassiveStatusEffect": "skillGuns",
    "Perks": "Guns_1=8+Guns_2=16+Guns_3=25",
    "Description": "The Guns skill encompasses all guns."
  },
  {
    "SkillID": "Clubs",
    "Name": "Clubs",
    "CategoryID": "Combat",
    "CategoryDisplay": "Combat Skills",
    "MaxLevel": "25",
    "Icon": "1H_Club_T0",
    "PassiveStatusEffect": "skillClubs",
    "Perks": "Clubs_1=8+Clubs_2=16+Clubs_3=25",
    "Description": "The Clubs skill encompasses all one-handed and two-handed clubs."
  },
  {
    "SkillID": "Polearms",
    "Name": "Polearms",
    "CategoryID": "Combat",
    "CategoryDisplay": "Combat Skills",
    "MaxLevel": "25",
    "Icon": "1H_Club_T0",
    "PassiveStatusEffect": "skillPolearms",
    "Perks": "Polearms_1=8+Polearms_2=16+Polearms_3=25",
    "Description": "The Polearms skill encompasses all polearms."
  },
  {
    "SkillID": "Axes",
    "Name": "Axes",
    "CategoryID": "Combat",
    "CategoryDisplay": "Combat Skills",
    "MaxLevel": "25",
    "Icon": "1H_Axe_T0",
    "PassiveStatusEffect": "skillAxes",
    "Perks": "Axes_1=8+Axes_2=16+Axes_3=25",
    "Description": "The Axes skill governs combat applications of one-handed and two-handed axes."
  },
  {
    "SkillID": "Picks",
    "Name": "Picks",
    "CategoryID": "Combat",
    "CategoryDisplay": "Combat Skills",
    "MaxLevel": "25",
    "Icon": "1H_Pick_T0",
    "PassiveStatusEffect": "skillPicks",
    "Perks": "Picks_1=8+Picks_2=16+Picks_3=25",
    "Description": "The Picks skill governs combat applications of one-handed and two-handed picks."
  },
  {
    "SkillID": "Bows",
    "Name": "Bows",
    "CategoryID": "Combat",
    "CategoryDisplay": "Combat Skills",
    "MaxLevel": "25",
    "Icon": "2H_Bow_T0",
    "PassiveStatusEffect": "skillBows",
    "Perks": "Bows_1=8+Bows_2=16+Bows_3=25",
    "Description": "The Bows skill encompasses all bows."
  },
  {
    "SkillID": "Knives",
    "Name": "Knives",
    "CategoryID": "Combat",
    "CategoryDisplay": "Combat Skills",
    "MaxLevel": "25",
    "Icon": "1H_Knife_T0",
    "PassiveStatusEffect": "skillKnives",
    "Perks": "Knives_1=8+Knives_2=16+Knives_3=25",
    "Description": "The Knives skill encompasses all knives."
  },
  {
    "SkillID": "Unarmed",
    "Name": "Unarmed",
    "CategoryID": "Combat",
    "CategoryDisplay": "Combat Skills",
    "MaxLevel": "25",
    "Icon": "1H_Knife_T0",
    "PassiveStatusEffect": "skillUnarmed",
    "Perks": "Unarmed_1=8+Unarmed_2=16+Unarmed_3=25",
    "Description": "The Unarmed skill governs all combat without weapons."
  },
  {
    "SkillID": "Logging",
    "Name": "Logging",
    "CategoryID": "Gathering",
    "CategoryDisplay": "Gathering Skills",
    "MaxLevel": "25",
    "Icon": "2H_Axe_T0",
    "PassiveStatusEffect": "skillLogging",
    "Perks": "Logging_1=8+Logging_2=16+Logging_3=25",
    "Description": "The Logging skill is increased through using one handed and two handed axes, both through combat and through harvesting lumber.&#160;Its benefits are focused on non-combat applications, whereas the Axes skill focuses on using a axe in combat."
  },
  {
    "SkillID": "Mining",
    "Name": "Mining",
    "CategoryID": "Gathering",
    "CategoryDisplay": "Gathering Skills",
    "MaxLevel": "25",
    "Icon": "2H_Pickaxe_T0",
    "PassiveStatusEffect": "skillMining",
    "Perks": "Mining_1=8+Mining_2=16+Mining_3=25",
    "Description": "The Mining skill is increased through using one handed and two handed picks, both through combat and through harvesting stone and ore. Its benefits are focused on non-combat applications, whereas the Picks skill focuses on using a pick in combat."
  },
  {
    "SkillID": "Harvesting",
    "Name": "Harvesting",
    "CategoryID": "Gathering",
    "CategoryDisplay": "Gathering Skills",
    "MaxLevel": "25",
    "Icon": "2H_Pickaxe_T0",
    "PassiveStatusEffect": "skillHarvesting",
    "Perks": "Harvesting_1=8+Harvesting_2=16+Harvesting_3=25",
    "Description": "The Harvesting skill is used for general gathering without using an equipped item, such as gathering herbs, berries, water, etc."
  },
  {
    "SkillID": "Hunting",
    "Name": "Hunting",
    "CategoryID": "Gathering",
    "CategoryDisplay": "Gathering Skills",
    "MaxLevel": "25",
    "Icon": "2H_Pickaxe_T0",
    "PassiveStatusEffect": "skillHunting",
    "Perks": "Hunting_1=8+Hunting_2=16+Hunting_3=25",
    "Description": "The Hunting skill focuses on hunting prey."
  },
  {
    "SkillID": "Fishing",
    "Name": "Fishing",
    "CategoryID": "Gathering",
    "CategoryDisplay": "Gathering Skills",
    "MaxLevel": "25",
    "Icon": "2H_Pickaxe_T0",
    "PassiveStatusEffect": "skillFishing",
    "Perks": "Fishing_1=8+Fishing_2=16+Fishing_3=25",
    "Description": "The Fishing skill represents skill at fishing and provides bonuses while attempting to fish."
  },
  {
    "SkillID": "Exploration",
    "Name": "Exploration",
    "CategoryID": "Gathering",
    "CategoryDisplay": "Gathering Skills",
    "MaxLevel": "25",
    "Icon": "2H_Pickaxe_T0",
    "PassiveStatusEffect": "skillExploration",
    "Perks": "Exploration_1=8+Exploration_2=16+Exploration_3=25",
    "Description": "The exploration skill deals with exploring the world map. It includes cartography."
  },
  {
    "SkillID": "Running",
    "Name": "Running",
    "CategoryID": "Gathering",
    "CategoryDisplay": "Gathering Skills",
    "MaxLevel": "25",
    "Icon": "2H_Pickaxe_T0",
    "PassiveStatusEffect": "skillRunning",
    "Perks": "Running_1=8+Running_2=16+Running_3=25",
    "Description": "This skill is used for for simply moving around the game world."
  },
  {
    "SkillID": "Building",
    "Name": "Building",
    "CategoryID": "Crafting",
    "CategoryDisplay": "Crafting Skills",
    "MaxLevel": "25",
    "Icon": "2H_Pickaxe_T0",
    "PassiveStatusEffect": "skillBuilding",
    "Perks": "Building_1=8+Building_2=16+Building_3=25",
    "Description": "This skill is used for on building structures of any kind. Higher levels of the building skill increase the Health of buildings that the player builds and unlock additional building recipes."
  },
  {
    "SkillID": "Blacksmithing",
    "Name": "Blacksmithing",
    "CategoryID": "Crafting",
    "CategoryDisplay": "Crafting Skills",
    "MaxLevel": "25",
    "Icon": "2H_Pickaxe_T0",
    "PassiveStatusEffect": "skillBlacksmithing",
    "Perks": "Blacksmithing_1=8+Blacksmithing_2=16+Blacksmithing_3=25",
    "Description": "This skill is used for making metal tools,  component parts, and miscelaneous goods."
  },
  {
    "SkillID": "Outfitting",
    "Name": "Outfitting",
    "CategoryID": "Crafting",
    "CategoryDisplay": "Crafting Skills",
    "MaxLevel": "25",
    "Icon": "2H_Pickaxe_T0",
    "PassiveStatusEffect": "skillOutfitting",
    "Perks": "",
    "Description": "This skill is specifically focused on crafting armor, clothing, and all cloth or leather items."
  },
  {
    "SkillID": "Cooking",
    "Name": "Cooking",
    "CategoryID": "Crafting",
    "CategoryDisplay": "Crafting Skills",
    "MaxLevel": "25",
    "Icon": "2H_Pickaxe_T0",
    "PassiveStatusEffect": "skillCooking",
    "Perks": "Cooking_1=8+Cooking_2=16+Cooking_3=25",
    "Description": "This skill is used for all crafting for food. Increasing Cooking skill teaches the player additional recipes and improves the efficacy of their existing ones."
  },
  {
    "SkillID": "Alchemy",
    "Name": "Alchemy",
    "CategoryID": "Crafting",
    "CategoryDisplay": "Crafting Skills",
    "MaxLevel": "25",
    "Icon": "2H_Pickaxe_T0",
    "PassiveStatusEffect": "skillAlchemy",
    "Perks": "Alchemy_1=8+Alchemy_2=16+Alchemy_3=25",
    "Description": "This skill is used for creating alchemical concoctions as well as transmuting items."
  },
  {
    "SkillID": "Carpentry",
    "Name": "Carpentry",
    "CategoryID": "Crafting",
    "CategoryDisplay": "Crafting Skills",
    "MaxLevel": "25",
    "Icon": "2H_Pickaxe_T0",
    "PassiveStatusEffect": "skillCarpentry",
    "Perks": "Carpentry_1=8+Carpentry_2=16+Carpentry_3=25",
    "Description": "This skill is used for building and upgrading wooden items."
  },
  {
    "SkillID": "Stonecutting",
    "Name": "Stonecutting",
    "CategoryID": "Crafting",
    "CategoryDisplay": "Crafting Skills",
    "MaxLevel": "25",
    "Icon": "2H_Pickaxe_T0",
    "PassiveStatusEffect": "skillStonecutting",
    "Perks": "Stonecutting_1=8+Stonecutting_2=16+Stonecutting_3=25",
    "Description": "This skill is used for building and upgrading stone items."
  },
  {
    "SkillID": "Writing",
    "Name": "Writing",
    "CategoryID": "Crafting",
    "CategoryDisplay": "Crafting Skills",
    "MaxLevel": "25",
    "Icon": "2H_Pickaxe_T0",
    "PassiveStatusEffect": "skillWriting",
    "Perks": "Writing_1=8+Writing_2=16+Writing_3=25",
    "Description": "This skill is used for creating written documents such as Declarations of War, Land Claims, recipe books, spell books, and scrolls."
  },
  {
    "SkillID": "Leatherworking",
    "Name": "Leatherworking",
    "CategoryID": "Crafting",
    "CategoryDisplay": "Crafting Skills",
    "MaxLevel": "25",
    "Icon": "2H_Pickaxe_T0",
    "PassiveStatusEffect": "skillLeatherworking",
    "Perks": "Leatherworking_1=8+Leatherworking_2=16+Leatherworking_3=25",
    "Description": "This skill is used for crafting leather goods."
  },
  {
    "SkillID": "Tailoring",
    "Name": "Tailoring",
    "CategoryID": "Crafting",
    "CategoryDisplay": "Crafting Skills",
    "MaxLevel": "25",
    "Icon": "2H_Pickaxe_T0",
    "PassiveStatusEffect": "skillTailoring",
    "Perks": "Tailoring_1=8+Tailoring_2=16+Tailoring_3=25",
    "Description": "This skill is used for constructing cloth goods."
  },
  {
    "SkillID": "Weaponsmithing",
    "Name": "Weaponsmithing",
    "CategoryID": "Crafting",
    "CategoryDisplay": "Crafting Skills",
    "MaxLevel": "25",
    "Icon": "2H_Pickaxe_T0",
    "PassiveStatusEffect": "skillWeaponsmithing",
    "Perks": "Weaponsmithing_1=8+Weaponsmithing_2=16+Weaponsmithing_3=25",
    "Description": "This skill is used for constructing  metal weapons."
  },
  {
    "SkillID": "Armorsmithing",
    "Name": "Armorsmithing",
    "CategoryID": "Crafting",
    "CategoryDisplay": "Crafting Skills",
    "MaxLevel": "25",
    "Icon": "2H_Pickaxe_T0",
    "PassiveStatusEffect": "skillArmorsmithing",
    "Perks": "Armorsmithing_1=8+Armorsmithing_2=16+Armorsmithing_3=25",
    "Description": "This skill is used for constructing  metal armor."
  },
  {
    "SkillID": "Engineering",
    "Name": "Engineering",
    "CategoryID": "Crafting",
    "CategoryDisplay": "Crafting Skills",
    "MaxLevel": "25",
    "Icon": "2H_Pickaxe_T0",
    "PassiveStatusEffect": "skillEngineering",
    "Perks": "Engineering_1=8+Engineering_2=16+Engineering_3=25",
    "Description": "This skill is used for making guns, explosives, siege engines, and other advanced machinery."
  }
]