[
  {
    "EconomyTrackerID": "CoinGenerated",
    "AlarmType": "PerHour",
    "ThresholdConfig1": "javelin-server.economy-alarm-generated-coin-threshold-1",
    "MetricName1": "GeneratedCoinSuspicious",
    "EnableMetric1": "1",
    "ThresholdConfig2": "javelin-server.economy-alarm-generated-coin-threshold-2",
    "MetricName2": "GeneratedCoinCatastrophic",
    "EnableMetric2": "1"
  },
  {
    "EconomyTrackerID": "AzothGenerated",
    "AlarmType": "PerHour",
    "ThresholdConfig1": "javelin-server.economy-alarm-generated-azoth-threshold-1",
    "MetricName1": "GeneratedAzothSuspicious",
    "EnableMetric1": "1",
    "ThresholdConfig2": "javelin-server.economy-alarm-generated-azoth-threshold-2",
    "MetricName2": "GeneratedAzothCatastrophic",
    "EnableMetric2": "0"
  },
  {
    "EconomyTrackerID": "XPGenerated",
    "AlarmType": "PerHour",
    "ThresholdConfig1": "",
    "MetricName1": "GeneratedXPSuspicious",
    "EnableMetric1": "1",
    "ThresholdConfig2": "",
    "MetricName2": "GeneratedXPCatastrophic",
    "EnableMetric2": "1"
  },
  {
    "EconomyTrackerID": "ItemsGathered",
    "AlarmType": "PerHour",
    "ThresholdConfig1": "javelin-server.economy-alarm-items-gathered-threshold-1",
    "MetricName1": "ItemsGatheredSuspicious",
    "EnableMetric1": "1",
    "ThresholdConfig2": "javelin-server.economy-alarm-items-gathered-threshold-2",
    "MetricName2": "ItemsGatheredCatastrophic",
    "EnableMetric2": "1"
  },
  {
    "EconomyTrackerID": "ItemsCrafted",
    "AlarmType": "PerHour",
    "ThresholdConfig1": "javelin-server.economy-alarm-items-crafted-threshold-1",
    "MetricName1": "ItemsCraftedSuspicious",
    "EnableMetric1": "1",
    "ThresholdConfig2": "javelin-server.economy-alarm-items-crafted-threshold-2",
    "MetricName2": "ItemsCraftedCatastrophic",
    "EnableMetric2": "1"
  },
  {
    "EconomyTrackerID": "ItemsLooted",
    "AlarmType": "PerHour",
    "ThresholdConfig1": "javelin-server.economy-alarm-items-looted-threshold-1",
    "MetricName1": "ItemsLootedSuspicious",
    "EnableMetric1": "0",
    "ThresholdConfig2": "javelin-server.economy-alarm-items-looted-threshold-2",
    "MetricName2": "ItemsLootedCatastrophic",
    "EnableMetric2": "0"
  },
  {
    "EconomyTrackerID": "ItemsRefined",
    "AlarmType": "PerHour",
    "ThresholdConfig1": "javelin-server.economy-alarm-items-refined-threshold-1",
    "MetricName1": "ItemsRefinedSuspicious",
    "EnableMetric1": "1",
    "ThresholdConfig2": "javelin-server.economy-alarm-items-refined-threshold-2",
    "MetricName2": "ItemsRefinedCatastrophic",
    "EnableMetric2": "1"
  },
  {
    "EconomyTrackerID": "CoinTransferred",
    "AlarmType": "OneTime",
    "ThresholdConfig1": "javelin-server.economy-alarm-coin-transferred-threshold-1",
    "MetricName1": "CoinTransferredSuspicious",
    "EnableMetric1": "1",
    "ThresholdConfig2": "",
    "MetricName2": "",
    "EnableMetric2": ""
  },
  {
    "EconomyTrackerID": "AILooted",
    "AlarmType": "PerHour",
    "ThresholdConfig1": "javelin-server.economy-alarm-ai-looted-threshold-1",
    "MetricName1": "AILootedSuspicious",
    "EnableMetric1": "1",
    "ThresholdConfig2": "",
    "MetricName2": "",
    "EnableMetric2": ""
  },
  {
    "EconomyTrackerID": "ChestsLooted",
    "AlarmType": "PerHour",
    "ThresholdConfig1": "javelin-server.economy-alarm-chests-looted-threshold-1",
    "MetricName1": "ChestsLootedSuspicious",
    "EnableMetric1": "1",
    "ThresholdConfig2": "",
    "MetricName2": "",
    "EnableMetric2": ""
  },
  {
    "EconomyTrackerID": "PlayTimeForLevel",
    "AlarmType": "OneTime",
    "ThresholdConfig1": "",
    "MetricName1": "PlayTimeForLevelSuspicious",
    "EnableMetric1": "1",
    "ThresholdConfig2": "",
    "MetricName2": "PlayTimeForLevelCatastrophic",
    "EnableMetric2": "1"
  }
]