[
  {
    "SpellID": "Musket_StickyBomb",
    "StatusEffects": "Musket_Sticky_Slow",
    "StatusEffectDurations": "",
    "Revive": "",
    "Siphon": "",
    "AttachToOwner": "",
    "StickWhenAttached": "",
    "StoreOffsetWhenStuckToGDE": "",
    "SpawnSecondaryOnElapsed": "",
    "SpawnSecondaryOnCollision": "",
    "EndOnCasterDeath": "",
    "IgnoreTargetIfAtDeathsDoor": "",
    "IgnoreTargetIfDead": "",
    "UseCameraTargetLock": "",
    "TrackNumInVolume": "",
    "ClearOnExit": "",
    "ClearOnEnd": "1",
    "ManaCost": "",
    "UseStatusEffectDuration": "0",
    "Duration": "5000",
    "DurationScaling": "",
    "Height": "",
    "Length": "",
    "Radius": "0.5",
    "InnerRadius": "",
    "RadiusScaling": "",
    "MaxRadiusScaling": "",
    "CastDistance": "10",
    "CastHeight": "",
    "CastRadius": "",
    "ConeAngle": "",
    "ConeWidth": "",
    "ChannelTime": "0",
    "ChainDelayDuration": "",
    "MaxChainNum": "",
    "UseChainCasterPaperdoll": "",
    "NumToSpawn": "",
    "NumToSpawnBeforeFail": "",
    "SpawnRate": "",
    "SpawnAngle": "",
    "SecondarySpellProjectileLaunchAngles": "",
    "ScaleWithCharacterBoundingBox": "",
    "ScaleWithDynamicScale": "",
    "TargetTypes": "Enemy",
    "SpellTypes": "Ability",
    "CastingTypes": "Projectile",
    "HitAiTarget": "",
    "OverrideTargetForAiThreat": "",
    "ShapeTypes": "",
    "DamageType": "",
    "CheckObstructions": "",
    "IgnoreOverheadCollision": "1",
    "IgnoreStructures": "",
    "IgnoreSelf": "",
    "RangedAttackProfile": "Musket",
    "RangedAttackName": "StickyBomb",
    "FireJointName": "",
    "ProjPosOffsetX": "",
    "ProjPosOffsetY": "",
    "ProjPosOffsetZ": "",
    "ProjRotOffsetX": "",
    "ProjRotOffsetY": "",
    "ProjRotOffsetZ": "",
    "CharRelPosOffsetX": "",
    "CharRelPosOffsetY": "",
    "CharRelPosOffsetZ": "",
    "CharRelRotOffsetX": "",
    "CharRelRotOffsetY": "",
    "CharRelRotOffsetZ": "",
    "ProjRaycastOrientation": "",
    "DamageTable": "DamageTable",
    "DamageTableRow": "Musket_StickyBomb_Projectile",
    "AbilityId": "",
    "TargetAbilityCondition": "",
    "BeamEffect": "",
    "IndicatorVFX": "",
    "SpellPrefabPath": "Items/Weapons/StickyBomb_Projectile",
    "SecondaryPrefabPath": "Items/Weapons/StickyBomb_Explosion",
    "SecondarySpellID": "Musket_StickyBomb_Explosion",
    "TertiaryPrefabPath": "",
    "TertiarySpellID": ""
  },
  {
    "SpellID": "Musket_StickyBomb_Explosion",
    "StatusEffects": "",
    "StatusEffectDurations": "",
    "Revive": "",
    "Siphon": "",
    "AttachToOwner": "1",
    "StickWhenAttached": "1",
    "StoreOffsetWhenStuckToGDE": "1",
    "SpawnSecondaryOnElapsed": "",
    "SpawnSecondaryOnCollision": "",
    "EndOnCasterDeath": "",
    "IgnoreTargetIfAtDeathsDoor": "",
    "IgnoreTargetIfDead": "",
    "UseCameraTargetLock": "",
    "TrackNumInVolume": "",
    "ClearOnExit": "1",
    "ClearOnEnd": "1",
    "ManaCost": "",
    "UseStatusEffectDuration": "0",
    "Duration": "5000",
    "DurationScaling": "",
    "Height": "",
    "Length": "",
    "Radius": "3",
    "InnerRadius": "",
    "RadiusScaling": "",
    "MaxRadiusScaling": "",
    "CastDistance": "",
    "CastHeight": "",
    "CastRadius": "",
    "ConeAngle": "",
    "ConeWidth": "",
    "ChannelTime": "0",
    "ChainDelayDuration": "",
    "MaxChainNum": "",
    "UseChainCasterPaperdoll": "",
    "NumToSpawn": "",
    "NumToSpawnBeforeFail": "",
    "SpawnRate": "",
    "SpawnAngle": "",
    "SecondarySpellProjectileLaunchAngles": "",
    "ScaleWithCharacterBoundingBox": "",
    "ScaleWithDynamicScale": "",
    "TargetTypes": "Enemy",
    "SpellTypes": "Ability",
    "CastingTypes": "AoE",
    "HitAiTarget": "",
    "OverrideTargetForAiThreat": "",
    "ShapeTypes": "Sphere",
    "DamageType": "",
    "CheckObstructions": "1",
    "IgnoreOverheadCollision": "1",
    "IgnoreStructures": "",
    "IgnoreSelf": "",
    "RangedAttackProfile": "",
    "RangedAttackName": "",
    "FireJointName": "",
    "ProjPosOffsetX": "",
    "ProjPosOffsetY": "",
    "ProjPosOffsetZ": "",
    "ProjRotOffsetX": "",
    "ProjRotOffsetY": "",
    "ProjRotOffsetZ": "",
    "CharRelPosOffsetX": "",
    "CharRelPosOffsetY": "",
    "CharRelPosOffsetZ": "",
    "CharRelRotOffsetX": "",
    "CharRelRotOffsetY": "",
    "CharRelRotOffsetZ": "",
    "ProjRaycastOrientation": "",
    "DamageTable": "",
    "DamageTableRow": "",
    "AbilityId": "",
    "TargetAbilityCondition": "",
    "BeamEffect": "",
    "IndicatorVFX": "",
    "SpellPrefabPath": "Items/Weapons/StickyBomb_Explosion",
    "SecondaryPrefabPath": "",
    "SecondarySpellID": "",
    "TertiaryPrefabPath": "",
    "TertiarySpellID": ""
  },
  {
    "SpellID": "Musket_Trap_Set",
    "StatusEffects": "",
    "StatusEffectDurations": "",
    "Revive": "",
    "Siphon": "",
    "AttachToOwner": "",
    "StickWhenAttached": "",
    "StoreOffsetWhenStuckToGDE": "",
    "SpawnSecondaryOnElapsed": "",
    "SpawnSecondaryOnCollision": "",
    "EndOnCasterDeath": "",
    "IgnoreTargetIfAtDeathsDoor": "",
    "IgnoreTargetIfDead": "",
    "UseCameraTargetLock": "",
    "TrackNumInVolume": "",
    "ClearOnExit": "",
    "ClearOnEnd": "1",
    "ManaCost": "",
    "UseStatusEffectDuration": "0",
    "Duration": "5000",
    "DurationScaling": "",
    "Height": "",
    "Length": "",
    "Radius": "1",
    "InnerRadius": "",
    "RadiusScaling": "",
    "MaxRadiusScaling": "",
    "CastDistance": "",
    "CastHeight": "",
    "CastRadius": "",
    "ConeAngle": "",
    "ConeWidth": "",
    "ChannelTime": "0",
    "ChainDelayDuration": "",
    "MaxChainNum": "",
    "UseChainCasterPaperdoll": "",
    "NumToSpawn": "",
    "NumToSpawnBeforeFail": "",
    "SpawnRate": "",
    "SpawnAngle": "",
    "SecondarySpellProjectileLaunchAngles": "",
    "ScaleWithCharacterBoundingBox": "",
    "ScaleWithDynamicScale": "",
    "TargetTypes": "Enemy",
    "SpellTypes": "Ability",
    "CastingTypes": "AoE",
    "HitAiTarget": "",
    "OverrideTargetForAiThreat": "",
    "ShapeTypes": "Sphere",
    "DamageType": "",
    "CheckObstructions": "1",
    "IgnoreOverheadCollision": "1",
    "IgnoreStructures": "",
    "IgnoreSelf": "",
    "RangedAttackProfile": "",
    "RangedAttackName": "",
    "FireJointName": "",
    "ProjPosOffsetX": "",
    "ProjPosOffsetY": "",
    "ProjPosOffsetZ": "",
    "ProjRotOffsetX": "",
    "ProjRotOffsetY": "",
    "ProjRotOffsetZ": "",
    "CharRelPosOffsetX": "",
    "CharRelPosOffsetY": "",
    "CharRelPosOffsetZ": "",
    "CharRelRotOffsetX": "",
    "CharRelRotOffsetY": "",
    "CharRelRotOffsetZ": "",
    "ProjRaycastOrientation": "",
    "DamageTable": "",
    "DamageTableRow": "",
    "AbilityId": "",
    "TargetAbilityCondition": "",
    "BeamEffect": "",
    "IndicatorVFX": "",
    "SpellPrefabPath": "Items/Weapons/Trap_Bear",
    "SecondaryPrefabPath": "",
    "SecondarySpellID": "",
    "TertiaryPrefabPath": "",
    "TertiarySpellID": ""
  },
  {
    "SpellID": "Musket_Trap_Set_DMG",
    "StatusEffects": "",
    "StatusEffectDurations": "",
    "Revive": "",
    "Siphon": "",
    "AttachToOwner": "",
    "StickWhenAttached": "",
    "StoreOffsetWhenStuckToGDE": "",
    "SpawnSecondaryOnElapsed": "",
    "SpawnSecondaryOnCollision": "",
    "EndOnCasterDeath": "",
    "IgnoreTargetIfAtDeathsDoor": "",
    "IgnoreTargetIfDead": "",
    "UseCameraTargetLock": "",
    "TrackNumInVolume": "",
    "ClearOnExit": "",
    "ClearOnEnd": "1",
    "ManaCost": "",
    "UseStatusEffectDuration": "0",
    "Duration": "5000",
    "DurationScaling": "",
    "Height": "",
    "Length": "",
    "Radius": "1",
    "InnerRadius": "",
    "RadiusScaling": "",
    "MaxRadiusScaling": "",
    "CastDistance": "",
    "CastHeight": "",
    "CastRadius": "",
    "ConeAngle": "",
    "ConeWidth": "",
    "ChannelTime": "0",
    "ChainDelayDuration": "",
    "MaxChainNum": "",
    "UseChainCasterPaperdoll": "",
    "NumToSpawn": "",
    "NumToSpawnBeforeFail": "",
    "SpawnRate": "",
    "SpawnAngle": "",
    "SecondarySpellProjectileLaunchAngles": "",
    "ScaleWithCharacterBoundingBox": "",
    "ScaleWithDynamicScale": "",
    "TargetTypes": "Enemy",
    "SpellTypes": "Ability",
    "CastingTypes": "AoE",
    "HitAiTarget": "",
    "OverrideTargetForAiThreat": "",
    "ShapeTypes": "Sphere",
    "DamageType": "",
    "CheckObstructions": "1",
    "IgnoreOverheadCollision": "1",
    "IgnoreStructures": "",
    "IgnoreSelf": "",
    "RangedAttackProfile": "",
    "RangedAttackName": "",
    "FireJointName": "",
    "ProjPosOffsetX": "",
    "ProjPosOffsetY": "",
    "ProjPosOffsetZ": "",
    "ProjRotOffsetX": "",
    "ProjRotOffsetY": "",
    "ProjRotOffsetZ": "",
    "CharRelPosOffsetX": "",
    "CharRelPosOffsetY": "",
    "CharRelPosOffsetZ": "",
    "CharRelRotOffsetX": "",
    "CharRelRotOffsetY": "",
    "CharRelRotOffsetZ": "",
    "ProjRaycastOrientation": "",
    "DamageTable": "",
    "DamageTableRow": "",
    "AbilityId": "",
    "TargetAbilityCondition": "",
    "BeamEffect": "",
    "IndicatorVFX": "",
    "SpellPrefabPath": "Items/Weapons/Trap_Bear_DMG",
    "SecondaryPrefabPath": "",
    "SecondarySpellID": "",
    "TertiaryPrefabPath": "",
    "TertiarySpellID": ""
  },
  {
    "SpellID": "Musket_Trap_Set_DMG_Interact",
    "StatusEffects": "",
    "StatusEffectDurations": "",
    "Revive": "",
    "Siphon": "",
    "AttachToOwner": "",
    "StickWhenAttached": "",
    "StoreOffsetWhenStuckToGDE": "",
    "SpawnSecondaryOnElapsed": "",
    "SpawnSecondaryOnCollision": "",
    "EndOnCasterDeath": "",
    "IgnoreTargetIfAtDeathsDoor": "",
    "IgnoreTargetIfDead": "",
    "UseCameraTargetLock": "",
    "TrackNumInVolume": "",
    "ClearOnExit": "",
    "ClearOnEnd": "1",
    "ManaCost": "",
    "UseStatusEffectDuration": "0",
    "Duration": "5000",
    "DurationScaling": "",
    "Height": "",
    "Length": "",
    "Radius": "1",
    "InnerRadius": "",
    "RadiusScaling": "",
    "MaxRadiusScaling": "",
    "CastDistance": "",
    "CastHeight": "",
    "CastRadius": "",
    "ConeAngle": "",
    "ConeWidth": "",
    "ChannelTime": "0",
    "ChainDelayDuration": "",
    "MaxChainNum": "",
    "UseChainCasterPaperdoll": "",
    "NumToSpawn": "",
    "NumToSpawnBeforeFail": "",
    "SpawnRate": "",
    "SpawnAngle": "",
    "SecondarySpellProjectileLaunchAngles": "",
    "ScaleWithCharacterBoundingBox": "",
    "ScaleWithDynamicScale": "",
    "TargetTypes": "Enemy",
    "SpellTypes": "Ability",
    "CastingTypes": "AoE",
    "HitAiTarget": "",
    "OverrideTargetForAiThreat": "",
    "ShapeTypes": "Sphere",
    "DamageType": "",
    "CheckObstructions": "1",
    "IgnoreOverheadCollision": "1",
    "IgnoreStructures": "",
    "IgnoreSelf": "",
    "RangedAttackProfile": "",
    "RangedAttackName": "",
    "FireJointName": "",
    "ProjPosOffsetX": "",
    "ProjPosOffsetY": "",
    "ProjPosOffsetZ": "",
    "ProjRotOffsetX": "",
    "ProjRotOffsetY": "",
    "ProjRotOffsetZ": "",
    "CharRelPosOffsetX": "",
    "CharRelPosOffsetY": "",
    "CharRelPosOffsetZ": "",
    "CharRelRotOffsetX": "",
    "CharRelRotOffsetY": "",
    "CharRelRotOffsetZ": "",
    "ProjRaycastOrientation": "",
    "DamageTable": "",
    "DamageTableRow": "",
    "AbilityId": "",
    "TargetAbilityCondition": "",
    "BeamEffect": "",
    "IndicatorVFX": "",
    "SpellPrefabPath": "Items/Weapons/Trap_Bear_DMG_Interact",
    "SecondaryPrefabPath": "",
    "SecondarySpellID": "",
    "TertiaryPrefabPath": "",
    "TertiarySpellID": ""
  },
  {
    "SpellID": "Musket_Trap_Set_Interact",
    "StatusEffects": "",
    "StatusEffectDurations": "",
    "Revive": "",
    "Siphon": "",
    "AttachToOwner": "",
    "StickWhenAttached": "",
    "StoreOffsetWhenStuckToGDE": "",
    "SpawnSecondaryOnElapsed": "",
    "SpawnSecondaryOnCollision": "",
    "EndOnCasterDeath": "",
    "IgnoreTargetIfAtDeathsDoor": "",
    "IgnoreTargetIfDead": "",
    "UseCameraTargetLock": "",
    "TrackNumInVolume": "",
    "ClearOnExit": "",
    "ClearOnEnd": "1",
    "ManaCost": "",
    "UseStatusEffectDuration": "0",
    "Duration": "5000",
    "DurationScaling": "",
    "Height": "",
    "Length": "",
    "Radius": "1",
    "InnerRadius": "",
    "RadiusScaling": "",
    "MaxRadiusScaling": "",
    "CastDistance": "",
    "CastHeight": "",
    "CastRadius": "",
    "ConeAngle": "",
    "ConeWidth": "",
    "ChannelTime": "0",
    "ChainDelayDuration": "",
    "MaxChainNum": "",
    "UseChainCasterPaperdoll": "",
    "NumToSpawn": "",
    "NumToSpawnBeforeFail": "",
    "SpawnRate": "",
    "SpawnAngle": "",
    "SecondarySpellProjectileLaunchAngles": "",
    "ScaleWithCharacterBoundingBox": "",
    "ScaleWithDynamicScale": "",
    "TargetTypes": "Enemy",
    "SpellTypes": "Ability",
    "CastingTypes": "AoE",
    "HitAiTarget": "",
    "OverrideTargetForAiThreat": "",
    "ShapeTypes": "Sphere",
    "DamageType": "",
    "CheckObstructions": "1",
    "IgnoreOverheadCollision": "1",
    "IgnoreStructures": "",
    "IgnoreSelf": "",
    "RangedAttackProfile": "",
    "RangedAttackName": "",
    "FireJointName": "",
    "ProjPosOffsetX": "",
    "ProjPosOffsetY": "",
    "ProjPosOffsetZ": "",
    "ProjRotOffsetX": "",
    "ProjRotOffsetY": "",
    "ProjRotOffsetZ": "",
    "CharRelPosOffsetX": "",
    "CharRelPosOffsetY": "",
    "CharRelPosOffsetZ": "",
    "CharRelRotOffsetX": "",
    "CharRelRotOffsetY": "",
    "CharRelRotOffsetZ": "",
    "ProjRaycastOrientation": "",
    "DamageTable": "",
    "DamageTableRow": "",
    "AbilityId": "",
    "TargetAbilityCondition": "",
    "BeamEffect": "",
    "IndicatorVFX": "",
    "SpellPrefabPath": "Items/Weapons/Trap_Bear_Interact",
    "SecondaryPrefabPath": "",
    "SecondarySpellID": "",
    "TertiaryPrefabPath": "",
    "TertiarySpellID": ""
  },
  {
    "SpellID": "Musket_Trap_Toss",
    "StatusEffects": "",
    "StatusEffectDurations": "",
    "Revive": "",
    "Siphon": "",
    "AttachToOwner": "",
    "StickWhenAttached": "",
    "StoreOffsetWhenStuckToGDE": "",
    "SpawnSecondaryOnElapsed": "",
    "SpawnSecondaryOnCollision": "",
    "EndOnCasterDeath": "",
    "IgnoreTargetIfAtDeathsDoor": "",
    "IgnoreTargetIfDead": "",
    "UseCameraTargetLock": "",
    "TrackNumInVolume": "",
    "ClearOnExit": "",
    "ClearOnEnd": "1",
    "ManaCost": "",
    "UseStatusEffectDuration": "0",
    "Duration": "5000",
    "DurationScaling": "",
    "Height": "",
    "Length": "",
    "Radius": "0.4",
    "InnerRadius": "",
    "RadiusScaling": "",
    "MaxRadiusScaling": "",
    "CastDistance": "10",
    "CastHeight": "",
    "CastRadius": "",
    "ConeAngle": "",
    "ConeWidth": "",
    "ChannelTime": "0",
    "ChainDelayDuration": "",
    "MaxChainNum": "",
    "UseChainCasterPaperdoll": "",
    "NumToSpawn": "",
    "NumToSpawnBeforeFail": "",
    "SpawnRate": "",
    "SpawnAngle": "",
    "SecondarySpellProjectileLaunchAngles": "",
    "ScaleWithCharacterBoundingBox": "",
    "ScaleWithDynamicScale": "",
    "TargetTypes": "Enemy",
    "SpellTypes": "Ability",
    "CastingTypes": "Projectile",
    "HitAiTarget": "",
    "OverrideTargetForAiThreat": "",
    "ShapeTypes": "",
    "DamageType": "",
    "CheckObstructions": "",
    "IgnoreOverheadCollision": "1",
    "IgnoreStructures": "",
    "IgnoreSelf": "",
    "RangedAttackProfile": "Musket",
    "RangedAttackName": "Traps",
    "FireJointName": "left_hand_attach",
    "ProjPosOffsetX": "",
    "ProjPosOffsetY": "",
    "ProjPosOffsetZ": "",
    "ProjRotOffsetX": "",
    "ProjRotOffsetY": "",
    "ProjRotOffsetZ": "",
    "CharRelPosOffsetX": "",
    "CharRelPosOffsetY": "",
    "CharRelPosOffsetZ": "",
    "CharRelRotOffsetX": "",
    "CharRelRotOffsetY": "",
    "CharRelRotOffsetZ": "",
    "ProjRaycastOrientation": "",
    "DamageTable": "DamageTable",
    "DamageTableRow": "Musket_Trap",
    "AbilityId": "",
    "TargetAbilityCondition": "",
    "BeamEffect": "",
    "IndicatorVFX": "",
    "SpellPrefabPath": "items/weapons/trap_bear_projectile",
    "SecondaryPrefabPath": "",
    "SecondarySpellID": "",
    "TertiaryPrefabPath": "",
    "TertiarySpellID": ""
  },
  {
    "SpellID": "Musket_Trap_Toss_DMG",
    "StatusEffects": "",
    "StatusEffectDurations": "",
    "Revive": "",
    "Siphon": "",
    "AttachToOwner": "",
    "StickWhenAttached": "",
    "StoreOffsetWhenStuckToGDE": "",
    "SpawnSecondaryOnElapsed": "",
    "SpawnSecondaryOnCollision": "",
    "EndOnCasterDeath": "",
    "IgnoreTargetIfAtDeathsDoor": "",
    "IgnoreTargetIfDead": "",
    "UseCameraTargetLock": "",
    "TrackNumInVolume": "",
    "ClearOnExit": "",
    "ClearOnEnd": "1",
    "ManaCost": "",
    "UseStatusEffectDuration": "0",
    "Duration": "5000",
    "DurationScaling": "",
    "Height": "",
    "Length": "",
    "Radius": "0.4",
    "InnerRadius": "",
    "RadiusScaling": "",
    "MaxRadiusScaling": "",
    "CastDistance": "10",
    "CastHeight": "",
    "CastRadius": "",
    "ConeAngle": "",
    "ConeWidth": "",
    "ChannelTime": "0",
    "ChainDelayDuration": "",
    "MaxChainNum": "",
    "UseChainCasterPaperdoll": "",
    "NumToSpawn": "",
    "NumToSpawnBeforeFail": "",
    "SpawnRate": "",
    "SpawnAngle": "",
    "SecondarySpellProjectileLaunchAngles": "",
    "ScaleWithCharacterBoundingBox": "",
    "ScaleWithDynamicScale": "",
    "TargetTypes": "Enemy",
    "SpellTypes": "Ability",
    "CastingTypes": "Projectile",
    "HitAiTarget": "",
    "OverrideTargetForAiThreat": "",
    "ShapeTypes": "",
    "DamageType": "",
    "CheckObstructions": "",
    "IgnoreOverheadCollision": "1",
    "IgnoreStructures": "",
    "IgnoreSelf": "",
    "RangedAttackProfile": "Musket",
    "RangedAttackName": "Traps",
    "FireJointName": "left_hand_attach",
    "ProjPosOffsetX": "",
    "ProjPosOffsetY": "",
    "ProjPosOffsetZ": "",
    "ProjRotOffsetX": "",
    "ProjRotOffsetY": "",
    "ProjRotOffsetZ": "",
    "CharRelPosOffsetX": "",
    "CharRelPosOffsetY": "",
    "CharRelPosOffsetZ": "",
    "CharRelRotOffsetX": "",
    "CharRelRotOffsetY": "",
    "CharRelRotOffsetZ": "",
    "ProjRaycastOrientation": "",
    "DamageTable": "DamageTable",
    "DamageTableRow": "Musket_Trap_DMG",
    "AbilityId": "",
    "TargetAbilityCondition": "",
    "BeamEffect": "",
    "IndicatorVFX": "",
    "SpellPrefabPath": "items/weapons/trap_bear_projectile_DMG",
    "SecondaryPrefabPath": "",
    "SecondarySpellID": "",
    "TertiaryPrefabPath": "",
    "TertiarySpellID": ""
  },
  {
    "SpellID": "Musket_Trap_Toss_DMG_Interact",
    "StatusEffects": "",
    "StatusEffectDurations": "",
    "Revive": "",
    "Siphon": "",
    "AttachToOwner": "",
    "StickWhenAttached": "",
    "StoreOffsetWhenStuckToGDE": "",
    "SpawnSecondaryOnElapsed": "",
    "SpawnSecondaryOnCollision": "",
    "EndOnCasterDeath": "",
    "IgnoreTargetIfAtDeathsDoor": "",
    "IgnoreTargetIfDead": "",
    "UseCameraTargetLock": "",
    "TrackNumInVolume": "",
    "ClearOnExit": "",
    "ClearOnEnd": "1",
    "ManaCost": "",
    "UseStatusEffectDuration": "0",
    "Duration": "5000",
    "DurationScaling": "",
    "Height": "",
    "Length": "",
    "Radius": "0.5",
    "InnerRadius": "",
    "RadiusScaling": "",
    "MaxRadiusScaling": "",
    "CastDistance": "10",
    "CastHeight": "",
    "CastRadius": "",
    "ConeAngle": "",
    "ConeWidth": "",
    "ChannelTime": "0",
    "ChainDelayDuration": "",
    "MaxChainNum": "",
    "UseChainCasterPaperdoll": "",
    "NumToSpawn": "",
    "NumToSpawnBeforeFail": "",
    "SpawnRate": "",
    "SpawnAngle": "",
    "SecondarySpellProjectileLaunchAngles": "",
    "ScaleWithCharacterBoundingBox": "",
    "ScaleWithDynamicScale": "",
    "TargetTypes": "Enemy",
    "SpellTypes": "Ability",
    "CastingTypes": "Projectile",
    "HitAiTarget": "",
    "OverrideTargetForAiThreat": "",
    "ShapeTypes": "",
    "DamageType": "",
    "CheckObstructions": "",
    "IgnoreOverheadCollision": "1",
    "IgnoreStructures": "",
    "IgnoreSelf": "",
    "RangedAttackProfile": "Musket",
    "RangedAttackName": "Traps",
    "FireJointName": "left_hand_attach",
    "ProjPosOffsetX": "",
    "ProjPosOffsetY": "",
    "ProjPosOffsetZ": "",
    "ProjRotOffsetX": "",
    "ProjRotOffsetY": "",
    "ProjRotOffsetZ": "",
    "CharRelPosOffsetX": "",
    "CharRelPosOffsetY": "",
    "CharRelPosOffsetZ": "",
    "CharRelRotOffsetX": "",
    "CharRelRotOffsetY": "",
    "CharRelRotOffsetZ": "",
    "ProjRaycastOrientation": "",
    "DamageTable": "DamageTable",
    "DamageTableRow": "Musket_Trap_Toss",
    "AbilityId": "",
    "TargetAbilityCondition": "",
    "BeamEffect": "",
    "IndicatorVFX": "",
    "SpellPrefabPath": "items/weapons/trap_bear_projectile_DMG_Interact",
    "SecondaryPrefabPath": "",
    "SecondarySpellID": "",
    "TertiaryPrefabPath": "",
    "TertiarySpellID": ""
  },
  {
    "SpellID": "Musket_MoveSpeedNearbyEnemy_Detection",
    "StatusEffects": "",
    "StatusEffectDurations": "",
    "Revive": "",
    "Siphon": "",
    "AttachToOwner": "1",
    "StickWhenAttached": "",
    "StoreOffsetWhenStuckToGDE": "",
    "SpawnSecondaryOnElapsed": "",
    "SpawnSecondaryOnCollision": "",
    "EndOnCasterDeath": "",
    "IgnoreTargetIfAtDeathsDoor": "",
    "IgnoreTargetIfDead": "",
    "UseCameraTargetLock": "",
    "TrackNumInVolume": "1",
    "ClearOnExit": "1",
    "ClearOnEnd": "1",
    "ManaCost": "",
    "UseStatusEffectDuration": "0",
    "Duration": "-1",
    "DurationScaling": "",
    "Height": "",
    "Length": "",
    "Radius": "8",
    "InnerRadius": "",
    "RadiusScaling": "",
    "MaxRadiusScaling": "",
    "CastDistance": "0",
    "CastHeight": "5",
    "CastRadius": "8",
    "ConeAngle": "",
    "ConeWidth": "",
    "ChannelTime": "0",
    "ChainDelayDuration": "",
    "MaxChainNum": "",
    "UseChainCasterPaperdoll": "",
    "NumToSpawn": "",
    "NumToSpawnBeforeFail": "",
    "SpawnRate": "",
    "SpawnAngle": "",
    "SecondarySpellProjectileLaunchAngles": "",
    "ScaleWithCharacterBoundingBox": "",
    "ScaleWithDynamicScale": "",
    "TargetTypes": "Enemy",
    "SpellTypes": "Ability",
    "CastingTypes": "AoE",
    "HitAiTarget": "",
    "OverrideTargetForAiThreat": "",
    "ShapeTypes": "Sphere",
    "DamageType": "",
    "CheckObstructions": "1",
    "IgnoreOverheadCollision": "1",
    "IgnoreStructures": "",
    "IgnoreSelf": "",
    "RangedAttackProfile": "",
    "RangedAttackName": "",
    "FireJointName": "",
    "ProjPosOffsetX": "",
    "ProjPosOffsetY": "",
    "ProjPosOffsetZ": "",
    "ProjRotOffsetX": "",
    "ProjRotOffsetY": "",
    "ProjRotOffsetZ": "",
    "CharRelPosOffsetX": "",
    "CharRelPosOffsetY": "",
    "CharRelPosOffsetZ": "",
    "CharRelRotOffsetX": "",
    "CharRelRotOffsetY": "",
    "CharRelRotOffsetZ": "",
    "ProjRaycastOrientation": "",
    "DamageTable": "",
    "DamageTableRow": "",
    "AbilityId": "Passive_Musket_Trapper_BackSpdNearEnemy",
    "TargetAbilityCondition": "",
    "BeamEffect": "",
    "IndicatorVFX": "",
    "SpellPrefabPath": "Items/Weapons/spell_NumAroundMe_Enemy",
    "SecondaryPrefabPath": "",
    "SecondarySpellID": "",
    "TertiaryPrefabPath": "",
    "TertiarySpellID": ""
  }
]