[
  {
    "DamageID": "Shot",
    "WeaponCategory": "GhostSpell_Fire",
    "IgnoreInvulnerable": "0",
    "NoReaction": "0",
    "IsRanged": "1",
    "SurfaceImpactEffect": "",
    "AttackType": "Magic",
    "DamageType": "Fire",
    "DeflectDamageID": "",
    "Affixes": "",
    "StatusEffect": "CharredGhost_Burn",
    "EffectOnlyOnDamage": "TRUE",
    "Unblockable": "",
    "CanCrit": "FALSE",
    "DmgCoef": "0.3",
    "DmgCoefHead": "1",
    "DmgCoefCrit": "1",
    "PowerLevel": "1",
    "BlockPowerLevel": "1",
    "CritPowerLevel": "1",
    "HitStun": "10",
    "BlockHitStun": "10",
    "CritHitStun": "10",
    "ImpactDistanceX": "0",
    "ImpactDistanceY": "2",
    "ImpactDistanceZ": "0",
    "ImpactDecayRate": "0.8",
    "BlockImpactDistanceX": "0",
    "BlockImpactDistanceY": "1",
    "BlockImpactDistanceZ": "0",
    "BlockImpactDecayRate": "0.8",
    "CritImpactDistanceX": "0",
    "CritImpactDistanceY": "2",
    "CritImpactDistanceZ": "0",
    "CritImpactDecayRate": "0.8",
    "AddDmg": "0",
    "StaggerDmgModifier": "0.4",
    "CritStaggerDmgModifier": "",
    "StaggerResistModifier": "1.2",
    "StaminaDmg": "0",
    "ImpactRating": "1",
    "BlockStaminaDmgMod": "0.4",
    "BlockAbsorptionModifier": "2",
    "TargetCameraShakeID": "",
    "CritTargetCameraShakeID": "",
    "StunBreakoutIncrement": "1"
  },
  {
    "DamageID": "Orbit",
    "WeaponCategory": "GhostSpell_Fire",
    "IgnoreInvulnerable": "0",
    "NoReaction": "0",
    "IsRanged": "1",
    "SurfaceImpactEffect": "",
    "AttackType": "Light",
    "DamageType": "Strike",
    "DeflectDamageID": "",
    "Affixes": "",
    "StatusEffect": "",
    "EffectOnlyOnDamage": "",
    "Unblockable": "",
    "CanCrit": "FALSE",
    "DmgCoef": "0.2",
    "DmgCoefHead": "1",
    "DmgCoefCrit": "1",
    "PowerLevel": "0",
    "BlockPowerLevel": "2",
    "CritPowerLevel": "0",
    "HitStun": "0",
    "BlockHitStun": "0",
    "CritHitStun": "0",
    "ImpactDistanceX": "0",
    "ImpactDistanceY": "4",
    "ImpactDistanceZ": "0",
    "ImpactDecayRate": "0.8",
    "BlockImpactDistanceX": "0",
    "BlockImpactDistanceY": "3",
    "BlockImpactDistanceZ": "0",
    "BlockImpactDecayRate": "0.8",
    "CritImpactDistanceX": "0",
    "CritImpactDistanceY": "4",
    "CritImpactDistanceZ": "0",
    "CritImpactDecayRate": "0.8",
    "AddDmg": "0",
    "StaggerDmgModifier": "0.4",
    "CritStaggerDmgModifier": "",
    "StaggerResistModifier": "1.2",
    "StaminaDmg": "0",
    "ImpactRating": "1",
    "BlockStaminaDmgMod": "0.4",
    "BlockAbsorptionModifier": "2",
    "TargetCameraShakeID": "",
    "CritTargetCameraShakeID": "",
    "StunBreakoutIncrement": "1"
  },
  {
    "DamageID": "Geyser",
    "WeaponCategory": "GhostSpell_Fire",
    "IgnoreInvulnerable": "0",
    "NoReaction": "0",
    "IsRanged": "1",
    "SurfaceImpactEffect": "",
    "AttackType": "Light",
    "DamageType": "Strike",
    "DeflectDamageID": "",
    "Affixes": "",
    "StatusEffect": "",
    "EffectOnlyOnDamage": "",
    "Unblockable": "",
    "CanCrit": "FALSE",
    "DmgCoef": "1",
    "DmgCoefHead": "1",
    "DmgCoefCrit": "1",
    "PowerLevel": "4",
    "BlockPowerLevel": "4",
    "CritPowerLevel": "4",
    "HitStun": "40",
    "BlockHitStun": "30",
    "CritHitStun": "40",
    "ImpactDistanceX": "0",
    "ImpactDistanceY": "2",
    "ImpactDistanceZ": "1",
    "ImpactDecayRate": "0.8",
    "BlockImpactDistanceX": "0",
    "BlockImpactDistanceY": "1",
    "BlockImpactDistanceZ": "0.5",
    "BlockImpactDecayRate": "0.8",
    "CritImpactDistanceX": "0",
    "CritImpactDistanceY": "2",
    "CritImpactDistanceZ": "1",
    "CritImpactDecayRate": "0.8",
    "AddDmg": "0",
    "StaggerDmgModifier": "0.4",
    "CritStaggerDmgModifier": "",
    "StaggerResistModifier": "1.2",
    "StaminaDmg": "0",
    "ImpactRating": "1",
    "BlockStaminaDmgMod": "0.4",
    "BlockAbsorptionModifier": "2",
    "TargetCameraShakeID": "",
    "CritTargetCameraShakeID": "",
    "StunBreakoutIncrement": "1"
  },
  {
    "DamageID": "Explosion",
    "WeaponCategory": "GhostSpell_Fire",
    "IgnoreInvulnerable": "0",
    "NoReaction": "",
    "IsRanged": "1",
    "SurfaceImpactEffect": "",
    "AttackType": "Magic",
    "DamageType": "Fire",
    "DeflectDamageID": "",
    "Affixes": "",
    "StatusEffect": "CharredGhost_Burn",
    "EffectOnlyOnDamage": "TRUE",
    "Unblockable": "",
    "CanCrit": "FALSE",
    "DmgCoef": "1.5",
    "DmgCoefHead": "1",
    "DmgCoefCrit": "1",
    "PowerLevel": "4",
    "BlockPowerLevel": "4",
    "CritPowerLevel": "4",
    "HitStun": "35",
    "BlockHitStun": "30",
    "CritHitStun": "35",
    "ImpactDistanceX": "0",
    "ImpactDistanceY": "4",
    "ImpactDistanceZ": "1.5",
    "ImpactDecayRate": "0.8",
    "BlockImpactDistanceX": "0",
    "BlockImpactDistanceY": "3",
    "BlockImpactDistanceZ": "0",
    "BlockImpactDecayRate": "0.8",
    "CritImpactDistanceX": "0",
    "CritImpactDistanceY": "4",
    "CritImpactDistanceZ": "1.5",
    "CritImpactDecayRate": "0.8",
    "AddDmg": "0",
    "StaggerDmgModifier": "3",
    "CritStaggerDmgModifier": "",
    "StaggerResistModifier": "2.2000000000000002",
    "StaminaDmg": "0",
    "ImpactRating": "1",
    "BlockStaminaDmgMod": "3",
    "BlockAbsorptionModifier": "2",
    "TargetCameraShakeID": "",
    "CritTargetCameraShakeID": "",
    "StunBreakoutIncrement": "1"
  },
  {
    "DamageID": "Corruption_Explosion",
    "WeaponCategory": "GhostSpell_Fire",
    "IgnoreInvulnerable": "0",
    "NoReaction": "",
    "IsRanged": "1",
    "SurfaceImpactEffect": "",
    "AttackType": "Magic",
    "DamageType": "Corruption",
    "DeflectDamageID": "",
    "Affixes": "",
    "StatusEffect": "",
    "EffectOnlyOnDamage": "",
    "Unblockable": "",
    "CanCrit": "FALSE",
    "DmgCoef": "1",
    "DmgCoefHead": "1",
    "DmgCoefCrit": "1",
    "PowerLevel": "4",
    "BlockPowerLevel": "4",
    "CritPowerLevel": "4",
    "HitStun": "35",
    "BlockHitStun": "30",
    "CritHitStun": "35",
    "ImpactDistanceX": "0",
    "ImpactDistanceY": "4",
    "ImpactDistanceZ": "1.5",
    "ImpactDecayRate": "0.8",
    "BlockImpactDistanceX": "0",
    "BlockImpactDistanceY": "3",
    "BlockImpactDistanceZ": "0",
    "BlockImpactDecayRate": "0.8",
    "CritImpactDistanceX": "0",
    "CritImpactDistanceY": "4",
    "CritImpactDistanceZ": "1.5",
    "CritImpactDecayRate": "0.8",
    "AddDmg": "0",
    "StaggerDmgModifier": "3",
    "CritStaggerDmgModifier": "",
    "StaggerResistModifier": "2.2000000000000002",
    "StaminaDmg": "0",
    "ImpactRating": "1",
    "BlockStaminaDmgMod": "3",
    "BlockAbsorptionModifier": "2",
    "TargetCameraShakeID": "",
    "CritTargetCameraShakeID": "",
    "StunBreakoutIncrement": "1"
  },
  {
    "DamageID": "Fall",
    "WeaponCategory": "Fall",
    "IgnoreInvulnerable": "1",
    "NoReaction": "1",
    "IsRanged": "",
    "SurfaceImpactEffect": "Bullet",
    "AttackType": "",
    "DamageType": "Falling",
    "DeflectDamageID": "",
    "Affixes": "",
    "StatusEffect": "",
    "EffectOnlyOnDamage": "",
    "Unblockable": "",
    "CanCrit": "",
    "DmgCoef": "1",
    "DmgCoefHead": "1",
    "DmgCoefCrit": "1",
    "PowerLevel": "2",
    "BlockPowerLevel": "2",
    "CritPowerLevel": "2",
    "HitStun": "0",
    "BlockHitStun": "0",
    "CritHitStun": "0",
    "ImpactDistanceX": "0",
    "ImpactDistanceY": "0",
    "ImpactDistanceZ": "0",
    "ImpactDecayRate": "0",
    "BlockImpactDistanceX": "0",
    "BlockImpactDistanceY": "0",
    "BlockImpactDistanceZ": "0",
    "BlockImpactDecayRate": "0",
    "CritImpactDistanceX": "0",
    "CritImpactDistanceY": "0",
    "CritImpactDistanceZ": "0",
    "CritImpactDecayRate": "0",
    "AddDmg": "0",
    "StaggerDmgModifier": "0",
    "CritStaggerDmgModifier": "",
    "StaggerResistModifier": "0",
    "StaminaDmg": "0",
    "ImpactRating": "0",
    "BlockStaminaDmgMod": "1",
    "BlockAbsorptionModifier": "1",
    "TargetCameraShakeID": "",
    "CritTargetCameraShakeID": "",
    "StunBreakoutIncrement": "1"
  },
  {
    "DamageID": "Reaction_Breakout",
    "WeaponCategory": "Fall",
    "IgnoreInvulnerable": "1",
    "NoReaction": "1",
    "IsRanged": "",
    "SurfaceImpactEffect": "Bullet",
    "AttackType": "",
    "DamageType": "Falling",
    "DeflectDamageID": "",
    "Affixes": "",
    "StatusEffect": "",
    "EffectOnlyOnDamage": "",
    "Unblockable": "",
    "CanCrit": "",
    "DmgCoef": "0",
    "DmgCoefHead": "0",
    "DmgCoefCrit": "0",
    "PowerLevel": "0",
    "BlockPowerLevel": "0",
    "CritPowerLevel": "0",
    "HitStun": "0",
    "BlockHitStun": "0",
    "CritHitStun": "0",
    "ImpactDistanceX": "0",
    "ImpactDistanceY": "0",
    "ImpactDistanceZ": "0",
    "ImpactDecayRate": "0",
    "BlockImpactDistanceX": "0",
    "BlockImpactDistanceY": "0",
    "BlockImpactDistanceZ": "0",
    "BlockImpactDecayRate": "0",
    "CritImpactDistanceX": "0",
    "CritImpactDistanceY": "0",
    "CritImpactDistanceZ": "0",
    "CritImpactDecayRate": "0",
    "AddDmg": "0",
    "StaggerDmgModifier": "0",
    "CritStaggerDmgModifier": "",
    "StaggerResistModifier": "10",
    "StaminaDmg": "0",
    "ImpactRating": "1",
    "BlockStaminaDmgMod": "1",
    "BlockAbsorptionModifier": "",
    "TargetCameraShakeID": "",
    "CritTargetCameraShakeID": "",
    "StunBreakoutIncrement": "1"
  },
  {
    "DamageID": "Deflect_Default",
    "WeaponCategory": "GhostMelee",
    "IgnoreInvulnerable": "1",
    "NoReaction": "0",
    "IsRanged": "",
    "SurfaceImpactEffect": "",
    "AttackType": "",
    "DamageType": "Deflect",
    "DeflectDamageID": "",
    "Affixes": "",
    "StatusEffect": "",
    "EffectOnlyOnDamage": "",
    "Unblockable": "",
    "CanCrit": "",
    "DmgCoef": "0",
    "DmgCoefHead": "0",
    "DmgCoefCrit": "0",
    "PowerLevel": "2",
    "BlockPowerLevel": "2",
    "CritPowerLevel": "2",
    "HitStun": "0",
    "BlockHitStun": "0",
    "CritHitStun": "0",
    "ImpactDistanceX": "0",
    "ImpactDistanceY": "1",
    "ImpactDistanceZ": "0",
    "ImpactDecayRate": "0.8",
    "BlockImpactDistanceX": "0",
    "BlockImpactDistanceY": "0",
    "BlockImpactDistanceZ": "0",
    "BlockImpactDecayRate": "0",
    "CritImpactDistanceX": "0",
    "CritImpactDistanceY": "1",
    "CritImpactDistanceZ": "0",
    "CritImpactDecayRate": "0.8",
    "AddDmg": "0",
    "StaggerDmgModifier": "0",
    "CritStaggerDmgModifier": "",
    "StaggerResistModifier": "0",
    "StaminaDmg": "",
    "ImpactRating": "0",
    "BlockStaminaDmgMod": "1",
    "BlockAbsorptionModifier": "1",
    "TargetCameraShakeID": "",
    "CritTargetCameraShakeID": "",
    "StunBreakoutIncrement": "1"
  }
]