[
  {
    "DamageID": "Deflect_Default",
    "WeaponCategory": "Unarmed",
    "IgnoreInvulnerable": "1",
    "NoReaction": "0",
    "IsRanged": "",
    "SurfaceImpactEffect": "",
    "AttackType": "",
    "DamageType": "Deflect",
    "Affixes": "",
    "StatusEffect": "",
    "EffectOnlyOnDamage": "",
    "DeflectDamageID": "Deflect_Default",
    "CanCrit": "0",
    "DmgCoef": "0",
    "DmgCoefHead": "0",
    "DmgCoefCrit": "0",
    "PowerLevel": "2",
    "BlockPowerLevel": "2",
    "CritPowerLevel": "2",
    "HitStun": "0",
    "BlockHitStun": "0",
    "CritHitStun": "0",
    "ImpactDistanceX": "0",
    "ImpactDistanceY": "1",
    "ImpactDistanceZ": "0",
    "ImpactDecayRate": "0.8",
    "BlockImpactDistanceX": "0",
    "BlockImpactDistanceY": "0",
    "BlockImpactDistanceZ": "0",
    "BlockImpactDecayRate": "0",
    "CritImpactDistanceX": "0",
    "CritImpactDistanceY": "1",
    "CritImpactDistanceZ": "0",
    "CritImpactDecayRate": "0.8",
    "AddDmg": "0",
    "StaggerDmgModifier": "0",
    "StaggerResistModifier": "0",
    "TargetCameraShakeID": "Small",
    "ImpactRating": "0",
    "BlockStaminaDmgMod": "0.45",
    "BlockAbsorptionModifier": "1",
    "StunBreakoutIncrement": "1",
    "LOSCheckVerticalAngleOffset": "0"
  },
  {
    "DamageID": "Dynasty_Summoner_BlastAway_Spell",
    "WeaponCategory": "Club",
    "IgnoreInvulnerable": "0",
    "NoReaction": "0",
    "IsRanged": "",
    "SurfaceImpactEffect": "Bullet",
    "AttackType": "Magic",
    "DamageType": "Corruption",
    "Affixes": "",
    "StatusEffect": "",
    "EffectOnlyOnDamage": "",
    "DeflectDamageID": "Deflect_Default",
    "CanCrit": "0",
    "DmgCoef": "1",
    "DmgCoefHead": "1",
    "DmgCoefCrit": "1",
    "PowerLevel": "4",
    "BlockPowerLevel": "4",
    "CritPowerLevel": "4",
    "HitStun": "30",
    "BlockHitStun": "20",
    "CritHitStun": "20",
    "ImpactDistanceX": "0",
    "ImpactDistanceY": "6",
    "ImpactDistanceZ": "0.75",
    "ImpactDecayRate": "0.8",
    "BlockImpactDistanceX": "0",
    "BlockImpactDistanceY": "1.5",
    "BlockImpactDistanceZ": "0",
    "BlockImpactDecayRate": "0.8",
    "CritImpactDistanceX": "0",
    "CritImpactDistanceY": "6",
    "CritImpactDistanceZ": "0.75",
    "CritImpactDecayRate": "0.8",
    "AddDmg": "0",
    "StaggerDmgModifier": "1.2",
    "StaggerResistModifier": "5",
    "TargetCameraShakeID": "Small",
    "ImpactRating": "3",
    "BlockStaminaDmgMod": "1",
    "BlockAbsorptionModifier": "1",
    "StunBreakoutIncrement": "1",
    "LOSCheckVerticalAngleOffset": "0"
  },
  {
    "DamageID": "Dynasty_Summoner_Close_Staff_Attack",
    "WeaponCategory": "Club",
    "IgnoreInvulnerable": "0",
    "NoReaction": "0",
    "IsRanged": "",
    "SurfaceImpactEffect": "Bullet",
    "AttackType": "Light",
    "DamageType": "Strike",
    "Affixes": "",
    "StatusEffect": "",
    "EffectOnlyOnDamage": "",
    "DeflectDamageID": "Deflect_Default",
    "CanCrit": "0",
    "DmgCoef": "0.35",
    "DmgCoefHead": "1",
    "DmgCoefCrit": "1",
    "PowerLevel": "0",
    "BlockPowerLevel": "0",
    "CritPowerLevel": "0",
    "HitStun": "5",
    "BlockHitStun": "5",
    "CritHitStun": "5",
    "ImpactDistanceX": "0",
    "ImpactDistanceY": "1.75",
    "ImpactDistanceZ": "0",
    "ImpactDecayRate": "0.8",
    "BlockImpactDistanceX": "0",
    "BlockImpactDistanceY": "1.75",
    "BlockImpactDistanceZ": "0",
    "BlockImpactDecayRate": "0.8",
    "CritImpactDistanceX": "0",
    "CritImpactDistanceY": "1.75",
    "CritImpactDistanceZ": "0",
    "CritImpactDecayRate": "0.8",
    "AddDmg": "0",
    "StaggerDmgModifier": "0",
    "StaggerResistModifier": "0",
    "TargetCameraShakeID": "Small",
    "ImpactRating": "3",
    "BlockStaminaDmgMod": "0.15",
    "BlockAbsorptionModifier": "1",
    "StunBreakoutIncrement": "0",
    "LOSCheckVerticalAngleOffset": "0"
  },
  {
    "DamageID": "Dynasty_Summoner_Close_Overhead_Staff_Attack",
    "WeaponCategory": "Club",
    "IgnoreInvulnerable": "0",
    "NoReaction": "0",
    "IsRanged": "",
    "SurfaceImpactEffect": "Bullet",
    "AttackType": "Heavy",
    "DamageType": "Strike",
    "Affixes": "",
    "StatusEffect": "",
    "EffectOnlyOnDamage": "",
    "DeflectDamageID": "Deflect_Default",
    "CanCrit": "0",
    "DmgCoef": "1",
    "DmgCoefHead": "1",
    "DmgCoefCrit": "1",
    "PowerLevel": "2",
    "BlockPowerLevel": "2",
    "CritPowerLevel": "2",
    "HitStun": "20",
    "BlockHitStun": "20",
    "CritHitStun": "20",
    "ImpactDistanceX": "0",
    "ImpactDistanceY": "1.75",
    "ImpactDistanceZ": "0",
    "ImpactDecayRate": "0.8",
    "BlockImpactDistanceX": "0",
    "BlockImpactDistanceY": "1.75",
    "BlockImpactDistanceZ": "0",
    "BlockImpactDecayRate": "0.8",
    "CritImpactDistanceX": "0",
    "CritImpactDistanceY": "1.75",
    "CritImpactDistanceZ": "0",
    "CritImpactDecayRate": "0.8",
    "AddDmg": "0",
    "StaggerDmgModifier": "0",
    "StaggerResistModifier": "0",
    "TargetCameraShakeID": "Small",
    "ImpactRating": "3",
    "BlockStaminaDmgMod": "1",
    "BlockAbsorptionModifier": "1",
    "StunBreakoutIncrement": "1",
    "LOSCheckVerticalAngleOffset": "0"
  },
  {
    "DamageID": "Dynasty_Summoner_Siphon_Swords",
    "WeaponCategory": "DynastyMagic",
    "IgnoreInvulnerable": "0",
    "NoReaction": "0",
    "IsRanged": "",
    "SurfaceImpactEffect": "Bullet",
    "AttackType": "Magic",
    "DamageType": "Corruption",
    "Affixes": "",
    "StatusEffect": "",
    "EffectOnlyOnDamage": "",
    "DeflectDamageID": "Deflect_Default",
    "CanCrit": "0",
    "DmgCoef": "0.5",
    "DmgCoefHead": "1",
    "DmgCoefCrit": "1",
    "PowerLevel": "0",
    "BlockPowerLevel": "0",
    "CritPowerLevel": "0",
    "HitStun": "10",
    "BlockHitStun": "5",
    "CritHitStun": "10",
    "ImpactDistanceX": "1",
    "ImpactDistanceY": "3",
    "ImpactDistanceZ": "0",
    "ImpactDecayRate": "0.8",
    "BlockImpactDistanceX": "1",
    "BlockImpactDistanceY": "3",
    "BlockImpactDistanceZ": "0",
    "BlockImpactDecayRate": "0.8",
    "CritImpactDistanceX": "1",
    "CritImpactDistanceY": "3",
    "CritImpactDistanceZ": "0",
    "CritImpactDecayRate": "0.8",
    "AddDmg": "0",
    "StaggerDmgModifier": "1.2",
    "StaggerResistModifier": "5",
    "TargetCameraShakeID": "Small",
    "ImpactRating": "3",
    "BlockStaminaDmgMod": "0.55000000000000004",
    "BlockAbsorptionModifier": "1",
    "StunBreakoutIncrement": "1",
    "LOSCheckVerticalAngleOffset": "16"
  },
  {
    "DamageID": "Dynasty_Summoner_Execution_Sword",
    "WeaponCategory": "DynastyMagic",
    "IgnoreInvulnerable": "0",
    "NoReaction": "0",
    "IsRanged": "",
    "SurfaceImpactEffect": "Bullet",
    "AttackType": "Magic",
    "DamageType": "Corruption",
    "Affixes": "",
    "StatusEffect": "",
    "EffectOnlyOnDamage": "",
    "DeflectDamageID": "Deflect_Default",
    "CanCrit": "0",
    "DmgCoef": "1.25",
    "DmgCoefHead": "1",
    "DmgCoefCrit": "1",
    "PowerLevel": "5",
    "BlockPowerLevel": "5",
    "CritPowerLevel": "4",
    "HitStun": "40",
    "BlockHitStun": "40",
    "CritHitStun": "40",
    "ImpactDistanceX": "0",
    "ImpactDistanceY": "0",
    "ImpactDistanceZ": "0",
    "ImpactDecayRate": "0.8",
    "BlockImpactDistanceX": "0",
    "BlockImpactDistanceY": "0",
    "BlockImpactDistanceZ": "0",
    "BlockImpactDecayRate": "0.8",
    "CritImpactDistanceX": "0",
    "CritImpactDistanceY": "0",
    "CritImpactDistanceZ": "0",
    "CritImpactDecayRate": "0.8",
    "AddDmg": "0",
    "StaggerDmgModifier": "1.2",
    "StaggerResistModifier": "5",
    "TargetCameraShakeID": "Small",
    "ImpactRating": "3",
    "BlockStaminaDmgMod": "0.55000000000000004",
    "BlockAbsorptionModifier": "1",
    "StunBreakoutIncrement": "1",
    "LOSCheckVerticalAngleOffset": "0"
  },
  {
    "DamageID": "Dynasty_Summoner_Projectile_Shot",
    "WeaponCategory": "DynastyMagic",
    "IgnoreInvulnerable": "0",
    "NoReaction": "0",
    "IsRanged": "1",
    "SurfaceImpactEffect": "Bullet",
    "AttackType": "Magic",
    "DamageType": "Corruption",
    "Affixes": "",
    "StatusEffect": "",
    "EffectOnlyOnDamage": "",
    "DeflectDamageID": "Deflect_Default",
    "CanCrit": "0",
    "DmgCoef": "0.35",
    "DmgCoefHead": "1",
    "DmgCoefCrit": "1",
    "PowerLevel": "0",
    "BlockPowerLevel": "0",
    "CritPowerLevel": "0",
    "HitStun": "5",
    "BlockHitStun": "5",
    "CritHitStun": "5",
    "ImpactDistanceX": "0",
    "ImpactDistanceY": "1",
    "ImpactDistanceZ": "0",
    "ImpactDecayRate": "0.8",
    "BlockImpactDistanceX": "0",
    "BlockImpactDistanceY": "1",
    "BlockImpactDistanceZ": "0",
    "BlockImpactDecayRate": "0.8",
    "CritImpactDistanceX": "0",
    "CritImpactDistanceY": "2",
    "CritImpactDistanceZ": "0",
    "CritImpactDecayRate": "0.8",
    "AddDmg": "0",
    "StaggerDmgModifier": "0",
    "StaggerResistModifier": "5",
    "TargetCameraShakeID": "Small",
    "ImpactRating": "0",
    "BlockStaminaDmgMod": "0.15",
    "BlockAbsorptionModifier": "1",
    "StunBreakoutIncrement": "0",
    "LOSCheckVerticalAngleOffset": "0"
  },
  {
    "DamageID": "Dynasty_Summoner_Fan_Of_Swords",
    "WeaponCategory": "DynastyMagic",
    "IgnoreInvulnerable": "0",
    "NoReaction": "0",
    "IsRanged": "1",
    "SurfaceImpactEffect": "Bullet",
    "AttackType": "Magic",
    "DamageType": "Corruption",
    "Affixes": "",
    "StatusEffect": "",
    "EffectOnlyOnDamage": "",
    "DeflectDamageID": "Deflect_Default",
    "CanCrit": "0",
    "DmgCoef": "0.35",
    "DmgCoefHead": "1",
    "DmgCoefCrit": "1",
    "PowerLevel": "0",
    "BlockPowerLevel": "0",
    "CritPowerLevel": "0",
    "HitStun": "5",
    "BlockHitStun": "5",
    "CritHitStun": "5",
    "ImpactDistanceX": "0",
    "ImpactDistanceY": "2",
    "ImpactDistanceZ": "0",
    "ImpactDecayRate": "0.8",
    "BlockImpactDistanceX": "0",
    "BlockImpactDistanceY": "1",
    "BlockImpactDistanceZ": "0",
    "BlockImpactDecayRate": "0.8",
    "CritImpactDistanceX": "0",
    "CritImpactDistanceY": "2",
    "CritImpactDistanceZ": "0",
    "CritImpactDecayRate": "0.8",
    "AddDmg": "0",
    "StaggerDmgModifier": "0",
    "StaggerResistModifier": "5",
    "TargetCameraShakeID": "Small",
    "ImpactRating": "0",
    "BlockStaminaDmgMod": "0.15",
    "BlockAbsorptionModifier": "1",
    "StunBreakoutIncrement": "1",
    "LOSCheckVerticalAngleOffset": "0"
  },
  {
    "DamageID": "Dynasty_Summoner_Phantom_Blade",
    "WeaponCategory": "DynastyMagic",
    "IgnoreInvulnerable": "0",
    "NoReaction": "0",
    "IsRanged": "",
    "SurfaceImpactEffect": "Bullet",
    "AttackType": "Magic",
    "DamageType": "Corruption",
    "Affixes": "",
    "StatusEffect": "",
    "EffectOnlyOnDamage": "",
    "DeflectDamageID": "Deflect_Default",
    "CanCrit": "0",
    "DmgCoef": "0.8",
    "DmgCoefHead": "1",
    "DmgCoefCrit": "1",
    "PowerLevel": "0",
    "BlockPowerLevel": "0",
    "CritPowerLevel": "0",
    "HitStun": "0",
    "BlockHitStun": "0",
    "CritHitStun": "0",
    "ImpactDistanceX": "0",
    "ImpactDistanceY": "0",
    "ImpactDistanceZ": "0",
    "ImpactDecayRate": "0.8",
    "BlockImpactDistanceX": "0",
    "BlockImpactDistanceY": "0",
    "BlockImpactDistanceZ": "0",
    "BlockImpactDecayRate": "0.8",
    "CritImpactDistanceX": "0",
    "CritImpactDistanceY": "0",
    "CritImpactDistanceZ": "0",
    "CritImpactDecayRate": "0.8",
    "AddDmg": "0",
    "StaggerDmgModifier": "1.2",
    "StaggerResistModifier": "5",
    "TargetCameraShakeID": "Small",
    "ImpactRating": "3",
    "BlockStaminaDmgMod": "0.55000000000000004",
    "BlockAbsorptionModifier": "1",
    "StunBreakoutIncrement": "1",
    "LOSCheckVerticalAngleOffset": "0"
  },
  {
    "DamageID": "Dynasty_Summoner_Phantom_Blade_PreMove",
    "WeaponCategory": "DynastyMagic",
    "IgnoreInvulnerable": "0",
    "NoReaction": "0",
    "IsRanged": "",
    "SurfaceImpactEffect": "Bullet",
    "AttackType": "Magic",
    "DamageType": "Corruption",
    "Affixes": "",
    "StatusEffect": "",
    "EffectOnlyOnDamage": "",
    "DeflectDamageID": "Deflect_Default",
    "CanCrit": "0",
    "DmgCoef": "0",
    "DmgCoefHead": "0",
    "DmgCoefCrit": "0",
    "PowerLevel": "0",
    "BlockPowerLevel": "0",
    "CritPowerLevel": "0",
    "HitStun": "0",
    "BlockHitStun": "0",
    "CritHitStun": "0",
    "ImpactDistanceX": "0",
    "ImpactDistanceY": "1",
    "ImpactDistanceZ": "0",
    "ImpactDecayRate": "0.8",
    "BlockImpactDistanceX": "0",
    "BlockImpactDistanceY": "1",
    "BlockImpactDistanceZ": "0",
    "BlockImpactDecayRate": "0.8",
    "CritImpactDistanceX": "0",
    "CritImpactDistanceY": "1",
    "CritImpactDistanceZ": "0",
    "CritImpactDecayRate": "0.8",
    "AddDmg": "0",
    "StaggerDmgModifier": "1.2",
    "StaggerResistModifier": "5",
    "TargetCameraShakeID": "Small",
    "ImpactRating": "3",
    "BlockStaminaDmgMod": "0.55000000000000004",
    "BlockAbsorptionModifier": "1",
    "StunBreakoutIncrement": "1",
    "LOSCheckVerticalAngleOffset": "0"
  },
  {
    "DamageID": "Fall",
    "WeaponCategory": "Fall",
    "IgnoreInvulnerable": "1",
    "NoReaction": "1",
    "IsRanged": "",
    "SurfaceImpactEffect": "Bullet",
    "AttackType": "",
    "DamageType": "Falling",
    "Affixes": "",
    "StatusEffect": "",
    "EffectOnlyOnDamage": "",
    "DeflectDamageID": "",
    "CanCrit": "",
    "DmgCoef": "1",
    "DmgCoefHead": "0",
    "DmgCoefCrit": "0",
    "PowerLevel": "2",
    "BlockPowerLevel": "2",
    "CritPowerLevel": "2",
    "HitStun": "0",
    "BlockHitStun": "0",
    "CritHitStun": "0",
    "ImpactDistanceX": "0",
    "ImpactDistanceY": "0",
    "ImpactDistanceZ": "0",
    "ImpactDecayRate": "0",
    "BlockImpactDistanceX": "0",
    "BlockImpactDistanceY": "0",
    "BlockImpactDistanceZ": "0",
    "BlockImpactDecayRate": "0",
    "CritImpactDistanceX": "0",
    "CritImpactDistanceY": "0",
    "CritImpactDistanceZ": "0",
    "CritImpactDecayRate": "0",
    "AddDmg": "0",
    "StaggerDmgModifier": "0",
    "StaggerResistModifier": "0",
    "TargetCameraShakeID": "Small",
    "ImpactRating": "0",
    "BlockStaminaDmgMod": "1",
    "BlockAbsorptionModifier": "1",
    "StunBreakoutIncrement": "1",
    "LOSCheckVerticalAngleOffset": "0"
  },
  {
    "DamageID": "Reaction_Breakout",
    "WeaponCategory": "Fall",
    "IgnoreInvulnerable": "1",
    "NoReaction": "1",
    "IsRanged": "",
    "SurfaceImpactEffect": "Bullet",
    "AttackType": "",
    "DamageType": "Falling",
    "Affixes": "",
    "StatusEffect": "",
    "EffectOnlyOnDamage": "",
    "DeflectDamageID": "",
    "CanCrit": "",
    "DmgCoef": "0",
    "DmgCoefHead": "0",
    "DmgCoefCrit": "0",
    "PowerLevel": "0",
    "BlockPowerLevel": "0",
    "CritPowerLevel": "0",
    "HitStun": "0",
    "BlockHitStun": "0",
    "CritHitStun": "0",
    "ImpactDistanceX": "0",
    "ImpactDistanceY": "0",
    "ImpactDistanceZ": "0",
    "ImpactDecayRate": "0",
    "BlockImpactDistanceX": "0",
    "BlockImpactDistanceY": "0",
    "BlockImpactDistanceZ": "0",
    "BlockImpactDecayRate": "0",
    "CritImpactDistanceX": "0",
    "CritImpactDistanceY": "0",
    "CritImpactDistanceZ": "0",
    "CritImpactDecayRate": "0",
    "AddDmg": "0",
    "StaggerDmgModifier": "0",
    "StaggerResistModifier": "10",
    "TargetCameraShakeID": "Small",
    "ImpactRating": "1",
    "BlockStaminaDmgMod": "",
    "BlockAbsorptionModifier": "",
    "StunBreakoutIncrement": "1",
    "LOSCheckVerticalAngleOffset": "0"
  }
]