[
  {
    "DamageID": "Broken_2H_Slash_L_Pick",
    "WeaponCategory": "Sword",
    "IgnoreInvulnerable": "0",
    "NoReaction": "0",
    "IsRanged": "",
    "SurfaceImpactEffect": "Bullet",
    "AttackType": "Light",
    "DamageType": "Strike",
    "Affixes": "",
    "StatusEffect": "",
    "EffectOnlyOnDamage": "",
    "DeflectDamageID": "",
    "CanCrit": "0",
    "DmgCoef": "0.3",
    "DmgCoefHead": "1",
    "DmgCoefCrit": "1",
    "PowerLevel": "0",
    "BlockPowerLevel": "1",
    "CritPowerLevel": "0",
    "HitStun": "15",
    "BlockHitStun": "10",
    "CritHitStun": "15",
    "ImpactDistanceX": "0",
    "ImpactDistanceY": "1",
    "ImpactDistanceZ": "0",
    "ImpactDecayRate": "0.8",
    "CritImpactDistanceX": "0",
    "CritImpactDistanceY": "1",
    "CritImpactDistanceZ": "0",
    "CritImpactDecayRate": "0.8",
    "BlockImpactDistanceX": "0",
    "BlockImpactDistanceY": "0.5",
    "BlockImpactDistanceZ": "0",
    "BlockImpactDecayRate": "0.8",
    "AddDmg": "0",
    "StaggerDmgModifier": "1",
    "StaggerResistModifier": "1",
    "CameraShakeID": "Small",
    "ImpactRating": "0",
    "BlockStaminaDmgMod": "0.15",
    "BlockAbsorptionModifier": "1",
    "StunBreakoutIncrement": "0"
  },
  {
    "DamageID": "Broken_2H_Slash_L_Pick_Frenzy",
    "WeaponCategory": "Sword",
    "IgnoreInvulnerable": "0",
    "NoReaction": "0",
    "IsRanged": "",
    "SurfaceImpactEffect": "Bullet",
    "AttackType": "Light",
    "DamageType": "Strike",
    "Affixes": "AI_CorruptionDMG_50",
    "StatusEffect": "",
    "EffectOnlyOnDamage": "",
    "DeflectDamageID": "",
    "CanCrit": "0",
    "DmgCoef": "0.3",
    "DmgCoefHead": "1",
    "DmgCoefCrit": "1",
    "PowerLevel": "0",
    "BlockPowerLevel": "1",
    "CritPowerLevel": "0",
    "HitStun": "15",
    "BlockHitStun": "10",
    "CritHitStun": "15",
    "ImpactDistanceX": "0",
    "ImpactDistanceY": "1",
    "ImpactDistanceZ": "0",
    "ImpactDecayRate": "0.8",
    "CritImpactDistanceX": "0",
    "CritImpactDistanceY": "1",
    "CritImpactDistanceZ": "0",
    "CritImpactDecayRate": "0.8",
    "BlockImpactDistanceX": "0",
    "BlockImpactDistanceY": "0.5",
    "BlockImpactDistanceZ": "0",
    "BlockImpactDecayRate": "0.8",
    "AddDmg": "0",
    "StaggerDmgModifier": "1",
    "StaggerResistModifier": "1",
    "CameraShakeID": "Small",
    "ImpactRating": "0",
    "BlockStaminaDmgMod": "0.2",
    "BlockAbsorptionModifier": "1",
    "StunBreakoutIncrement": "0"
  },
  {
    "DamageID": "Broken_2H_Slash_L_R_Strike",
    "WeaponCategory": "Sword",
    "IgnoreInvulnerable": "0",
    "NoReaction": "0",
    "IsRanged": "",
    "SurfaceImpactEffect": "Bullet",
    "AttackType": "Heavy",
    "DamageType": "Strike",
    "Affixes": "",
    "StatusEffect": "",
    "EffectOnlyOnDamage": "",
    "DeflectDamageID": "",
    "CanCrit": "0",
    "DmgCoef": "0.3",
    "DmgCoefHead": "1",
    "DmgCoefCrit": "1",
    "PowerLevel": "0",
    "BlockPowerLevel": "1",
    "CritPowerLevel": "0",
    "HitStun": "30",
    "BlockHitStun": "25",
    "CritHitStun": "30",
    "ImpactDistanceX": "0",
    "ImpactDistanceY": "1",
    "ImpactDistanceZ": "0",
    "ImpactDecayRate": "0.8",
    "CritImpactDistanceX": "0",
    "CritImpactDistanceY": "1",
    "CritImpactDistanceZ": "0",
    "CritImpactDecayRate": "0.8",
    "BlockImpactDistanceX": "0",
    "BlockImpactDistanceY": "0.5",
    "BlockImpactDistanceZ": "0",
    "BlockImpactDecayRate": "0.8",
    "AddDmg": "0",
    "StaggerDmgModifier": "1",
    "StaggerResistModifier": "1",
    "CameraShakeID": "Small",
    "ImpactRating": "0",
    "BlockStaminaDmgMod": "0.15",
    "BlockAbsorptionModifier": "1",
    "StunBreakoutIncrement": "0"
  },
  {
    "DamageID": "Broken_2H_Slash_L_R_Strike_Frenzy",
    "WeaponCategory": "Sword",
    "IgnoreInvulnerable": "0",
    "NoReaction": "0",
    "IsRanged": "",
    "SurfaceImpactEffect": "Bullet",
    "AttackType": "Heavy",
    "DamageType": "Strike",
    "Affixes": "AI_CorruptionDMG_50",
    "StatusEffect": "",
    "EffectOnlyOnDamage": "",
    "DeflectDamageID": "",
    "CanCrit": "0",
    "DmgCoef": "0.3",
    "DmgCoefHead": "1",
    "DmgCoefCrit": "1",
    "PowerLevel": "0",
    "BlockPowerLevel": "1",
    "CritPowerLevel": "0",
    "HitStun": "30",
    "BlockHitStun": "25",
    "CritHitStun": "30",
    "ImpactDistanceX": "0",
    "ImpactDistanceY": "1",
    "ImpactDistanceZ": "0",
    "ImpactDecayRate": "0.8",
    "CritImpactDistanceX": "0",
    "CritImpactDistanceY": "1",
    "CritImpactDistanceZ": "0",
    "CritImpactDecayRate": "0.8",
    "BlockImpactDistanceX": "0",
    "BlockImpactDistanceY": "0.5",
    "BlockImpactDistanceZ": "0",
    "BlockImpactDecayRate": "0.8",
    "AddDmg": "0",
    "StaggerDmgModifier": "1",
    "StaggerResistModifier": "1",
    "CameraShakeID": "Small",
    "ImpactRating": "0",
    "BlockStaminaDmgMod": "0.2",
    "BlockAbsorptionModifier": "1",
    "StunBreakoutIncrement": "0"
  },
  {
    "DamageID": "Broken_2H_TurnAround_Overhead_Strike",
    "WeaponCategory": "Sword",
    "IgnoreInvulnerable": "0",
    "NoReaction": "0",
    "IsRanged": "",
    "SurfaceImpactEffect": "Bullet",
    "AttackType": "Heavy",
    "DamageType": "Strike",
    "Affixes": "",
    "StatusEffect": "",
    "EffectOnlyOnDamage": "",
    "DeflectDamageID": "",
    "CanCrit": "0",
    "DmgCoef": "1.1000000000000001",
    "DmgCoefHead": "1",
    "DmgCoefCrit": "1",
    "PowerLevel": "3",
    "BlockPowerLevel": "3",
    "CritPowerLevel": "3",
    "HitStun": "35",
    "BlockHitStun": "30",
    "CritHitStun": "35",
    "ImpactDistanceX": "0",
    "ImpactDistanceY": "1.8",
    "ImpactDistanceZ": "0",
    "ImpactDecayRate": "0.8",
    "CritImpactDistanceX": "0",
    "CritImpactDistanceY": "1.8",
    "CritImpactDistanceZ": "0",
    "CritImpactDecayRate": "0.8",
    "BlockImpactDistanceX": "0",
    "BlockImpactDistanceY": "0.5",
    "BlockImpactDistanceZ": "0",
    "BlockImpactDecayRate": "0.8",
    "AddDmg": "0",
    "StaggerDmgModifier": "1",
    "StaggerResistModifier": "1",
    "CameraShakeID": "Small",
    "ImpactRating": "0",
    "BlockStaminaDmgMod": "1",
    "BlockAbsorptionModifier": "1",
    "StunBreakoutIncrement": "1"
  },
  {
    "DamageID": "Broken_2H_TurnAround_Overhead_Strike_Frenzy",
    "WeaponCategory": "Sword",
    "IgnoreInvulnerable": "0",
    "NoReaction": "0",
    "IsRanged": "",
    "SurfaceImpactEffect": "Bullet",
    "AttackType": "Heavy",
    "DamageType": "Strike",
    "Affixes": "AI_CorruptionDMG_50",
    "StatusEffect": "",
    "EffectOnlyOnDamage": "",
    "DeflectDamageID": "",
    "CanCrit": "0",
    "DmgCoef": "1.1000000000000001",
    "DmgCoefHead": "1",
    "DmgCoefCrit": "1",
    "PowerLevel": "3",
    "BlockPowerLevel": "3",
    "CritPowerLevel": "3",
    "HitStun": "35",
    "BlockHitStun": "30",
    "CritHitStun": "35",
    "ImpactDistanceX": "0",
    "ImpactDistanceY": "1.8",
    "ImpactDistanceZ": "0",
    "ImpactDecayRate": "0.8",
    "CritImpactDistanceX": "0",
    "CritImpactDistanceY": "1.8",
    "CritImpactDistanceZ": "0",
    "CritImpactDecayRate": "0.8",
    "BlockImpactDistanceX": "0",
    "BlockImpactDistanceY": "0.5",
    "BlockImpactDistanceZ": "0",
    "BlockImpactDecayRate": "0.8",
    "AddDmg": "0",
    "StaggerDmgModifier": "1",
    "StaggerResistModifier": "1",
    "CameraShakeID": "Small",
    "ImpactRating": "0",
    "BlockStaminaDmgMod": "1",
    "BlockAbsorptionModifier": "1",
    "StunBreakoutIncrement": "1"
  },
  {
    "DamageID": "Broken_2H_Overhead_Strike",
    "WeaponCategory": "Sword",
    "IgnoreInvulnerable": "0",
    "NoReaction": "0",
    "IsRanged": "",
    "SurfaceImpactEffect": "Bullet",
    "AttackType": "Heavy",
    "DamageType": "Strike",
    "Affixes": "",
    "StatusEffect": "",
    "EffectOnlyOnDamage": "",
    "DeflectDamageID": "",
    "CanCrit": "0",
    "DmgCoef": "1",
    "DmgCoefHead": "1",
    "DmgCoefCrit": "1",
    "PowerLevel": "2",
    "BlockPowerLevel": "2",
    "CritPowerLevel": "2",
    "HitStun": "25",
    "BlockHitStun": "20",
    "CritHitStun": "25",
    "ImpactDistanceX": "0",
    "ImpactDistanceY": "1.5",
    "ImpactDistanceZ": "0",
    "ImpactDecayRate": "0.8",
    "CritImpactDistanceX": "0",
    "CritImpactDistanceY": "1.5",
    "CritImpactDistanceZ": "0",
    "CritImpactDecayRate": "0.8",
    "BlockImpactDistanceX": "0",
    "BlockImpactDistanceY": "0.5",
    "BlockImpactDistanceZ": "0",
    "BlockImpactDecayRate": "0.8",
    "AddDmg": "0",
    "StaggerDmgModifier": "1",
    "StaggerResistModifier": "1",
    "CameraShakeID": "Large_long",
    "ImpactRating": "0",
    "BlockStaminaDmgMod": "1",
    "BlockAbsorptionModifier": "1",
    "StunBreakoutIncrement": "0"
  },
  {
    "DamageID": "Broken_2H_Overhead_Strike_Frenzy",
    "WeaponCategory": "Sword",
    "IgnoreInvulnerable": "0",
    "NoReaction": "0",
    "IsRanged": "",
    "SurfaceImpactEffect": "Bullet",
    "AttackType": "Heavy",
    "DamageType": "Strike",
    "Affixes": "AI_CorruptionDMG_50",
    "StatusEffect": "",
    "EffectOnlyOnDamage": "",
    "DeflectDamageID": "",
    "CanCrit": "0",
    "DmgCoef": "1",
    "DmgCoefHead": "1",
    "DmgCoefCrit": "1",
    "PowerLevel": "2",
    "BlockPowerLevel": "2",
    "CritPowerLevel": "2",
    "HitStun": "25",
    "BlockHitStun": "20",
    "CritHitStun": "25",
    "ImpactDistanceX": "0",
    "ImpactDistanceY": "1.5",
    "ImpactDistanceZ": "0",
    "ImpactDecayRate": "0.8",
    "CritImpactDistanceX": "0",
    "CritImpactDistanceY": "1.5",
    "CritImpactDistanceZ": "0",
    "CritImpactDecayRate": "0.8",
    "BlockImpactDistanceX": "0",
    "BlockImpactDistanceY": "0.5",
    "BlockImpactDistanceZ": "0",
    "BlockImpactDecayRate": "0.8",
    "AddDmg": "0",
    "StaggerDmgModifier": "1",
    "StaggerResistModifier": "1",
    "CameraShakeID": "Large_long",
    "ImpactRating": "0",
    "BlockStaminaDmgMod": "1",
    "BlockAbsorptionModifier": "1",
    "StunBreakoutIncrement": "0"
  },
  {
    "DamageID": "Broken_2H_Whirlwind",
    "WeaponCategory": "Sword",
    "IgnoreInvulnerable": "0",
    "NoReaction": "0",
    "IsRanged": "",
    "SurfaceImpactEffect": "Bullet",
    "AttackType": "Heavy",
    "DamageType": "Slash",
    "Affixes": "",
    "StatusEffect": "",
    "EffectOnlyOnDamage": "",
    "DeflectDamageID": "",
    "CanCrit": "0",
    "DmgCoef": "0.4",
    "DmgCoefHead": "1",
    "DmgCoefCrit": "1",
    "PowerLevel": "1",
    "BlockPowerLevel": "1",
    "CritPowerLevel": "1",
    "HitStun": "15",
    "BlockHitStun": "10",
    "CritHitStun": "15",
    "ImpactDistanceX": "0",
    "ImpactDistanceY": "0.5",
    "ImpactDistanceZ": "0",
    "ImpactDecayRate": "0.8",
    "CritImpactDistanceX": "0",
    "CritImpactDistanceY": "0.5",
    "CritImpactDistanceZ": "0",
    "CritImpactDecayRate": "0.8",
    "BlockImpactDistanceX": "0",
    "BlockImpactDistanceY": "0.5",
    "BlockImpactDistanceZ": "0",
    "BlockImpactDecayRate": "0.8",
    "AddDmg": "0",
    "StaggerDmgModifier": "1",
    "StaggerResistModifier": "1",
    "CameraShakeID": "Large_long",
    "ImpactRating": "0",
    "BlockStaminaDmgMod": "0.45",
    "BlockAbsorptionModifier": "1",
    "StunBreakoutIncrement": "0"
  },
  {
    "DamageID": "Broken_2H_Strike_L_Breakout",
    "WeaponCategory": "Sword",
    "IgnoreInvulnerable": "0",
    "NoReaction": "0",
    "IsRanged": "",
    "SurfaceImpactEffect": "Bullet",
    "AttackType": "Heavy",
    "DamageType": "Strike",
    "Affixes": "",
    "StatusEffect": "",
    "EffectOnlyOnDamage": "",
    "DeflectDamageID": "",
    "CanCrit": "0",
    "DmgCoef": "0.5",
    "DmgCoefHead": "1",
    "DmgCoefCrit": "1",
    "PowerLevel": "3",
    "BlockPowerLevel": "3",
    "CritPowerLevel": "3",
    "HitStun": "30",
    "BlockHitStun": "25",
    "CritHitStun": "30",
    "ImpactDistanceX": "0",
    "ImpactDistanceY": "1.8",
    "ImpactDistanceZ": "0",
    "ImpactDecayRate": "0.8",
    "CritImpactDistanceX": "0",
    "CritImpactDistanceY": "1.8",
    "CritImpactDistanceZ": "0",
    "CritImpactDecayRate": "0.8",
    "BlockImpactDistanceX": "0",
    "BlockImpactDistanceY": "0.5",
    "BlockImpactDistanceZ": "0",
    "BlockImpactDecayRate": "0.8",
    "AddDmg": "0",
    "StaggerDmgModifier": "1",
    "StaggerResistModifier": "10",
    "CameraShakeID": "Small",
    "ImpactRating": "0",
    "BlockStaminaDmgMod": "1",
    "BlockAbsorptionModifier": "1",
    "StunBreakoutIncrement": "1"
  },
  {
    "DamageID": "Kick",
    "WeaponCategory": "Sword",
    "IgnoreInvulnerable": "0",
    "NoReaction": "0",
    "IsRanged": "",
    "SurfaceImpactEffect": "Bullet",
    "AttackType": "Heavy",
    "DamageType": "Strike",
    "Affixes": "",
    "StatusEffect": "",
    "EffectOnlyOnDamage": "",
    "DeflectDamageID": "",
    "CanCrit": "0",
    "DmgCoef": "0.8",
    "DmgCoefHead": "1",
    "DmgCoefCrit": "1",
    "PowerLevel": "3",
    "BlockPowerLevel": "4",
    "CritPowerLevel": "3",
    "HitStun": "30",
    "BlockHitStun": "25",
    "CritHitStun": "30",
    "ImpactDistanceX": "0",
    "ImpactDistanceY": "3",
    "ImpactDistanceZ": "0",
    "ImpactDecayRate": "0.8",
    "CritImpactDistanceX": "0",
    "CritImpactDistanceY": "3",
    "CritImpactDistanceZ": "0",
    "CritImpactDecayRate": "0.8",
    "BlockImpactDistanceX": "0",
    "BlockImpactDistanceY": "0.5",
    "BlockImpactDistanceZ": "0",
    "BlockImpactDecayRate": "0.8",
    "AddDmg": "0",
    "StaggerDmgModifier": "1",
    "StaggerResistModifier": "1",
    "CameraShakeID": "Small",
    "ImpactRating": "0",
    "BlockStaminaDmgMod": "20",
    "BlockAbsorptionModifier": "1",
    "StunBreakoutIncrement": "1"
  },
  {
    "DamageID": "Fall",
    "WeaponCategory": "Fall",
    "IgnoreInvulnerable": "1",
    "NoReaction": "1",
    "IsRanged": "",
    "SurfaceImpactEffect": "Bullet",
    "AttackType": "",
    "DamageType": "Falling",
    "Affixes": "",
    "StatusEffect": "",
    "EffectOnlyOnDamage": "",
    "DeflectDamageID": "",
    "CanCrit": "",
    "DmgCoef": "1",
    "DmgCoefHead": "1",
    "DmgCoefCrit": "1",
    "PowerLevel": "2",
    "BlockPowerLevel": "2",
    "CritPowerLevel": "2",
    "HitStun": "0",
    "BlockHitStun": "0",
    "CritHitStun": "0",
    "ImpactDistanceX": "0",
    "ImpactDistanceY": "0",
    "ImpactDistanceZ": "0",
    "ImpactDecayRate": "0",
    "CritImpactDistanceX": "0",
    "CritImpactDistanceY": "0",
    "CritImpactDistanceZ": "0",
    "CritImpactDecayRate": "0",
    "BlockImpactDistanceX": "0",
    "BlockImpactDistanceY": "0",
    "BlockImpactDistanceZ": "0",
    "BlockImpactDecayRate": "0",
    "AddDmg": "0",
    "StaggerDmgModifier": "",
    "StaggerResistModifier": "",
    "CameraShakeID": "",
    "ImpactRating": "0",
    "BlockStaminaDmgMod": "0",
    "BlockAbsorptionModifier": "1",
    "StunBreakoutIncrement": "1"
  },
  {
    "DamageID": "Reaction_Breakout",
    "WeaponCategory": "Fall",
    "IgnoreInvulnerable": "1",
    "NoReaction": "1",
    "IsRanged": "",
    "SurfaceImpactEffect": "Bullet",
    "AttackType": "",
    "DamageType": "Falling",
    "Affixes": "",
    "StatusEffect": "",
    "EffectOnlyOnDamage": "",
    "DeflectDamageID": "",
    "CanCrit": "",
    "DmgCoef": "0",
    "DmgCoefHead": "0",
    "DmgCoefCrit": "0",
    "PowerLevel": "0",
    "BlockPowerLevel": "0",
    "CritPowerLevel": "0",
    "HitStun": "0",
    "BlockHitStun": "0",
    "CritHitStun": "0",
    "ImpactDistanceX": "0",
    "ImpactDistanceY": "0",
    "ImpactDistanceZ": "0",
    "ImpactDecayRate": "0",
    "CritImpactDistanceX": "0",
    "CritImpactDistanceY": "0",
    "CritImpactDistanceZ": "0",
    "CritImpactDecayRate": "0",
    "BlockImpactDistanceX": "0",
    "BlockImpactDistanceY": "0",
    "BlockImpactDistanceZ": "0",
    "BlockImpactDecayRate": "0",
    "AddDmg": "0",
    "StaggerDmgModifier": "0",
    "StaggerResistModifier": "10",
    "CameraShakeID": "Small",
    "ImpactRating": "1",
    "BlockStaminaDmgMod": "",
    "BlockAbsorptionModifier": "",
    "StunBreakoutIncrement": "1"
  }
]