[
  {
    "DamageID": "Left_Hand_Ground_Pound",
    "WeaponCategory": "Unarmed",
    "IsRanged": "",
    "IgnoreInvulnerable": "0",
    "NoReaction": "0",
    "SurfaceImpactEffect": "",
    "AttackType": "Heavy",
    "DamageType": "Strike",
    "Affixes": "",
    "StatusEffect": "",
    "EffectOnlyOnDamage": "",
    "DeflectDamageID": "Deflect_Default",
    "CanCrit": "0",
    "UseAttackerPosForReaction": "",
    "DmgCoef": "0.6",
    "DmgCoefHead": "1",
    "PowerLevel": "3",
    "CritPowerLevel": "3",
    "BlockPowerLevel": "3",
    "HitStun": "30",
    "CritHitStun": "30",
    "BlockHitStun": "25",
    "ImpactDistanceX": "0",
    "ImpactDistanceY": "2",
    "ImpactDistanceZ": "0",
    "ImpactDecayRate": "0.8",
    "CritImpactDistanceX": "0",
    "CritImpactDistanceY": "2",
    "CritImpactDistanceZ": "0",
    "CritImpactDecayRate": "0.8",
    "BlockImpactDistanceX": "0",
    "BlockImpactDistanceY": "1.5",
    "BlockImpactDistanceZ": "0",
    "BlockImpactDecayRate": "0.8",
    "AddDmg": "0",
    "StaggerDmgModifier": "1.5",
    "StaggerResistModifier": "1.5",
    "CameraShakeID": "Small",
    "ImpactRating": "3",
    "BlockStaminaDmgMod": "1",
    "BlockAbsorptionModifier": "1",
    "LOSCheckVerticalAngleOffset": "0"
  },
  {
    "DamageID": "Minion_Left_Hand_Ground_Pound",
    "WeaponCategory": "Unarmed",
    "IsRanged": "",
    "IgnoreInvulnerable": "0",
    "NoReaction": "0",
    "SurfaceImpactEffect": "",
    "AttackType": "Heavy",
    "DamageType": "Strike",
    "Affixes": "",
    "StatusEffect": "",
    "EffectOnlyOnDamage": "",
    "DeflectDamageID": "Deflect_Default",
    "CanCrit": "0",
    "UseAttackerPosForReaction": "",
    "DmgCoef": "0.6",
    "DmgCoefHead": "1",
    "PowerLevel": "0",
    "CritPowerLevel": "0",
    "BlockPowerLevel": "0",
    "HitStun": "10",
    "CritHitStun": "10",
    "BlockHitStun": "10",
    "ImpactDistanceX": "0",
    "ImpactDistanceY": "0.5",
    "ImpactDistanceZ": "0",
    "ImpactDecayRate": "0.8",
    "CritImpactDistanceX": "0",
    "CritImpactDistanceY": "0.5",
    "CritImpactDistanceZ": "0",
    "CritImpactDecayRate": "0.8",
    "BlockImpactDistanceX": "0",
    "BlockImpactDistanceY": "0.5",
    "BlockImpactDistanceZ": "0",
    "BlockImpactDecayRate": "0.8",
    "AddDmg": "0",
    "StaggerDmgModifier": "1.5",
    "StaggerResistModifier": "1.5",
    "CameraShakeID": "Small",
    "ImpactRating": "3",
    "BlockStaminaDmgMod": "1",
    "BlockAbsorptionModifier": "1",
    "LOSCheckVerticalAngleOffset": "0"
  },
  {
    "DamageID": "Overhead_Slam",
    "WeaponCategory": "Unarmed",
    "IsRanged": "",
    "IgnoreInvulnerable": "0",
    "NoReaction": "0",
    "SurfaceImpactEffect": "",
    "AttackType": "Heavy",
    "DamageType": "Strike",
    "Affixes": "",
    "StatusEffect": "AI_Stun_2sec",
    "EffectOnlyOnDamage": "1",
    "DeflectDamageID": "Deflect_Default",
    "CanCrit": "0",
    "UseAttackerPosForReaction": "",
    "DmgCoef": "1",
    "DmgCoefHead": "1",
    "PowerLevel": "8",
    "CritPowerLevel": "8",
    "BlockPowerLevel": "3",
    "HitStun": "20",
    "CritHitStun": "20",
    "BlockHitStun": "15",
    "ImpactDistanceX": "0",
    "ImpactDistanceY": "2",
    "ImpactDistanceZ": "0",
    "ImpactDecayRate": "0.8",
    "CritImpactDistanceX": "0",
    "CritImpactDistanceY": "2",
    "CritImpactDistanceZ": "0",
    "CritImpactDecayRate": "0.8",
    "BlockImpactDistanceX": "0",
    "BlockImpactDistanceY": "1.5",
    "BlockImpactDistanceZ": "0",
    "BlockImpactDecayRate": "0.8",
    "AddDmg": "0",
    "StaggerDmgModifier": "1.5",
    "StaggerResistModifier": "1.5",
    "CameraShakeID": "Small",
    "ImpactRating": "3",
    "BlockStaminaDmgMod": "1.25",
    "BlockAbsorptionModifier": "1",
    "LOSCheckVerticalAngleOffset": "0"
  },
  {
    "DamageID": "Splinter_Thorn",
    "WeaponCategory": "Unarmed",
    "IsRanged": "",
    "IgnoreInvulnerable": "0",
    "NoReaction": "0",
    "SurfaceImpactEffect": "",
    "AttackType": "Heavy",
    "DamageType": "Thrust",
    "Affixes": "",
    "StatusEffect": "",
    "EffectOnlyOnDamage": "",
    "DeflectDamageID": "Deflect_Default",
    "CanCrit": "0",
    "UseAttackerPosForReaction": "",
    "DmgCoef": "1",
    "DmgCoefHead": "1",
    "PowerLevel": "4",
    "CritPowerLevel": "4",
    "BlockPowerLevel": "4",
    "HitStun": "20",
    "CritHitStun": "20",
    "BlockHitStun": "15",
    "ImpactDistanceX": "0",
    "ImpactDistanceY": "2",
    "ImpactDistanceZ": "0",
    "ImpactDecayRate": "0.8",
    "CritImpactDistanceX": "0",
    "CritImpactDistanceY": "2",
    "CritImpactDistanceZ": "0",
    "CritImpactDecayRate": "0.8",
    "BlockImpactDistanceX": "0",
    "BlockImpactDistanceY": "1.5",
    "BlockImpactDistanceZ": "0",
    "BlockImpactDecayRate": "0.8",
    "AddDmg": "0",
    "StaggerDmgModifier": "1",
    "StaggerResistModifier": "1",
    "CameraShakeID": "Small",
    "ImpactRating": "3",
    "BlockStaminaDmgMod": "1",
    "BlockAbsorptionModifier": "1",
    "LOSCheckVerticalAngleOffset": "0"
  },
  {
    "DamageID": "Earth_Spike",
    "WeaponCategory": "Unarmed",
    "IsRanged": "",
    "IgnoreInvulnerable": "0",
    "NoReaction": "0",
    "SurfaceImpactEffect": "",
    "AttackType": "Heavy",
    "DamageType": "Nature",
    "Affixes": "",
    "StatusEffect": "",
    "EffectOnlyOnDamage": "",
    "DeflectDamageID": "Deflect_Default",
    "CanCrit": "0",
    "UseAttackerPosForReaction": "",
    "DmgCoef": "1.1499999999999999",
    "DmgCoefHead": "1",
    "PowerLevel": "4",
    "CritPowerLevel": "4",
    "BlockPowerLevel": "4",
    "HitStun": "10",
    "CritHitStun": "10",
    "BlockHitStun": "5",
    "ImpactDistanceX": "0",
    "ImpactDistanceY": "4",
    "ImpactDistanceZ": "0",
    "ImpactDecayRate": "0.8",
    "CritImpactDistanceX": "0",
    "CritImpactDistanceY": "4",
    "CritImpactDistanceZ": "0",
    "CritImpactDecayRate": "0.8",
    "BlockImpactDistanceX": "0",
    "BlockImpactDistanceY": "4",
    "BlockImpactDistanceZ": "0",
    "BlockImpactDecayRate": "0.8",
    "AddDmg": "0",
    "StaggerDmgModifier": "1",
    "StaggerResistModifier": "1",
    "CameraShakeID": "Small",
    "ImpactRating": "3",
    "BlockStaminaDmgMod": "0.5",
    "BlockAbsorptionModifier": "1",
    "LOSCheckVerticalAngleOffset": "0"
  },
  {
    "DamageID": "Swipe_Left",
    "WeaponCategory": "Unarmed",
    "IsRanged": "",
    "IgnoreInvulnerable": "0",
    "NoReaction": "0",
    "SurfaceImpactEffect": "",
    "AttackType": "Heavy",
    "DamageType": "Slash",
    "Affixes": "",
    "StatusEffect": "",
    "EffectOnlyOnDamage": "",
    "DeflectDamageID": "Deflect_Default",
    "CanCrit": "0",
    "UseAttackerPosForReaction": "",
    "DmgCoef": "0.6",
    "DmgCoefHead": "1",
    "PowerLevel": "0",
    "CritPowerLevel": "0",
    "BlockPowerLevel": "0",
    "HitStun": "20",
    "CritHitStun": "20",
    "BlockHitStun": "15",
    "ImpactDistanceX": "1",
    "ImpactDistanceY": "2",
    "ImpactDistanceZ": "0",
    "ImpactDecayRate": "0.8",
    "CritImpactDistanceX": "1",
    "CritImpactDistanceY": "2",
    "CritImpactDistanceZ": "0",
    "CritImpactDecayRate": "0.8",
    "BlockImpactDistanceX": "1",
    "BlockImpactDistanceY": "1.5",
    "BlockImpactDistanceZ": "0",
    "BlockImpactDecayRate": "0.8",
    "AddDmg": "0",
    "StaggerDmgModifier": "1",
    "StaggerResistModifier": "1",
    "CameraShakeID": "Small",
    "ImpactRating": "3",
    "BlockStaminaDmgMod": "0.6",
    "BlockAbsorptionModifier": "1",
    "LOSCheckVerticalAngleOffset": "0"
  },
  {
    "DamageID": "Minion_Swipe_Left",
    "WeaponCategory": "Unarmed",
    "IsRanged": "",
    "IgnoreInvulnerable": "0",
    "NoReaction": "0",
    "SurfaceImpactEffect": "",
    "AttackType": "Heavy",
    "DamageType": "Slash",
    "Affixes": "",
    "StatusEffect": "",
    "EffectOnlyOnDamage": "",
    "DeflectDamageID": "Deflect_Default",
    "CanCrit": "0",
    "UseAttackerPosForReaction": "",
    "DmgCoef": "0.4",
    "DmgCoefHead": "1",
    "PowerLevel": "0",
    "CritPowerLevel": "0",
    "BlockPowerLevel": "0",
    "HitStun": "10",
    "CritHitStun": "10",
    "BlockHitStun": "10",
    "ImpactDistanceX": "0.5",
    "ImpactDistanceY": "0.5",
    "ImpactDistanceZ": "0",
    "ImpactDecayRate": "0.8",
    "CritImpactDistanceX": "0.5",
    "CritImpactDistanceY": "0.5",
    "CritImpactDistanceZ": "0",
    "CritImpactDecayRate": "0.8",
    "BlockImpactDistanceX": "0.5",
    "BlockImpactDistanceY": "0.5",
    "BlockImpactDistanceZ": "0",
    "BlockImpactDecayRate": "0.8",
    "AddDmg": "0",
    "StaggerDmgModifier": "1",
    "StaggerResistModifier": "1",
    "CameraShakeID": "Small",
    "ImpactRating": "3",
    "BlockStaminaDmgMod": "0.6",
    "BlockAbsorptionModifier": "1",
    "LOSCheckVerticalAngleOffset": "0"
  },
  {
    "DamageID": "Swipe_Left_Combo",
    "WeaponCategory": "Unarmed",
    "IsRanged": "",
    "IgnoreInvulnerable": "0",
    "NoReaction": "0",
    "SurfaceImpactEffect": "",
    "AttackType": "Heavy",
    "DamageType": "Slash",
    "Affixes": "",
    "StatusEffect": "",
    "EffectOnlyOnDamage": "",
    "DeflectDamageID": "Deflect_Default",
    "CanCrit": "0",
    "UseAttackerPosForReaction": "",
    "DmgCoef": "0.6",
    "DmgCoefHead": "1",
    "PowerLevel": "4",
    "CritPowerLevel": "4",
    "BlockPowerLevel": "4",
    "HitStun": "20",
    "CritHitStun": "20",
    "BlockHitStun": "15",
    "ImpactDistanceX": "2.5",
    "ImpactDistanceY": "2",
    "ImpactDistanceZ": "0",
    "ImpactDecayRate": "0.8",
    "CritImpactDistanceX": "2.5",
    "CritImpactDistanceY": "2",
    "CritImpactDistanceZ": "0",
    "CritImpactDecayRate": "0.8",
    "BlockImpactDistanceX": "2.5",
    "BlockImpactDistanceY": "1.5",
    "BlockImpactDistanceZ": "0",
    "BlockImpactDecayRate": "0.8",
    "AddDmg": "0",
    "StaggerDmgModifier": "1",
    "StaggerResistModifier": "1",
    "CameraShakeID": "Small",
    "ImpactRating": "3",
    "BlockStaminaDmgMod": "0.35",
    "BlockAbsorptionModifier": "1",
    "LOSCheckVerticalAngleOffset": "0"
  },
  {
    "DamageID": "Swipe_Right",
    "WeaponCategory": "Unarmed",
    "IsRanged": "",
    "IgnoreInvulnerable": "0",
    "NoReaction": "0",
    "SurfaceImpactEffect": "",
    "AttackType": "Heavy",
    "DamageType": "Slash",
    "Affixes": "",
    "StatusEffect": "",
    "EffectOnlyOnDamage": "",
    "DeflectDamageID": "Deflect_Default",
    "CanCrit": "0",
    "UseAttackerPosForReaction": "",
    "DmgCoef": "0.6",
    "DmgCoefHead": "1",
    "PowerLevel": "0",
    "CritPowerLevel": "0",
    "BlockPowerLevel": "0",
    "HitStun": "20",
    "CritHitStun": "20",
    "BlockHitStun": "15",
    "ImpactDistanceX": "-1",
    "ImpactDistanceY": "2",
    "ImpactDistanceZ": "0",
    "ImpactDecayRate": "0.8",
    "CritImpactDistanceX": "-1",
    "CritImpactDistanceY": "2",
    "CritImpactDistanceZ": "0",
    "CritImpactDecayRate": "0.8",
    "BlockImpactDistanceX": "-1",
    "BlockImpactDistanceY": "1.5",
    "BlockImpactDistanceZ": "0",
    "BlockImpactDecayRate": "0.8",
    "AddDmg": "0",
    "StaggerDmgModifier": "1",
    "StaggerResistModifier": "1",
    "CameraShakeID": "Small",
    "ImpactRating": "3",
    "BlockStaminaDmgMod": "0.6",
    "BlockAbsorptionModifier": "1",
    "LOSCheckVerticalAngleOffset": "0"
  },
  {
    "DamageID": "Minion_Swipe_Right",
    "WeaponCategory": "Unarmed",
    "IsRanged": "",
    "IgnoreInvulnerable": "0",
    "NoReaction": "0",
    "SurfaceImpactEffect": "",
    "AttackType": "Heavy",
    "DamageType": "Slash",
    "Affixes": "",
    "StatusEffect": "",
    "EffectOnlyOnDamage": "",
    "DeflectDamageID": "Deflect_Default",
    "CanCrit": "0",
    "UseAttackerPosForReaction": "",
    "DmgCoef": "0.4",
    "DmgCoefHead": "1",
    "PowerLevel": "0",
    "CritPowerLevel": "0",
    "BlockPowerLevel": "0",
    "HitStun": "10",
    "CritHitStun": "10",
    "BlockHitStun": "10",
    "ImpactDistanceX": "-0.5",
    "ImpactDistanceY": "0.5",
    "ImpactDistanceZ": "0",
    "ImpactDecayRate": "0.8",
    "CritImpactDistanceX": "-0.5",
    "CritImpactDistanceY": "0.5",
    "CritImpactDistanceZ": "0",
    "CritImpactDecayRate": "0.8",
    "BlockImpactDistanceX": "-0.5",
    "BlockImpactDistanceY": "0.5",
    "BlockImpactDistanceZ": "0",
    "BlockImpactDecayRate": "0.8",
    "AddDmg": "0",
    "StaggerDmgModifier": "1",
    "StaggerResistModifier": "1",
    "CameraShakeID": "Small",
    "ImpactRating": "3",
    "BlockStaminaDmgMod": "0.6",
    "BlockAbsorptionModifier": "1",
    "LOSCheckVerticalAngleOffset": "0"
  },
  {
    "DamageID": "Swipe_Right_Combo",
    "WeaponCategory": "Unarmed",
    "IsRanged": "",
    "IgnoreInvulnerable": "0",
    "NoReaction": "0",
    "SurfaceImpactEffect": "",
    "AttackType": "Heavy",
    "DamageType": "Slash",
    "Affixes": "",
    "StatusEffect": "",
    "EffectOnlyOnDamage": "",
    "DeflectDamageID": "Deflect_Default",
    "CanCrit": "0",
    "UseAttackerPosForReaction": "",
    "DmgCoef": "0.4",
    "DmgCoefHead": "1",
    "PowerLevel": "2",
    "CritPowerLevel": "2",
    "BlockPowerLevel": "2",
    "HitStun": "20",
    "CritHitStun": "20",
    "BlockHitStun": "15",
    "ImpactDistanceX": "1",
    "ImpactDistanceY": "2",
    "ImpactDistanceZ": "0",
    "ImpactDecayRate": "0.8",
    "CritImpactDistanceX": "1",
    "CritImpactDistanceY": "2",
    "CritImpactDistanceZ": "0",
    "CritImpactDecayRate": "0.8",
    "BlockImpactDistanceX": "1",
    "BlockImpactDistanceY": "1.5",
    "BlockImpactDistanceZ": "0",
    "BlockImpactDecayRate": "0.8",
    "AddDmg": "0",
    "StaggerDmgModifier": "1",
    "StaggerResistModifier": "1",
    "CameraShakeID": "Small",
    "ImpactRating": "3",
    "BlockStaminaDmgMod": "0.35",
    "BlockAbsorptionModifier": "1",
    "LOSCheckVerticalAngleOffset": "0"
  },
  {
    "DamageID": "Tail_Swipe_Windup",
    "WeaponCategory": "Unarmed",
    "IsRanged": "",
    "IgnoreInvulnerable": "0",
    "NoReaction": "0",
    "SurfaceImpactEffect": "",
    "AttackType": "Light",
    "DamageType": "Strike",
    "Affixes": "",
    "StatusEffect": "",
    "EffectOnlyOnDamage": "",
    "DeflectDamageID": "Deflect_Default",
    "CanCrit": "0",
    "UseAttackerPosForReaction": "",
    "DmgCoef": "0.2",
    "DmgCoefHead": "1",
    "PowerLevel": "4",
    "CritPowerLevel": "4",
    "BlockPowerLevel": "4",
    "HitStun": "20",
    "CritHitStun": "20",
    "BlockHitStun": "15",
    "ImpactDistanceX": "2",
    "ImpactDistanceY": "3",
    "ImpactDistanceZ": "0",
    "ImpactDecayRate": "0.8",
    "CritImpactDistanceX": "2",
    "CritImpactDistanceY": "3",
    "CritImpactDistanceZ": "0",
    "CritImpactDecayRate": "0.8",
    "BlockImpactDistanceX": "-3",
    "BlockImpactDistanceY": "2.25",
    "BlockImpactDistanceZ": "0",
    "BlockImpactDecayRate": "0.8",
    "AddDmg": "0",
    "StaggerDmgModifier": "1",
    "StaggerResistModifier": "1",
    "CameraShakeID": "Small",
    "ImpactRating": "3",
    "BlockStaminaDmgMod": "0.5",
    "BlockAbsorptionModifier": "1",
    "LOSCheckVerticalAngleOffset": "0"
  },
  {
    "DamageID": "Tail_Swipe",
    "WeaponCategory": "Unarmed",
    "IsRanged": "",
    "IgnoreInvulnerable": "0",
    "NoReaction": "0",
    "SurfaceImpactEffect": "",
    "AttackType": "Heavy",
    "DamageType": "Strike",
    "Affixes": "",
    "StatusEffect": "",
    "EffectOnlyOnDamage": "",
    "DeflectDamageID": "Deflect_Default",
    "CanCrit": "0",
    "UseAttackerPosForReaction": "",
    "DmgCoef": "0.2",
    "DmgCoefHead": "1",
    "PowerLevel": "4",
    "CritPowerLevel": "4",
    "BlockPowerLevel": "4",
    "HitStun": "20",
    "CritHitStun": "20",
    "BlockHitStun": "15",
    "ImpactDistanceX": "-3",
    "ImpactDistanceY": "3",
    "ImpactDistanceZ": "0",
    "ImpactDecayRate": "0.8",
    "CritImpactDistanceX": "-3",
    "CritImpactDistanceY": "3",
    "CritImpactDistanceZ": "0",
    "CritImpactDecayRate": "0.8",
    "BlockImpactDistanceX": "-3",
    "BlockImpactDistanceY": "2.25",
    "BlockImpactDistanceZ": "0",
    "BlockImpactDecayRate": "0.8",
    "AddDmg": "0",
    "StaggerDmgModifier": "1",
    "StaggerResistModifier": "1",
    "CameraShakeID": "Small",
    "ImpactRating": "3",
    "BlockStaminaDmgMod": "0.5",
    "BlockAbsorptionModifier": "1",
    "LOSCheckVerticalAngleOffset": "0"
  },
  {
    "DamageID": "Shoulder_Charge",
    "WeaponCategory": "Unarmed",
    "IsRanged": "",
    "IgnoreInvulnerable": "0",
    "NoReaction": "0",
    "SurfaceImpactEffect": "",
    "AttackType": "Heavy",
    "DamageType": "Strike",
    "Affixes": "",
    "StatusEffect": "",
    "EffectOnlyOnDamage": "",
    "DeflectDamageID": "Deflect_Default",
    "CanCrit": "0",
    "UseAttackerPosForReaction": "",
    "DmgCoef": "0.4",
    "DmgCoefHead": "1",
    "PowerLevel": "4",
    "CritPowerLevel": "4",
    "BlockPowerLevel": "4",
    "HitStun": "20",
    "CritHitStun": "20",
    "BlockHitStun": "15",
    "ImpactDistanceX": "1",
    "ImpactDistanceY": "3",
    "ImpactDistanceZ": "0",
    "ImpactDecayRate": "0.8",
    "CritImpactDistanceX": "1",
    "CritImpactDistanceY": "3",
    "CritImpactDistanceZ": "0",
    "CritImpactDecayRate": "0.8",
    "BlockImpactDistanceX": "1",
    "BlockImpactDistanceY": "2.25",
    "BlockImpactDistanceZ": "0",
    "BlockImpactDecayRate": "0.8",
    "AddDmg": "0",
    "StaggerDmgModifier": "1",
    "StaggerResistModifier": "1",
    "CameraShakeID": "Small",
    "ImpactRating": "3",
    "BlockStaminaDmgMod": "1",
    "BlockAbsorptionModifier": "1",
    "LOSCheckVerticalAngleOffset": "0"
  },
  {
    "DamageID": "Minion_Shoulder_Charge",
    "WeaponCategory": "Unarmed",
    "IsRanged": "",
    "IgnoreInvulnerable": "0",
    "NoReaction": "0",
    "SurfaceImpactEffect": "",
    "AttackType": "Heavy",
    "DamageType": "Strike",
    "Affixes": "",
    "StatusEffect": "",
    "EffectOnlyOnDamage": "",
    "DeflectDamageID": "Deflect_Default",
    "CanCrit": "0",
    "UseAttackerPosForReaction": "",
    "DmgCoef": "0.4",
    "DmgCoefHead": "1",
    "PowerLevel": "0",
    "CritPowerLevel": "0",
    "BlockPowerLevel": "0",
    "HitStun": "10",
    "CritHitStun": "10",
    "BlockHitStun": "10",
    "ImpactDistanceX": "0.5",
    "ImpactDistanceY": "0.5",
    "ImpactDistanceZ": "0",
    "ImpactDecayRate": "0.8",
    "CritImpactDistanceX": "0.5",
    "CritImpactDistanceY": "0.5",
    "CritImpactDistanceZ": "0",
    "CritImpactDecayRate": "0.8",
    "BlockImpactDistanceX": "0.5",
    "BlockImpactDistanceY": "0.5",
    "BlockImpactDistanceZ": "0",
    "BlockImpactDecayRate": "0.8",
    "AddDmg": "0",
    "StaggerDmgModifier": "1",
    "StaggerResistModifier": "1",
    "CameraShakeID": "Small",
    "ImpactRating": "3",
    "BlockStaminaDmgMod": "1",
    "BlockAbsorptionModifier": "1",
    "LOSCheckVerticalAngleOffset": "0"
  },
  {
    "DamageID": "Shoulder_Charge_Run",
    "WeaponCategory": "Unarmed",
    "IsRanged": "",
    "IgnoreInvulnerable": "0",
    "NoReaction": "0",
    "SurfaceImpactEffect": "",
    "AttackType": "Heavy",
    "DamageType": "Strike",
    "Affixes": "",
    "StatusEffect": "",
    "EffectOnlyOnDamage": "",
    "DeflectDamageID": "Deflect_Default",
    "CanCrit": "0",
    "UseAttackerPosForReaction": "",
    "DmgCoef": "0.4",
    "DmgCoefHead": "1",
    "PowerLevel": "2",
    "CritPowerLevel": "2",
    "BlockPowerLevel": "2",
    "HitStun": "20",
    "CritHitStun": "20",
    "BlockHitStun": "15",
    "ImpactDistanceX": "1",
    "ImpactDistanceY": "2",
    "ImpactDistanceZ": "0",
    "ImpactDecayRate": "0.8",
    "CritImpactDistanceX": "1",
    "CritImpactDistanceY": "2",
    "CritImpactDistanceZ": "0",
    "CritImpactDecayRate": "0.8",
    "BlockImpactDistanceX": "1",
    "BlockImpactDistanceY": "1.5",
    "BlockImpactDistanceZ": "0",
    "BlockImpactDecayRate": "0.8",
    "AddDmg": "0",
    "StaggerDmgModifier": "1",
    "StaggerResistModifier": "1",
    "CameraShakeID": "Small",
    "ImpactRating": "3",
    "BlockStaminaDmgMod": "0.5",
    "BlockAbsorptionModifier": "1",
    "LOSCheckVerticalAngleOffset": "0"
  },
  {
    "DamageID": "Attack_Structure",
    "WeaponCategory": "Unarmed",
    "IsRanged": "",
    "IgnoreInvulnerable": "0",
    "NoReaction": "0",
    "SurfaceImpactEffect": "",
    "AttackType": "",
    "DamageType": "Siege",
    "Affixes": "",
    "StatusEffect": "",
    "EffectOnlyOnDamage": "",
    "DeflectDamageID": "Deflect_Default",
    "CanCrit": "0",
    "UseAttackerPosForReaction": "",
    "DmgCoef": "0.2",
    "DmgCoefHead": "1",
    "PowerLevel": "3",
    "CritPowerLevel": "3",
    "BlockPowerLevel": "3",
    "HitStun": "30",
    "CritHitStun": "30",
    "BlockHitStun": "25",
    "ImpactDistanceX": "-1",
    "ImpactDistanceY": "2",
    "ImpactDistanceZ": "0",
    "ImpactDecayRate": "0.8",
    "CritImpactDistanceX": "-1",
    "CritImpactDistanceY": "2",
    "CritImpactDistanceZ": "0",
    "CritImpactDecayRate": "0.8",
    "BlockImpactDistanceX": "-1",
    "BlockImpactDistanceY": "1.5",
    "BlockImpactDistanceZ": "0",
    "BlockImpactDecayRate": "0.8",
    "AddDmg": "0",
    "StaggerDmgModifier": "1",
    "StaggerResistModifier": "1",
    "CameraShakeID": "Small",
    "ImpactRating": "3",
    "BlockStaminaDmgMod": "1",
    "BlockAbsorptionModifier": "1",
    "LOSCheckVerticalAngleOffset": "0"
  },
  {
    "DamageID": "Attack_Throw",
    "WeaponCategory": "Unarmed",
    "IsRanged": "1",
    "IgnoreInvulnerable": "0",
    "NoReaction": "0",
    "SurfaceImpactEffect": "",
    "AttackType": "Heavy",
    "DamageType": "Thrust",
    "Affixes": "",
    "StatusEffect": "",
    "EffectOnlyOnDamage": "",
    "DeflectDamageID": "Deflect_Default",
    "CanCrit": "0",
    "UseAttackerPosForReaction": "",
    "DmgCoef": "1",
    "DmgCoefHead": "1",
    "PowerLevel": "2",
    "CritPowerLevel": "2",
    "BlockPowerLevel": "2",
    "HitStun": "10",
    "CritHitStun": "10",
    "BlockHitStun": "5",
    "ImpactDistanceX": "0",
    "ImpactDistanceY": "2",
    "ImpactDistanceZ": "0",
    "ImpactDecayRate": "0.8",
    "CritImpactDistanceX": "0",
    "CritImpactDistanceY": "2",
    "CritImpactDistanceZ": "0",
    "CritImpactDecayRate": "0.8",
    "BlockImpactDistanceX": "0",
    "BlockImpactDistanceY": "1.5",
    "BlockImpactDistanceZ": "0",
    "BlockImpactDecayRate": "0.8",
    "AddDmg": "0",
    "StaggerDmgModifier": "1",
    "StaggerResistModifier": "1",
    "CameraShakeID": "Small",
    "ImpactRating": "3",
    "BlockStaminaDmgMod": "0.5",
    "BlockAbsorptionModifier": "1",
    "LOSCheckVerticalAngleOffset": "0"
  },
  {
    "DamageID": "Attack_Close_AOE",
    "WeaponCategory": "Unarmed",
    "IsRanged": "",
    "IgnoreInvulnerable": "0",
    "NoReaction": "0",
    "SurfaceImpactEffect": "",
    "AttackType": "Heavy",
    "DamageType": "Nature",
    "Affixes": "",
    "StatusEffect": "AI_Stun_2sec",
    "EffectOnlyOnDamage": "1",
    "DeflectDamageID": "Deflect_Default",
    "CanCrit": "0",
    "UseAttackerPosForReaction": "1",
    "DmgCoef": "1",
    "DmgCoefHead": "1",
    "PowerLevel": "8",
    "CritPowerLevel": "8",
    "BlockPowerLevel": "3",
    "HitStun": "20",
    "CritHitStun": "20",
    "BlockHitStun": "15",
    "ImpactDistanceX": "0",
    "ImpactDistanceY": "2",
    "ImpactDistanceZ": "0",
    "ImpactDecayRate": "0.8",
    "CritImpactDistanceX": "0",
    "CritImpactDistanceY": "2",
    "CritImpactDistanceZ": "0",
    "CritImpactDecayRate": "0.8",
    "BlockImpactDistanceX": "0",
    "BlockImpactDistanceY": "1.5",
    "BlockImpactDistanceZ": "0",
    "BlockImpactDecayRate": "0.8",
    "AddDmg": "0",
    "StaggerDmgModifier": "1.5",
    "StaggerResistModifier": "1.5",
    "CameraShakeID": "Small",
    "ImpactRating": "3",
    "BlockStaminaDmgMod": "1.25",
    "BlockAbsorptionModifier": "1",
    "LOSCheckVerticalAngleOffset": "0"
  },
  {
    "DamageID": "Spell_Pull_Minions",
    "WeaponCategory": "Unarmed",
    "IsRanged": "",
    "IgnoreInvulnerable": "0",
    "NoReaction": "0",
    "SurfaceImpactEffect": "",
    "AttackType": "",
    "DamageType": "",
    "Affixes": "",
    "StatusEffect": "",
    "EffectOnlyOnDamage": "",
    "DeflectDamageID": "Deflect_Default",
    "CanCrit": "0",
    "UseAttackerPosForReaction": "",
    "DmgCoef": "0",
    "DmgCoefHead": "0",
    "PowerLevel": "3",
    "CritPowerLevel": "3",
    "BlockPowerLevel": "3",
    "HitStun": "30",
    "CritHitStun": "30",
    "BlockHitStun": "30",
    "ImpactDistanceX": "0",
    "ImpactDistanceY": "-10",
    "ImpactDistanceZ": "0",
    "ImpactDecayRate": "0.8",
    "CritImpactDistanceX": "0",
    "CritImpactDistanceY": "-10",
    "CritImpactDistanceZ": "0",
    "CritImpactDecayRate": "0.8",
    "BlockImpactDistanceX": "0",
    "BlockImpactDistanceY": "-10",
    "BlockImpactDistanceZ": "0",
    "BlockImpactDecayRate": "0.8",
    "AddDmg": "0",
    "StaggerDmgModifier": "1.5",
    "StaggerResistModifier": "1.5",
    "CameraShakeID": "Small",
    "ImpactRating": "3",
    "BlockStaminaDmgMod": "0",
    "BlockAbsorptionModifier": "1",
    "LOSCheckVerticalAngleOffset": "16"
  },
  {
    "DamageID": "Spell_Kill_Minions",
    "WeaponCategory": "Unarmed",
    "IsRanged": "",
    "IgnoreInvulnerable": "0",
    "NoReaction": "0",
    "SurfaceImpactEffect": "",
    "AttackType": "Heavy",
    "DamageType": "Strike",
    "Affixes": "",
    "StatusEffect": "",
    "EffectOnlyOnDamage": "",
    "DeflectDamageID": "Deflect_Default",
    "CanCrit": "0",
    "UseAttackerPosForReaction": "",
    "DmgCoef": "100",
    "DmgCoefHead": "1",
    "PowerLevel": "51",
    "CritPowerLevel": "51",
    "BlockPowerLevel": "51",
    "HitStun": "20",
    "CritHitStun": "20",
    "BlockHitStun": "15",
    "ImpactDistanceX": "0",
    "ImpactDistanceY": "0",
    "ImpactDistanceZ": "0",
    "ImpactDecayRate": "0.8",
    "CritImpactDistanceX": "0",
    "CritImpactDistanceY": "0",
    "CritImpactDistanceZ": "0",
    "CritImpactDecayRate": "0.8",
    "BlockImpactDistanceX": "0",
    "BlockImpactDistanceY": "0",
    "BlockImpactDistanceZ": "0",
    "BlockImpactDecayRate": "0.8",
    "AddDmg": "0",
    "StaggerDmgModifier": "1.5",
    "StaggerResistModifier": "1.5",
    "CameraShakeID": "Small",
    "ImpactRating": "3",
    "BlockStaminaDmgMod": "1.25",
    "BlockAbsorptionModifier": "1",
    "LOSCheckVerticalAngleOffset": "0"
  },
  {
    "DamageID": "Spell_Homing_Earthspike",
    "WeaponCategory": "GhostSpell_Disease",
    "IsRanged": "0",
    "IgnoreInvulnerable": "1",
    "NoReaction": "",
    "SurfaceImpactEffect": "",
    "AttackType": "Magic",
    "DamageType": "Nature",
    "Affixes": "",
    "StatusEffect": "",
    "EffectOnlyOnDamage": "",
    "DeflectDamageID": "Deflect_Default",
    "CanCrit": "0",
    "UseAttackerPosForReaction": "1",
    "DmgCoef": "0",
    "DmgCoefHead": "1",
    "PowerLevel": "4",
    "CritPowerLevel": "4",
    "BlockPowerLevel": "4",
    "HitStun": "25",
    "CritHitStun": "25",
    "BlockHitStun": "25",
    "ImpactDistanceX": "0",
    "ImpactDistanceY": "4",
    "ImpactDistanceZ": "0",
    "ImpactDecayRate": "0.8",
    "CritImpactDistanceX": "0",
    "CritImpactDistanceY": "4",
    "CritImpactDistanceZ": "0",
    "CritImpactDecayRate": "0.8",
    "BlockImpactDistanceX": "0",
    "BlockImpactDistanceY": "4",
    "BlockImpactDistanceZ": "0",
    "BlockImpactDecayRate": "0.8",
    "AddDmg": "0.05",
    "StaggerDmgModifier": "2.2000000000000002",
    "StaggerResistModifier": "0",
    "CameraShakeID": "0",
    "ImpactRating": "1",
    "BlockStaminaDmgMod": "0.05",
    "BlockAbsorptionModifier": "1",
    "LOSCheckVerticalAngleOffset": "1"
  },
  {
    "DamageID": "Attack_Pull",
    "WeaponCategory": "Unarmed",
    "IsRanged": "",
    "IgnoreInvulnerable": "0",
    "NoReaction": "0",
    "SurfaceImpactEffect": "",
    "AttackType": "Heavy",
    "DamageType": "",
    "Affixes": "",
    "StatusEffect": "",
    "EffectOnlyOnDamage": "",
    "DeflectDamageID": "Deflect_Default",
    "CanCrit": "0",
    "UseAttackerPosForReaction": "1",
    "DmgCoef": "0",
    "DmgCoefHead": "0",
    "PowerLevel": "3",
    "CritPowerLevel": "3",
    "BlockPowerLevel": "3",
    "HitStun": "30",
    "CritHitStun": "30",
    "BlockHitStun": "30",
    "ImpactDistanceX": "0",
    "ImpactDistanceY": "-3",
    "ImpactDistanceZ": "0.75",
    "ImpactDecayRate": "0.8",
    "CritImpactDistanceX": "0",
    "CritImpactDistanceY": "-3",
    "CritImpactDistanceZ": "0",
    "CritImpactDecayRate": "0.75",
    "BlockImpactDistanceX": "0",
    "BlockImpactDistanceY": "-3",
    "BlockImpactDistanceZ": "0",
    "BlockImpactDecayRate": "0.75",
    "AddDmg": "0",
    "StaggerDmgModifier": "1.5",
    "StaggerResistModifier": "1.5",
    "CameraShakeID": "Small",
    "ImpactRating": "3",
    "BlockStaminaDmgMod": "0",
    "BlockAbsorptionModifier": "1",
    "LOSCheckVerticalAngleOffset": "50"
  },
  {
    "DamageID": "Attack_Pull_1",
    "WeaponCategory": "Unarmed",
    "IsRanged": "",
    "IgnoreInvulnerable": "0",
    "NoReaction": "0",
    "SurfaceImpactEffect": "",
    "AttackType": "Heavy",
    "DamageType": "",
    "Affixes": "",
    "StatusEffect": "",
    "EffectOnlyOnDamage": "",
    "DeflectDamageID": "Deflect_Default",
    "CanCrit": "0",
    "UseAttackerPosForReaction": "",
    "DmgCoef": "0",
    "DmgCoefHead": "0",
    "PowerLevel": "3",
    "CritPowerLevel": "3",
    "BlockPowerLevel": "3",
    "HitStun": "30",
    "CritHitStun": "30",
    "BlockHitStun": "30",
    "ImpactDistanceX": "0",
    "ImpactDistanceY": "-3",
    "ImpactDistanceZ": "0",
    "ImpactDecayRate": "0.8",
    "CritImpactDistanceX": "0",
    "CritImpactDistanceY": "-3",
    "CritImpactDistanceZ": "0",
    "CritImpactDecayRate": "0.8",
    "BlockImpactDistanceX": "0",
    "BlockImpactDistanceY": "-3",
    "BlockImpactDistanceZ": "0",
    "BlockImpactDecayRate": "0.8",
    "AddDmg": "0",
    "StaggerDmgModifier": "1.5",
    "StaggerResistModifier": "1.5",
    "CameraShakeID": "Small",
    "ImpactRating": "3",
    "BlockStaminaDmgMod": "0",
    "BlockAbsorptionModifier": "1",
    "LOSCheckVerticalAngleOffset": "50"
  },
  {
    "DamageID": "Attack_Pull_2",
    "WeaponCategory": "Unarmed",
    "IsRanged": "",
    "IgnoreInvulnerable": "0",
    "NoReaction": "0",
    "SurfaceImpactEffect": "",
    "AttackType": "Heavy",
    "DamageType": "",
    "Affixes": "",
    "StatusEffect": "",
    "EffectOnlyOnDamage": "",
    "DeflectDamageID": "Deflect_Default",
    "CanCrit": "0",
    "UseAttackerPosForReaction": "",
    "DmgCoef": "0",
    "DmgCoefHead": "0",
    "PowerLevel": "3",
    "CritPowerLevel": "3",
    "BlockPowerLevel": "3",
    "HitStun": "30",
    "CritHitStun": "30",
    "BlockHitStun": "30",
    "ImpactDistanceX": "0",
    "ImpactDistanceY": "-5",
    "ImpactDistanceZ": "0",
    "ImpactDecayRate": "0.8",
    "CritImpactDistanceX": "0",
    "CritImpactDistanceY": "-5",
    "CritImpactDistanceZ": "0",
    "CritImpactDecayRate": "0.8",
    "BlockImpactDistanceX": "0",
    "BlockImpactDistanceY": "-5",
    "BlockImpactDistanceZ": "0",
    "BlockImpactDecayRate": "0.8",
    "AddDmg": "0",
    "StaggerDmgModifier": "1.5",
    "StaggerResistModifier": "1.5",
    "CameraShakeID": "Small",
    "ImpactRating": "3",
    "BlockStaminaDmgMod": "0",
    "BlockAbsorptionModifier": "1",
    "LOSCheckVerticalAngleOffset": "50"
  },
  {
    "DamageID": "Attack_Pull_3",
    "WeaponCategory": "Unarmed",
    "IsRanged": "",
    "IgnoreInvulnerable": "0",
    "NoReaction": "0",
    "SurfaceImpactEffect": "",
    "AttackType": "Heavy",
    "DamageType": "",
    "Affixes": "",
    "StatusEffect": "",
    "EffectOnlyOnDamage": "",
    "DeflectDamageID": "Deflect_Default",
    "CanCrit": "0",
    "UseAttackerPosForReaction": "",
    "DmgCoef": "0",
    "DmgCoefHead": "0",
    "PowerLevel": "3",
    "CritPowerLevel": "3",
    "BlockPowerLevel": "3",
    "HitStun": "30",
    "CritHitStun": "30",
    "BlockHitStun": "30",
    "ImpactDistanceX": "0",
    "ImpactDistanceY": "-7",
    "ImpactDistanceZ": "0",
    "ImpactDecayRate": "0.8",
    "CritImpactDistanceX": "0",
    "CritImpactDistanceY": "-7",
    "CritImpactDistanceZ": "0",
    "CritImpactDecayRate": "0.8",
    "BlockImpactDistanceX": "0",
    "BlockImpactDistanceY": "-7",
    "BlockImpactDistanceZ": "0",
    "BlockImpactDecayRate": "0.8",
    "AddDmg": "0",
    "StaggerDmgModifier": "1.5",
    "StaggerResistModifier": "1.5",
    "CameraShakeID": "Small",
    "ImpactRating": "3",
    "BlockStaminaDmgMod": "0",
    "BlockAbsorptionModifier": "1",
    "LOSCheckVerticalAngleOffset": "50"
  },
  {
    "DamageID": "Attack_Pull_4",
    "WeaponCategory": "Unarmed",
    "IsRanged": "",
    "IgnoreInvulnerable": "0",
    "NoReaction": "0",
    "SurfaceImpactEffect": "",
    "AttackType": "Heavy",
    "DamageType": "",
    "Affixes": "",
    "StatusEffect": "",
    "EffectOnlyOnDamage": "",
    "DeflectDamageID": "Deflect_Default",
    "CanCrit": "0",
    "UseAttackerPosForReaction": "",
    "DmgCoef": "0",
    "DmgCoefHead": "0",
    "PowerLevel": "3",
    "CritPowerLevel": "3",
    "BlockPowerLevel": "3",
    "HitStun": "30",
    "CritHitStun": "30",
    "BlockHitStun": "30",
    "ImpactDistanceX": "0",
    "ImpactDistanceY": "-9",
    "ImpactDistanceZ": "0",
    "ImpactDecayRate": "0.8",
    "CritImpactDistanceX": "0",
    "CritImpactDistanceY": "-9",
    "CritImpactDistanceZ": "0",
    "CritImpactDecayRate": "0.8",
    "BlockImpactDistanceX": "0",
    "BlockImpactDistanceY": "-9",
    "BlockImpactDistanceZ": "0",
    "BlockImpactDecayRate": "0.8",
    "AddDmg": "0",
    "StaggerDmgModifier": "1.5",
    "StaggerResistModifier": "1.5",
    "CameraShakeID": "Small",
    "ImpactRating": "3",
    "BlockStaminaDmgMod": "0",
    "BlockAbsorptionModifier": "1",
    "LOSCheckVerticalAngleOffset": "50"
  },
  {
    "DamageID": "Attack_Pull_5",
    "WeaponCategory": "Unarmed",
    "IsRanged": "",
    "IgnoreInvulnerable": "0",
    "NoReaction": "0",
    "SurfaceImpactEffect": "",
    "AttackType": "Heavy",
    "DamageType": "",
    "Affixes": "",
    "StatusEffect": "",
    "EffectOnlyOnDamage": "",
    "DeflectDamageID": "Deflect_Default",
    "CanCrit": "0",
    "UseAttackerPosForReaction": "",
    "DmgCoef": "0",
    "DmgCoefHead": "0",
    "PowerLevel": "3",
    "CritPowerLevel": "3",
    "BlockPowerLevel": "3",
    "HitStun": "30",
    "CritHitStun": "30",
    "BlockHitStun": "30",
    "ImpactDistanceX": "0",
    "ImpactDistanceY": "-11",
    "ImpactDistanceZ": "0",
    "ImpactDecayRate": "0.8",
    "CritImpactDistanceX": "0",
    "CritImpactDistanceY": "-11",
    "CritImpactDistanceZ": "0",
    "CritImpactDecayRate": "0.8",
    "BlockImpactDistanceX": "0",
    "BlockImpactDistanceY": "-11",
    "BlockImpactDistanceZ": "0",
    "BlockImpactDecayRate": "0.8",
    "AddDmg": "0",
    "StaggerDmgModifier": "1.5",
    "StaggerResistModifier": "1.5",
    "CameraShakeID": "Small",
    "ImpactRating": "3",
    "BlockStaminaDmgMod": "0",
    "BlockAbsorptionModifier": "1",
    "LOSCheckVerticalAngleOffset": "50"
  },
  {
    "DamageID": "Attack_Pull_6",
    "WeaponCategory": "Unarmed",
    "IsRanged": "",
    "IgnoreInvulnerable": "0",
    "NoReaction": "0",
    "SurfaceImpactEffect": "",
    "AttackType": "Heavy",
    "DamageType": "",
    "Affixes": "",
    "StatusEffect": "",
    "EffectOnlyOnDamage": "",
    "DeflectDamageID": "Deflect_Default",
    "CanCrit": "0",
    "UseAttackerPosForReaction": "",
    "DmgCoef": "0",
    "DmgCoefHead": "0",
    "PowerLevel": "3",
    "CritPowerLevel": "3",
    "BlockPowerLevel": "3",
    "HitStun": "30",
    "CritHitStun": "30",
    "BlockHitStun": "30",
    "ImpactDistanceX": "0",
    "ImpactDistanceY": "-13",
    "ImpactDistanceZ": "0",
    "ImpactDecayRate": "0.8",
    "CritImpactDistanceX": "0",
    "CritImpactDistanceY": "-13",
    "CritImpactDistanceZ": "0",
    "CritImpactDecayRate": "0.8",
    "BlockImpactDistanceX": "0",
    "BlockImpactDistanceY": "-13",
    "BlockImpactDistanceZ": "0",
    "BlockImpactDecayRate": "0.8",
    "AddDmg": "0",
    "StaggerDmgModifier": "1.5",
    "StaggerResistModifier": "1.5",
    "CameraShakeID": "Small",
    "ImpactRating": "3",
    "BlockStaminaDmgMod": "0",
    "BlockAbsorptionModifier": "1",
    "LOSCheckVerticalAngleOffset": "50"
  },
  {
    "DamageID": "Attack_Pull_7",
    "WeaponCategory": "Unarmed",
    "IsRanged": "",
    "IgnoreInvulnerable": "0",
    "NoReaction": "0",
    "SurfaceImpactEffect": "",
    "AttackType": "Heavy",
    "DamageType": "",
    "Affixes": "",
    "StatusEffect": "",
    "EffectOnlyOnDamage": "",
    "DeflectDamageID": "Deflect_Default",
    "CanCrit": "0",
    "UseAttackerPosForReaction": "",
    "DmgCoef": "0",
    "DmgCoefHead": "0",
    "PowerLevel": "3",
    "CritPowerLevel": "3",
    "BlockPowerLevel": "3",
    "HitStun": "30",
    "CritHitStun": "30",
    "BlockHitStun": "30",
    "ImpactDistanceX": "0",
    "ImpactDistanceY": "-15",
    "ImpactDistanceZ": "0",
    "ImpactDecayRate": "0.8",
    "CritImpactDistanceX": "0",
    "CritImpactDistanceY": "-15",
    "CritImpactDistanceZ": "0",
    "CritImpactDecayRate": "0.8",
    "BlockImpactDistanceX": "0",
    "BlockImpactDistanceY": "-15",
    "BlockImpactDistanceZ": "0",
    "BlockImpactDecayRate": "0.8",
    "AddDmg": "0",
    "StaggerDmgModifier": "1.5",
    "StaggerResistModifier": "1.5",
    "CameraShakeID": "Small",
    "ImpactRating": "3",
    "BlockStaminaDmgMod": "0",
    "BlockAbsorptionModifier": "1",
    "LOSCheckVerticalAngleOffset": "50"
  },
  {
    "DamageID": "Attack_Pull_8",
    "WeaponCategory": "Unarmed",
    "IsRanged": "",
    "IgnoreInvulnerable": "0",
    "NoReaction": "0",
    "SurfaceImpactEffect": "",
    "AttackType": "Heavy",
    "DamageType": "",
    "Affixes": "",
    "StatusEffect": "",
    "EffectOnlyOnDamage": "",
    "DeflectDamageID": "Deflect_Default",
    "CanCrit": "0",
    "UseAttackerPosForReaction": "",
    "DmgCoef": "0",
    "DmgCoefHead": "0",
    "PowerLevel": "3",
    "CritPowerLevel": "3",
    "BlockPowerLevel": "3",
    "HitStun": "30",
    "CritHitStun": "30",
    "BlockHitStun": "30",
    "ImpactDistanceX": "0",
    "ImpactDistanceY": "-17",
    "ImpactDistanceZ": "0",
    "ImpactDecayRate": "0.8",
    "CritImpactDistanceX": "0",
    "CritImpactDistanceY": "-17",
    "CritImpactDistanceZ": "0",
    "CritImpactDecayRate": "0.8",
    "BlockImpactDistanceX": "0",
    "BlockImpactDistanceY": "-17",
    "BlockImpactDistanceZ": "0",
    "BlockImpactDecayRate": "0.8",
    "AddDmg": "0",
    "StaggerDmgModifier": "1.5",
    "StaggerResistModifier": "1.5",
    "CameraShakeID": "Small",
    "ImpactRating": "3",
    "BlockStaminaDmgMod": "0",
    "BlockAbsorptionModifier": "1",
    "LOSCheckVerticalAngleOffset": "50"
  },
  {
    "DamageID": "Fall",
    "WeaponCategory": "Fall",
    "IsRanged": "",
    "IgnoreInvulnerable": "1",
    "NoReaction": "1",
    "SurfaceImpactEffect": "Bullet",
    "AttackType": "",
    "DamageType": "Falling",
    "Affixes": "",
    "StatusEffect": "",
    "EffectOnlyOnDamage": "",
    "DeflectDamageID": "",
    "CanCrit": "",
    "UseAttackerPosForReaction": "",
    "DmgCoef": "1",
    "DmgCoefHead": "1",
    "PowerLevel": "2",
    "CritPowerLevel": "2",
    "BlockPowerLevel": "2",
    "HitStun": "0",
    "CritHitStun": "0",
    "BlockHitStun": "0",
    "ImpactDistanceX": "0",
    "ImpactDistanceY": "0",
    "ImpactDistanceZ": "0",
    "ImpactDecayRate": "0",
    "CritImpactDistanceX": "0",
    "CritImpactDistanceY": "0",
    "CritImpactDistanceZ": "0",
    "CritImpactDecayRate": "0",
    "BlockImpactDistanceX": "0",
    "BlockImpactDistanceY": "0",
    "BlockImpactDistanceZ": "0",
    "BlockImpactDecayRate": "0",
    "AddDmg": "0",
    "StaggerDmgModifier": "",
    "StaggerResistModifier": "",
    "CameraShakeID": "",
    "ImpactRating": "0",
    "BlockStaminaDmgMod": "0",
    "BlockAbsorptionModifier": "1",
    "LOSCheckVerticalAngleOffset": ""
  }
]