[
  {
    "DamageID": "Left_Hand_Ground_Pound",
    "WeaponCategory": "Unarmed",
    "IgnoreInvulnerable": "0",
    "NoReaction": "0",
    "SurfaceImpactEffect": "Bullet",
    "AttackType": "Heavy",
    "DamageType": "Strike",
    "Affixes": "",
    "StatusEffect": "",
    "EffectOnlyOnDamage": "",
    "DeflectDamageID": "Deflect_Default",
    "CanCrit": "0",
    "DmgCoef": "0.5",
    "DmgCoefHead": "1",
    "DmgCoefCrit": "1",
    "PowerLevel": "4",
    "BlockPowerLevel": "2",
    "CritPowerLevel": "4",
    "HitStun": "30",
    "BlockHitStun": "30",
    "CritHitStun": "30",
    "ImpactDistanceX": "0",
    "ImpactDistanceY": "2",
    "ImpactDistanceZ": "0",
    "ImpactDecayRate": "0.8",
    "BlockImpactDistanceX": "0",
    "BlockImpactDistanceY": "1.5",
    "BlockImpactDistanceZ": "0",
    "BlockImpactDecayRate": "0.8",
    "CritImpactDistanceX": "0",
    "CritImpactDistanceY": "2",
    "CritImpactDistanceZ": "0",
    "CritImpactDecayRate": "0.8",
    "AddDmg": "0",
    "StaggerDmgModifier": "0.8",
    "CritStaggerDmgModifier": "",
    "StaggerResistModifier": "1.5",
    "CameraShakeID": "Small",
    "TargetCameraShakeID": "Small",
    "BlockCameraShakeID": "Small",
    "BlockTargetCameraShakeID": "Small",
    "CritCameraShakeID": "Large_short",
    "CritTargetCameraShakeID": "Large_short",
    "ImpactRating": "",
    "BlockStaminaDmgMod": "0.7",
    "BlockAbsorptionModifier": "1"
  },
  {
    "DamageID": "Arctic_Breath",
    "WeaponCategory": "Unarmed",
    "IgnoreInvulnerable": "0",
    "NoReaction": "0",
    "SurfaceImpactEffect": "Bullet",
    "AttackType": "Magic",
    "DamageType": "Ice",
    "Affixes": "",
    "StatusEffect": "Yeti_Arctic_Breath_Slow_6sec",
    "EffectOnlyOnDamage": "1",
    "DeflectDamageID": "Deflect_Default",
    "CanCrit": "0",
    "DmgCoef": "0.4",
    "DmgCoefHead": "1",
    "DmgCoefCrit": "1",
    "PowerLevel": "2",
    "BlockPowerLevel": "1",
    "CritPowerLevel": "2",
    "HitStun": "15",
    "BlockHitStun": "15",
    "CritHitStun": "15",
    "ImpactDistanceX": "0",
    "ImpactDistanceY": "0",
    "ImpactDistanceZ": "0",
    "ImpactDecayRate": "0.8",
    "BlockImpactDistanceX": "0",
    "BlockImpactDistanceY": "0",
    "BlockImpactDistanceZ": "0",
    "BlockImpactDecayRate": "0",
    "CritImpactDistanceX": "0",
    "CritImpactDistanceY": "0",
    "CritImpactDistanceZ": "0",
    "CritImpactDecayRate": "0",
    "AddDmg": "0",
    "StaggerDmgModifier": "0",
    "CritStaggerDmgModifier": "",
    "StaggerResistModifier": "1",
    "CameraShakeID": "Large_short",
    "TargetCameraShakeID": "Large_short",
    "BlockCameraShakeID": "Large_short",
    "BlockTargetCameraShakeID": "Large_short",
    "CritCameraShakeID": "Large_short",
    "CritTargetCameraShakeID": "Large_short",
    "ImpactRating": "",
    "BlockStaminaDmgMod": "0",
    "BlockAbsorptionModifier": "1"
  },
  {
    "DamageID": "Tempest_Call",
    "WeaponCategory": "Unarmed",
    "IgnoreInvulnerable": "0",
    "NoReaction": "0",
    "SurfaceImpactEffect": "Bullet",
    "AttackType": "Magic",
    "DamageType": "Ice",
    "Affixes": "",
    "StatusEffect": "Yeti_Tempest_Call_Silence_6sec, Avalancher_Yeti",
    "EffectOnlyOnDamage": "1",
    "DeflectDamageID": "Deflect_Default",
    "CanCrit": "0",
    "DmgCoef": "0.2",
    "DmgCoefHead": "1",
    "DmgCoefCrit": "1",
    "PowerLevel": "1",
    "BlockPowerLevel": "0",
    "CritPowerLevel": "1",
    "HitStun": "20",
    "BlockHitStun": "25",
    "CritHitStun": "20",
    "ImpactDistanceX": "0",
    "ImpactDistanceY": "4",
    "ImpactDistanceZ": "0",
    "ImpactDecayRate": "0.8",
    "BlockImpactDistanceX": "0",
    "BlockImpactDistanceY": "1.5",
    "BlockImpactDistanceZ": "0",
    "BlockImpactDecayRate": "0.8",
    "CritImpactDistanceX": "0",
    "CritImpactDistanceY": "2",
    "CritImpactDistanceZ": "0",
    "CritImpactDecayRate": "0.8",
    "AddDmg": "0",
    "StaggerDmgModifier": "1.5",
    "CritStaggerDmgModifier": "",
    "StaggerResistModifier": "1.5",
    "CameraShakeID": "Large_short",
    "TargetCameraShakeID": "Large_short",
    "BlockCameraShakeID": "Large_short",
    "BlockTargetCameraShakeID": "Large_short",
    "CritCameraShakeID": "Large_short",
    "CritTargetCameraShakeID": "Large_short",
    "ImpactRating": "",
    "BlockStaminaDmgMod": "1",
    "BlockAbsorptionModifier": "1"
  },
  {
    "DamageID": "Glacier_Blade",
    "WeaponCategory": "Unarmed",
    "IgnoreInvulnerable": "0",
    "NoReaction": "0",
    "SurfaceImpactEffect": "Bullet",
    "AttackType": "Magic",
    "DamageType": "Ice",
    "Affixes": "",
    "StatusEffect": "Yeti_Arctic_Breath_Slow_6sec, Avalancher_Yeti",
    "EffectOnlyOnDamage": "",
    "DeflectDamageID": "Deflect_Default",
    "CanCrit": "0",
    "DmgCoef": "0.2",
    "DmgCoefHead": "1",
    "DmgCoefCrit": "1",
    "PowerLevel": "2",
    "BlockPowerLevel": "1",
    "CritPowerLevel": "2",
    "HitStun": "20",
    "BlockHitStun": "25",
    "CritHitStun": "20",
    "ImpactDistanceX": "0",
    "ImpactDistanceY": "3",
    "ImpactDistanceZ": "0",
    "ImpactDecayRate": "0.8",
    "BlockImpactDistanceX": "0",
    "BlockImpactDistanceY": "1.5",
    "BlockImpactDistanceZ": "0",
    "BlockImpactDecayRate": "0.8",
    "CritImpactDistanceX": "0",
    "CritImpactDistanceY": "2",
    "CritImpactDistanceZ": "0",
    "CritImpactDecayRate": "0.8",
    "AddDmg": "0",
    "StaggerDmgModifier": "1.5",
    "CritStaggerDmgModifier": "",
    "StaggerResistModifier": "1.5",
    "CameraShakeID": "Large_short",
    "TargetCameraShakeID": "Large_short",
    "BlockCameraShakeID": "Large_short",
    "BlockTargetCameraShakeID": "Large_short",
    "CritCameraShakeID": "Large_short",
    "CritTargetCameraShakeID": "Large_short",
    "ImpactRating": "",
    "BlockStaminaDmgMod": "1",
    "BlockAbsorptionModifier": "1"
  },
  {
    "DamageID": "Avalanche",
    "WeaponCategory": "Unarmed",
    "IgnoreInvulnerable": "0",
    "NoReaction": "0",
    "SurfaceImpactEffect": "Bullet",
    "AttackType": "Heavy",
    "DamageType": "Ice",
    "Affixes": "",
    "StatusEffect": "AI_Stun_2sec",
    "EffectOnlyOnDamage": "1",
    "DeflectDamageID": "Deflect_Default",
    "CanCrit": "0",
    "DmgCoef": "0.5",
    "DmgCoefHead": "1",
    "DmgCoefCrit": "1",
    "PowerLevel": "4",
    "BlockPowerLevel": "3",
    "CritPowerLevel": "4",
    "HitStun": "20",
    "BlockHitStun": "25",
    "CritHitStun": "20",
    "ImpactDistanceX": "0",
    "ImpactDistanceY": "2",
    "ImpactDistanceZ": "0",
    "ImpactDecayRate": "0.8",
    "BlockImpactDistanceX": "0",
    "BlockImpactDistanceY": "1.5",
    "BlockImpactDistanceZ": "0",
    "BlockImpactDecayRate": "0.8",
    "CritImpactDistanceX": "0",
    "CritImpactDistanceY": "2",
    "CritImpactDistanceZ": "0",
    "CritImpactDecayRate": "0.8",
    "AddDmg": "0",
    "StaggerDmgModifier": "1.5",
    "CritStaggerDmgModifier": "",
    "StaggerResistModifier": "1.5",
    "CameraShakeID": "Large_short",
    "TargetCameraShakeID": "Large_short",
    "BlockCameraShakeID": "Large_short",
    "BlockTargetCameraShakeID": "Large_short",
    "CritCameraShakeID": "Large_short",
    "CritTargetCameraShakeID": "Large_short",
    "ImpactRating": "",
    "BlockStaminaDmgMod": "0.9",
    "BlockAbsorptionModifier": "1"
  },
  {
    "DamageID": "Avalancher_Detonate",
    "WeaponCategory": "Unarmed",
    "IgnoreInvulnerable": "0",
    "NoReaction": "0",
    "SurfaceImpactEffect": "Bullet",
    "AttackType": "Heavy",
    "DamageType": "Ice",
    "Affixes": "",
    "StatusEffect": "",
    "EffectOnlyOnDamage": "1",
    "DeflectDamageID": "Deflect_Default",
    "CanCrit": "0",
    "DmgCoef": "0",
    "DmgCoefHead": "1",
    "DmgCoefCrit": "1",
    "PowerLevel": "4",
    "BlockPowerLevel": "3",
    "CritPowerLevel": "4",
    "HitStun": "20",
    "BlockHitStun": "25",
    "CritHitStun": "20",
    "ImpactDistanceX": "0",
    "ImpactDistanceY": "2",
    "ImpactDistanceZ": "0",
    "ImpactDecayRate": "0.8",
    "BlockImpactDistanceX": "0",
    "BlockImpactDistanceY": "1.5",
    "BlockImpactDistanceZ": "0",
    "BlockImpactDecayRate": "0.8",
    "CritImpactDistanceX": "0",
    "CritImpactDistanceY": "2",
    "CritImpactDistanceZ": "0",
    "CritImpactDecayRate": "0.8",
    "AddDmg": "0",
    "StaggerDmgModifier": "1.5",
    "CritStaggerDmgModifier": "",
    "StaggerResistModifier": "1.5",
    "CameraShakeID": "Large_short",
    "TargetCameraShakeID": "Large_short",
    "BlockCameraShakeID": "Large_short",
    "BlockTargetCameraShakeID": "Large_short",
    "CritCameraShakeID": "Large_short",
    "CritTargetCameraShakeID": "Large_short",
    "ImpactRating": "",
    "BlockStaminaDmgMod": "0.9",
    "BlockAbsorptionModifier": "1"
  },
  {
    "DamageID": "Overhead_Slam",
    "WeaponCategory": "Unarmed",
    "IgnoreInvulnerable": "0",
    "NoReaction": "0",
    "SurfaceImpactEffect": "Bullet",
    "AttackType": "Heavy",
    "DamageType": "Strike",
    "Affixes": "",
    "StatusEffect": "AI_Stun_2sec",
    "EffectOnlyOnDamage": "1",
    "DeflectDamageID": "Deflect_Default",
    "CanCrit": "0",
    "DmgCoef": "0.5",
    "DmgCoefHead": "1",
    "DmgCoefCrit": "1",
    "PowerLevel": "4",
    "BlockPowerLevel": "2",
    "CritPowerLevel": "4",
    "HitStun": "20",
    "BlockHitStun": "25",
    "CritHitStun": "20",
    "ImpactDistanceX": "0",
    "ImpactDistanceY": "2",
    "ImpactDistanceZ": "0",
    "ImpactDecayRate": "0.8",
    "BlockImpactDistanceX": "0",
    "BlockImpactDistanceY": "1.5",
    "BlockImpactDistanceZ": "0",
    "BlockImpactDecayRate": "0.8",
    "CritImpactDistanceX": "0",
    "CritImpactDistanceY": "2",
    "CritImpactDistanceZ": "0",
    "CritImpactDecayRate": "0.8",
    "AddDmg": "0",
    "StaggerDmgModifier": "1.5",
    "CritStaggerDmgModifier": "",
    "StaggerResistModifier": "1.5",
    "CameraShakeID": "Large_short",
    "TargetCameraShakeID": "Large_short",
    "BlockCameraShakeID": "Large_short",
    "BlockTargetCameraShakeID": "Large_short",
    "CritCameraShakeID": "Large_short",
    "CritTargetCameraShakeID": "Large_short",
    "ImpactRating": "",
    "BlockStaminaDmgMod": "0.9",
    "BlockAbsorptionModifier": "1"
  },
  {
    "DamageID": "Swipe_Left",
    "WeaponCategory": "Unarmed",
    "IgnoreInvulnerable": "0",
    "NoReaction": "0",
    "SurfaceImpactEffect": "Bullet",
    "AttackType": "Heavy",
    "DamageType": "Slash",
    "Affixes": "",
    "StatusEffect": "",
    "EffectOnlyOnDamage": "",
    "DeflectDamageID": "Deflect_Default",
    "CanCrit": "0",
    "DmgCoef": "0.4",
    "DmgCoefHead": "1",
    "DmgCoefCrit": "1",
    "PowerLevel": "0",
    "BlockPowerLevel": "0",
    "CritPowerLevel": "0",
    "HitStun": "20",
    "BlockHitStun": "15",
    "CritHitStun": "20",
    "ImpactDistanceX": "1",
    "ImpactDistanceY": "2",
    "ImpactDistanceZ": "0",
    "ImpactDecayRate": "0.8",
    "BlockImpactDistanceX": "1",
    "BlockImpactDistanceY": "1.5",
    "BlockImpactDistanceZ": "0",
    "BlockImpactDecayRate": "0.8",
    "CritImpactDistanceX": "1",
    "CritImpactDistanceY": "2",
    "CritImpactDistanceZ": "0",
    "CritImpactDecayRate": "0.8",
    "AddDmg": "0",
    "StaggerDmgModifier": "0.5",
    "CritStaggerDmgModifier": "",
    "StaggerResistModifier": "1",
    "CameraShakeID": "Small",
    "TargetCameraShakeID": "Small",
    "BlockCameraShakeID": "Small",
    "BlockTargetCameraShakeID": "Small",
    "CritCameraShakeID": "Large_short",
    "CritTargetCameraShakeID": "Large_short",
    "ImpactRating": "",
    "BlockStaminaDmgMod": "0.5",
    "BlockAbsorptionModifier": "1"
  },
  {
    "DamageID": "Swipe_Right",
    "WeaponCategory": "Unarmed",
    "IgnoreInvulnerable": "0",
    "NoReaction": "0",
    "SurfaceImpactEffect": "Bullet",
    "AttackType": "Heavy",
    "DamageType": "Slash",
    "Affixes": "",
    "StatusEffect": "",
    "EffectOnlyOnDamage": "",
    "DeflectDamageID": "Deflect_Default",
    "CanCrit": "0",
    "DmgCoef": "0.4",
    "DmgCoefHead": "1",
    "DmgCoefCrit": "1",
    "PowerLevel": "0",
    "BlockPowerLevel": "0",
    "CritPowerLevel": "0",
    "HitStun": "20",
    "BlockHitStun": "15",
    "CritHitStun": "20",
    "ImpactDistanceX": "-1",
    "ImpactDistanceY": "3",
    "ImpactDistanceZ": "0",
    "ImpactDecayRate": "0.8",
    "BlockImpactDistanceX": "-1",
    "BlockImpactDistanceY": "1.5",
    "BlockImpactDistanceZ": "0",
    "BlockImpactDecayRate": "0.8",
    "CritImpactDistanceX": "-1",
    "CritImpactDistanceY": "2",
    "CritImpactDistanceZ": "0",
    "CritImpactDecayRate": "0.8",
    "AddDmg": "0",
    "StaggerDmgModifier": "0.5",
    "CritStaggerDmgModifier": "",
    "StaggerResistModifier": "1",
    "CameraShakeID": "Small",
    "TargetCameraShakeID": "Small",
    "BlockCameraShakeID": "Small",
    "BlockTargetCameraShakeID": "Small",
    "CritCameraShakeID": "Large_short",
    "CritTargetCameraShakeID": "Large_short",
    "ImpactRating": "",
    "BlockStaminaDmgMod": "0.5",
    "BlockAbsorptionModifier": "1"
  },
  {
    "DamageID": "Punch_Left",
    "WeaponCategory": "Unarmed",
    "IgnoreInvulnerable": "0",
    "NoReaction": "0",
    "SurfaceImpactEffect": "Bullet",
    "AttackType": "Heavy",
    "DamageType": "Strike",
    "Affixes": "",
    "StatusEffect": "",
    "EffectOnlyOnDamage": "",
    "DeflectDamageID": "Deflect_Default",
    "CanCrit": "0",
    "DmgCoef": "0.4",
    "DmgCoefHead": "1",
    "DmgCoefCrit": "1",
    "PowerLevel": "3",
    "BlockPowerLevel": "2",
    "CritPowerLevel": "3",
    "HitStun": "20",
    "BlockHitStun": "15",
    "CritHitStun": "20",
    "ImpactDistanceX": "1",
    "ImpactDistanceY": "2",
    "ImpactDistanceZ": "0",
    "ImpactDecayRate": "0.8",
    "BlockImpactDistanceX": "1",
    "BlockImpactDistanceY": "1.5",
    "BlockImpactDistanceZ": "0",
    "BlockImpactDecayRate": "0.8",
    "CritImpactDistanceX": "1",
    "CritImpactDistanceY": "2",
    "CritImpactDistanceZ": "0",
    "CritImpactDecayRate": "0.8",
    "AddDmg": "0",
    "StaggerDmgModifier": "0.5",
    "CritStaggerDmgModifier": "",
    "StaggerResistModifier": "1",
    "CameraShakeID": "Small",
    "TargetCameraShakeID": "Small",
    "BlockCameraShakeID": "Small",
    "BlockTargetCameraShakeID": "Small",
    "CritCameraShakeID": "Large_short",
    "CritTargetCameraShakeID": "Large_short",
    "ImpactRating": "",
    "BlockStaminaDmgMod": "0.5",
    "BlockAbsorptionModifier": "1"
  },
  {
    "DamageID": "Punch_Right",
    "WeaponCategory": "Unarmed",
    "IgnoreInvulnerable": "0",
    "NoReaction": "0",
    "SurfaceImpactEffect": "Bullet",
    "AttackType": "Heavy",
    "DamageType": "Strike",
    "Affixes": "",
    "StatusEffect": "",
    "EffectOnlyOnDamage": "",
    "DeflectDamageID": "Deflect_Default",
    "CanCrit": "0",
    "DmgCoef": "0.4",
    "DmgCoefHead": "1",
    "DmgCoefCrit": "1",
    "PowerLevel": "3",
    "BlockPowerLevel": "2",
    "CritPowerLevel": "3",
    "HitStun": "20",
    "BlockHitStun": "15",
    "CritHitStun": "20",
    "ImpactDistanceX": "-1",
    "ImpactDistanceY": "3",
    "ImpactDistanceZ": "0",
    "ImpactDecayRate": "0.8",
    "BlockImpactDistanceX": "-1",
    "BlockImpactDistanceY": "1.5",
    "BlockImpactDistanceZ": "0",
    "BlockImpactDecayRate": "0.8",
    "CritImpactDistanceX": "-1",
    "CritImpactDistanceY": "2",
    "CritImpactDistanceZ": "0",
    "CritImpactDecayRate": "0.8",
    "AddDmg": "0",
    "StaggerDmgModifier": "0.5",
    "CritStaggerDmgModifier": "",
    "StaggerResistModifier": "1",
    "CameraShakeID": "Small",
    "TargetCameraShakeID": "Small",
    "BlockCameraShakeID": "Small",
    "BlockTargetCameraShakeID": "Small",
    "CritCameraShakeID": "Large_short",
    "CritTargetCameraShakeID": "Large_short",
    "ImpactRating": "",
    "BlockStaminaDmgMod": "0.5",
    "BlockAbsorptionModifier": "1"
  },
  {
    "DamageID": "Shoulder_Charge",
    "WeaponCategory": "Unarmed",
    "IgnoreInvulnerable": "0",
    "NoReaction": "0",
    "SurfaceImpactEffect": "Bullet",
    "AttackType": "Heavy",
    "DamageType": "Strike",
    "Affixes": "",
    "StatusEffect": "",
    "EffectOnlyOnDamage": "",
    "DeflectDamageID": "Deflect_Default",
    "CanCrit": "0",
    "DmgCoef": "0.7",
    "DmgCoefHead": "1",
    "DmgCoefCrit": "1",
    "PowerLevel": "4",
    "BlockPowerLevel": "2",
    "CritPowerLevel": "4",
    "HitStun": "20",
    "BlockHitStun": "15",
    "CritHitStun": "20",
    "ImpactDistanceX": "1",
    "ImpactDistanceY": "3",
    "ImpactDistanceZ": "0",
    "ImpactDecayRate": "0.8",
    "BlockImpactDistanceX": "1",
    "BlockImpactDistanceY": "2.25",
    "BlockImpactDistanceZ": "0",
    "BlockImpactDecayRate": "0.8",
    "CritImpactDistanceX": "1",
    "CritImpactDistanceY": "3",
    "CritImpactDistanceZ": "0",
    "CritImpactDecayRate": "0.8",
    "AddDmg": "0",
    "StaggerDmgModifier": "0.8",
    "CritStaggerDmgModifier": "",
    "StaggerResistModifier": "1",
    "CameraShakeID": "Small",
    "TargetCameraShakeID": "Small",
    "BlockCameraShakeID": "Small",
    "BlockTargetCameraShakeID": "Small",
    "CritCameraShakeID": "Large_short",
    "CritTargetCameraShakeID": "Large_short",
    "ImpactRating": "",
    "BlockStaminaDmgMod": "1",
    "BlockAbsorptionModifier": "1"
  },
  {
    "DamageID": "Fall",
    "WeaponCategory": "Fall",
    "IgnoreInvulnerable": "1",
    "NoReaction": "1",
    "SurfaceImpactEffect": "Bullet",
    "AttackType": "",
    "DamageType": "Falling",
    "Affixes": "",
    "StatusEffect": "",
    "EffectOnlyOnDamage": "",
    "DeflectDamageID": "",
    "CanCrit": "",
    "DmgCoef": "1",
    "DmgCoefHead": "1",
    "DmgCoefCrit": "",
    "PowerLevel": "2",
    "BlockPowerLevel": "2",
    "CritPowerLevel": "",
    "HitStun": "0",
    "BlockHitStun": "0",
    "CritHitStun": "",
    "ImpactDistanceX": "0",
    "ImpactDistanceY": "0",
    "ImpactDistanceZ": "0",
    "ImpactDecayRate": "0",
    "BlockImpactDistanceX": "0",
    "BlockImpactDistanceY": "0",
    "BlockImpactDistanceZ": "0",
    "BlockImpactDecayRate": "0",
    "CritImpactDistanceX": "",
    "CritImpactDistanceY": "",
    "CritImpactDistanceZ": "",
    "CritImpactDecayRate": "",
    "AddDmg": "0",
    "StaggerDmgModifier": "",
    "CritStaggerDmgModifier": "",
    "StaggerResistModifier": "",
    "CameraShakeID": "Small",
    "TargetCameraShakeID": "Small",
    "BlockCameraShakeID": "Small",
    "BlockTargetCameraShakeID": "Small",
    "CritCameraShakeID": "Large_short",
    "CritTargetCameraShakeID": "Large_short",
    "ImpactRating": "",
    "BlockStaminaDmgMod": "0",
    "BlockAbsorptionModifier": "1"
  }
]