[
  {
    "DamageID": "Attack_Charge",
    "WeaponCategory": "Wolf_Bite",
    "IgnoreInvulnerable": "0",
    "NoReaction": "0",
    "SurfaceImpactEffect": "Bullet",
    "AttackType": "Heavy",
    "DamageType": "Strike",
    "Affliction": "",
    "AddAffliction": "",
    "AfflictionPercent": "",
    "DeflectDamageID": "",
    "CanCrit": "0",
    "DmgCoef": "1",
    "DmgCoefHead": "1",
    "DmgCoefCrit": "",
    "PowerLevel": "4",
    "BlockPowerLevel": "4",
    "CritPowerLevel": "4",
    "HitStun": "35",
    "BlockHitStun": "30",
    "CritHitStun": "35",
    "ImpactDistanceX": "0",
    "ImpactDistanceY": "7.5",
    "ImpactDistanceZ": "0",
    "ImpactDecayRate": "0.8",
    "BlockImpactDistanceX": "0",
    "BlockImpactDistanceY": "0.75",
    "BlockImpactDistanceZ": "0",
    "BlockImpactDecayRate": "0.8",
    "CritImpactDistanceX": "0",
    "CritImpactDistanceY": "7.5",
    "CritImpactDistanceZ": "0",
    "CritImpactDecayRate": "0.8",
    "AddDmg": "0",
    "ImpactRating": "3",
    "BlockStaminaDmgMod": "0.25",
    "BlockAbsorptionModifier": "1",
    "StaggerDmgModifier": "1.5",
    "CritStaggerDmgModifier": "",
    "StaggerResistModifier": "1.2",
    "StunBreakoutIncrement": "1",
    "CameraShakeID": "Large",
    "BlockTargetCameraShakeID": "Large",
    "CritTargetCameraShakeID": "Large"
  },
  {
    "DamageID": "Attack_Trample",
    "WeaponCategory": "Wolf_Bite",
    "IgnoreInvulnerable": "0",
    "NoReaction": "0",
    "SurfaceImpactEffect": "Bullet",
    "AttackType": "Heavy",
    "DamageType": "Strike",
    "Affliction": "",
    "AddAffliction": "",
    "AfflictionPercent": "",
    "DeflectDamageID": "",
    "CanCrit": "0",
    "DmgCoef": "0.8",
    "DmgCoefHead": "1",
    "DmgCoefCrit": "",
    "PowerLevel": "4",
    "BlockPowerLevel": "4",
    "CritPowerLevel": "4",
    "HitStun": "35",
    "BlockHitStun": "30",
    "CritHitStun": "35",
    "ImpactDistanceX": "-2.5",
    "ImpactDistanceY": "1.5",
    "ImpactDistanceZ": "0",
    "ImpactDecayRate": "0.8",
    "BlockImpactDistanceX": "-1.5",
    "BlockImpactDistanceY": "1",
    "BlockImpactDistanceZ": "0",
    "BlockImpactDecayRate": "0.8",
    "CritImpactDistanceX": "-2.5",
    "CritImpactDistanceY": "1.5",
    "CritImpactDistanceZ": "0",
    "CritImpactDecayRate": "0.8",
    "AddDmg": "0",
    "ImpactRating": "3",
    "BlockStaminaDmgMod": "2",
    "BlockAbsorptionModifier": "1",
    "StaggerDmgModifier": "2",
    "CritStaggerDmgModifier": "",
    "StaggerResistModifier": "2",
    "StunBreakoutIncrement": "1",
    "CameraShakeID": "Large",
    "BlockTargetCameraShakeID": "Large",
    "CritTargetCameraShakeID": "Large"
  }
]