[
  {
    "TerritoryID": "7000",
    "NameLocalizationKey": "@ui_poi_arena_spriggan",
    "IsPOI": "1",
    "MapIcon": "LyShineUI/Images/Map/Icon/POIs/angryearth_spriggan.png",
    "CompassIcon": "LyShineUI/Images/Map/Icon/POIs/angryearth_spriggan.png",
    "DiscoveryRadius": "300",
    "IsDiscoverable": "1",
    "IsChartable": "1",
    "DefaultAchievement": "",
    "Debug": "",
    "LootTags": "",
    "DiscoveredAchievement": "Arena1_7000_discovered",
    "ChartedAchievement": "Arena1_7000_charted",
    "POITag": "Arena1",
    "AudioGroup": "Music_Arena",
    "AudioState": "ForestSpriggan",
    "GroupSize": "3",
    "RecommendedLevel": "60"
  },
  {
    "TerritoryID": "7001",
    "NameLocalizationKey": "@ui_poi_arena_spriggan",
    "IsPOI": "1",
    "MapIcon": "LyShineUI/Images/Map/Icon/POIs/angryearth_spriggan.png",
    "CompassIcon": "LyShineUI/Images/Map/Icon/POIs/angryearth_spriggan.png",
    "DiscoveryRadius": "300",
    "IsDiscoverable": "1",
    "IsChartable": "1",
    "DefaultAchievement": "",
    "Debug": "",
    "LootTags": "",
    "DiscoveredAchievement": "Arena2_7001_discovered",
    "ChartedAchievement": "Arena2_7001_charted",
    "POITag": "Arena2",
    "AudioGroup": "Music_Arena",
    "AudioState": "ForestSpriggan",
    "GroupSize": "3",
    "RecommendedLevel": "60"
  },
  {
    "TerritoryID": "7002",
    "NameLocalizationKey": "@ui_poi_arena_spriggan",
    "IsPOI": "1",
    "MapIcon": "LyShineUI/Images/Map/Icon/POIs/angryearth_spriggan.png",
    "CompassIcon": "LyShineUI/Images/Map/Icon/POIs/angryearth_spriggan.png",
    "DiscoveryRadius": "300",
    "IsDiscoverable": "1",
    "IsChartable": "1",
    "DefaultAchievement": "",
    "Debug": "",
    "LootTags": "",
    "DiscoveredAchievement": "Arena3_7002_discovered",
    "ChartedAchievement": "Arena3_7002_charted",
    "POITag": "Arena3",
    "AudioGroup": "Music_Arena",
    "AudioState": "ForestSpriggan",
    "GroupSize": "3",
    "RecommendedLevel": "60"
  },
  {
    "TerritoryID": "7003",
    "NameLocalizationKey": "@ui_poi_arena_myrkgard",
    "IsPOI": "1",
    "MapIcon": "LyShineUI/Images/Map/Icon/POIs/angryearth_spriggan.png",
    "CompassIcon": "LyShineUI/Images/Map/Icon/POIs/angryearth_spriggan.png",
    "DiscoveryRadius": "300",
    "IsDiscoverable": "1",
    "IsChartable": "1",
    "DefaultAchievement": "",
    "Debug": "",
    "LootTags": "",
    "DiscoveredAchievement": "Arena_7003_discovered",
    "ChartedAchievement": "Arena_7003_charted",
    "POITag": "Arena",
    "AudioGroup": "Music_Arena",
    "AudioState": "DryadBeast",
    "GroupSize": "3",
    "RecommendedLevel": "60"
  },
  {
    "TerritoryID": "7004",
    "NameLocalizationKey": "@ui_poi_arena_siren",
    "IsPOI": "1",
    "MapIcon": "LyShineUI/Images/Map/Icon/POIs/hero_shipwreck.png",
    "CompassIcon": "LyShineUI/Images/Map/Icon/POIs/hero_shipwreck.png",
    "DiscoveryRadius": "300",
    "IsDiscoverable": "0",
    "IsChartable": "0",
    "DefaultAchievement": "",
    "Debug": "",
    "LootTags": "",
    "DiscoveredAchievement": "",
    "ChartedAchievement": "",
    "POITag": "Arena",
    "AudioGroup": "Music_Arena",
    "AudioState": "SirenQueen",
    "GroupSize": "3",
    "RecommendedLevel": "60"
  }
]