[
  {
    "DamageID": "DunePhantom_Huntress_Bow_Normal",
    "WeaponCategory": "Bow",
    "IgnoreInvulnerable": "0",
    "NoReaction": "0",
    "IsRanged": "1",
    "SurfaceImpactEffect": "Bullet",
    "AttackType": "Light",
    "DamageType": "Thrust",
    "Affixes": "",
    "StatusEffect": "Status_Crossbow_Poison",
    "EffectOnlyOnDamage": "1",
    "DeflectDamageID": "Deflect_Default",
    "CanCrit": "0",
    "DmgCoef": "0.1",
    "DmgCoefHead": "0.5",
    "DmgCoefCrit": "1",
    "PowerLevel": "0",
    "BlockPowerLevel": "0",
    "CritPowerLevel": "0",
    "HitStun": "15",
    "BlockHitStun": "10",
    "CritHitStun": "15",
    "ImpactDistanceX": "0",
    "ImpactDistanceY": "1",
    "ImpactDistanceZ": "0",
    "ImpactDecayRate": "0.8",
    "BlockImpactDistanceX": "0",
    "BlockImpactDistanceY": "0.5",
    "BlockImpactDistanceZ": "0",
    "BlockImpactDecayRate": "0.85",
    "CritImpactDistanceX": "0",
    "CritImpactDistanceY": "0.5",
    "CritImpactDistanceZ": "0",
    "CritImpactDecayRate": "0.85",
    "AddDmg": "0",
    "StaggerDmgModifier": "0.2",
    "CritStaggerDmgModifier": "",
    "StaggerResistModifier": "0",
    "TargetCameraShakeID": "Small",
    "CritTargetCameraShakeID": "Small",
    "ImpactRating": "3",
    "BlockStaminaDmgMod": "0.1",
    "BlockAbsorptionModifier": "1",
    "StunBreakoutIncrement": "0"
  },
  {
    "DamageID": "DunePhantom_Huntress_Claw",
    "WeaponCategory": "Unarmed",
    "IgnoreInvulnerable": "0",
    "NoReaction": "0",
    "IsRanged": "",
    "SurfaceImpactEffect": "Bullet",
    "AttackType": "Heavy",
    "DamageType": "Slash",
    "Affixes": "",
    "StatusEffect": "Status_Crossbow_Poison",
    "EffectOnlyOnDamage": "1",
    "DeflectDamageID": "Deflect_Default",
    "CanCrit": "0",
    "DmgCoef": "0.1",
    "DmgCoefHead": "0.1",
    "DmgCoefCrit": "1",
    "PowerLevel": "1",
    "BlockPowerLevel": "0",
    "CritPowerLevel": "0",
    "HitStun": "15",
    "BlockHitStun": "10",
    "CritHitStun": "15",
    "ImpactDistanceX": "0",
    "ImpactDistanceY": "1.3",
    "ImpactDistanceZ": "0",
    "ImpactDecayRate": "0.85",
    "BlockImpactDistanceX": "0",
    "BlockImpactDistanceY": "1",
    "BlockImpactDistanceZ": "0",
    "BlockImpactDecayRate": "0.85",
    "CritImpactDistanceX": "0",
    "CritImpactDistanceY": "1.3",
    "CritImpactDistanceZ": "0",
    "CritImpactDecayRate": "0.85",
    "AddDmg": "0",
    "StaggerDmgModifier": "0.2",
    "CritStaggerDmgModifier": "",
    "StaggerResistModifier": "0",
    "TargetCameraShakeID": "Small",
    "CritTargetCameraShakeID": "Small",
    "ImpactRating": "3",
    "BlockStaminaDmgMod": "0.2",
    "BlockAbsorptionModifier": "1",
    "StunBreakoutIncrement": "0"
  },
  {
    "DamageID": "DunePhantom_Huntress_Locusts",
    "WeaponCategory": "Unarmed",
    "IgnoreInvulnerable": "0",
    "NoReaction": "0",
    "IsRanged": "1",
    "SurfaceImpactEffect": "Bullet",
    "AttackType": "Magic",
    "DamageType": "Nature",
    "Affixes": "",
    "StatusEffect": "AI_Disease",
    "EffectOnlyOnDamage": "1",
    "DeflectDamageID": "Deflect_Default",
    "CanCrit": "0",
    "DmgCoef": "0.1",
    "DmgCoefHead": "0.1",
    "DmgCoefCrit": "1",
    "PowerLevel": "1",
    "BlockPowerLevel": "2",
    "CritPowerLevel": "2",
    "HitStun": "20",
    "BlockHitStun": "10",
    "CritHitStun": "20",
    "ImpactDistanceX": "0",
    "ImpactDistanceY": "1.5",
    "ImpactDistanceZ": "0",
    "ImpactDecayRate": "0.8",
    "BlockImpactDistanceX": "0",
    "BlockImpactDistanceY": "1",
    "BlockImpactDistanceZ": "0",
    "BlockImpactDecayRate": "0.8",
    "CritImpactDistanceX": "0",
    "CritImpactDistanceY": "1.5",
    "CritImpactDistanceZ": "0",
    "CritImpactDecayRate": "0.8",
    "AddDmg": "0",
    "StaggerDmgModifier": "0.05",
    "CritStaggerDmgModifier": "",
    "StaggerResistModifier": "10",
    "TargetCameraShakeID": "Medium",
    "CritTargetCameraShakeID": "Medium",
    "ImpactRating": "3",
    "BlockStaminaDmgMod": "0.1",
    "BlockAbsorptionModifier": "1",
    "StunBreakoutIncrement": "0.67"
  },
  {
    "DamageID": "Undead_Hunter_Bow_Normal",
    "WeaponCategory": "Bow",
    "IgnoreInvulnerable": "0",
    "NoReaction": "0",
    "IsRanged": "1",
    "SurfaceImpactEffect": "Bullet",
    "AttackType": "Light",
    "DamageType": "Thrust",
    "Affixes": "",
    "StatusEffect": "",
    "EffectOnlyOnDamage": "",
    "DeflectDamageID": "Deflect_Default",
    "CanCrit": "0",
    "DmgCoef": "0.4",
    "DmgCoefHead": "1",
    "DmgCoefCrit": "1",
    "PowerLevel": "0",
    "BlockPowerLevel": "0",
    "CritPowerLevel": "0",
    "HitStun": "15",
    "BlockHitStun": "10",
    "CritHitStun": "15",
    "ImpactDistanceX": "0",
    "ImpactDistanceY": "1",
    "ImpactDistanceZ": "0",
    "ImpactDecayRate": "0.8",
    "BlockImpactDistanceX": "0",
    "BlockImpactDistanceY": "0.5",
    "BlockImpactDistanceZ": "0",
    "BlockImpactDecayRate": "0.85",
    "CritImpactDistanceX": "0",
    "CritImpactDistanceY": "0.5",
    "CritImpactDistanceZ": "0",
    "CritImpactDecayRate": "0.85",
    "AddDmg": "0",
    "StaggerDmgModifier": "0.2",
    "CritStaggerDmgModifier": "",
    "StaggerResistModifier": "0",
    "TargetCameraShakeID": "Small",
    "CritTargetCameraShakeID": "Small",
    "ImpactRating": "3",
    "BlockStaminaDmgMod": "0.1",
    "BlockAbsorptionModifier": "1",
    "StunBreakoutIncrement": "0"
  },
  {
    "DamageID": "DunePhantom_Huntress_Bow_Special",
    "WeaponCategory": "Bow",
    "IgnoreInvulnerable": "0",
    "NoReaction": "0",
    "IsRanged": "1",
    "SurfaceImpactEffect": "Bullet",
    "AttackType": "Heavy",
    "DamageType": "Thrust",
    "Affixes": "",
    "StatusEffect": "",
    "EffectOnlyOnDamage": "",
    "DeflectDamageID": "Deflect_Default",
    "CanCrit": "0",
    "DmgCoef": "0.1",
    "DmgCoefHead": "0.5",
    "DmgCoefCrit": "1",
    "PowerLevel": "1",
    "BlockPowerLevel": "0",
    "CritPowerLevel": "0",
    "HitStun": "20",
    "BlockHitStun": "10",
    "CritHitStun": "20",
    "ImpactDistanceX": "0",
    "ImpactDistanceY": "0",
    "ImpactDistanceZ": "0",
    "ImpactDecayRate": "0",
    "BlockImpactDistanceX": "0",
    "BlockImpactDistanceY": "0",
    "BlockImpactDistanceZ": "0",
    "BlockImpactDecayRate": "0.8",
    "CritImpactDistanceX": "0",
    "CritImpactDistanceY": "0",
    "CritImpactDistanceZ": "0",
    "CritImpactDecayRate": "0",
    "AddDmg": "0",
    "StaggerDmgModifier": "0",
    "CritStaggerDmgModifier": "",
    "StaggerResistModifier": "10",
    "TargetCameraShakeID": "Medium",
    "CritTargetCameraShakeID": "Medium",
    "ImpactRating": "3",
    "BlockStaminaDmgMod": "0.1",
    "BlockAbsorptionModifier": "1",
    "StunBreakoutIncrement": "0"
  },
  {
    "DamageID": "Undead_Reaction_Breakout",
    "WeaponCategory": "Fall",
    "IgnoreInvulnerable": "1",
    "NoReaction": "1",
    "IsRanged": "",
    "SurfaceImpactEffect": "Bullet",
    "AttackType": "",
    "DamageType": "Falling",
    "Affixes": "",
    "StatusEffect": "",
    "EffectOnlyOnDamage": "",
    "DeflectDamageID": "",
    "CanCrit": "",
    "DmgCoef": "0",
    "DmgCoefHead": "0",
    "DmgCoefCrit": "",
    "PowerLevel": "0",
    "BlockPowerLevel": "0",
    "CritPowerLevel": "",
    "HitStun": "0",
    "BlockHitStun": "0",
    "CritHitStun": "",
    "ImpactDistanceX": "0",
    "ImpactDistanceY": "0",
    "ImpactDistanceZ": "0",
    "ImpactDecayRate": "0",
    "BlockImpactDistanceX": "0",
    "BlockImpactDistanceY": "0",
    "BlockImpactDistanceZ": "0",
    "BlockImpactDecayRate": "0.8",
    "CritImpactDistanceX": "",
    "CritImpactDistanceY": "",
    "CritImpactDistanceZ": "",
    "CritImpactDecayRate": "",
    "AddDmg": "0",
    "StaggerDmgModifier": "0",
    "CritStaggerDmgModifier": "",
    "StaggerResistModifier": "10",
    "TargetCameraShakeID": "Small",
    "CritTargetCameraShakeID": "",
    "ImpactRating": "3",
    "BlockStaminaDmgMod": "",
    "BlockAbsorptionModifier": "",
    "StunBreakoutIncrement": "1"
  },
  {
    "DamageID": "Reaction_Breakout",
    "WeaponCategory": "Fall",
    "IgnoreInvulnerable": "1",
    "NoReaction": "1",
    "IsRanged": "",
    "SurfaceImpactEffect": "Bullet",
    "AttackType": "",
    "DamageType": "Falling",
    "Affixes": "",
    "StatusEffect": "",
    "EffectOnlyOnDamage": "",
    "DeflectDamageID": "",
    "CanCrit": "",
    "DmgCoef": "0",
    "DmgCoefHead": "0",
    "DmgCoefCrit": "",
    "PowerLevel": "0",
    "BlockPowerLevel": "0",
    "CritPowerLevel": "",
    "HitStun": "0",
    "BlockHitStun": "0",
    "CritHitStun": "",
    "ImpactDistanceX": "0",
    "ImpactDistanceY": "0",
    "ImpactDistanceZ": "0",
    "ImpactDecayRate": "0",
    "BlockImpactDistanceX": "0",
    "BlockImpactDistanceY": "0",
    "BlockImpactDistanceZ": "0",
    "BlockImpactDecayRate": "0.8",
    "CritImpactDistanceX": "",
    "CritImpactDistanceY": "",
    "CritImpactDistanceZ": "",
    "CritImpactDecayRate": "",
    "AddDmg": "0",
    "StaggerDmgModifier": "0",
    "CritStaggerDmgModifier": "",
    "StaggerResistModifier": "10",
    "TargetCameraShakeID": "Small",
    "CritTargetCameraShakeID": "",
    "ImpactRating": "3",
    "BlockStaminaDmgMod": "",
    "BlockAbsorptionModifier": "",
    "StunBreakoutIncrement": "1"
  }
]