[
  {
    "DamageID": "DPT_Attack_Close_2H_Axe_04",
    "WeaponCategory": "Axe",
    "IgnoreInvulnerable": "0",
    "NoReaction": "0",
    "IsRanged": "",
    "SurfaceImpactEffect": "Bullet",
    "AttackType": "Light",
    "DamageType": "Slash",
    "Affliction": "",
    "AddAffliction": "",
    "AfflictionPercent": "",
    "Affixes": "",
    "StatusEffect": "",
    "EffectOnlyOnDamage": "",
    "DeflectDamageID": "Deflect_Default",
    "CanCrit": "0",
    "DmgCoef": "0.25",
    "DmgCoefHead": "0.25",
    "DmgCoefCrit": "0",
    "PowerLevel": "0",
    "BlockPowerLevel": "0",
    "CritPowerLevel": "0",
    "HitStun": "10",
    "BlockHitStun": "5",
    "CritHitStun": "0",
    "ImpactDistanceX": "0",
    "ImpactDistanceY": "1",
    "ImpactDistanceZ": "0",
    "ImpactDecayRate": "0.8",
    "BlockImpactDistanceX": "0",
    "BlockImpactDistanceY": "0.5",
    "BlockImpactDistanceZ": "0",
    "BlockImpactDecayRate": "0.2",
    "CritImpactDistanceX": "0",
    "CritImpactDistanceY": "0",
    "CritImpactDistanceZ": "0",
    "CritImpactDecayRate": "0",
    "AddDmg": "0",
    "StaggerDmgModifier": "1",
    "CritStaggerDmgModifier": "",
    "StaggerResistModifier": "1",
    "TargetCameraShakeID": "Small",
    "BlockTargetCameraShakeID": "Small",
    "CritTargetCameraShakeID": "Small",
    "ImpactRating": "3",
    "BlockStaminaDmgMod": "0.5",
    "BlockAbsorptionModifier": "1",
    "StunBreakoutIncrement": "1"
  },
  {
    "DamageID": "DPT_Attack_Close_2H_Axe_05",
    "WeaponCategory": "Axe",
    "IgnoreInvulnerable": "0",
    "NoReaction": "0",
    "IsRanged": "",
    "SurfaceImpactEffect": "Bullet",
    "AttackType": "Light",
    "DamageType": "Slash",
    "Affliction": "",
    "AddAffliction": "",
    "AfflictionPercent": "",
    "Affixes": "",
    "StatusEffect": "",
    "EffectOnlyOnDamage": "",
    "DeflectDamageID": "Deflect_Default",
    "CanCrit": "0",
    "DmgCoef": "0.25",
    "DmgCoefHead": "0.25",
    "DmgCoefCrit": "0",
    "PowerLevel": "0",
    "BlockPowerLevel": "0",
    "CritPowerLevel": "0",
    "HitStun": "10",
    "BlockHitStun": "5",
    "CritHitStun": "0",
    "ImpactDistanceX": "0",
    "ImpactDistanceY": "1",
    "ImpactDistanceZ": "0",
    "ImpactDecayRate": "0.8",
    "BlockImpactDistanceX": "0",
    "BlockImpactDistanceY": "0.5",
    "BlockImpactDistanceZ": "0",
    "BlockImpactDecayRate": "0.2",
    "CritImpactDistanceX": "0",
    "CritImpactDistanceY": "0",
    "CritImpactDistanceZ": "0",
    "CritImpactDecayRate": "0",
    "AddDmg": "0",
    "StaggerDmgModifier": "1",
    "CritStaggerDmgModifier": "",
    "StaggerResistModifier": "1",
    "TargetCameraShakeID": "Small",
    "BlockTargetCameraShakeID": "Small",
    "CritTargetCameraShakeID": "Small",
    "ImpactRating": "3",
    "BlockStaminaDmgMod": "0.5",
    "BlockAbsorptionModifier": "1",
    "StunBreakoutIncrement": "1"
  },
  {
    "DamageID": "DPT_Attack_Mid_2H_Axe_01",
    "WeaponCategory": "Axe",
    "IgnoreInvulnerable": "0",
    "NoReaction": "0",
    "IsRanged": "",
    "SurfaceImpactEffect": "Bullet",
    "AttackType": "Heavy",
    "DamageType": "Strike",
    "Affliction": "",
    "AddAffliction": "",
    "AfflictionPercent": "",
    "Affixes": "",
    "StatusEffect": "",
    "EffectOnlyOnDamage": "",
    "DeflectDamageID": "Deflect_Default",
    "CanCrit": "0",
    "DmgCoef": "0.5",
    "DmgCoefHead": "0.5",
    "DmgCoefCrit": "0",
    "PowerLevel": "3",
    "BlockPowerLevel": "1",
    "CritPowerLevel": "0",
    "HitStun": "20",
    "BlockHitStun": "10",
    "CritHitStun": "0",
    "ImpactDistanceX": "0",
    "ImpactDistanceY": "1.25",
    "ImpactDistanceZ": "0",
    "ImpactDecayRate": "0.8",
    "BlockImpactDistanceX": "0",
    "BlockImpactDistanceY": "0.75",
    "BlockImpactDistanceZ": "0",
    "BlockImpactDecayRate": "0.3",
    "CritImpactDistanceX": "0",
    "CritImpactDistanceY": "0",
    "CritImpactDistanceZ": "0",
    "CritImpactDecayRate": "0",
    "AddDmg": "0",
    "StaggerDmgModifier": "1",
    "CritStaggerDmgModifier": "",
    "StaggerResistModifier": "1",
    "TargetCameraShakeID": "Small",
    "BlockTargetCameraShakeID": "Small",
    "CritTargetCameraShakeID": "Small",
    "ImpactRating": "4",
    "BlockStaminaDmgMod": "1.5",
    "BlockAbsorptionModifier": "1",
    "StunBreakoutIncrement": "1"
  },
  {
    "DamageID": "DPT_Attack_SandJuggernaut_RunAtk",
    "WeaponCategory": "Axe",
    "IgnoreInvulnerable": "0",
    "NoReaction": "0",
    "IsRanged": "",
    "SurfaceImpactEffect": "Bullet",
    "AttackType": "Heavy",
    "DamageType": "Thrust",
    "Affliction": "",
    "AddAffliction": "",
    "AfflictionPercent": "",
    "Affixes": "",
    "StatusEffect": "",
    "EffectOnlyOnDamage": "",
    "DeflectDamageID": "Deflect_Default",
    "CanCrit": "0",
    "DmgCoef": "0.3",
    "DmgCoefHead": "0.3",
    "DmgCoefCrit": "0",
    "PowerLevel": "3",
    "BlockPowerLevel": "2",
    "CritPowerLevel": "0",
    "HitStun": "15",
    "BlockHitStun": "10",
    "CritHitStun": "0",
    "ImpactDistanceX": "0",
    "ImpactDistanceY": "2",
    "ImpactDistanceZ": "0",
    "ImpactDecayRate": "0.8",
    "BlockImpactDistanceX": "0",
    "BlockImpactDistanceY": "1.5",
    "BlockImpactDistanceZ": "0",
    "BlockImpactDecayRate": "0.2",
    "CritImpactDistanceX": "0",
    "CritImpactDistanceY": "0",
    "CritImpactDistanceZ": "0",
    "CritImpactDecayRate": "0",
    "AddDmg": "0",
    "StaggerDmgModifier": "0.4",
    "CritStaggerDmgModifier": "",
    "StaggerResistModifier": "5",
    "TargetCameraShakeID": "Small",
    "BlockTargetCameraShakeID": "Large",
    "CritTargetCameraShakeID": "Large",
    "ImpactRating": "4",
    "BlockStaminaDmgMod": "0.2",
    "BlockAbsorptionModifier": "1",
    "StunBreakoutIncrement": "1"
  },
  {
    "DamageID": "DPT_Attack_SandJuggernaut_AxeButt",
    "WeaponCategory": "Axe",
    "IgnoreInvulnerable": "0",
    "NoReaction": "0",
    "IsRanged": "",
    "SurfaceImpactEffect": "Bullet",
    "AttackType": "Heavy",
    "DamageType": "Thrust",
    "Affliction": "",
    "AddAffliction": "",
    "AfflictionPercent": "",
    "Affixes": "",
    "StatusEffect": "",
    "EffectOnlyOnDamage": "",
    "DeflectDamageID": "Deflect_Default",
    "CanCrit": "0",
    "DmgCoef": "0.35",
    "DmgCoefHead": "0.35",
    "DmgCoefCrit": "0",
    "PowerLevel": "3",
    "BlockPowerLevel": "2",
    "CritPowerLevel": "0",
    "HitStun": "20",
    "BlockHitStun": "10",
    "CritHitStun": "0",
    "ImpactDistanceX": "0",
    "ImpactDistanceY": "2.5",
    "ImpactDistanceZ": "0",
    "ImpactDecayRate": "0.8",
    "BlockImpactDistanceX": "0",
    "BlockImpactDistanceY": "2",
    "BlockImpactDistanceZ": "0",
    "BlockImpactDecayRate": "0.4",
    "CritImpactDistanceX": "0",
    "CritImpactDistanceY": "0",
    "CritImpactDistanceZ": "0",
    "CritImpactDecayRate": "0",
    "AddDmg": "0",
    "StaggerDmgModifier": "0.6",
    "CritStaggerDmgModifier": "",
    "StaggerResistModifier": "5",
    "TargetCameraShakeID": "Small",
    "BlockTargetCameraShakeID": "Large",
    "CritTargetCameraShakeID": "Large",
    "ImpactRating": "4",
    "BlockStaminaDmgMod": "0.4",
    "BlockAbsorptionModifier": "1",
    "StunBreakoutIncrement": "1"
  },
  {
    "DamageID": "DPT_Attack_SandDevil_Atk1",
    "WeaponCategory": "Axe",
    "IgnoreInvulnerable": "0",
    "NoReaction": "0",
    "IsRanged": "",
    "SurfaceImpactEffect": "Bullet",
    "AttackType": "Heavy",
    "DamageType": "Slash",
    "Affliction": "",
    "AddAffliction": "",
    "AfflictionPercent": "",
    "Affixes": "",
    "StatusEffect": "",
    "EffectOnlyOnDamage": "",
    "DeflectDamageID": "Deflect_Default",
    "CanCrit": "0",
    "DmgCoef": "0.3",
    "DmgCoefHead": "0.3",
    "DmgCoefCrit": "0",
    "PowerLevel": "2",
    "BlockPowerLevel": "1",
    "CritPowerLevel": "0",
    "HitStun": "10",
    "BlockHitStun": "5",
    "CritHitStun": "0",
    "ImpactDistanceX": "0",
    "ImpactDistanceY": "0.15",
    "ImpactDistanceZ": "0",
    "ImpactDecayRate": "0.8",
    "BlockImpactDistanceX": "0",
    "BlockImpactDistanceY": "0.15",
    "BlockImpactDistanceZ": "0",
    "BlockImpactDecayRate": "0.3",
    "CritImpactDistanceX": "0",
    "CritImpactDistanceY": "0",
    "CritImpactDistanceZ": "0",
    "CritImpactDecayRate": "0",
    "AddDmg": "0",
    "StaggerDmgModifier": "0.65",
    "CritStaggerDmgModifier": "",
    "StaggerResistModifier": "10",
    "TargetCameraShakeID": "Small",
    "BlockTargetCameraShakeID": "Medium",
    "CritTargetCameraShakeID": "Medium",
    "ImpactRating": "3",
    "BlockStaminaDmgMod": "0.2",
    "BlockAbsorptionModifier": "1",
    "StunBreakoutIncrement": "0.5"
  },
  {
    "DamageID": "DPT_Attack_SandDevil_Atk2",
    "WeaponCategory": "Axe",
    "IgnoreInvulnerable": "0",
    "NoReaction": "0",
    "IsRanged": "",
    "SurfaceImpactEffect": "Bullet",
    "AttackType": "Heavy",
    "DamageType": "Slash",
    "Affliction": "",
    "AddAffliction": "",
    "AfflictionPercent": "",
    "Affixes": "",
    "StatusEffect": "",
    "EffectOnlyOnDamage": "",
    "DeflectDamageID": "Deflect_Default",
    "CanCrit": "0",
    "DmgCoef": "0.35",
    "DmgCoefHead": "0.35",
    "DmgCoefCrit": "0",
    "PowerLevel": "2",
    "BlockPowerLevel": "1",
    "CritPowerLevel": "0",
    "HitStun": "10",
    "BlockHitStun": "5",
    "CritHitStun": "0",
    "ImpactDistanceX": "0",
    "ImpactDistanceY": "0.15",
    "ImpactDistanceZ": "0",
    "ImpactDecayRate": "0.8",
    "BlockImpactDistanceX": "0",
    "BlockImpactDistanceY": "0.15",
    "BlockImpactDistanceZ": "0",
    "BlockImpactDecayRate": "0.3",
    "CritImpactDistanceX": "0",
    "CritImpactDistanceY": "0",
    "CritImpactDistanceZ": "0",
    "CritImpactDecayRate": "0",
    "AddDmg": "0",
    "StaggerDmgModifier": "0.7",
    "CritStaggerDmgModifier": "",
    "StaggerResistModifier": "10",
    "TargetCameraShakeID": "Small",
    "BlockTargetCameraShakeID": "Medium",
    "CritTargetCameraShakeID": "Medium",
    "ImpactRating": "3",
    "BlockStaminaDmgMod": "0.4",
    "BlockAbsorptionModifier": "1",
    "StunBreakoutIncrement": "0.5"
  },
  {
    "DamageID": "DPT_Attack_SandDevil_Atk3",
    "WeaponCategory": "Axe",
    "IgnoreInvulnerable": "0",
    "NoReaction": "0",
    "IsRanged": "",
    "SurfaceImpactEffect": "Bullet",
    "AttackType": "Heavy",
    "DamageType": "Slash",
    "Affliction": "",
    "AddAffliction": "",
    "AfflictionPercent": "",
    "Affixes": "",
    "StatusEffect": "",
    "EffectOnlyOnDamage": "",
    "DeflectDamageID": "Deflect_Default",
    "CanCrit": "0",
    "DmgCoef": "0.35",
    "DmgCoefHead": "0.35",
    "DmgCoefCrit": "0",
    "PowerLevel": "2",
    "BlockPowerLevel": "2",
    "CritPowerLevel": "0",
    "HitStun": "10",
    "BlockHitStun": "5",
    "CritHitStun": "0",
    "ImpactDistanceX": "0",
    "ImpactDistanceY": "1",
    "ImpactDistanceZ": "0",
    "ImpactDecayRate": "0.8",
    "BlockImpactDistanceX": "0",
    "BlockImpactDistanceY": "0.8",
    "BlockImpactDistanceZ": "0",
    "BlockImpactDecayRate": "0.3",
    "CritImpactDistanceX": "0",
    "CritImpactDistanceY": "0",
    "CritImpactDistanceZ": "0",
    "CritImpactDecayRate": "0",
    "AddDmg": "0",
    "StaggerDmgModifier": "0.75",
    "CritStaggerDmgModifier": "",
    "StaggerResistModifier": "10",
    "TargetCameraShakeID": "Small",
    "BlockTargetCameraShakeID": "Large",
    "CritTargetCameraShakeID": "Large",
    "ImpactRating": "3",
    "BlockStaminaDmgMod": "0.6",
    "BlockAbsorptionModifier": "1",
    "StunBreakoutIncrement": "0.5"
  },
  {
    "DamageID": "DPT_Attack_SandDevil_AOE_React1",
    "WeaponCategory": "Axe",
    "IgnoreInvulnerable": "0",
    "NoReaction": "0",
    "IsRanged": "1",
    "SurfaceImpactEffect": "Bullet",
    "AttackType": "Light",
    "DamageType": "Nature",
    "Affliction": "",
    "AddAffliction": "",
    "AfflictionPercent": "",
    "Affixes": "",
    "StatusEffect": "AI_DPTank_SandDevil_Rend_Cyclone",
    "EffectOnlyOnDamage": "1",
    "DeflectDamageID": "Deflect_Default",
    "CanCrit": "0",
    "DmgCoef": "0.05",
    "DmgCoefHead": "0",
    "DmgCoefCrit": "0",
    "PowerLevel": "1",
    "BlockPowerLevel": "1",
    "CritPowerLevel": "0",
    "HitStun": "5",
    "BlockHitStun": "5",
    "CritHitStun": "0",
    "ImpactDistanceX": "0",
    "ImpactDistanceY": "0.4",
    "ImpactDistanceZ": "0",
    "ImpactDecayRate": "0.8",
    "BlockImpactDistanceX": "0",
    "BlockImpactDistanceY": "0.25",
    "BlockImpactDistanceZ": "0",
    "BlockImpactDecayRate": "0",
    "CritImpactDistanceX": "0",
    "CritImpactDistanceY": "0",
    "CritImpactDistanceZ": "0",
    "CritImpactDecayRate": "0",
    "AddDmg": "0",
    "StaggerDmgModifier": "0",
    "CritStaggerDmgModifier": "",
    "StaggerResistModifier": "1",
    "TargetCameraShakeID": "Small",
    "BlockTargetCameraShakeID": "Small",
    "CritTargetCameraShakeID": "Small",
    "ImpactRating": "3",
    "BlockStaminaDmgMod": "0.05",
    "BlockAbsorptionModifier": "1",
    "StunBreakoutIncrement": "0"
  },
  {
    "DamageID": "DPT_Attack_SandDevil_AOE_React2",
    "WeaponCategory": "Axe",
    "IgnoreInvulnerable": "0",
    "NoReaction": "0",
    "IsRanged": "1",
    "SurfaceImpactEffect": "Bullet",
    "AttackType": "Light",
    "DamageType": "Slash",
    "Affliction": "",
    "AddAffliction": "",
    "AfflictionPercent": "",
    "Affixes": "",
    "StatusEffect": "AI_DPTank_SandDevil_Bleed_Axe",
    "EffectOnlyOnDamage": "1",
    "DeflectDamageID": "Deflect_Default",
    "CanCrit": "0",
    "DmgCoef": "0.05",
    "DmgCoefHead": "0",
    "DmgCoefCrit": "0",
    "PowerLevel": "2",
    "BlockPowerLevel": "1",
    "CritPowerLevel": "0",
    "HitStun": "5",
    "BlockHitStun": "5",
    "CritHitStun": "0",
    "ImpactDistanceX": "0",
    "ImpactDistanceY": "0.6",
    "ImpactDistanceZ": "0",
    "ImpactDecayRate": "0.8",
    "BlockImpactDistanceX": "0",
    "BlockImpactDistanceY": "0.5",
    "BlockImpactDistanceZ": "0",
    "BlockImpactDecayRate": "0",
    "CritImpactDistanceX": "0",
    "CritImpactDistanceY": "0",
    "CritImpactDistanceZ": "0",
    "CritImpactDecayRate": "0",
    "AddDmg": "0",
    "StaggerDmgModifier": "0",
    "CritStaggerDmgModifier": "",
    "StaggerResistModifier": "1",
    "TargetCameraShakeID": "Small",
    "BlockTargetCameraShakeID": "Small",
    "CritTargetCameraShakeID": "Small",
    "ImpactRating": "3",
    "BlockStaminaDmgMod": "0.05",
    "BlockAbsorptionModifier": "1",
    "StunBreakoutIncrement": "0"
  },
  {
    "DamageID": "DPT_Attack_WorldSplitter_Atk1",
    "WeaponCategory": "Axe",
    "IgnoreInvulnerable": "0",
    "NoReaction": "0",
    "IsRanged": "",
    "SurfaceImpactEffect": "Bullet",
    "AttackType": "Heavy",
    "DamageType": "Slash",
    "Affliction": "",
    "AddAffliction": "",
    "AfflictionPercent": "",
    "Affixes": "",
    "StatusEffect": "AI_DPTank_WorldSplitter_Bleed_Axe",
    "EffectOnlyOnDamage": "1",
    "DeflectDamageID": "Deflect_Default",
    "CanCrit": "0",
    "DmgCoef": "1",
    "DmgCoefHead": "1",
    "DmgCoefCrit": "0",
    "PowerLevel": "3",
    "BlockPowerLevel": "2",
    "CritPowerLevel": "0",
    "HitStun": "20",
    "BlockHitStun": "15",
    "CritHitStun": "0",
    "ImpactDistanceX": "0",
    "ImpactDistanceY": "2",
    "ImpactDistanceZ": "0",
    "ImpactDecayRate": "0.8",
    "BlockImpactDistanceX": "0",
    "BlockImpactDistanceY": "1.55",
    "BlockImpactDistanceZ": "0",
    "BlockImpactDecayRate": "0.3",
    "CritImpactDistanceX": "0",
    "CritImpactDistanceY": "0",
    "CritImpactDistanceZ": "0",
    "CritImpactDecayRate": "0",
    "AddDmg": "0",
    "StaggerDmgModifier": "2",
    "CritStaggerDmgModifier": "",
    "StaggerResistModifier": "1",
    "TargetCameraShakeID": "Small",
    "BlockTargetCameraShakeID": "Large",
    "CritTargetCameraShakeID": "Large",
    "ImpactRating": "4",
    "BlockStaminaDmgMod": "1",
    "BlockAbsorptionModifier": "1",
    "StunBreakoutIncrement": "2"
  },
  {
    "DamageID": "DPT_Attack_WorldSplitter_01",
    "WeaponCategory": "Axe",
    "IgnoreInvulnerable": "0",
    "NoReaction": "0",
    "IsRanged": "",
    "SurfaceImpactEffect": "Bullet",
    "AttackType": "Heavy",
    "DamageType": "Nature",
    "Affliction": "",
    "AddAffliction": "",
    "AfflictionPercent": "",
    "Affixes": "",
    "StatusEffect": "",
    "EffectOnlyOnDamage": "",
    "DeflectDamageID": "Deflect_Default",
    "CanCrit": "0",
    "DmgCoef": "0.15",
    "DmgCoefHead": "0.2",
    "DmgCoefCrit": "0",
    "PowerLevel": "3",
    "BlockPowerLevel": "2",
    "CritPowerLevel": "0",
    "HitStun": "5",
    "BlockHitStun": "5",
    "CritHitStun": "0",
    "ImpactDistanceX": "0",
    "ImpactDistanceY": "0.1",
    "ImpactDistanceZ": "0",
    "ImpactDecayRate": "0.8",
    "BlockImpactDistanceX": "0",
    "BlockImpactDistanceY": "0.1",
    "BlockImpactDistanceZ": "0",
    "BlockImpactDecayRate": "0.05",
    "CritImpactDistanceX": "0",
    "CritImpactDistanceY": "0",
    "CritImpactDistanceZ": "0",
    "CritImpactDecayRate": "0",
    "AddDmg": "0",
    "StaggerDmgModifier": "0.2",
    "CritStaggerDmgModifier": "",
    "StaggerResistModifier": "0",
    "TargetCameraShakeID": "Small",
    "BlockTargetCameraShakeID": "Small",
    "CritTargetCameraShakeID": "Small",
    "ImpactRating": "3",
    "BlockStaminaDmgMod": "0.2",
    "BlockAbsorptionModifier": "1",
    "StunBreakoutIncrement": "1"
  },
  {
    "DamageID": "DPT_Attack_WorldSplitter_02",
    "WeaponCategory": "Axe",
    "IgnoreInvulnerable": "0",
    "NoReaction": "0",
    "IsRanged": "",
    "SurfaceImpactEffect": "Bullet",
    "AttackType": "Heavy",
    "DamageType": "Nature",
    "Affliction": "",
    "AddAffliction": "",
    "AfflictionPercent": "",
    "Affixes": "",
    "StatusEffect": "",
    "EffectOnlyOnDamage": "",
    "DeflectDamageID": "Deflect_Default",
    "CanCrit": "0",
    "DmgCoef": "0.25",
    "DmgCoefHead": "0.4",
    "DmgCoefCrit": "0",
    "PowerLevel": "3",
    "BlockPowerLevel": "3",
    "CritPowerLevel": "0",
    "HitStun": "5",
    "BlockHitStun": "5",
    "CritHitStun": "0",
    "ImpactDistanceX": "0",
    "ImpactDistanceY": "0.1",
    "ImpactDistanceZ": "0",
    "ImpactDecayRate": "0.8",
    "BlockImpactDistanceX": "0",
    "BlockImpactDistanceY": "0.1",
    "BlockImpactDistanceZ": "0",
    "BlockImpactDecayRate": "0.1",
    "CritImpactDistanceX": "0",
    "CritImpactDistanceY": "0",
    "CritImpactDistanceZ": "0",
    "CritImpactDecayRate": "0",
    "AddDmg": "0",
    "StaggerDmgModifier": "0.2",
    "CritStaggerDmgModifier": "",
    "StaggerResistModifier": "0",
    "TargetCameraShakeID": "Small",
    "BlockTargetCameraShakeID": "Small",
    "CritTargetCameraShakeID": "Small",
    "ImpactRating": "3",
    "BlockStaminaDmgMod": "0.4",
    "BlockAbsorptionModifier": "1",
    "StunBreakoutIncrement": "1"
  },
  {
    "DamageID": "DPT_Attack_WorldSplitter_03",
    "WeaponCategory": "Axe",
    "IgnoreInvulnerable": "0",
    "NoReaction": "0",
    "IsRanged": "",
    "SurfaceImpactEffect": "Bullet",
    "AttackType": "Heavy",
    "DamageType": "Nature",
    "Affliction": "",
    "AddAffliction": "",
    "AfflictionPercent": "",
    "Affixes": "",
    "StatusEffect": "",
    "EffectOnlyOnDamage": "",
    "DeflectDamageID": "Deflect_Default",
    "CanCrit": "0",
    "DmgCoef": "0.35",
    "DmgCoefHead": "0.6",
    "DmgCoefCrit": "0",
    "PowerLevel": "4",
    "BlockPowerLevel": "3",
    "CritPowerLevel": "0",
    "HitStun": "10",
    "BlockHitStun": "5",
    "CritHitStun": "0",
    "ImpactDistanceX": "0",
    "ImpactDistanceY": "0.1",
    "ImpactDistanceZ": "0",
    "ImpactDecayRate": "0.8",
    "BlockImpactDistanceX": "0",
    "BlockImpactDistanceY": "0.1",
    "BlockImpactDistanceZ": "0",
    "BlockImpactDecayRate": "0.15",
    "CritImpactDistanceX": "0.6",
    "CritImpactDistanceY": "0",
    "CritImpactDistanceZ": "0",
    "CritImpactDecayRate": "0",
    "AddDmg": "0",
    "StaggerDmgModifier": "0.2",
    "CritStaggerDmgModifier": "",
    "StaggerResistModifier": "0",
    "TargetCameraShakeID": "Medium",
    "BlockTargetCameraShakeID": "Medium",
    "CritTargetCameraShakeID": "Medium",
    "ImpactRating": "3",
    "BlockStaminaDmgMod": "0.6",
    "BlockAbsorptionModifier": "1",
    "StunBreakoutIncrement": "1"
  },
  {
    "DamageID": "DPT_Attack_WorldSplitter_04",
    "WeaponCategory": "Axe",
    "IgnoreInvulnerable": "0",
    "NoReaction": "0",
    "IsRanged": "",
    "SurfaceImpactEffect": "Bullet",
    "AttackType": "Heavy",
    "DamageType": "Nature",
    "Affliction": "",
    "AddAffliction": "",
    "AfflictionPercent": "",
    "Affixes": "",
    "StatusEffect": "",
    "EffectOnlyOnDamage": "",
    "DeflectDamageID": "Deflect_Default",
    "CanCrit": "0",
    "DmgCoef": "0.45",
    "DmgCoefHead": "0.8",
    "DmgCoefCrit": "0",
    "PowerLevel": "4",
    "BlockPowerLevel": "3",
    "CritPowerLevel": "0",
    "HitStun": "10",
    "BlockHitStun": "5",
    "CritHitStun": "0",
    "ImpactDistanceX": "0",
    "ImpactDistanceY": "0.1",
    "ImpactDistanceZ": "0",
    "ImpactDecayRate": "0.8",
    "BlockImpactDistanceX": "0",
    "BlockImpactDistanceY": "0.1",
    "BlockImpactDistanceZ": "0",
    "BlockImpactDecayRate": "0.2",
    "CritImpactDistanceX": "0",
    "CritImpactDistanceY": "0",
    "CritImpactDistanceZ": "0",
    "CritImpactDecayRate": "0",
    "AddDmg": "0",
    "StaggerDmgModifier": "0.2",
    "CritStaggerDmgModifier": "",
    "StaggerResistModifier": "0",
    "TargetCameraShakeID": "Medium",
    "BlockTargetCameraShakeID": "Medium",
    "CritTargetCameraShakeID": "Medium",
    "ImpactRating": "4",
    "BlockStaminaDmgMod": "0.8",
    "BlockAbsorptionModifier": "1",
    "StunBreakoutIncrement": "1"
  },
  {
    "DamageID": "DPT_Attack_WorldSplitter_05",
    "WeaponCategory": "Axe",
    "IgnoreInvulnerable": "0",
    "NoReaction": "0",
    "IsRanged": "",
    "SurfaceImpactEffect": "Bullet",
    "AttackType": "Heavy",
    "DamageType": "Nature",
    "Affliction": "",
    "AddAffliction": "",
    "AfflictionPercent": "",
    "Affixes": "",
    "StatusEffect": "",
    "EffectOnlyOnDamage": "",
    "DeflectDamageID": "Deflect_Default",
    "CanCrit": "0",
    "DmgCoef": "1",
    "DmgCoefHead": "1",
    "DmgCoefCrit": "0",
    "PowerLevel": "4",
    "BlockPowerLevel": "3",
    "CritPowerLevel": "0",
    "HitStun": "15",
    "BlockHitStun": "10",
    "CritHitStun": "0",
    "ImpactDistanceX": "0",
    "ImpactDistanceY": "0.1",
    "ImpactDistanceZ": "0",
    "ImpactDecayRate": "0.8",
    "BlockImpactDistanceX": "0",
    "BlockImpactDistanceY": "0.1",
    "BlockImpactDistanceZ": "0",
    "BlockImpactDecayRate": "0.25",
    "CritImpactDistanceX": "0",
    "CritImpactDistanceY": "0",
    "CritImpactDistanceZ": "0",
    "CritImpactDecayRate": "0",
    "AddDmg": "0",
    "StaggerDmgModifier": "1",
    "CritStaggerDmgModifier": "",
    "StaggerResistModifier": "0",
    "TargetCameraShakeID": "Large",
    "BlockTargetCameraShakeID": "Large",
    "CritTargetCameraShakeID": "Large",
    "ImpactRating": "5",
    "BlockStaminaDmgMod": "1",
    "BlockAbsorptionModifier": "1",
    "StunBreakoutIncrement": "1"
  },
  {
    "DamageID": "DPT_Grit_StaggerResist_High",
    "WeaponCategory": "",
    "IgnoreInvulnerable": "",
    "NoReaction": "",
    "IsRanged": "",
    "SurfaceImpactEffect": "",
    "AttackType": "",
    "DamageType": "",
    "Affliction": "",
    "AddAffliction": "",
    "AfflictionPercent": "",
    "Affixes": "",
    "StatusEffect": "",
    "EffectOnlyOnDamage": "",
    "DeflectDamageID": "",
    "CanCrit": "",
    "DmgCoef": "0",
    "DmgCoefHead": "0",
    "DmgCoefCrit": "0",
    "PowerLevel": "0",
    "BlockPowerLevel": "0",
    "CritPowerLevel": "0",
    "HitStun": "0",
    "BlockHitStun": "0",
    "CritHitStun": "0",
    "ImpactDistanceX": "0",
    "ImpactDistanceY": "0",
    "ImpactDistanceZ": "0",
    "ImpactDecayRate": "0",
    "BlockImpactDistanceX": "0",
    "BlockImpactDistanceY": "0",
    "BlockImpactDistanceZ": "0",
    "BlockImpactDecayRate": "0",
    "CritImpactDistanceX": "0",
    "CritImpactDistanceY": "0",
    "CritImpactDistanceZ": "0",
    "CritImpactDecayRate": "0",
    "AddDmg": "0",
    "StaggerDmgModifier": "0",
    "CritStaggerDmgModifier": "",
    "StaggerResistModifier": "10",
    "TargetCameraShakeID": "Small",
    "BlockTargetCameraShakeID": "Small",
    "CritTargetCameraShakeID": "Small",
    "ImpactRating": "0",
    "BlockStaminaDmgMod": "0",
    "BlockAbsorptionModifier": "0",
    "StunBreakoutIncrement": "0"
  },
  {
    "DamageID": "Fall",
    "WeaponCategory": "Fall",
    "IgnoreInvulnerable": "1",
    "NoReaction": "1",
    "IsRanged": "",
    "SurfaceImpactEffect": "Bullet",
    "AttackType": "",
    "DamageType": "Falling",
    "Affliction": "",
    "AddAffliction": "",
    "AfflictionPercent": "",
    "Affixes": "",
    "StatusEffect": "",
    "EffectOnlyOnDamage": "",
    "DeflectDamageID": "",
    "CanCrit": "0",
    "DmgCoef": "0",
    "DmgCoefHead": "0",
    "DmgCoefCrit": "0",
    "PowerLevel": "0",
    "BlockPowerLevel": "0",
    "CritPowerLevel": "0",
    "HitStun": "0",
    "BlockHitStun": "0",
    "CritHitStun": "0",
    "ImpactDistanceX": "0",
    "ImpactDistanceY": "0",
    "ImpactDistanceZ": "0",
    "ImpactDecayRate": "0",
    "BlockImpactDistanceX": "0",
    "BlockImpactDistanceY": "0",
    "BlockImpactDistanceZ": "0",
    "BlockImpactDecayRate": "0",
    "CritImpactDistanceX": "0",
    "CritImpactDistanceY": "0",
    "CritImpactDistanceZ": "0",
    "CritImpactDecayRate": "0",
    "AddDmg": "0",
    "StaggerDmgModifier": "0",
    "CritStaggerDmgModifier": "",
    "StaggerResistModifier": "10",
    "TargetCameraShakeID": "Small",
    "BlockTargetCameraShakeID": "Small",
    "CritTargetCameraShakeID": "Small",
    "ImpactRating": "3",
    "BlockStaminaDmgMod": "0",
    "BlockAbsorptionModifier": "0",
    "StunBreakoutIncrement": "1"
  },
  {
    "DamageID": "DPT_Reaction_Breakout_Attack",
    "WeaponCategory": "Fall",
    "IgnoreInvulnerable": "0",
    "NoReaction": "0",
    "IsRanged": "",
    "SurfaceImpactEffect": "Bullet",
    "AttackType": "Heavy",
    "DamageType": "Slash",
    "Affliction": "",
    "AddAffliction": "",
    "AfflictionPercent": "",
    "Affixes": "",
    "StatusEffect": "",
    "EffectOnlyOnDamage": "",
    "DeflectDamageID": "Deflect_Default",
    "CanCrit": "0",
    "DmgCoef": "0.3",
    "DmgCoefHead": "0.3",
    "DmgCoefCrit": "0",
    "PowerLevel": "3",
    "BlockPowerLevel": "3",
    "CritPowerLevel": "0",
    "HitStun": "45",
    "BlockHitStun": "45",
    "CritHitStun": "0",
    "ImpactDistanceX": "0",
    "ImpactDistanceY": "2",
    "ImpactDistanceZ": "0",
    "ImpactDecayRate": "0.4",
    "BlockImpactDistanceX": "0",
    "BlockImpactDistanceY": "2",
    "BlockImpactDistanceZ": "0",
    "BlockImpactDecayRate": "0.2",
    "CritImpactDistanceX": "0",
    "CritImpactDistanceY": "0",
    "CritImpactDistanceZ": "0",
    "CritImpactDecayRate": "0",
    "AddDmg": "0",
    "StaggerDmgModifier": "0",
    "CritStaggerDmgModifier": "",
    "StaggerResistModifier": "1",
    "TargetCameraShakeID": "Small",
    "BlockTargetCameraShakeID": "Small",
    "CritTargetCameraShakeID": "Small",
    "ImpactRating": "3",
    "BlockStaminaDmgMod": "0",
    "BlockAbsorptionModifier": "1",
    "StunBreakoutIncrement": "0"
  },
  {
    "DamageID": "DPT_Reaction_Breakout_Attack_DirtDevil_Atk1",
    "WeaponCategory": "Axe",
    "IgnoreInvulnerable": "0",
    "NoReaction": "0",
    "IsRanged": "",
    "SurfaceImpactEffect": "Bullet",
    "AttackType": "Heavy",
    "DamageType": "Slash",
    "Affliction": "",
    "AddAffliction": "",
    "AfflictionPercent": "",
    "Affixes": "",
    "StatusEffect": "",
    "EffectOnlyOnDamage": "",
    "DeflectDamageID": "Deflect_Default",
    "CanCrit": "0",
    "DmgCoef": "0.2",
    "DmgCoefHead": "0.2",
    "DmgCoefCrit": "0",
    "PowerLevel": "3",
    "BlockPowerLevel": "3",
    "CritPowerLevel": "0",
    "HitStun": "15",
    "BlockHitStun": "15",
    "CritHitStun": "0",
    "ImpactDistanceX": "0",
    "ImpactDistanceY": "0.05",
    "ImpactDistanceZ": "0",
    "ImpactDecayRate": "0.35",
    "BlockImpactDistanceX": "0",
    "BlockImpactDistanceY": "0.05",
    "BlockImpactDistanceZ": "0",
    "BlockImpactDecayRate": "0.35",
    "CritImpactDistanceX": "0",
    "CritImpactDistanceY": "0",
    "CritImpactDistanceZ": "0",
    "CritImpactDecayRate": "0",
    "AddDmg": "0",
    "StaggerDmgModifier": "0",
    "CritStaggerDmgModifier": "",
    "StaggerResistModifier": "10",
    "TargetCameraShakeID": "Small",
    "BlockTargetCameraShakeID": "Large",
    "CritTargetCameraShakeID": "Large",
    "ImpactRating": "4",
    "BlockStaminaDmgMod": "0",
    "BlockAbsorptionModifier": "1",
    "StunBreakoutIncrement": "0"
  },
  {
    "DamageID": "DPT_Reaction_Breakout_Attack_DirtDevil_Atk2",
    "WeaponCategory": "Axe",
    "IgnoreInvulnerable": "0",
    "NoReaction": "0",
    "IsRanged": "",
    "SurfaceImpactEffect": "Bullet",
    "AttackType": "Heavy",
    "DamageType": "Slash",
    "Affliction": "",
    "AddAffliction": "",
    "AfflictionPercent": "",
    "Affixes": "",
    "StatusEffect": "",
    "EffectOnlyOnDamage": "",
    "DeflectDamageID": "Deflect_Default",
    "CanCrit": "0",
    "DmgCoef": "0.2",
    "DmgCoefHead": "0.2",
    "DmgCoefCrit": "0",
    "PowerLevel": "3",
    "BlockPowerLevel": "3",
    "CritPowerLevel": "0",
    "HitStun": "15",
    "BlockHitStun": "15",
    "CritHitStun": "0",
    "ImpactDistanceX": "0",
    "ImpactDistanceY": "0.1",
    "ImpactDistanceZ": "0",
    "ImpactDecayRate": "0.3",
    "BlockImpactDistanceX": "0",
    "BlockImpactDistanceY": "0.1",
    "BlockImpactDistanceZ": "0",
    "BlockImpactDecayRate": "0.3",
    "CritImpactDistanceX": "0",
    "CritImpactDistanceY": "0",
    "CritImpactDistanceZ": "0",
    "CritImpactDecayRate": "0",
    "AddDmg": "0",
    "StaggerDmgModifier": "0",
    "CritStaggerDmgModifier": "",
    "StaggerResistModifier": "10",
    "TargetCameraShakeID": "Small",
    "BlockTargetCameraShakeID": "Large",
    "CritTargetCameraShakeID": "Large",
    "ImpactRating": "4",
    "BlockStaminaDmgMod": "0",
    "BlockAbsorptionModifier": "1",
    "StunBreakoutIncrement": "0"
  },
  {
    "DamageID": "DPT_Reaction_Breakout_Attack_DirtDevil_Atk3",
    "WeaponCategory": "Axe",
    "IgnoreInvulnerable": "0",
    "NoReaction": "0",
    "IsRanged": "",
    "SurfaceImpactEffect": "Bullet",
    "AttackType": "Heavy",
    "DamageType": "Slash",
    "Affliction": "",
    "AddAffliction": "",
    "AfflictionPercent": "",
    "Affixes": "",
    "StatusEffect": "",
    "EffectOnlyOnDamage": "",
    "DeflectDamageID": "Deflect_Default",
    "CanCrit": "0",
    "DmgCoef": "0.2",
    "DmgCoefHead": "0.2",
    "DmgCoefCrit": "0",
    "PowerLevel": "4",
    "BlockPowerLevel": "4",
    "CritPowerLevel": "0",
    "HitStun": "15",
    "BlockHitStun": "15",
    "CritHitStun": "0",
    "ImpactDistanceX": "0",
    "ImpactDistanceY": "2",
    "ImpactDistanceZ": "0",
    "ImpactDecayRate": "0.35",
    "BlockImpactDistanceX": "0",
    "BlockImpactDistanceY": "2",
    "BlockImpactDistanceZ": "0",
    "BlockImpactDecayRate": "0.35",
    "CritImpactDistanceX": "0",
    "CritImpactDistanceY": "0",
    "CritImpactDistanceZ": "0",
    "CritImpactDecayRate": "0",
    "AddDmg": "0",
    "StaggerDmgModifier": "0",
    "CritStaggerDmgModifier": "",
    "StaggerResistModifier": "10",
    "TargetCameraShakeID": "Small",
    "BlockTargetCameraShakeID": "Large",
    "CritTargetCameraShakeID": "Large",
    "ImpactRating": "4",
    "BlockStaminaDmgMod": "0",
    "BlockAbsorptionModifier": "1",
    "StunBreakoutIncrement": "0"
  },
  {
    "DamageID": "Not_Used",
    "WeaponCategory": "",
    "IgnoreInvulnerable": "",
    "NoReaction": "",
    "IsRanged": "",
    "SurfaceImpactEffect": "",
    "AttackType": "",
    "DamageType": "",
    "Affliction": "",
    "AddAffliction": "",
    "AfflictionPercent": "",
    "Affixes": "",
    "StatusEffect": "",
    "EffectOnlyOnDamage": "",
    "DeflectDamageID": "",
    "CanCrit": "0",
    "DmgCoef": "0",
    "DmgCoefHead": "0",
    "DmgCoefCrit": "0",
    "PowerLevel": "",
    "BlockPowerLevel": "",
    "CritPowerLevel": "",
    "HitStun": "",
    "BlockHitStun": "",
    "CritHitStun": "",
    "ImpactDistanceX": "",
    "ImpactDistanceY": "",
    "ImpactDistanceZ": "",
    "ImpactDecayRate": "",
    "BlockImpactDistanceX": "",
    "BlockImpactDistanceY": "",
    "BlockImpactDistanceZ": "",
    "BlockImpactDecayRate": "",
    "CritImpactDistanceX": "",
    "CritImpactDistanceY": "",
    "CritImpactDistanceZ": "",
    "CritImpactDecayRate": "",
    "AddDmg": "",
    "StaggerDmgModifier": "",
    "CritStaggerDmgModifier": "",
    "StaggerResistModifier": "",
    "TargetCameraShakeID": "",
    "BlockTargetCameraShakeID": "",
    "CritTargetCameraShakeID": "",
    "ImpactRating": "",
    "BlockStaminaDmgMod": "",
    "BlockAbsorptionModifier": "",
    "StunBreakoutIncrement": ""
  }
]