[
  {
    "DamageID": "Fall",
    "WeaponCategory": "Fall",
    "IgnoreInvulnerable": "1",
    "NoReaction": "1",
    "IsRanged": "",
    "SurfaceImpactEffect": "Bullet",
    "AttackType": "",
    "DamageType": "Falling",
    "Affliction": "",
    "AddAffliction": "",
    "AfflictionPercent": "",
    "Affixes": "",
    "StatusEffect": "",
    "EffectOnlyOnDamage": "",
    "DeflectDamageID": "",
    "CanCrit": "",
    "DmgCoef": "1",
    "DmgCoefHead": "0",
    "DmgCoefCrit": "1",
    "PowerLevel": "2",
    "BlockPowerLevel": "2",
    "CritPowerLevel": "2",
    "HitStun": "0",
    "BlockHitStun": "0",
    "CritHitStun": "0",
    "ImpactDistanceX": "0",
    "ImpactDistanceY": "0",
    "ImpactDistanceZ": "0",
    "ImpactDecayRate": "0",
    "BlockImpactDistanceX": "0",
    "BlockImpactDistanceY": "0",
    "BlockImpactDistanceZ": "0",
    "BlockImpactDecayRate": "0",
    "CritImpactDistanceX": "0",
    "CritImpactDistanceY": "0",
    "CritImpactDistanceZ": "0",
    "CritImpactDecayRate": "0",
    "AddDmg": "0",
    "StaggerDmgModifier": "0",
    "CritStaggerDmgModifier": "",
    "StaggerResistModifier": "0",
    "CritTargetCameraShakeID": "Small",
    "TargetCameraShakeID": "Small",
    "ImpactRating": "0",
    "BlockStaminaDmgMod": "1",
    "BlockAbsorptionModifier": "1",
    "StunBreakoutIncrement": "1",
    "DamageGuildAndGroup": ""
  },
  {
    "DamageID": "Reaction_Breakout",
    "WeaponCategory": "Fall",
    "IgnoreInvulnerable": "1",
    "NoReaction": "1",
    "IsRanged": "",
    "SurfaceImpactEffect": "Bullet",
    "AttackType": "",
    "DamageType": "Falling",
    "Affliction": "",
    "AddAffliction": "",
    "AfflictionPercent": "",
    "Affixes": "",
    "StatusEffect": "",
    "EffectOnlyOnDamage": "",
    "DeflectDamageID": "",
    "CanCrit": "",
    "DmgCoef": "0",
    "DmgCoefHead": "0",
    "DmgCoefCrit": "1",
    "PowerLevel": "0",
    "BlockPowerLevel": "0",
    "CritPowerLevel": "0",
    "HitStun": "0",
    "BlockHitStun": "0",
    "CritHitStun": "0",
    "ImpactDistanceX": "0",
    "ImpactDistanceY": "0",
    "ImpactDistanceZ": "0",
    "ImpactDecayRate": "0",
    "BlockImpactDistanceX": "0",
    "BlockImpactDistanceY": "0",
    "BlockImpactDistanceZ": "0",
    "BlockImpactDecayRate": "0",
    "CritImpactDistanceX": "0",
    "CritImpactDistanceY": "0",
    "CritImpactDistanceZ": "0",
    "CritImpactDecayRate": "0",
    "AddDmg": "0",
    "StaggerDmgModifier": "0",
    "CritStaggerDmgModifier": "",
    "StaggerResistModifier": "10",
    "CritTargetCameraShakeID": "Small",
    "TargetCameraShakeID": "Small",
    "ImpactRating": "1",
    "BlockStaminaDmgMod": "",
    "BlockAbsorptionModifier": "",
    "StunBreakoutIncrement": "1",
    "DamageGuildAndGroup": ""
  },
  {
    "DamageID": "Elite_GRIT",
    "WeaponCategory": "Sword",
    "IgnoreInvulnerable": "0",
    "NoReaction": "0",
    "IsRanged": "",
    "SurfaceImpactEffect": "Bullet",
    "AttackType": "",
    "DamageType": "Slash",
    "Affliction": "",
    "AddAffliction": "",
    "AfflictionPercent": "",
    "Affixes": "",
    "StatusEffect": "",
    "EffectOnlyOnDamage": "",
    "DeflectDamageID": "Deflect_Default",
    "CanCrit": "",
    "DmgCoef": "0",
    "DmgCoefHead": "0",
    "DmgCoefCrit": "1",
    "PowerLevel": "1",
    "BlockPowerLevel": "1",
    "CritPowerLevel": "1",
    "HitStun": "20",
    "BlockHitStun": "15",
    "CritHitStun": "20",
    "ImpactDistanceX": "0",
    "ImpactDistanceY": "0",
    "ImpactDistanceZ": "0",
    "ImpactDecayRate": "0.8",
    "BlockImpactDistanceX": "0",
    "BlockImpactDistanceY": "0.75",
    "BlockImpactDistanceZ": "0",
    "BlockImpactDecayRate": "0.8",
    "CritImpactDistanceX": "0",
    "CritImpactDistanceY": "0",
    "CritImpactDistanceZ": "0",
    "CritImpactDecayRate": "0.8",
    "AddDmg": "0",
    "StaggerDmgModifier": "1.95",
    "CritStaggerDmgModifier": "",
    "StaggerResistModifier": "10",
    "CritTargetCameraShakeID": "Small",
    "TargetCameraShakeID": "Small",
    "ImpactRating": "0",
    "BlockStaminaDmgMod": "1",
    "BlockAbsorptionModifier": "1",
    "StunBreakoutIncrement": "1",
    "DamageGuildAndGroup": ""
  },
  {
    "DamageID": "Attack_Elite_Double_Slash_1st_Hit",
    "WeaponCategory": "Sword",
    "IgnoreInvulnerable": "0",
    "NoReaction": "0",
    "IsRanged": "",
    "SurfaceImpactEffect": "Bullet",
    "AttackType": "Heavy",
    "DamageType": "Slash",
    "Affliction": "",
    "AddAffliction": "",
    "AfflictionPercent": "",
    "Affixes": "AI_ArcaneDMG_25",
    "StatusEffect": "",
    "EffectOnlyOnDamage": "",
    "DeflectDamageID": "Deflect_Default",
    "CanCrit": "0",
    "DmgCoef": "0.8",
    "DmgCoefHead": "1",
    "DmgCoefCrit": "1",
    "PowerLevel": "3",
    "BlockPowerLevel": "2",
    "CritPowerLevel": "3",
    "HitStun": "30",
    "BlockHitStun": "20",
    "CritHitStun": "30",
    "ImpactDistanceX": "0",
    "ImpactDistanceY": "1",
    "ImpactDistanceZ": "0",
    "ImpactDecayRate": "0.8",
    "BlockImpactDistanceX": "0",
    "BlockImpactDistanceY": "0.5",
    "BlockImpactDistanceZ": "0",
    "BlockImpactDecayRate": "0.8",
    "CritImpactDistanceX": "0",
    "CritImpactDistanceY": "1",
    "CritImpactDistanceZ": "0",
    "CritImpactDecayRate": "0.8",
    "AddDmg": "0",
    "StaggerDmgModifier": "0",
    "CritStaggerDmgModifier": "",
    "StaggerResistModifier": "5",
    "CritTargetCameraShakeID": "Small",
    "TargetCameraShakeID": "Small",
    "ImpactRating": "2",
    "BlockStaminaDmgMod": "1.2",
    "BlockAbsorptionModifier": "1",
    "StunBreakoutIncrement": "1",
    "DamageGuildAndGroup": ""
  },
  {
    "DamageID": "Attack_Elite_Double_Slash_2nd_Hit",
    "WeaponCategory": "Sword",
    "IgnoreInvulnerable": "0",
    "NoReaction": "0",
    "IsRanged": "",
    "SurfaceImpactEffect": "Bullet",
    "AttackType": "Heavy",
    "DamageType": "Slash",
    "Affliction": "",
    "AddAffliction": "",
    "AfflictionPercent": "",
    "Affixes": "AI_ArcaneDMG_25",
    "StatusEffect": "",
    "EffectOnlyOnDamage": "",
    "DeflectDamageID": "Deflect_Default",
    "CanCrit": "0",
    "DmgCoef": "0.8",
    "DmgCoefHead": "1",
    "DmgCoefCrit": "1",
    "PowerLevel": "3",
    "BlockPowerLevel": "3",
    "CritPowerLevel": "3",
    "HitStun": "30",
    "BlockHitStun": "35",
    "CritHitStun": "30",
    "ImpactDistanceX": "0",
    "ImpactDistanceY": "1.2",
    "ImpactDistanceZ": "0",
    "ImpactDecayRate": "0.8",
    "BlockImpactDistanceX": "0",
    "BlockImpactDistanceY": "0.65",
    "BlockImpactDistanceZ": "0",
    "BlockImpactDecayRate": "0.8",
    "CritImpactDistanceX": "0",
    "CritImpactDistanceY": "1.2",
    "CritImpactDistanceZ": "0",
    "CritImpactDecayRate": "0.8",
    "AddDmg": "0",
    "StaggerDmgModifier": "0",
    "CritStaggerDmgModifier": "",
    "StaggerResistModifier": "5",
    "CritTargetCameraShakeID": "Small",
    "TargetCameraShakeID": "Small",
    "ImpactRating": "2",
    "BlockStaminaDmgMod": "1",
    "BlockAbsorptionModifier": "1",
    "StunBreakoutIncrement": "1",
    "DamageGuildAndGroup": ""
  },
  {
    "DamageID": "Attack_Elite_Charge",
    "WeaponCategory": "Sword",
    "IgnoreInvulnerable": "0",
    "NoReaction": "0",
    "IsRanged": "",
    "SurfaceImpactEffect": "Bullet",
    "AttackType": "Light",
    "DamageType": "Strike",
    "Affliction": "",
    "AddAffliction": "",
    "AfflictionPercent": "",
    "Affixes": "AI_ArcaneDMG_25",
    "StatusEffect": "",
    "EffectOnlyOnDamage": "",
    "DeflectDamageID": "Deflect_Default",
    "CanCrit": "0",
    "DmgCoef": "0.4",
    "DmgCoefHead": "1",
    "DmgCoefCrit": "1",
    "PowerLevel": "4",
    "BlockPowerLevel": "4",
    "CritPowerLevel": "4",
    "HitStun": "35",
    "BlockHitStun": "40",
    "CritHitStun": "35",
    "ImpactDistanceX": "0",
    "ImpactDistanceY": "2.5",
    "ImpactDistanceZ": "0",
    "ImpactDecayRate": "0.8",
    "BlockImpactDistanceX": "0",
    "BlockImpactDistanceY": "0.65",
    "BlockImpactDistanceZ": "0",
    "BlockImpactDecayRate": "0.8",
    "CritImpactDistanceX": "0",
    "CritImpactDistanceY": "2.5",
    "CritImpactDistanceZ": "0",
    "CritImpactDecayRate": "0.8",
    "AddDmg": "0",
    "StaggerDmgModifier": "0",
    "CritStaggerDmgModifier": "",
    "StaggerResistModifier": "5",
    "CritTargetCameraShakeID": "Small",
    "TargetCameraShakeID": "Small",
    "ImpactRating": "3",
    "BlockStaminaDmgMod": "0.5",
    "BlockAbsorptionModifier": "1",
    "StunBreakoutIncrement": "1",
    "DamageGuildAndGroup": ""
  },
  {
    "DamageID": "Attack_Elite_Charge_Stab",
    "WeaponCategory": "Sword",
    "IgnoreInvulnerable": "0",
    "NoReaction": "0",
    "IsRanged": "",
    "SurfaceImpactEffect": "Bullet",
    "AttackType": "Light",
    "DamageType": "Thrust",
    "Affliction": "",
    "AddAffliction": "",
    "AfflictionPercent": "",
    "Affixes": "AI_ArcaneDMG_25",
    "StatusEffect": "",
    "EffectOnlyOnDamage": "",
    "DeflectDamageID": "Deflect_Default",
    "CanCrit": "0",
    "DmgCoef": "0.45",
    "DmgCoefHead": "1",
    "DmgCoefCrit": "1",
    "PowerLevel": "3",
    "BlockPowerLevel": "3",
    "CritPowerLevel": "3",
    "HitStun": "30",
    "BlockHitStun": "30",
    "CritHitStun": "30",
    "ImpactDistanceX": "0",
    "ImpactDistanceY": "0.85",
    "ImpactDistanceZ": "0",
    "ImpactDecayRate": "0.8",
    "BlockImpactDistanceX": "0",
    "BlockImpactDistanceY": "0.65",
    "BlockImpactDistanceZ": "0",
    "BlockImpactDecayRate": "0.8",
    "CritImpactDistanceX": "0",
    "CritImpactDistanceY": "0.85",
    "CritImpactDistanceZ": "0",
    "CritImpactDecayRate": "0.8",
    "AddDmg": "0",
    "StaggerDmgModifier": "0",
    "CritStaggerDmgModifier": "",
    "StaggerResistModifier": "5",
    "CritTargetCameraShakeID": "Small",
    "TargetCameraShakeID": "Small",
    "ImpactRating": "5",
    "BlockStaminaDmgMod": "1",
    "BlockAbsorptionModifier": "1",
    "StunBreakoutIncrement": "1",
    "DamageGuildAndGroup": ""
  },
  {
    "DamageID": "Attack_Elite_Flurry",
    "WeaponCategory": "Sword",
    "IgnoreInvulnerable": "0",
    "NoReaction": "0",
    "IsRanged": "",
    "SurfaceImpactEffect": "Bullet",
    "AttackType": "Light",
    "DamageType": "Slash",
    "Affliction": "",
    "AddAffliction": "",
    "AfflictionPercent": "",
    "Affixes": "AI_ArcaneDMG_25",
    "StatusEffect": "",
    "EffectOnlyOnDamage": "",
    "DeflectDamageID": "Deflect_Default",
    "CanCrit": "0",
    "DmgCoef": "0.45",
    "DmgCoefHead": "1",
    "DmgCoefCrit": "1",
    "PowerLevel": "2",
    "BlockPowerLevel": "2",
    "CritPowerLevel": "2",
    "HitStun": "20",
    "BlockHitStun": "20",
    "CritHitStun": "20",
    "ImpactDistanceX": "0",
    "ImpactDistanceY": "0.4",
    "ImpactDistanceZ": "0",
    "ImpactDecayRate": "0.8",
    "BlockImpactDistanceX": "0",
    "BlockImpactDistanceY": "0.5",
    "BlockImpactDistanceZ": "0",
    "BlockImpactDecayRate": "0.8",
    "CritImpactDistanceX": "0",
    "CritImpactDistanceY": "0.4",
    "CritImpactDistanceZ": "0",
    "CritImpactDecayRate": "0.8",
    "AddDmg": "0",
    "StaggerDmgModifier": "0",
    "CritStaggerDmgModifier": "",
    "StaggerResistModifier": "5",
    "CritTargetCameraShakeID": "Small",
    "TargetCameraShakeID": "Small",
    "ImpactRating": "2",
    "BlockStaminaDmgMod": "0.7",
    "BlockAbsorptionModifier": "1",
    "StunBreakoutIncrement": "1",
    "DamageGuildAndGroup": ""
  },
  {
    "DamageID": "Attack_Elite_Swipe_R_L_1st_Hit",
    "WeaponCategory": "Sword",
    "IgnoreInvulnerable": "0",
    "NoReaction": "0",
    "IsRanged": "",
    "SurfaceImpactEffect": "Bullet",
    "AttackType": "Heavy",
    "DamageType": "Slash",
    "Affliction": "",
    "AddAffliction": "",
    "AfflictionPercent": "",
    "Affixes": "AI_ArcaneDMG_25",
    "StatusEffect": "",
    "EffectOnlyOnDamage": "",
    "DeflectDamageID": "Deflect_Default",
    "CanCrit": "0",
    "DmgCoef": "0.7",
    "DmgCoefHead": "1",
    "DmgCoefCrit": "1",
    "PowerLevel": "2",
    "BlockPowerLevel": "2",
    "CritPowerLevel": "2",
    "HitStun": "20",
    "BlockHitStun": "25",
    "CritHitStun": "20",
    "ImpactDistanceX": "0",
    "ImpactDistanceY": "0.65",
    "ImpactDistanceZ": "0",
    "ImpactDecayRate": "0.8",
    "BlockImpactDistanceX": "0",
    "BlockImpactDistanceY": "0.5",
    "BlockImpactDistanceZ": "0",
    "BlockImpactDecayRate": "0.8",
    "CritImpactDistanceX": "0",
    "CritImpactDistanceY": "0.65",
    "CritImpactDistanceZ": "0",
    "CritImpactDecayRate": "0.8",
    "AddDmg": "0",
    "StaggerDmgModifier": "0",
    "CritStaggerDmgModifier": "",
    "StaggerResistModifier": "5",
    "CritTargetCameraShakeID": "Small",
    "TargetCameraShakeID": "Small",
    "ImpactRating": "2",
    "BlockStaminaDmgMod": "0.7",
    "BlockAbsorptionModifier": "1",
    "StunBreakoutIncrement": "1",
    "DamageGuildAndGroup": ""
  },
  {
    "DamageID": "Attack_Elite_Swipe_R_L_2nd_Hit",
    "WeaponCategory": "Sword",
    "IgnoreInvulnerable": "0",
    "NoReaction": "0",
    "IsRanged": "",
    "SurfaceImpactEffect": "Bullet",
    "AttackType": "Heavy",
    "DamageType": "Slash",
    "Affliction": "",
    "AddAffliction": "",
    "AfflictionPercent": "",
    "Affixes": "AI_ArcaneDMG_25",
    "StatusEffect": "",
    "EffectOnlyOnDamage": "",
    "DeflectDamageID": "Deflect_Default",
    "CanCrit": "0",
    "DmgCoef": "0.6",
    "DmgCoefHead": "1",
    "DmgCoefCrit": "1",
    "PowerLevel": "2",
    "BlockPowerLevel": "2",
    "CritPowerLevel": "2",
    "HitStun": "20",
    "BlockHitStun": "20",
    "CritHitStun": "20",
    "ImpactDistanceX": "0",
    "ImpactDistanceY": "0.55000000000000004",
    "ImpactDistanceZ": "0",
    "ImpactDecayRate": "0.8",
    "BlockImpactDistanceX": "0",
    "BlockImpactDistanceY": "0.5",
    "BlockImpactDistanceZ": "0",
    "BlockImpactDecayRate": "0.8",
    "CritImpactDistanceX": "0",
    "CritImpactDistanceY": "0.55000000000000004",
    "CritImpactDistanceZ": "0",
    "CritImpactDecayRate": "0.8",
    "AddDmg": "0",
    "StaggerDmgModifier": "0",
    "CritStaggerDmgModifier": "",
    "StaggerResistModifier": "5",
    "CritTargetCameraShakeID": "Small",
    "TargetCameraShakeID": "Small",
    "ImpactRating": "2",
    "BlockStaminaDmgMod": "0.6",
    "BlockAbsorptionModifier": "1",
    "StunBreakoutIncrement": "1",
    "DamageGuildAndGroup": ""
  },
  {
    "DamageID": "Attack_Elite_Stab",
    "WeaponCategory": "Sword",
    "IgnoreInvulnerable": "0",
    "NoReaction": "0",
    "IsRanged": "",
    "SurfaceImpactEffect": "Bullet",
    "AttackType": "Light",
    "DamageType": "Thrust",
    "Affliction": "",
    "AddAffliction": "",
    "AfflictionPercent": "",
    "Affixes": "AI_ArcaneDMG_25",
    "StatusEffect": "",
    "EffectOnlyOnDamage": "",
    "DeflectDamageID": "Deflect_Default",
    "CanCrit": "0",
    "DmgCoef": "0.55000000000000004",
    "DmgCoefHead": "1",
    "DmgCoefCrit": "1",
    "PowerLevel": "2",
    "BlockPowerLevel": "2",
    "CritPowerLevel": "2",
    "HitStun": "20",
    "BlockHitStun": "20",
    "CritHitStun": "20",
    "ImpactDistanceX": "0",
    "ImpactDistanceY": "0.5",
    "ImpactDistanceZ": "0",
    "ImpactDecayRate": "0.8",
    "BlockImpactDistanceX": "0",
    "BlockImpactDistanceY": "0.5",
    "BlockImpactDistanceZ": "0",
    "BlockImpactDecayRate": "0.8",
    "CritImpactDistanceX": "0",
    "CritImpactDistanceY": "0.5",
    "CritImpactDistanceZ": "0",
    "CritImpactDecayRate": "0.8",
    "AddDmg": "0",
    "StaggerDmgModifier": "0",
    "CritStaggerDmgModifier": "",
    "StaggerResistModifier": "5",
    "CritTargetCameraShakeID": "Small",
    "TargetCameraShakeID": "Small",
    "ImpactRating": "3",
    "BlockStaminaDmgMod": "1",
    "BlockAbsorptionModifier": "1",
    "StunBreakoutIncrement": "1",
    "DamageGuildAndGroup": ""
  },
  {
    "DamageID": "Attack_Elite_Swipe_L_R_1st_Hit",
    "WeaponCategory": "Sword",
    "IgnoreInvulnerable": "0",
    "NoReaction": "0",
    "IsRanged": "",
    "SurfaceImpactEffect": "Bullet",
    "AttackType": "Heavy",
    "DamageType": "Slash",
    "Affliction": "",
    "AddAffliction": "",
    "AfflictionPercent": "",
    "Affixes": "AI_ArcaneDMG_25",
    "StatusEffect": "",
    "EffectOnlyOnDamage": "",
    "DeflectDamageID": "Deflect_Default",
    "CanCrit": "0",
    "DmgCoef": "0.7",
    "DmgCoefHead": "1",
    "DmgCoefCrit": "1",
    "PowerLevel": "2",
    "BlockPowerLevel": "2",
    "CritPowerLevel": "2",
    "HitStun": "20",
    "BlockHitStun": "25",
    "CritHitStun": "20",
    "ImpactDistanceX": "0",
    "ImpactDistanceY": "0.5",
    "ImpactDistanceZ": "0",
    "ImpactDecayRate": "0.8",
    "BlockImpactDistanceX": "0",
    "BlockImpactDistanceY": "0.5",
    "BlockImpactDistanceZ": "0",
    "BlockImpactDecayRate": "0.8",
    "CritImpactDistanceX": "0",
    "CritImpactDistanceY": "0.5",
    "CritImpactDistanceZ": "0",
    "CritImpactDecayRate": "0.8",
    "AddDmg": "0",
    "StaggerDmgModifier": "0",
    "CritStaggerDmgModifier": "",
    "StaggerResistModifier": "5",
    "CritTargetCameraShakeID": "Small",
    "TargetCameraShakeID": "Small",
    "ImpactRating": "2",
    "BlockStaminaDmgMod": "0.7",
    "BlockAbsorptionModifier": "1",
    "StunBreakoutIncrement": "1",
    "DamageGuildAndGroup": ""
  },
  {
    "DamageID": "Attack_Elite_Swipe_L_R_2nd_Hit",
    "WeaponCategory": "Sword",
    "IgnoreInvulnerable": "0",
    "NoReaction": "0",
    "IsRanged": "",
    "SurfaceImpactEffect": "Bullet",
    "AttackType": "Light",
    "DamageType": "Slash",
    "Affliction": "",
    "AddAffliction": "",
    "AfflictionPercent": "",
    "Affixes": "AI_ArcaneDMG_25",
    "StatusEffect": "",
    "EffectOnlyOnDamage": "",
    "DeflectDamageID": "Deflect_Default",
    "CanCrit": "0",
    "DmgCoef": "0.6",
    "DmgCoefHead": "1",
    "DmgCoefCrit": "1",
    "PowerLevel": "2",
    "BlockPowerLevel": "2",
    "CritPowerLevel": "2",
    "HitStun": "20",
    "BlockHitStun": "20",
    "CritHitStun": "20",
    "ImpactDistanceX": "0",
    "ImpactDistanceY": "0.55000000000000004",
    "ImpactDistanceZ": "0",
    "ImpactDecayRate": "0.8",
    "BlockImpactDistanceX": "0",
    "BlockImpactDistanceY": "0.5",
    "BlockImpactDistanceZ": "0",
    "BlockImpactDecayRate": "0.8",
    "CritImpactDistanceX": "0",
    "CritImpactDistanceY": "0.55000000000000004",
    "CritImpactDistanceZ": "0",
    "CritImpactDecayRate": "0.8",
    "AddDmg": "0",
    "StaggerDmgModifier": "0",
    "CritStaggerDmgModifier": "",
    "StaggerResistModifier": "5",
    "CritTargetCameraShakeID": "Small",
    "TargetCameraShakeID": "Small",
    "ImpactRating": "2",
    "BlockStaminaDmgMod": "0.6",
    "BlockAbsorptionModifier": "1",
    "StunBreakoutIncrement": "1",
    "DamageGuildAndGroup": ""
  },
  {
    "DamageID": "Attack_Elite_Swipe_L",
    "WeaponCategory": "Sword",
    "IgnoreInvulnerable": "0",
    "NoReaction": "0",
    "IsRanged": "",
    "SurfaceImpactEffect": "Bullet",
    "AttackType": "Light",
    "DamageType": "Slash",
    "Affliction": "",
    "AddAffliction": "",
    "AfflictionPercent": "",
    "Affixes": "AI_ArcaneDMG_25",
    "StatusEffect": "",
    "EffectOnlyOnDamage": "",
    "DeflectDamageID": "Deflect_Default",
    "CanCrit": "0",
    "DmgCoef": "0.7",
    "DmgCoefHead": "1",
    "DmgCoefCrit": "1",
    "PowerLevel": "2",
    "BlockPowerLevel": "2",
    "CritPowerLevel": "2",
    "HitStun": "20",
    "BlockHitStun": "20",
    "CritHitStun": "20",
    "ImpactDistanceX": "0",
    "ImpactDistanceY": "0.5",
    "ImpactDistanceZ": "0",
    "ImpactDecayRate": "0.8",
    "BlockImpactDistanceX": "0",
    "BlockImpactDistanceY": "0.5",
    "BlockImpactDistanceZ": "0",
    "BlockImpactDecayRate": "0.8",
    "CritImpactDistanceX": "0",
    "CritImpactDistanceY": "0.5",
    "CritImpactDistanceZ": "0",
    "CritImpactDecayRate": "0.8",
    "AddDmg": "0",
    "StaggerDmgModifier": "0",
    "CritStaggerDmgModifier": "",
    "StaggerResistModifier": "5",
    "CritTargetCameraShakeID": "Small",
    "TargetCameraShakeID": "Small",
    "ImpactRating": "2",
    "BlockStaminaDmgMod": "0.6",
    "BlockAbsorptionModifier": "1",
    "StunBreakoutIncrement": "1",
    "DamageGuildAndGroup": ""
  },
  {
    "DamageID": "Attack_Elite_Backhand_R",
    "WeaponCategory": "Sword",
    "IgnoreInvulnerable": "0",
    "NoReaction": "0",
    "IsRanged": "",
    "SurfaceImpactEffect": "Bullet",
    "AttackType": "",
    "DamageType": "Slash",
    "Affliction": "",
    "AddAffliction": "",
    "AfflictionPercent": "",
    "Affixes": "AI_ArcaneDMG_25",
    "StatusEffect": "",
    "EffectOnlyOnDamage": "",
    "DeflectDamageID": "Deflect_Default",
    "CanCrit": "0",
    "DmgCoef": "0.6",
    "DmgCoefHead": "1",
    "DmgCoefCrit": "1",
    "PowerLevel": "3",
    "BlockPowerLevel": "3",
    "CritPowerLevel": "3",
    "HitStun": "30",
    "BlockHitStun": "30",
    "CritHitStun": "30",
    "ImpactDistanceX": "0",
    "ImpactDistanceY": "0.9",
    "ImpactDistanceZ": "0",
    "ImpactDecayRate": "0.8",
    "BlockImpactDistanceX": "0",
    "BlockImpactDistanceY": "0.5",
    "BlockImpactDistanceZ": "0",
    "BlockImpactDecayRate": "0.8",
    "CritImpactDistanceX": "0",
    "CritImpactDistanceY": "0.9",
    "CritImpactDistanceZ": "0",
    "CritImpactDecayRate": "0.8",
    "AddDmg": "0",
    "StaggerDmgModifier": "0",
    "CritStaggerDmgModifier": "",
    "StaggerResistModifier": "5",
    "CritTargetCameraShakeID": "Small",
    "TargetCameraShakeID": "Small",
    "ImpactRating": "3",
    "BlockStaminaDmgMod": "1",
    "BlockAbsorptionModifier": "1",
    "StunBreakoutIncrement": "1",
    "DamageGuildAndGroup": ""
  },
  {
    "DamageID": "Attack_Elite_Overhead",
    "WeaponCategory": "Sword",
    "IgnoreInvulnerable": "0",
    "NoReaction": "0",
    "IsRanged": "",
    "SurfaceImpactEffect": "Bullet",
    "AttackType": "Heavy",
    "DamageType": "Strike",
    "Affliction": "",
    "AddAffliction": "",
    "AfflictionPercent": "",
    "Affixes": "AI_ArcaneDMG_25",
    "StatusEffect": "",
    "EffectOnlyOnDamage": "",
    "DeflectDamageID": "Deflect_Default",
    "CanCrit": "0",
    "DmgCoef": "0.9",
    "DmgCoefHead": "1",
    "DmgCoefCrit": "1",
    "PowerLevel": "4",
    "BlockPowerLevel": "3",
    "CritPowerLevel": "4",
    "HitStun": "35",
    "BlockHitStun": "40",
    "CritHitStun": "35",
    "ImpactDistanceX": "0",
    "ImpactDistanceY": "1",
    "ImpactDistanceZ": "0",
    "ImpactDecayRate": "0.8",
    "BlockImpactDistanceX": "0",
    "BlockImpactDistanceY": "0.5",
    "BlockImpactDistanceZ": "0",
    "BlockImpactDecayRate": "0.8",
    "CritImpactDistanceX": "0",
    "CritImpactDistanceY": "1",
    "CritImpactDistanceZ": "0",
    "CritImpactDecayRate": "0.8",
    "AddDmg": "0",
    "StaggerDmgModifier": "0",
    "CritStaggerDmgModifier": "",
    "StaggerResistModifier": "5",
    "CritTargetCameraShakeID": "Small",
    "TargetCameraShakeID": "Small",
    "ImpactRating": "3",
    "BlockStaminaDmgMod": "1.85",
    "BlockAbsorptionModifier": "1",
    "StunBreakoutIncrement": "1",
    "DamageGuildAndGroup": ""
  },
  {
    "DamageID": "Attack_Elite_Overhead_Burning_2nd_Hit",
    "WeaponCategory": "Sword",
    "IgnoreInvulnerable": "0",
    "NoReaction": "0",
    "IsRanged": "",
    "SurfaceImpactEffect": "Bullet",
    "AttackType": "Heavy",
    "DamageType": "Standard",
    "Affliction": "",
    "AddAffliction": "",
    "AfflictionPercent": "",
    "Affixes": "AI_ArcaneDMG_25",
    "StatusEffect": "",
    "EffectOnlyOnDamage": "",
    "DeflectDamageID": "Deflect_Default",
    "CanCrit": "0",
    "DmgCoef": "0.5",
    "DmgCoefHead": "1",
    "DmgCoefCrit": "1",
    "PowerLevel": "3",
    "BlockPowerLevel": "3",
    "CritPowerLevel": "3",
    "HitStun": "30",
    "BlockHitStun": "30",
    "CritHitStun": "30",
    "ImpactDistanceX": "0",
    "ImpactDistanceY": "1",
    "ImpactDistanceZ": "0",
    "ImpactDecayRate": "0.8",
    "BlockImpactDistanceX": "0",
    "BlockImpactDistanceY": "0.5",
    "BlockImpactDistanceZ": "0",
    "BlockImpactDecayRate": "0.8",
    "CritImpactDistanceX": "0",
    "CritImpactDistanceY": "1",
    "CritImpactDistanceZ": "0",
    "CritImpactDecayRate": "0.8",
    "AddDmg": "0",
    "StaggerDmgModifier": "0",
    "CritStaggerDmgModifier": "",
    "StaggerResistModifier": "5",
    "CritTargetCameraShakeID": "Small",
    "TargetCameraShakeID": "Small",
    "ImpactRating": "3",
    "BlockStaminaDmgMod": "1",
    "BlockAbsorptionModifier": "1",
    "StunBreakoutIncrement": "1",
    "DamageGuildAndGroup": ""
  },
  {
    "DamageID": "Attack_Spawn_Landing",
    "WeaponCategory": "Sword",
    "IgnoreInvulnerable": "0",
    "NoReaction": "0",
    "IsRanged": "",
    "SurfaceImpactEffect": "Bullet",
    "AttackType": "",
    "DamageType": "Standard",
    "Affliction": "",
    "AddAffliction": "",
    "AfflictionPercent": "",
    "Affixes": "AI_ArcaneDMG_25",
    "StatusEffect": "",
    "EffectOnlyOnDamage": "",
    "DeflectDamageID": "Deflect_Default",
    "CanCrit": "0",
    "DmgCoef": "0",
    "DmgCoefHead": "1",
    "DmgCoefCrit": "1",
    "PowerLevel": "3",
    "BlockPowerLevel": "3",
    "CritPowerLevel": "3",
    "HitStun": "30",
    "BlockHitStun": "30",
    "CritHitStun": "30",
    "ImpactDistanceX": "0",
    "ImpactDistanceY": "1",
    "ImpactDistanceZ": "0",
    "ImpactDecayRate": "0.8",
    "BlockImpactDistanceX": "0",
    "BlockImpactDistanceY": "0.5",
    "BlockImpactDistanceZ": "0",
    "BlockImpactDecayRate": "0.8",
    "CritImpactDistanceX": "0",
    "CritImpactDistanceY": "1",
    "CritImpactDistanceZ": "0",
    "CritImpactDecayRate": "0.8",
    "AddDmg": "0",
    "StaggerDmgModifier": "0",
    "CritStaggerDmgModifier": "",
    "StaggerResistModifier": "5",
    "CritTargetCameraShakeID": "Small",
    "TargetCameraShakeID": "Small",
    "ImpactRating": "3",
    "BlockStaminaDmgMod": "1",
    "BlockAbsorptionModifier": "1",
    "StunBreakoutIncrement": "1",
    "DamageGuildAndGroup": ""
  },
  {
    "DamageID": "Attack_ScrapingUppercut",
    "WeaponCategory": "Sword",
    "IgnoreInvulnerable": "0",
    "NoReaction": "0",
    "IsRanged": "",
    "SurfaceImpactEffect": "Bullet",
    "AttackType": "Heavy",
    "DamageType": "Slash",
    "Affliction": "",
    "AddAffliction": "",
    "AfflictionPercent": "",
    "Affixes": "AI_ArcaneDMG_25",
    "StatusEffect": "",
    "EffectOnlyOnDamage": "",
    "DeflectDamageID": "Deflect_Default",
    "CanCrit": "0",
    "DmgCoef": "0.8",
    "DmgCoefHead": "1",
    "DmgCoefCrit": "1",
    "PowerLevel": "4",
    "BlockPowerLevel": "3",
    "CritPowerLevel": "4",
    "HitStun": "25",
    "BlockHitStun": "30",
    "CritHitStun": "25",
    "ImpactDistanceX": "0",
    "ImpactDistanceY": "3.1",
    "ImpactDistanceZ": "0",
    "ImpactDecayRate": "0.8",
    "BlockImpactDistanceX": "0",
    "BlockImpactDistanceY": "0.5",
    "BlockImpactDistanceZ": "0",
    "BlockImpactDecayRate": "0.8",
    "CritImpactDistanceX": "0",
    "CritImpactDistanceY": "3.1",
    "CritImpactDistanceZ": "0",
    "CritImpactDecayRate": "0.8",
    "AddDmg": "0",
    "StaggerDmgModifier": "0",
    "CritStaggerDmgModifier": "",
    "StaggerResistModifier": "5",
    "CritTargetCameraShakeID": "Small",
    "TargetCameraShakeID": "Small",
    "ImpactRating": "3",
    "BlockStaminaDmgMod": "1.25",
    "BlockAbsorptionModifier": "1",
    "StunBreakoutIncrement": "1",
    "DamageGuildAndGroup": ""
  },
  {
    "DamageID": "Attack_ClearingSweep",
    "WeaponCategory": "Sword",
    "IgnoreInvulnerable": "0",
    "NoReaction": "0",
    "IsRanged": "",
    "SurfaceImpactEffect": "Bullet",
    "AttackType": "Heavy",
    "DamageType": "Slash",
    "Affliction": "",
    "AddAffliction": "",
    "AfflictionPercent": "",
    "Affixes": "AI_ArcaneDMG_25",
    "StatusEffect": "",
    "EffectOnlyOnDamage": "",
    "DeflectDamageID": "Deflect_Default",
    "CanCrit": "0",
    "DmgCoef": "0.6",
    "DmgCoefHead": "1",
    "DmgCoefCrit": "1",
    "PowerLevel": "4",
    "BlockPowerLevel": "3",
    "CritPowerLevel": "4",
    "HitStun": "25",
    "BlockHitStun": "30",
    "CritHitStun": "25",
    "ImpactDistanceX": "0",
    "ImpactDistanceY": "0.85",
    "ImpactDistanceZ": "0",
    "ImpactDecayRate": "0.8",
    "BlockImpactDistanceX": "0",
    "BlockImpactDistanceY": "0.5",
    "BlockImpactDistanceZ": "0",
    "BlockImpactDecayRate": "0.8",
    "CritImpactDistanceX": "0",
    "CritImpactDistanceY": "0.85",
    "CritImpactDistanceZ": "0",
    "CritImpactDecayRate": "0.8",
    "AddDmg": "0",
    "StaggerDmgModifier": "0",
    "CritStaggerDmgModifier": "",
    "StaggerResistModifier": "5",
    "CritTargetCameraShakeID": "Small",
    "TargetCameraShakeID": "Small",
    "ImpactRating": "3",
    "BlockStaminaDmgMod": "1.25",
    "BlockAbsorptionModifier": "1",
    "StunBreakoutIncrement": "1",
    "DamageGuildAndGroup": ""
  },
  {
    "DamageID": "Attack_ShoulderRush",
    "WeaponCategory": "Sword",
    "IgnoreInvulnerable": "0",
    "NoReaction": "0",
    "IsRanged": "",
    "SurfaceImpactEffect": "Bullet",
    "AttackType": "Light",
    "DamageType": "Strike",
    "Affliction": "",
    "AddAffliction": "",
    "AfflictionPercent": "",
    "Affixes": "AI_ArcaneDMG_25",
    "StatusEffect": "",
    "EffectOnlyOnDamage": "",
    "DeflectDamageID": "Deflect_Default",
    "CanCrit": "0",
    "DmgCoef": "0.35",
    "DmgCoefHead": "1",
    "DmgCoefCrit": "1",
    "PowerLevel": "3",
    "BlockPowerLevel": "3",
    "CritPowerLevel": "3",
    "HitStun": "30",
    "BlockHitStun": "15",
    "CritHitStun": "30",
    "ImpactDistanceX": "0",
    "ImpactDistanceY": "1.1000000000000001",
    "ImpactDistanceZ": "0",
    "ImpactDecayRate": "0.8",
    "BlockImpactDistanceX": "0",
    "BlockImpactDistanceY": "0.5",
    "BlockImpactDistanceZ": "0",
    "BlockImpactDecayRate": "0.8",
    "CritImpactDistanceX": "0",
    "CritImpactDistanceY": "1.1000000000000001",
    "CritImpactDistanceZ": "0",
    "CritImpactDecayRate": "0.8",
    "AddDmg": "0",
    "StaggerDmgModifier": "0",
    "CritStaggerDmgModifier": "",
    "StaggerResistModifier": "5",
    "CritTargetCameraShakeID": "Small",
    "TargetCameraShakeID": "Small",
    "ImpactRating": "2",
    "BlockStaminaDmgMod": "0.35",
    "BlockAbsorptionModifier": "1",
    "StunBreakoutIncrement": "1",
    "DamageGuildAndGroup": ""
  },
  {
    "DamageID": "HeavyJump_Stab",
    "WeaponCategory": "",
    "IgnoreInvulnerable": "0",
    "NoReaction": "0",
    "IsRanged": "",
    "SurfaceImpactEffect": "",
    "AttackType": "Heavy",
    "DamageType": "Thrust",
    "Affliction": "",
    "AddAffliction": "",
    "AfflictionPercent": "",
    "Affixes": "",
    "StatusEffect": "",
    "EffectOnlyOnDamage": "",
    "DeflectDamageID": "Deflect_Default",
    "CanCrit": "0",
    "DmgCoef": "0.75",
    "DmgCoefHead": "1",
    "DmgCoefCrit": "1",
    "PowerLevel": "5",
    "BlockPowerLevel": "3",
    "CritPowerLevel": "5",
    "HitStun": "35",
    "BlockHitStun": "40",
    "CritHitStun": "35",
    "ImpactDistanceX": "0",
    "ImpactDistanceY": "1.5",
    "ImpactDistanceZ": "0",
    "ImpactDecayRate": "0.8",
    "BlockImpactDistanceX": "0",
    "BlockImpactDistanceY": "0.5",
    "BlockImpactDistanceZ": "0",
    "BlockImpactDecayRate": "0.8",
    "CritImpactDistanceX": "0",
    "CritImpactDistanceY": "1.5",
    "CritImpactDistanceZ": "0",
    "CritImpactDecayRate": "0.8",
    "AddDmg": "0",
    "StaggerDmgModifier": "0",
    "CritStaggerDmgModifier": "",
    "StaggerResistModifier": "5",
    "CritTargetCameraShakeID": "",
    "TargetCameraShakeID": "",
    "ImpactRating": "3",
    "BlockStaminaDmgMod": "10",
    "BlockAbsorptionModifier": "1",
    "StunBreakoutIncrement": "1",
    "DamageGuildAndGroup": ""
  },
  {
    "DamageID": "HeavyJump_Shockwave",
    "WeaponCategory": "",
    "IgnoreInvulnerable": "0",
    "NoReaction": "0",
    "IsRanged": "1",
    "SurfaceImpactEffect": "",
    "AttackType": "Heavy",
    "DamageType": "Standard",
    "Affliction": "",
    "AddAffliction": "",
    "AfflictionPercent": "",
    "Affixes": "",
    "StatusEffect": "AI_Snare_4sec",
    "EffectOnlyOnDamage": "1",
    "DeflectDamageID": "Deflect_Default",
    "CanCrit": "0",
    "DmgCoef": "0.5",
    "DmgCoefHead": "1",
    "DmgCoefCrit": "1",
    "PowerLevel": "3",
    "BlockPowerLevel": "3",
    "CritPowerLevel": "3",
    "HitStun": "30",
    "BlockHitStun": "25",
    "CritHitStun": "30",
    "ImpactDistanceX": "0",
    "ImpactDistanceY": "3",
    "ImpactDistanceZ": "0",
    "ImpactDecayRate": "0.8",
    "BlockImpactDistanceX": "0",
    "BlockImpactDistanceY": "0.5",
    "BlockImpactDistanceZ": "0",
    "BlockImpactDecayRate": "0.8",
    "CritImpactDistanceX": "0",
    "CritImpactDistanceY": "3",
    "CritImpactDistanceZ": "0",
    "CritImpactDecayRate": "0.8",
    "AddDmg": "0",
    "StaggerDmgModifier": "0",
    "CritStaggerDmgModifier": "",
    "StaggerResistModifier": "5",
    "CritTargetCameraShakeID": "",
    "TargetCameraShakeID": "",
    "ImpactRating": "2",
    "BlockStaminaDmgMod": "10",
    "BlockAbsorptionModifier": "1",
    "StunBreakoutIncrement": "1",
    "DamageGuildAndGroup": ""
  },
  {
    "DamageID": "BoneThrow_1",
    "WeaponCategory": "Spear",
    "IgnoreInvulnerable": "0",
    "NoReaction": "0",
    "IsRanged": "1",
    "SurfaceImpactEffect": "Bullet",
    "AttackType": "",
    "DamageType": "Thrust",
    "Affliction": "",
    "AddAffliction": "",
    "AfflictionPercent": "",
    "Affixes": "",
    "StatusEffect": "",
    "EffectOnlyOnDamage": "",
    "DeflectDamageID": "Deflect_Default",
    "CanCrit": "0",
    "DmgCoef": "0",
    "DmgCoefHead": "0",
    "DmgCoefCrit": "1",
    "PowerLevel": "1",
    "BlockPowerLevel": "1",
    "CritPowerLevel": "1",
    "HitStun": "",
    "BlockHitStun": "",
    "CritHitStun": "",
    "ImpactDistanceX": "",
    "ImpactDistanceY": "2",
    "ImpactDistanceZ": "",
    "ImpactDecayRate": "",
    "BlockImpactDistanceX": "",
    "BlockImpactDistanceY": "",
    "BlockImpactDistanceZ": "",
    "BlockImpactDecayRate": "",
    "CritImpactDistanceX": "",
    "CritImpactDistanceY": "",
    "CritImpactDistanceZ": "",
    "CritImpactDecayRate": "",
    "AddDmg": "",
    "StaggerDmgModifier": "",
    "CritStaggerDmgModifier": "",
    "StaggerResistModifier": "5",
    "CritTargetCameraShakeID": "Small",
    "TargetCameraShakeID": "Small",
    "ImpactRating": "2",
    "BlockStaminaDmgMod": "",
    "BlockAbsorptionModifier": "",
    "StunBreakoutIncrement": "",
    "DamageGuildAndGroup": ""
  },
  {
    "DamageID": "BoneThrow_2",
    "WeaponCategory": "Spear",
    "IgnoreInvulnerable": "0",
    "NoReaction": "0",
    "IsRanged": "1",
    "SurfaceImpactEffect": "Bullet",
    "AttackType": "",
    "DamageType": "Thrust",
    "Affliction": "",
    "AddAffliction": "",
    "AfflictionPercent": "",
    "Affixes": "",
    "StatusEffect": "",
    "EffectOnlyOnDamage": "",
    "DeflectDamageID": "Deflect_Default",
    "CanCrit": "0",
    "DmgCoef": "0",
    "DmgCoefHead": "0",
    "DmgCoefCrit": "1",
    "PowerLevel": "1",
    "BlockPowerLevel": "1",
    "CritPowerLevel": "1",
    "HitStun": "",
    "BlockHitStun": "",
    "CritHitStun": "",
    "ImpactDistanceX": "",
    "ImpactDistanceY": "2",
    "ImpactDistanceZ": "",
    "ImpactDecayRate": "",
    "BlockImpactDistanceX": "",
    "BlockImpactDistanceY": "",
    "BlockImpactDistanceZ": "",
    "BlockImpactDecayRate": "",
    "CritImpactDistanceX": "",
    "CritImpactDistanceY": "",
    "CritImpactDistanceZ": "",
    "CritImpactDecayRate": "",
    "AddDmg": "",
    "StaggerDmgModifier": "",
    "CritStaggerDmgModifier": "",
    "StaggerResistModifier": "5",
    "CritTargetCameraShakeID": "Small",
    "TargetCameraShakeID": "Small",
    "ImpactRating": "2",
    "BlockStaminaDmgMod": "",
    "BlockAbsorptionModifier": "",
    "StunBreakoutIncrement": "",
    "DamageGuildAndGroup": ""
  },
  {
    "DamageID": "Adds_Wipe",
    "WeaponCategory": "",
    "IgnoreInvulnerable": "1",
    "NoReaction": "0",
    "IsRanged": "",
    "SurfaceImpactEffect": "Bullet",
    "AttackType": "Heavy",
    "DamageType": "Strike",
    "Affliction": "",
    "AddAffliction": "",
    "AfflictionPercent": "",
    "Affixes": "",
    "StatusEffect": "",
    "EffectOnlyOnDamage": "",
    "DeflectDamageID": "Deflect_Default",
    "CanCrit": "0",
    "DmgCoef": "999",
    "DmgCoefHead": "1",
    "DmgCoefCrit": "",
    "PowerLevel": "0",
    "BlockPowerLevel": "0",
    "CritPowerLevel": "0",
    "HitStun": "0",
    "BlockHitStun": "0",
    "CritHitStun": "0",
    "ImpactDistanceX": "0",
    "ImpactDistanceY": "0",
    "ImpactDistanceZ": "0",
    "ImpactDecayRate": "0.8",
    "BlockImpactDistanceX": "0",
    "BlockImpactDistanceY": "0",
    "BlockImpactDistanceZ": "0",
    "BlockImpactDecayRate": "0.8",
    "CritImpactDistanceX": "0",
    "CritImpactDistanceY": "0",
    "CritImpactDistanceZ": "0",
    "CritImpactDecayRate": "0.8",
    "AddDmg": "0",
    "StaggerDmgModifier": "0",
    "CritStaggerDmgModifier": "",
    "StaggerResistModifier": "1",
    "CritTargetCameraShakeID": "",
    "TargetCameraShakeID": "",
    "ImpactRating": "1",
    "BlockStaminaDmgMod": "0",
    "BlockAbsorptionModifier": "1",
    "StunBreakoutIncrement": "1",
    "DamageGuildAndGroup": "1"
  }
]