[
  {
    "DamageID": "Claw_Swipe",
    "WeaponCategory": "ClubSpriggan",
    "IgnoreInvulnerable": "0",
    "NoReaction": "0",
    "IsRanged": "",
    "Unblockable": "",
    "SurfaceImpactEffect": "Bullet",
    "AttackType": "Heavy",
    "DamageType": "Strike",
    "Affliction": "",
    "AddAffliction": "",
    "AfflictionPercent": "",
    "Affixes": "",
    "StatusEffect": "",
    "EffectOnlyOnDamage": "",
    "DeflectDamageID": "Deflect_Default",
    "CanCrit": "0",
    "DmgCoef": "0.6",
    "DmgCoefHead": "1",
    "DmgCoefCrit": "",
    "PowerLevel": "0",
    "BlockPowerLevel": "0",
    "CritPowerLevel": "0",
    "HitStun": "15",
    "BlockHitStun": "10",
    "CritHitStun": "10",
    "ImpactDistanceX": "0",
    "ImpactDistanceY": "1.5",
    "ImpactDistanceZ": "0",
    "ImpactDecayRate": "0.8",
    "BlockImpactDistanceX": "0",
    "BlockImpactDistanceY": "0.5",
    "BlockImpactDistanceZ": "0",
    "BlockImpactDecayRate": "0.8",
    "CritImpactDistanceX": "0",
    "CritImpactDistanceY": "1",
    "CritImpactDistanceZ": "0",
    "CritImpactDecayRate": "0.8",
    "AddDmg": "0",
    "StaggerDmgModifier": "0.6",
    "CritStaggerDmgModifier": "",
    "StaggerResistModifier": "1",
    "TargetCameraShakeID": "",
    "CritTargetCameraShakeID": "",
    "ImpactRating": "1",
    "BlockStaminaDmgMod": "0.6",
    "BlockAbsorptionModifier": "1",
    "StunBreakoutIncrement": "1"
  },
  {
    "DamageID": "Claw_Overhead",
    "WeaponCategory": "ClubSpriggan",
    "IgnoreInvulnerable": "0",
    "NoReaction": "0",
    "IsRanged": "",
    "Unblockable": "",
    "SurfaceImpactEffect": "Bullet",
    "AttackType": "Heavy",
    "DamageType": "Strike",
    "Affliction": "",
    "AddAffliction": "",
    "AfflictionPercent": "",
    "Affixes": "",
    "StatusEffect": "",
    "EffectOnlyOnDamage": "",
    "DeflectDamageID": "Deflect_Default",
    "CanCrit": "0",
    "DmgCoef": "1",
    "DmgCoefHead": "1",
    "DmgCoefCrit": "",
    "PowerLevel": "3",
    "BlockPowerLevel": "3",
    "CritPowerLevel": "3",
    "HitStun": "30",
    "BlockHitStun": "25",
    "CritHitStun": "30",
    "ImpactDistanceX": "0",
    "ImpactDistanceY": "2",
    "ImpactDistanceZ": "0",
    "ImpactDecayRate": "0.8",
    "BlockImpactDistanceX": "0",
    "BlockImpactDistanceY": "1.5",
    "BlockImpactDistanceZ": "0",
    "BlockImpactDecayRate": "0.8",
    "CritImpactDistanceX": "0",
    "CritImpactDistanceY": "2",
    "CritImpactDistanceZ": "0",
    "CritImpactDecayRate": "0.8",
    "AddDmg": "0",
    "StaggerDmgModifier": "0.8",
    "CritStaggerDmgModifier": "",
    "StaggerResistModifier": "1",
    "TargetCameraShakeID": "",
    "CritTargetCameraShakeID": "",
    "ImpactRating": "1",
    "BlockStaminaDmgMod": "0.8",
    "BlockAbsorptionModifier": "1",
    "StunBreakoutIncrement": "1"
  },
  {
    "DamageID": "Claw_Combo_1",
    "WeaponCategory": "ClubSpriggan",
    "IgnoreInvulnerable": "0",
    "NoReaction": "0",
    "IsRanged": "",
    "Unblockable": "",
    "SurfaceImpactEffect": "Bullet",
    "AttackType": "Heavy",
    "DamageType": "Strike",
    "Affliction": "",
    "AddAffliction": "",
    "AfflictionPercent": "",
    "Affixes": "",
    "StatusEffect": "",
    "EffectOnlyOnDamage": "",
    "DeflectDamageID": "Deflect_Default",
    "CanCrit": "0",
    "DmgCoef": "0.4",
    "DmgCoefHead": "1",
    "DmgCoefCrit": "",
    "PowerLevel": "0",
    "BlockPowerLevel": "0",
    "CritPowerLevel": "0",
    "HitStun": "15",
    "BlockHitStun": "10",
    "CritHitStun": "10",
    "ImpactDistanceX": "0",
    "ImpactDistanceY": "1",
    "ImpactDistanceZ": "0",
    "ImpactDecayRate": "0.8",
    "BlockImpactDistanceX": "0",
    "BlockImpactDistanceY": "1",
    "BlockImpactDistanceZ": "0",
    "BlockImpactDecayRate": "0.8",
    "CritImpactDistanceX": "0",
    "CritImpactDistanceY": "1",
    "CritImpactDistanceZ": "0",
    "CritImpactDecayRate": "0.8",
    "AddDmg": "0",
    "StaggerDmgModifier": "0.6",
    "CritStaggerDmgModifier": "",
    "StaggerResistModifier": "1",
    "TargetCameraShakeID": "",
    "CritTargetCameraShakeID": "",
    "ImpactRating": "1",
    "BlockStaminaDmgMod": "0.6",
    "BlockAbsorptionModifier": "1",
    "StunBreakoutIncrement": "1"
  },
  {
    "DamageID": "Claw_Combo_2",
    "WeaponCategory": "ClubSpriggan",
    "IgnoreInvulnerable": "0",
    "NoReaction": "0",
    "IsRanged": "",
    "Unblockable": "",
    "SurfaceImpactEffect": "Bullet",
    "AttackType": "Heavy",
    "DamageType": "Strike",
    "Affliction": "",
    "AddAffliction": "",
    "AfflictionPercent": "",
    "Affixes": "",
    "StatusEffect": "",
    "EffectOnlyOnDamage": "",
    "DeflectDamageID": "Deflect_Default",
    "CanCrit": "0",
    "DmgCoef": "0.5",
    "DmgCoefHead": "1",
    "DmgCoefCrit": "",
    "PowerLevel": "0",
    "BlockPowerLevel": "0",
    "CritPowerLevel": "0",
    "HitStun": "15",
    "BlockHitStun": "10",
    "CritHitStun": "10",
    "ImpactDistanceX": "0",
    "ImpactDistanceY": "1.5",
    "ImpactDistanceZ": "0",
    "ImpactDecayRate": "0.8",
    "BlockImpactDistanceX": "0",
    "BlockImpactDistanceY": "1",
    "BlockImpactDistanceZ": "0",
    "BlockImpactDecayRate": "0.8",
    "CritImpactDistanceX": "0",
    "CritImpactDistanceY": "1",
    "CritImpactDistanceZ": "0",
    "CritImpactDecayRate": "0.8",
    "AddDmg": "0",
    "StaggerDmgModifier": "0.6",
    "CritStaggerDmgModifier": "",
    "StaggerResistModifier": "1",
    "TargetCameraShakeID": "",
    "CritTargetCameraShakeID": "",
    "ImpactRating": "1",
    "BlockStaminaDmgMod": "0.6",
    "BlockAbsorptionModifier": "1",
    "StunBreakoutIncrement": "1"
  },
  {
    "DamageID": "Claw_Combo_3",
    "WeaponCategory": "ClubSpriggan",
    "IgnoreInvulnerable": "0",
    "NoReaction": "0",
    "IsRanged": "",
    "Unblockable": "",
    "SurfaceImpactEffect": "Bullet",
    "AttackType": "Heavy",
    "DamageType": "Strike",
    "Affliction": "",
    "AddAffliction": "",
    "AfflictionPercent": "",
    "Affixes": "",
    "StatusEffect": "",
    "EffectOnlyOnDamage": "",
    "DeflectDamageID": "Deflect_Default",
    "CanCrit": "0",
    "DmgCoef": "0.8",
    "DmgCoefHead": "1",
    "DmgCoefCrit": "",
    "PowerLevel": "3",
    "BlockPowerLevel": "3",
    "CritPowerLevel": "3",
    "HitStun": "30",
    "BlockHitStun": "25",
    "CritHitStun": "30",
    "ImpactDistanceX": "0",
    "ImpactDistanceY": "2",
    "ImpactDistanceZ": "0",
    "ImpactDecayRate": "0.8",
    "BlockImpactDistanceX": "0",
    "BlockImpactDistanceY": "1.5",
    "BlockImpactDistanceZ": "0",
    "BlockImpactDecayRate": "0.8",
    "CritImpactDistanceX": "0",
    "CritImpactDistanceY": "2",
    "CritImpactDistanceZ": "0",
    "CritImpactDecayRate": "0.8",
    "AddDmg": "0",
    "StaggerDmgModifier": "0.8",
    "CritStaggerDmgModifier": "",
    "StaggerResistModifier": "1",
    "TargetCameraShakeID": "",
    "CritTargetCameraShakeID": "",
    "ImpactRating": "1",
    "BlockStaminaDmgMod": "0.8",
    "BlockAbsorptionModifier": "1",
    "StunBreakoutIncrement": "1"
  },
  {
    "DamageID": "Slithering_Arm",
    "WeaponCategory": "ClubSpriggan",
    "IgnoreInvulnerable": "0",
    "NoReaction": "0",
    "IsRanged": "",
    "Unblockable": "",
    "SurfaceImpactEffect": "Bullet",
    "AttackType": "Heavy",
    "DamageType": "Strike",
    "Affliction": "",
    "AddAffliction": "",
    "AfflictionPercent": "",
    "Affixes": "",
    "StatusEffect": "",
    "EffectOnlyOnDamage": "",
    "DeflectDamageID": "Deflect_Default",
    "CanCrit": "0",
    "DmgCoef": "0.7",
    "DmgCoefHead": "1",
    "DmgCoefCrit": "",
    "PowerLevel": "4",
    "BlockPowerLevel": "4",
    "CritPowerLevel": "4",
    "HitStun": "40",
    "BlockHitStun": "35",
    "CritHitStun": "40",
    "ImpactDistanceX": "0",
    "ImpactDistanceY": "3",
    "ImpactDistanceZ": "0",
    "ImpactDecayRate": "0.8",
    "BlockImpactDistanceX": "0",
    "BlockImpactDistanceY": "2",
    "BlockImpactDistanceZ": "0",
    "BlockImpactDecayRate": "0.8",
    "CritImpactDistanceX": "0",
    "CritImpactDistanceY": "3",
    "CritImpactDistanceZ": "0",
    "CritImpactDecayRate": "0.8",
    "AddDmg": "0",
    "StaggerDmgModifier": "1",
    "CritStaggerDmgModifier": "",
    "StaggerResistModifier": "1",
    "TargetCameraShakeID": "",
    "CritTargetCameraShakeID": "",
    "ImpactRating": "1",
    "BlockStaminaDmgMod": "1",
    "BlockAbsorptionModifier": "1",
    "StunBreakoutIncrement": "1"
  },
  {
    "DamageID": "Bug_Swarm",
    "WeaponCategory": "ClubSpriggan",
    "IgnoreInvulnerable": "0",
    "NoReaction": "1",
    "IsRanged": "",
    "Unblockable": "",
    "SurfaceImpactEffect": "Bullet",
    "AttackType": "Heavy",
    "DamageType": "Nature",
    "Affliction": "",
    "AddAffliction": "",
    "AfflictionPercent": "",
    "Affixes": "",
    "StatusEffect": "",
    "EffectOnlyOnDamage": "",
    "DeflectDamageID": "Deflect_Default",
    "CanCrit": "0",
    "DmgCoef": "0.04",
    "DmgCoefHead": "1",
    "DmgCoefCrit": "",
    "PowerLevel": "0",
    "BlockPowerLevel": "0",
    "CritPowerLevel": "0",
    "HitStun": "0",
    "BlockHitStun": "0",
    "CritHitStun": "0",
    "ImpactDistanceX": "0",
    "ImpactDistanceY": "0",
    "ImpactDistanceZ": "0",
    "ImpactDecayRate": "0.8",
    "BlockImpactDistanceX": "0",
    "BlockImpactDistanceY": "0",
    "BlockImpactDistanceZ": "0",
    "BlockImpactDecayRate": "0.8",
    "CritImpactDistanceX": "0",
    "CritImpactDistanceY": "0",
    "CritImpactDistanceZ": "0",
    "CritImpactDecayRate": "0.8",
    "AddDmg": "0",
    "StaggerDmgModifier": "0",
    "CritStaggerDmgModifier": "",
    "StaggerResistModifier": "1",
    "TargetCameraShakeID": "",
    "CritTargetCameraShakeID": "",
    "ImpactRating": "1",
    "BlockStaminaDmgMod": "0",
    "BlockAbsorptionModifier": "1",
    "StunBreakoutIncrement": "1"
  },
  {
    "DamageID": "Boiling_Bog",
    "WeaponCategory": "ClubSpriggan",
    "IgnoreInvulnerable": "0",
    "NoReaction": "0",
    "IsRanged": "1",
    "Unblockable": "",
    "SurfaceImpactEffect": "Bullet",
    "AttackType": "Heavy",
    "DamageType": "Strike",
    "Affliction": "",
    "AddAffliction": "",
    "AfflictionPercent": "",
    "Affixes": "",
    "StatusEffect": "",
    "EffectOnlyOnDamage": "",
    "DeflectDamageID": "Deflect_Default",
    "CanCrit": "0",
    "DmgCoef": "1",
    "DmgCoefHead": "1",
    "DmgCoefCrit": "",
    "PowerLevel": "4",
    "BlockPowerLevel": "4",
    "CritPowerLevel": "4",
    "HitStun": "35",
    "BlockHitStun": "45",
    "CritHitStun": "35",
    "ImpactDistanceX": "-1",
    "ImpactDistanceY": "3",
    "ImpactDistanceZ": "0",
    "ImpactDecayRate": "0.8",
    "BlockImpactDistanceX": "-1",
    "BlockImpactDistanceY": "4",
    "BlockImpactDistanceZ": "0",
    "BlockImpactDecayRate": "0.8",
    "CritImpactDistanceX": "-1",
    "CritImpactDistanceY": "3",
    "CritImpactDistanceZ": "0",
    "CritImpactDecayRate": "0.8",
    "AddDmg": "0",
    "StaggerDmgModifier": "2",
    "CritStaggerDmgModifier": "",
    "StaggerResistModifier": "1",
    "TargetCameraShakeID": "",
    "CritTargetCameraShakeID": "",
    "ImpactRating": "1",
    "BlockStaminaDmgMod": "2",
    "BlockAbsorptionModifier": "1",
    "StunBreakoutIncrement": "1"
  },
  {
    "DamageID": "Swamps_Revenge",
    "WeaponCategory": "ClubSpriggan",
    "IgnoreInvulnerable": "0",
    "NoReaction": "0",
    "IsRanged": "",
    "Unblockable": "",
    "SurfaceImpactEffect": "Bullet",
    "AttackType": "Heavy",
    "DamageType": "Strike",
    "Affliction": "",
    "AddAffliction": "",
    "AfflictionPercent": "",
    "Affixes": "",
    "StatusEffect": "",
    "EffectOnlyOnDamage": "",
    "DeflectDamageID": "Deflect_Default",
    "CanCrit": "0",
    "DmgCoef": "0.6",
    "DmgCoefHead": "1",
    "DmgCoefCrit": "",
    "PowerLevel": "4",
    "BlockPowerLevel": "4",
    "CritPowerLevel": "4",
    "HitStun": "40",
    "BlockHitStun": "35",
    "CritHitStun": "40",
    "ImpactDistanceX": "1.5",
    "ImpactDistanceY": "3",
    "ImpactDistanceZ": "0",
    "ImpactDecayRate": "0.8",
    "BlockImpactDistanceX": "0",
    "BlockImpactDistanceY": "3",
    "BlockImpactDistanceZ": "0",
    "BlockImpactDecayRate": "0.8",
    "CritImpactDistanceX": "1.5",
    "CritImpactDistanceY": "3",
    "CritImpactDistanceZ": "0",
    "CritImpactDecayRate": "0.8",
    "AddDmg": "0",
    "StaggerDmgModifier": "1.2",
    "CritStaggerDmgModifier": "",
    "StaggerResistModifier": "1",
    "TargetCameraShakeID": "",
    "CritTargetCameraShakeID": "",
    "ImpactRating": "1",
    "BlockStaminaDmgMod": "1.2",
    "BlockAbsorptionModifier": "1",
    "StunBreakoutIncrement": "1"
  },
  {
    "DamageID": "Swamps_Revenge_Splash",
    "WeaponCategory": "ClubSpriggan",
    "IgnoreInvulnerable": "0",
    "NoReaction": "0",
    "IsRanged": "",
    "Unblockable": "",
    "SurfaceImpactEffect": "Bullet",
    "AttackType": "Heavy",
    "DamageType": "Strike",
    "Affliction": "",
    "AddAffliction": "",
    "AfflictionPercent": "",
    "Affixes": "",
    "StatusEffect": "",
    "EffectOnlyOnDamage": "",
    "DeflectDamageID": "Deflect_Default",
    "CanCrit": "0",
    "DmgCoef": "0",
    "DmgCoefHead": "1",
    "DmgCoefCrit": "",
    "PowerLevel": "4",
    "BlockPowerLevel": "4",
    "CritPowerLevel": "4",
    "HitStun": "40",
    "BlockHitStun": "35",
    "CritHitStun": "40",
    "ImpactDistanceX": "0",
    "ImpactDistanceY": "5",
    "ImpactDistanceZ": "0",
    "ImpactDecayRate": "0.8",
    "BlockImpactDistanceX": "0",
    "BlockImpactDistanceY": "3",
    "BlockImpactDistanceZ": "0",
    "BlockImpactDecayRate": "0.8",
    "CritImpactDistanceX": "0",
    "CritImpactDistanceY": "5",
    "CritImpactDistanceZ": "0",
    "CritImpactDecayRate": "0.8",
    "AddDmg": "0",
    "StaggerDmgModifier": "0.8",
    "CritStaggerDmgModifier": "",
    "StaggerResistModifier": "1",
    "TargetCameraShakeID": "",
    "CritTargetCameraShakeID": "",
    "ImpactRating": "1",
    "BlockStaminaDmgMod": "0.8",
    "BlockAbsorptionModifier": "1",
    "StunBreakoutIncrement": "1"
  },
  {
    "DamageID": "Muddy_Roots",
    "WeaponCategory": "ClubSpriggan",
    "IgnoreInvulnerable": "0",
    "NoReaction": "0",
    "IsRanged": "",
    "Unblockable": "",
    "SurfaceImpactEffect": "Bullet",
    "AttackType": "Heavy",
    "DamageType": "Strike",
    "Affliction": "",
    "AddAffliction": "",
    "AfflictionPercent": "",
    "Affixes": "",
    "StatusEffect": "",
    "EffectOnlyOnDamage": "",
    "DeflectDamageID": "Deflect_Default",
    "CanCrit": "0",
    "DmgCoef": "0.2",
    "DmgCoefHead": "1",
    "DmgCoefCrit": "",
    "PowerLevel": "4",
    "BlockPowerLevel": "4",
    "CritPowerLevel": "4",
    "HitStun": "0",
    "BlockHitStun": "0",
    "CritHitStun": "0",
    "ImpactDistanceX": "0",
    "ImpactDistanceY": "3",
    "ImpactDistanceZ": "0",
    "ImpactDecayRate": "0.8",
    "BlockImpactDistanceX": "0",
    "BlockImpactDistanceY": "3",
    "BlockImpactDistanceZ": "0",
    "BlockImpactDecayRate": "0.8",
    "CritImpactDistanceX": "0",
    "CritImpactDistanceY": "3",
    "CritImpactDistanceZ": "0",
    "CritImpactDecayRate": "0.8",
    "AddDmg": "0",
    "StaggerDmgModifier": "0",
    "CritStaggerDmgModifier": "",
    "StaggerResistModifier": "1",
    "TargetCameraShakeID": "",
    "CritTargetCameraShakeID": "",
    "ImpactRating": "1",
    "BlockStaminaDmgMod": "0",
    "BlockAbsorptionModifier": "1",
    "StunBreakoutIncrement": "1"
  },
  {
    "DamageID": "Muddy_Roots_Wipe",
    "WeaponCategory": "ClubSpriggan",
    "IgnoreInvulnerable": "1",
    "NoReaction": "0",
    "IsRanged": "",
    "Unblockable": "1",
    "SurfaceImpactEffect": "Bullet",
    "AttackType": "Heavy",
    "DamageType": "Strike",
    "Affliction": "",
    "AddAffliction": "",
    "AfflictionPercent": "",
    "Affixes": "",
    "StatusEffect": "StatusEffect_Boss_TeamWipe",
    "EffectOnlyOnDamage": "0",
    "DeflectDamageID": "Deflect_Default",
    "CanCrit": "0",
    "DmgCoef": "999",
    "DmgCoefHead": "1",
    "DmgCoefCrit": "",
    "PowerLevel": "5",
    "BlockPowerLevel": "4",
    "CritPowerLevel": "5",
    "HitStun": "0",
    "BlockHitStun": "0",
    "CritHitStun": "0",
    "ImpactDistanceX": "0",
    "ImpactDistanceY": "5",
    "ImpactDistanceZ": "0",
    "ImpactDecayRate": "0.8",
    "BlockImpactDistanceX": "0",
    "BlockImpactDistanceY": "5",
    "BlockImpactDistanceZ": "0",
    "BlockImpactDecayRate": "0.8",
    "CritImpactDistanceX": "0",
    "CritImpactDistanceY": "5",
    "CritImpactDistanceZ": "0",
    "CritImpactDecayRate": "0.8",
    "AddDmg": "0",
    "StaggerDmgModifier": "0",
    "CritStaggerDmgModifier": "",
    "StaggerResistModifier": "1",
    "TargetCameraShakeID": "",
    "CritTargetCameraShakeID": "",
    "ImpactRating": "1",
    "BlockStaminaDmgMod": "0",
    "BlockAbsorptionModifier": "1",
    "StunBreakoutIncrement": "1"
  },
  {
    "DamageID": "Muddy_Roots_KnockBack",
    "WeaponCategory": "ClubSpriggan",
    "IgnoreInvulnerable": "0",
    "NoReaction": "0",
    "IsRanged": "",
    "Unblockable": "",
    "SurfaceImpactEffect": "Bullet",
    "AttackType": "Heavy",
    "DamageType": "Strike",
    "Affliction": "",
    "AddAffliction": "",
    "AfflictionPercent": "",
    "Affixes": "",
    "StatusEffect": "",
    "EffectOnlyOnDamage": "",
    "DeflectDamageID": "Deflect_Default",
    "CanCrit": "0",
    "DmgCoef": "0",
    "DmgCoefHead": "1",
    "DmgCoefCrit": "",
    "PowerLevel": "4",
    "BlockPowerLevel": "4",
    "CritPowerLevel": "4",
    "HitStun": "0",
    "BlockHitStun": "0",
    "CritHitStun": "0",
    "ImpactDistanceX": "0",
    "ImpactDistanceY": "5",
    "ImpactDistanceZ": "0",
    "ImpactDecayRate": "0.8",
    "BlockImpactDistanceX": "0",
    "BlockImpactDistanceY": "5",
    "BlockImpactDistanceZ": "0",
    "BlockImpactDecayRate": "0.8",
    "CritImpactDistanceX": "0",
    "CritImpactDistanceY": "5",
    "CritImpactDistanceZ": "0",
    "CritImpactDecayRate": "0.8",
    "AddDmg": "0",
    "StaggerDmgModifier": "0",
    "CritStaggerDmgModifier": "",
    "StaggerResistModifier": "1",
    "TargetCameraShakeID": "",
    "CritTargetCameraShakeID": "",
    "ImpactRating": "1",
    "BlockStaminaDmgMod": "0",
    "BlockAbsorptionModifier": "1",
    "StunBreakoutIncrement": "1"
  },
  {
    "DamageID": "Adds_Wipe",
    "WeaponCategory": "ClubSpriggan",
    "IgnoreInvulnerable": "1",
    "NoReaction": "0",
    "IsRanged": "",
    "Unblockable": "1",
    "SurfaceImpactEffect": "Bullet",
    "AttackType": "Heavy",
    "DamageType": "Strike",
    "Affliction": "",
    "AddAffliction": "",
    "AfflictionPercent": "",
    "Affixes": "",
    "StatusEffect": "",
    "EffectOnlyOnDamage": "",
    "DeflectDamageID": "Deflect_Default",
    "CanCrit": "0",
    "DmgCoef": "999",
    "DmgCoefHead": "1",
    "DmgCoefCrit": "",
    "PowerLevel": "0",
    "BlockPowerLevel": "0",
    "CritPowerLevel": "0",
    "HitStun": "0",
    "BlockHitStun": "0",
    "CritHitStun": "0",
    "ImpactDistanceX": "0",
    "ImpactDistanceY": "0",
    "ImpactDistanceZ": "0",
    "ImpactDecayRate": "0.8",
    "BlockImpactDistanceX": "0",
    "BlockImpactDistanceY": "0",
    "BlockImpactDistanceZ": "0",
    "BlockImpactDecayRate": "0.8",
    "CritImpactDistanceX": "0",
    "CritImpactDistanceY": "0",
    "CritImpactDistanceZ": "0",
    "CritImpactDecayRate": "0.8",
    "AddDmg": "0",
    "StaggerDmgModifier": "0",
    "CritStaggerDmgModifier": "",
    "StaggerResistModifier": "1",
    "TargetCameraShakeID": "",
    "CritTargetCameraShakeID": "",
    "ImpactRating": "1",
    "BlockStaminaDmgMod": "0",
    "BlockAbsorptionModifier": "1",
    "StunBreakoutIncrement": "1"
  },
  {
    "DamageID": "Deflect_Default",
    "WeaponCategory": "Unarmed",
    "IgnoreInvulnerable": "1",
    "NoReaction": "0",
    "IsRanged": "",
    "Unblockable": "",
    "SurfaceImpactEffect": "",
    "AttackType": "",
    "DamageType": "Deflect",
    "Affliction": "",
    "AddAffliction": "",
    "AfflictionPercent": "",
    "Affixes": "",
    "StatusEffect": "",
    "EffectOnlyOnDamage": "",
    "DeflectDamageID": "Deflect_Default",
    "CanCrit": "",
    "DmgCoef": "0",
    "DmgCoefHead": "0",
    "DmgCoefCrit": "0",
    "PowerLevel": "2",
    "BlockPowerLevel": "2",
    "CritPowerLevel": "2",
    "HitStun": "0",
    "BlockHitStun": "0",
    "CritHitStun": "0",
    "ImpactDistanceX": "0",
    "ImpactDistanceY": "1",
    "ImpactDistanceZ": "0",
    "ImpactDecayRate": "0.8",
    "BlockImpactDistanceX": "0",
    "BlockImpactDistanceY": "0",
    "BlockImpactDistanceZ": "0",
    "BlockImpactDecayRate": "0",
    "CritImpactDistanceX": "0",
    "CritImpactDistanceY": "1",
    "CritImpactDistanceZ": "0",
    "CritImpactDecayRate": "0.8",
    "AddDmg": "0",
    "StaggerDmgModifier": "0",
    "CritStaggerDmgModifier": "0",
    "StaggerResistModifier": "0",
    "TargetCameraShakeID": "Small",
    "CritTargetCameraShakeID": "Small",
    "ImpactRating": "0",
    "BlockStaminaDmgMod": "0.45",
    "BlockAbsorptionModifier": "1",
    "StunBreakoutIncrement": "1"
  }
]