[
  {
    "DamageID": "Damned_2H_GreatAxe_Melee_Light",
    "WeaponCategory": "Axe",
    "IgnoreInvulnerable": "0",
    "NoReaction": "0",
    "IsRanged": "",
    "SurfaceImpactEffect": "Bullet",
    "AttackType": "Light",
    "DamageType": "Slash",
    "Affliction": "",
    "AddAffliction": "",
    "AfflictionPercent": "",
    "Affixes": "",
    "StatusEffect": "",
    "EffectOnlyOnDamage": "",
    "DeflectDamageID": "Deflect_Default",
    "CanCrit": "0",
    "DmgCoef": "0.3",
    "DmgCoefHead": "1",
    "DmgCoefCrit": "1",
    "PowerLevel": "0",
    "BlockPowerLevel": "1",
    "CritPowerLevel": "0",
    "HitStun": "10",
    "BlockHitStun": "10",
    "CritHitStun": "10",
    "ImpactDistanceX": "0",
    "ImpactDistanceY": "1",
    "ImpactDistanceZ": "0",
    "ImpactDecayRate": "0.8",
    "BlockImpactDistanceX": "0",
    "BlockImpactDistanceY": "0.8",
    "BlockImpactDistanceZ": "0",
    "BlockImpactDecayRate": "0.8",
    "CritImpactDistanceX": "0",
    "CritImpactDistanceY": "1",
    "CritImpactDistanceZ": "0",
    "CritImpactDecayRate": "0.8",
    "AddDmg": "0",
    "StaggerDmgModifier": "0.2",
    "CritStaggerDmgModifier": "",
    "StaggerResistModifier": "0",
    "TargetCameraShakeID": "Small",
    "BlockTargetCameraShakeID": "Small",
    "CritTargetCameraShakeID": "Small",
    "ImpactRating": "3",
    "BlockStaminaDmgMod": "0.2",
    "BlockAbsorptionModifier": "1",
    "StunBreakoutIncrement": "0"
  },
  {
    "DamageID": "Damned_2H_GreatAxe_Melee_Medium",
    "WeaponCategory": "Axe",
    "IgnoreInvulnerable": "0",
    "NoReaction": "0",
    "IsRanged": "",
    "SurfaceImpactEffect": "Bullet",
    "AttackType": "Light",
    "DamageType": "Slash",
    "Affliction": "",
    "AddAffliction": "",
    "AfflictionPercent": "",
    "Affixes": "",
    "StatusEffect": "",
    "EffectOnlyOnDamage": "",
    "DeflectDamageID": "Deflect_Default",
    "CanCrit": "0",
    "DmgCoef": "0.6",
    "DmgCoefHead": "1",
    "DmgCoefCrit": "1",
    "PowerLevel": "2",
    "BlockPowerLevel": "2",
    "CritPowerLevel": "2",
    "HitStun": "20",
    "BlockHitStun": "10",
    "CritHitStun": "20",
    "ImpactDistanceX": "0",
    "ImpactDistanceY": "1",
    "ImpactDistanceZ": "0",
    "ImpactDecayRate": "0.8",
    "BlockImpactDistanceX": "0",
    "BlockImpactDistanceY": "0.8",
    "BlockImpactDistanceZ": "0",
    "BlockImpactDecayRate": "0.8",
    "CritImpactDistanceX": "0",
    "CritImpactDistanceY": "1",
    "CritImpactDistanceZ": "0",
    "CritImpactDecayRate": "0.8",
    "AddDmg": "0",
    "StaggerDmgModifier": "0.3",
    "CritStaggerDmgModifier": "",
    "StaggerResistModifier": "0",
    "TargetCameraShakeID": "Small",
    "BlockTargetCameraShakeID": "Small",
    "CritTargetCameraShakeID": "Small",
    "ImpactRating": "3",
    "BlockStaminaDmgMod": "0.5",
    "BlockAbsorptionModifier": "1",
    "StunBreakoutIncrement": "0"
  },
  {
    "DamageID": "Damned_2H_GreatAxe_Melee_Heavy",
    "WeaponCategory": "Axe",
    "IgnoreInvulnerable": "0",
    "NoReaction": "0",
    "IsRanged": "",
    "SurfaceImpactEffect": "Bullet",
    "AttackType": "Heavy",
    "DamageType": "Slash",
    "Affliction": "",
    "AddAffliction": "",
    "AfflictionPercent": "",
    "Affixes": "",
    "StatusEffect": "",
    "EffectOnlyOnDamage": "",
    "DeflectDamageID": "Deflect_Default",
    "CanCrit": "0",
    "DmgCoef": "1",
    "DmgCoefHead": "1",
    "DmgCoefCrit": "1",
    "PowerLevel": "3",
    "BlockPowerLevel": "3",
    "CritPowerLevel": "3",
    "HitStun": "25",
    "BlockHitStun": "30",
    "CritHitStun": "25",
    "ImpactDistanceX": "0",
    "ImpactDistanceY": "1.55",
    "ImpactDistanceZ": "0",
    "ImpactDecayRate": "0.8",
    "BlockImpactDistanceX": "0",
    "BlockImpactDistanceY": "1",
    "BlockImpactDistanceZ": "0",
    "BlockImpactDecayRate": "0.8",
    "CritImpactDistanceX": "0",
    "CritImpactDistanceY": "1.55",
    "CritImpactDistanceZ": "0",
    "CritImpactDecayRate": "0.8",
    "AddDmg": "0",
    "StaggerDmgModifier": "1",
    "CritStaggerDmgModifier": "",
    "StaggerResistModifier": "1",
    "TargetCameraShakeID": "Small",
    "BlockTargetCameraShakeID": "Small",
    "CritTargetCameraShakeID": "Small",
    "ImpactRating": "3",
    "BlockStaminaDmgMod": "0.8",
    "BlockAbsorptionModifier": "1",
    "StunBreakoutIncrement": "1"
  },
  {
    "DamageID": "Damned_2H_GreatAxe_Melee_Heavy_Bleed",
    "WeaponCategory": "Axe",
    "IgnoreInvulnerable": "0",
    "NoReaction": "0",
    "IsRanged": "",
    "SurfaceImpactEffect": "Bullet",
    "AttackType": "Heavy",
    "DamageType": "Slash",
    "Affliction": "",
    "AddAffliction": "",
    "AfflictionPercent": "",
    "Affixes": "",
    "StatusEffect": "AI_Bleed_9",
    "EffectOnlyOnDamage": "1",
    "DeflectDamageID": "Deflect_Default",
    "CanCrit": "0",
    "DmgCoef": "1.1000000000000001",
    "DmgCoefHead": "1",
    "DmgCoefCrit": "1",
    "PowerLevel": "3",
    "BlockPowerLevel": "3",
    "CritPowerLevel": "3",
    "HitStun": "25",
    "BlockHitStun": "30",
    "CritHitStun": "25",
    "ImpactDistanceX": "0",
    "ImpactDistanceY": "1.55",
    "ImpactDistanceZ": "0",
    "ImpactDecayRate": "0.8",
    "BlockImpactDistanceX": "0",
    "BlockImpactDistanceY": "1",
    "BlockImpactDistanceZ": "0",
    "BlockImpactDecayRate": "0.8",
    "CritImpactDistanceX": "0",
    "CritImpactDistanceY": "1.55",
    "CritImpactDistanceZ": "0",
    "CritImpactDecayRate": "0.8",
    "AddDmg": "0",
    "StaggerDmgModifier": "1.2",
    "CritStaggerDmgModifier": "",
    "StaggerResistModifier": "1",
    "TargetCameraShakeID": "Small",
    "BlockTargetCameraShakeID": "Small",
    "CritTargetCameraShakeID": "Small",
    "ImpactRating": "3",
    "BlockStaminaDmgMod": "1",
    "BlockAbsorptionModifier": "1",
    "StunBreakoutIncrement": "1"
  },
  {
    "DamageID": "Damned_2H_GreatAxe_Melee_Strike",
    "WeaponCategory": "Axe",
    "IgnoreInvulnerable": "0",
    "NoReaction": "0",
    "IsRanged": "",
    "SurfaceImpactEffect": "Bullet",
    "AttackType": "Light",
    "DamageType": "Strike",
    "Affliction": "",
    "AddAffliction": "",
    "AfflictionPercent": "",
    "Affixes": "",
    "StatusEffect": "",
    "EffectOnlyOnDamage": "",
    "DeflectDamageID": "Deflect_Default",
    "CanCrit": "0",
    "DmgCoef": "0.3",
    "DmgCoefHead": "1",
    "DmgCoefCrit": "1",
    "PowerLevel": "0",
    "BlockPowerLevel": "0",
    "CritPowerLevel": "0",
    "HitStun": "10",
    "BlockHitStun": "10",
    "CritHitStun": "10",
    "ImpactDistanceX": "0",
    "ImpactDistanceY": "0.7",
    "ImpactDistanceZ": "0",
    "ImpactDecayRate": "0.8",
    "BlockImpactDistanceX": "0",
    "BlockImpactDistanceY": "0.5",
    "BlockImpactDistanceZ": "0",
    "BlockImpactDecayRate": "0.8",
    "CritImpactDistanceX": "0",
    "CritImpactDistanceY": "0.7",
    "CritImpactDistanceZ": "0",
    "CritImpactDecayRate": "0.8",
    "AddDmg": "0",
    "StaggerDmgModifier": "0.2",
    "CritStaggerDmgModifier": "",
    "StaggerResistModifier": "1",
    "TargetCameraShakeID": "Small",
    "BlockTargetCameraShakeID": "Small",
    "CritTargetCameraShakeID": "Small",
    "ImpactRating": "3",
    "BlockStaminaDmgMod": "0.6",
    "BlockAbsorptionModifier": "1",
    "StunBreakoutIncrement": "1"
  },
  {
    "DamageID": "Fall",
    "WeaponCategory": "Fall",
    "IgnoreInvulnerable": "1",
    "NoReaction": "1",
    "IsRanged": "",
    "SurfaceImpactEffect": "Bullet",
    "AttackType": "",
    "DamageType": "Falling",
    "Affliction": "",
    "AddAffliction": "",
    "AfflictionPercent": "",
    "Affixes": "",
    "StatusEffect": "",
    "EffectOnlyOnDamage": "",
    "DeflectDamageID": "",
    "CanCrit": "0",
    "DmgCoef": "1",
    "DmgCoefHead": "0",
    "DmgCoefCrit": "1",
    "PowerLevel": "2",
    "BlockPowerLevel": "2",
    "CritPowerLevel": "2",
    "HitStun": "0",
    "BlockHitStun": "0",
    "CritHitStun": "0",
    "ImpactDistanceX": "0",
    "ImpactDistanceY": "0",
    "ImpactDistanceZ": "0",
    "ImpactDecayRate": "0",
    "BlockImpactDistanceX": "0",
    "BlockImpactDistanceY": "0",
    "BlockImpactDistanceZ": "0",
    "BlockImpactDecayRate": "0",
    "CritImpactDistanceX": "0",
    "CritImpactDistanceY": "0",
    "CritImpactDistanceZ": "0",
    "CritImpactDecayRate": "0",
    "AddDmg": "0",
    "StaggerDmgModifier": "0",
    "CritStaggerDmgModifier": "",
    "StaggerResistModifier": "0",
    "TargetCameraShakeID": "Small",
    "BlockTargetCameraShakeID": "Small",
    "CritTargetCameraShakeID": "Small",
    "ImpactRating": "0",
    "BlockStaminaDmgMod": "1",
    "BlockAbsorptionModifier": "1",
    "StunBreakoutIncrement": "1"
  },
  {
    "DamageID": "Reaction_Breakout",
    "WeaponCategory": "Fall",
    "IgnoreInvulnerable": "1",
    "NoReaction": "1",
    "IsRanged": "",
    "SurfaceImpactEffect": "Bullet",
    "AttackType": "",
    "DamageType": "Falling",
    "Affliction": "",
    "AddAffliction": "",
    "AfflictionPercent": "",
    "Affixes": "",
    "StatusEffect": "",
    "EffectOnlyOnDamage": "",
    "DeflectDamageID": "",
    "CanCrit": "0",
    "DmgCoef": "0",
    "DmgCoefHead": "0",
    "DmgCoefCrit": "0",
    "PowerLevel": "0",
    "BlockPowerLevel": "0",
    "CritPowerLevel": "0",
    "HitStun": "0",
    "BlockHitStun": "0",
    "CritHitStun": "0",
    "ImpactDistanceX": "0",
    "ImpactDistanceY": "0",
    "ImpactDistanceZ": "0",
    "ImpactDecayRate": "0",
    "BlockImpactDistanceX": "0",
    "BlockImpactDistanceY": "0",
    "BlockImpactDistanceZ": "0",
    "BlockImpactDecayRate": "0",
    "CritImpactDistanceX": "0",
    "CritImpactDistanceY": "0",
    "CritImpactDistanceZ": "0",
    "CritImpactDecayRate": "0",
    "AddDmg": "0",
    "StaggerDmgModifier": "0",
    "CritStaggerDmgModifier": "",
    "StaggerResistModifier": "10",
    "TargetCameraShakeID": "Small",
    "BlockTargetCameraShakeID": "Small",
    "CritTargetCameraShakeID": "Small",
    "ImpactRating": "1",
    "BlockStaminaDmgMod": "",
    "BlockAbsorptionModifier": "",
    "StunBreakoutIncrement": "0"
  }
]