[
  {
    "DamageID": "Corruption_Shot",
    "WeaponCategory": "DynastyMagic",
    "IsRanged": "1",
    "IgnoreInvulnerable": "",
    "NoReaction": "",
    "SurfaceImpactEffect": "Bullet",
    "AttackType": "Ranged",
    "DamageType": "Corruption",
    "Affixes": "",
    "StatusEffect": "",
    "EffectOnlyOnDamage": "",
    "DeflectDamageID": "",
    "CanCrit": "0",
    "DmgCoef": "0.6",
    "DmgCoefHead": "1",
    "DmgCoefCrit": "1",
    "PowerLevel": "0",
    "CritPowerLevel": "0",
    "BlockPowerLevel": "0",
    "HitStun": "10",
    "BlockHitStun": "10",
    "CritHitStun": "10",
    "ImpactDistanceX": "0",
    "ImpactDistanceY": "1",
    "ImpactDistanceZ": "0",
    "ImpactDecayRate": "0.8",
    "CritImpactDistanceX": "0",
    "CritImpactDistanceY": "1",
    "CritImpactDistanceZ": "0",
    "CritImpactDecayRate": "0.8",
    "BlockImpactDistanceX": "0",
    "BlockImpactDistanceY": "0.5",
    "BlockImpactDistanceZ": "0",
    "BlockImpactDecayRate": "0.8",
    "AddDmg": "0",
    "StaggerDmgModifier": "0.6",
    "CritStaggerDmgModifier": "",
    "StaggerResistModifier": "1",
    "CameraShakeID": "Small",
    "BlockTargetCameraShakeID": "Small",
    "CritTargetCameraShakeID": "Small",
    "ImpactRating": "3",
    "BlockStaminaDmgMod": "0.6",
    "BlockAbsorptionModifier": "1",
    "StunBreakoutIncrement": "0",
    "LOSCheckVerticalAngleOffset": ""
  },
  {
    "DamageID": "Pearl_ Sweep",
    "WeaponCategory": "",
    "IsRanged": "",
    "IgnoreInvulnerable": "",
    "NoReaction": "",
    "SurfaceImpactEffect": "Bullet",
    "AttackType": "Light",
    "DamageType": "Strike",
    "Affixes": "AI_CorruptionDMG_25",
    "StatusEffect": "",
    "EffectOnlyOnDamage": "",
    "DeflectDamageID": "",
    "CanCrit": "0",
    "DmgCoef": "0.4",
    "DmgCoefHead": "1",
    "DmgCoefCrit": "1",
    "PowerLevel": "0",
    "CritPowerLevel": "0",
    "BlockPowerLevel": "0",
    "HitStun": "10",
    "BlockHitStun": "10",
    "CritHitStun": "10",
    "ImpactDistanceX": "0",
    "ImpactDistanceY": "1.5",
    "ImpactDistanceZ": "0",
    "ImpactDecayRate": "0.8",
    "CritImpactDistanceX": "0",
    "CritImpactDistanceY": "1.5",
    "CritImpactDistanceZ": "0",
    "CritImpactDecayRate": "0.8",
    "BlockImpactDistanceX": "0",
    "BlockImpactDistanceY": "1.5",
    "BlockImpactDistanceZ": "0",
    "BlockImpactDecayRate": "0.8",
    "AddDmg": "0",
    "StaggerDmgModifier": "0.5",
    "CritStaggerDmgModifier": "",
    "StaggerResistModifier": "1",
    "CameraShakeID": "Small",
    "BlockTargetCameraShakeID": "Small",
    "CritTargetCameraShakeID": "Small",
    "ImpactRating": "3",
    "BlockStaminaDmgMod": "0.1",
    "BlockAbsorptionModifier": "1",
    "StunBreakoutIncrement": "1",
    "LOSCheckVerticalAngleOffset": ""
  },
  {
    "DamageID": "Pearl_ Sweep_Arm",
    "WeaponCategory": "",
    "IsRanged": "",
    "IgnoreInvulnerable": "",
    "NoReaction": "",
    "SurfaceImpactEffect": "Bullet",
    "AttackType": "Light",
    "DamageType": "Strike",
    "Affixes": "",
    "StatusEffect": "",
    "EffectOnlyOnDamage": "",
    "DeflectDamageID": "",
    "CanCrit": "0",
    "DmgCoef": "0.3",
    "DmgCoefHead": "1",
    "DmgCoefCrit": "1",
    "PowerLevel": "0",
    "CritPowerLevel": "0",
    "BlockPowerLevel": "0",
    "HitStun": "10",
    "BlockHitStun": "10",
    "CritHitStun": "10",
    "ImpactDistanceX": "0",
    "ImpactDistanceY": "2.5",
    "ImpactDistanceZ": "0",
    "ImpactDecayRate": "0.8",
    "CritImpactDistanceX": "0",
    "CritImpactDistanceY": "2.5",
    "CritImpactDistanceZ": "0",
    "CritImpactDecayRate": "0.8",
    "BlockImpactDistanceX": "0",
    "BlockImpactDistanceY": "2.5",
    "BlockImpactDistanceZ": "0",
    "BlockImpactDecayRate": "0.8",
    "AddDmg": "0",
    "StaggerDmgModifier": "0.5",
    "CritStaggerDmgModifier": "",
    "StaggerResistModifier": "1",
    "CameraShakeID": "Small",
    "BlockTargetCameraShakeID": "Small",
    "CritTargetCameraShakeID": "Small",
    "ImpactRating": "3",
    "BlockStaminaDmgMod": "0.1",
    "BlockAbsorptionModifier": "1",
    "StunBreakoutIncrement": "0.5",
    "LOSCheckVerticalAngleOffset": ""
  },
  {
    "DamageID": "Pearl_ Sweep_Combo",
    "WeaponCategory": "",
    "IsRanged": "",
    "IgnoreInvulnerable": "",
    "NoReaction": "",
    "SurfaceImpactEffect": "Bullet",
    "AttackType": "Light",
    "DamageType": "Strike",
    "Affixes": "AI_CorruptionDMG_25",
    "StatusEffect": "",
    "EffectOnlyOnDamage": "",
    "DeflectDamageID": "",
    "CanCrit": "0",
    "DmgCoef": "0.25",
    "DmgCoefHead": "1",
    "DmgCoefCrit": "1",
    "PowerLevel": "0",
    "CritPowerLevel": "0",
    "BlockPowerLevel": "0",
    "HitStun": "10",
    "BlockHitStun": "10",
    "CritHitStun": "10",
    "ImpactDistanceX": "0",
    "ImpactDistanceY": "1",
    "ImpactDistanceZ": "0",
    "ImpactDecayRate": "0.8",
    "CritImpactDistanceX": "0",
    "CritImpactDistanceY": "1",
    "CritImpactDistanceZ": "0",
    "CritImpactDecayRate": "0.8",
    "BlockImpactDistanceX": "0",
    "BlockImpactDistanceY": "1",
    "BlockImpactDistanceZ": "0",
    "BlockImpactDecayRate": "0.8",
    "AddDmg": "0",
    "StaggerDmgModifier": "0.3",
    "CritStaggerDmgModifier": "",
    "StaggerResistModifier": "1",
    "CameraShakeID": "Small",
    "BlockTargetCameraShakeID": "Small",
    "CritTargetCameraShakeID": "Small",
    "ImpactRating": "3",
    "BlockStaminaDmgMod": "0.1",
    "BlockAbsorptionModifier": "1",
    "StunBreakoutIncrement": "0.5",
    "LOSCheckVerticalAngleOffset": ""
  },
  {
    "DamageID": "Pearl_ Sweep_Arm_Combo",
    "WeaponCategory": "",
    "IsRanged": "",
    "IgnoreInvulnerable": "",
    "NoReaction": "",
    "SurfaceImpactEffect": "Bullet",
    "AttackType": "Light",
    "DamageType": "Strike",
    "Affixes": "",
    "StatusEffect": "",
    "EffectOnlyOnDamage": "",
    "DeflectDamageID": "",
    "CanCrit": "0",
    "DmgCoef": "0.2",
    "DmgCoefHead": "1",
    "DmgCoefCrit": "1",
    "PowerLevel": "0",
    "CritPowerLevel": "0",
    "BlockPowerLevel": "0",
    "HitStun": "10",
    "BlockHitStun": "10",
    "CritHitStun": "10",
    "ImpactDistanceX": "0",
    "ImpactDistanceY": "1",
    "ImpactDistanceZ": "0",
    "ImpactDecayRate": "0.8",
    "CritImpactDistanceX": "0",
    "CritImpactDistanceY": "1",
    "CritImpactDistanceZ": "0",
    "CritImpactDecayRate": "0.8",
    "BlockImpactDistanceX": "0",
    "BlockImpactDistanceY": "1",
    "BlockImpactDistanceZ": "0",
    "BlockImpactDecayRate": "0.8",
    "AddDmg": "0",
    "StaggerDmgModifier": "0.3",
    "CritStaggerDmgModifier": "",
    "StaggerResistModifier": "1",
    "CameraShakeID": "Small",
    "BlockTargetCameraShakeID": "Small",
    "CritTargetCameraShakeID": "Small",
    "ImpactRating": "3",
    "BlockStaminaDmgMod": "0.1",
    "BlockAbsorptionModifier": "1",
    "StunBreakoutIncrement": "0.5",
    "LOSCheckVerticalAngleOffset": ""
  },
  {
    "DamageID": "Dragon_Breath",
    "WeaponCategory": "",
    "IsRanged": "1",
    "IgnoreInvulnerable": "",
    "NoReaction": "",
    "SurfaceImpactEffect": "Bullet",
    "AttackType": "Magic",
    "DamageType": "Corruption",
    "Affixes": "",
    "StatusEffect": "AI_Empress_DragonBurn",
    "EffectOnlyOnDamage": "TRUE",
    "DeflectDamageID": "",
    "CanCrit": "FALSE",
    "DmgCoef": "1.32",
    "DmgCoefHead": "1",
    "DmgCoefCrit": "1",
    "PowerLevel": "4",
    "CritPowerLevel": "4",
    "BlockPowerLevel": "4",
    "HitStun": "30",
    "BlockHitStun": "25",
    "CritHitStun": "30",
    "ImpactDistanceX": "0",
    "ImpactDistanceY": "2.5",
    "ImpactDistanceZ": "0",
    "ImpactDecayRate": "0.8",
    "CritImpactDistanceX": "0",
    "CritImpactDistanceY": "2.5",
    "CritImpactDistanceZ": "0",
    "CritImpactDecayRate": "0.8",
    "BlockImpactDistanceX": "0",
    "BlockImpactDistanceY": "2",
    "BlockImpactDistanceZ": "0",
    "BlockImpactDecayRate": "0.8",
    "AddDmg": "0",
    "StaggerDmgModifier": "0.6",
    "CritStaggerDmgModifier": "",
    "StaggerResistModifier": "1.5",
    "CameraShakeID": "Small",
    "BlockTargetCameraShakeID": "Small",
    "CritTargetCameraShakeID": "Small",
    "ImpactRating": "3",
    "BlockStaminaDmgMod": "1.6",
    "BlockAbsorptionModifier": "1",
    "StunBreakoutIncrement": "1",
    "LOSCheckVerticalAngleOffset": ""
  },
  {
    "DamageID": "Dragon_Dive",
    "WeaponCategory": "",
    "IsRanged": "1",
    "IgnoreInvulnerable": "",
    "NoReaction": "",
    "SurfaceImpactEffect": "Bullet",
    "AttackType": "Magic",
    "DamageType": "Corruption",
    "Affixes": "",
    "StatusEffect": "AI_Empress_DragonBurn",
    "EffectOnlyOnDamage": "TRUE",
    "DeflectDamageID": "",
    "CanCrit": "FALSE",
    "DmgCoef": "1.1000000000000001",
    "DmgCoefHead": "1",
    "DmgCoefCrit": "1",
    "PowerLevel": "3",
    "CritPowerLevel": "3",
    "BlockPowerLevel": "3",
    "HitStun": "30",
    "BlockHitStun": "25",
    "CritHitStun": "30",
    "ImpactDistanceX": "3",
    "ImpactDistanceY": "2.5",
    "ImpactDistanceZ": "0",
    "ImpactDecayRate": "0.8",
    "CritImpactDistanceX": "3",
    "CritImpactDistanceY": "2.5",
    "CritImpactDistanceZ": "0",
    "CritImpactDecayRate": "0.8",
    "BlockImpactDistanceX": "3",
    "BlockImpactDistanceY": "2",
    "BlockImpactDistanceZ": "0",
    "BlockImpactDecayRate": "0.8",
    "AddDmg": "0",
    "StaggerDmgModifier": "0.6",
    "CritStaggerDmgModifier": "",
    "StaggerResistModifier": "1.5",
    "CameraShakeID": "Small",
    "BlockTargetCameraShakeID": "Small",
    "CritTargetCameraShakeID": "Small",
    "ImpactRating": "3",
    "BlockStaminaDmgMod": "1.4",
    "BlockAbsorptionModifier": "1",
    "StunBreakoutIncrement": "1",
    "LOSCheckVerticalAngleOffset": ""
  },
  {
    "DamageID": "Dragon_Round",
    "WeaponCategory": "",
    "IsRanged": "",
    "IgnoreInvulnerable": "",
    "NoReaction": "",
    "SurfaceImpactEffect": "Bullet",
    "AttackType": "Magic",
    "DamageType": "Corruption",
    "Affixes": "",
    "StatusEffect": "",
    "EffectOnlyOnDamage": "",
    "DeflectDamageID": "",
    "CanCrit": "FALSE",
    "DmgCoef": "1.27",
    "DmgCoefHead": "1",
    "DmgCoefCrit": "1",
    "PowerLevel": "4",
    "CritPowerLevel": "4",
    "BlockPowerLevel": "4",
    "HitStun": "40",
    "BlockHitStun": "35",
    "CritHitStun": "30",
    "ImpactDistanceX": "0",
    "ImpactDistanceY": "5",
    "ImpactDistanceZ": "0",
    "ImpactDecayRate": "0.8",
    "CritImpactDistanceX": "0",
    "CritImpactDistanceY": "5",
    "CritImpactDistanceZ": "0",
    "CritImpactDecayRate": "0.8",
    "BlockImpactDistanceX": "0",
    "BlockImpactDistanceY": "5",
    "BlockImpactDistanceZ": "0",
    "BlockImpactDecayRate": "0.8",
    "AddDmg": "0",
    "StaggerDmgModifier": "0.6",
    "CritStaggerDmgModifier": "",
    "StaggerResistModifier": "1.5",
    "CameraShakeID": "Small",
    "BlockTargetCameraShakeID": "Small",
    "CritTargetCameraShakeID": "Small",
    "ImpactRating": "3",
    "BlockStaminaDmgMod": "2",
    "BlockAbsorptionModifier": "1",
    "StunBreakoutIncrement": "1",
    "LOSCheckVerticalAngleOffset": ""
  },
  {
    "DamageID": "Dragon_Breath_Bump",
    "WeaponCategory": "",
    "IsRanged": "1",
    "IgnoreInvulnerable": "",
    "NoReaction": "",
    "SurfaceImpactEffect": "Bullet",
    "AttackType": "Heavy",
    "DamageType": "Strike",
    "Affixes": "",
    "StatusEffect": "",
    "EffectOnlyOnDamage": "",
    "DeflectDamageID": "",
    "CanCrit": "FALSE",
    "DmgCoef": "0.2",
    "DmgCoefHead": "1",
    "DmgCoefCrit": "1",
    "PowerLevel": "3",
    "CritPowerLevel": "3",
    "BlockPowerLevel": "3",
    "HitStun": "25",
    "BlockHitStun": "20",
    "CritHitStun": "25",
    "ImpactDistanceX": "0",
    "ImpactDistanceY": "2",
    "ImpactDistanceZ": "0",
    "ImpactDecayRate": "0.8",
    "CritImpactDistanceX": "0",
    "CritImpactDistanceY": "2",
    "CritImpactDistanceZ": "0",
    "CritImpactDecayRate": "0.8",
    "BlockImpactDistanceX": "0",
    "BlockImpactDistanceY": "2",
    "BlockImpactDistanceZ": "0",
    "BlockImpactDecayRate": "0.8",
    "AddDmg": "0",
    "StaggerDmgModifier": "0.6",
    "CritStaggerDmgModifier": "",
    "StaggerResistModifier": "1.5",
    "CameraShakeID": "Small",
    "BlockTargetCameraShakeID": "Small",
    "CritTargetCameraShakeID": "Small",
    "ImpactRating": "3",
    "BlockStaminaDmgMod": "1.6",
    "BlockAbsorptionModifier": "1",
    "StunBreakoutIncrement": "0",
    "LOSCheckVerticalAngleOffset": ""
  },
  {
    "DamageID": "Dragon_Round_Bump",
    "WeaponCategory": "",
    "IsRanged": "",
    "IgnoreInvulnerable": "",
    "NoReaction": "",
    "SurfaceImpactEffect": "Bullet",
    "AttackType": "Heavy",
    "DamageType": "Strike",
    "Affixes": "",
    "StatusEffect": "",
    "EffectOnlyOnDamage": "",
    "DeflectDamageID": "",
    "CanCrit": "FALSE",
    "DmgCoef": "0.2",
    "DmgCoefHead": "1",
    "DmgCoefCrit": "1",
    "PowerLevel": "3",
    "CritPowerLevel": "4",
    "BlockPowerLevel": "4",
    "HitStun": "25",
    "BlockHitStun": "20",
    "CritHitStun": "25",
    "ImpactDistanceX": "0",
    "ImpactDistanceY": "2",
    "ImpactDistanceZ": "0",
    "ImpactDecayRate": "0.8",
    "CritImpactDistanceX": "0",
    "CritImpactDistanceY": "2",
    "CritImpactDistanceZ": "0",
    "CritImpactDecayRate": "0.8",
    "BlockImpactDistanceX": "0",
    "BlockImpactDistanceY": "2",
    "BlockImpactDistanceZ": "0",
    "BlockImpactDecayRate": "0.8",
    "AddDmg": "0",
    "StaggerDmgModifier": "0.6",
    "CritStaggerDmgModifier": "",
    "StaggerResistModifier": "1.5",
    "CameraShakeID": "Small",
    "BlockTargetCameraShakeID": "Small",
    "CritTargetCameraShakeID": "Small",
    "ImpactRating": "3",
    "BlockStaminaDmgMod": "1.2",
    "BlockAbsorptionModifier": "1",
    "StunBreakoutIncrement": "0",
    "LOSCheckVerticalAngleOffset": ""
  },
  {
    "DamageID": "Breakout_Attack",
    "WeaponCategory": "",
    "IsRanged": "",
    "IgnoreInvulnerable": "",
    "NoReaction": "",
    "SurfaceImpactEffect": "Bullet",
    "AttackType": "Heavy",
    "DamageType": "Strike",
    "Affixes": "",
    "StatusEffect": "",
    "EffectOnlyOnDamage": "",
    "DeflectDamageID": "",
    "CanCrit": "FALSE",
    "DmgCoef": "0.7",
    "DmgCoefHead": "1",
    "DmgCoefCrit": "1",
    "PowerLevel": "4",
    "CritPowerLevel": "4",
    "BlockPowerLevel": "4",
    "HitStun": "40",
    "BlockHitStun": "35",
    "CritHitStun": "30",
    "ImpactDistanceX": "0",
    "ImpactDistanceY": "3",
    "ImpactDistanceZ": "0",
    "ImpactDecayRate": "0.8",
    "CritImpactDistanceX": "0",
    "CritImpactDistanceY": "3",
    "CritImpactDistanceZ": "0",
    "CritImpactDecayRate": "0.8",
    "BlockImpactDistanceX": "0",
    "BlockImpactDistanceY": "3",
    "BlockImpactDistanceZ": "0",
    "BlockImpactDecayRate": "0.8",
    "AddDmg": "0",
    "StaggerDmgModifier": "0.6",
    "CritStaggerDmgModifier": "",
    "StaggerResistModifier": "1.5",
    "CameraShakeID": "Small",
    "BlockTargetCameraShakeID": "Small",
    "CritTargetCameraShakeID": "Small",
    "ImpactRating": "3",
    "BlockStaminaDmgMod": "1.6",
    "BlockAbsorptionModifier": "1",
    "StunBreakoutIncrement": "0",
    "LOSCheckVerticalAngleOffset": ""
  },
  {
    "DamageID": "Fall",
    "WeaponCategory": "Fall",
    "IsRanged": "",
    "IgnoreInvulnerable": "1",
    "NoReaction": "1",
    "SurfaceImpactEffect": "Bullet",
    "AttackType": "",
    "DamageType": "Falling",
    "Affixes": "",
    "StatusEffect": "",
    "EffectOnlyOnDamage": "",
    "DeflectDamageID": "",
    "CanCrit": "",
    "DmgCoef": "1",
    "DmgCoefHead": "1",
    "DmgCoefCrit": "1",
    "PowerLevel": "2",
    "CritPowerLevel": "2",
    "BlockPowerLevel": "2",
    "HitStun": "0",
    "BlockHitStun": "0",
    "CritHitStun": "0",
    "ImpactDistanceX": "0",
    "ImpactDistanceY": "0",
    "ImpactDistanceZ": "0",
    "ImpactDecayRate": "0",
    "CritImpactDistanceX": "0",
    "CritImpactDistanceY": "0",
    "CritImpactDistanceZ": "0",
    "CritImpactDecayRate": "0",
    "BlockImpactDistanceX": "0",
    "BlockImpactDistanceY": "0",
    "BlockImpactDistanceZ": "0",
    "BlockImpactDecayRate": "0",
    "AddDmg": "0",
    "StaggerDmgModifier": "",
    "CritStaggerDmgModifier": "",
    "StaggerResistModifier": "",
    "CameraShakeID": "",
    "BlockTargetCameraShakeID": "",
    "CritTargetCameraShakeID": "",
    "ImpactRating": "0",
    "BlockStaminaDmgMod": "0",
    "BlockAbsorptionModifier": "1",
    "StunBreakoutIncrement": "0.5",
    "LOSCheckVerticalAngleOffset": ""
  },
  {
    "DamageID": "Reaction_Breakout",
    "WeaponCategory": "Fall",
    "IsRanged": "1",
    "IgnoreInvulnerable": "1",
    "NoReaction": "",
    "SurfaceImpactEffect": "Bullet",
    "AttackType": "",
    "DamageType": "Falling",
    "Affixes": "",
    "StatusEffect": "",
    "EffectOnlyOnDamage": "",
    "DeflectDamageID": "",
    "CanCrit": "",
    "DmgCoef": "0",
    "DmgCoefHead": "0",
    "DmgCoefCrit": "0",
    "PowerLevel": "0",
    "CritPowerLevel": "0",
    "BlockPowerLevel": "0",
    "HitStun": "0",
    "BlockHitStun": "0",
    "CritHitStun": "0",
    "ImpactDistanceX": "0",
    "ImpactDistanceY": "0",
    "ImpactDistanceZ": "0",
    "ImpactDecayRate": "0",
    "CritImpactDistanceX": "0",
    "CritImpactDistanceY": "0",
    "CritImpactDistanceZ": "0",
    "CritImpactDecayRate": "0",
    "BlockImpactDistanceX": "0",
    "BlockImpactDistanceY": "0",
    "BlockImpactDistanceZ": "0",
    "BlockImpactDecayRate": "0",
    "AddDmg": "0",
    "StaggerDmgModifier": "",
    "CritStaggerDmgModifier": "",
    "StaggerResistModifier": "10",
    "CameraShakeID": "Small",
    "BlockTargetCameraShakeID": "",
    "CritTargetCameraShakeID": "",
    "ImpactRating": "1",
    "BlockStaminaDmgMod": "",
    "BlockAbsorptionModifier": "",
    "StunBreakoutIncrement": "",
    "LOSCheckVerticalAngleOffset": "1"
  }
]